3674
17781
76662
110767
47478
94866
75187
19930
7040
10340
75672
194148
367665
205134
12955
280444
252829
108436
688717
152068
366838
121214
580458
149222
552830
477395
306607
105162
43209
60053
124744
561432
21114
299385
347982
112732
274032
309733
351221
406669
428086
280677
50790
126682
3245
105447
15646
123900
418796
2601
505788
702
679965
342761
85331
62453
452262
46280
34619
300866
965105
800861
674956
1876
140787
203646
406906
146583
48612
217419
642922
273156
111547
83584
8269
48324
162661
69
317178
1827
71212
160765
37652
127105
119853
12651
284435
516298
47319
255433
379579
595073
98957
474081
22616
459776
463130
982
641840
128858
109990
43041
121633
240824
385038
10032
65175
268075
53847
305634
219585
9767
105716
41331
14915
833283
257590
65619
6243
291496
101148
57527
472566
120720
259270
632234
324399
497333
366016
137382
52545
272247
132149
651548
229210
110031
141452
114193
211370
52112
163118
296874
528640
699505
63565
506361
27412
649772
170681
83315
134668
29155
446327
89589
13582
551040
11665
62340
45321
165506
606699
72580
189936
163182
588785
34778
289680
471668
385241
142725
229065
229873
596859
796173
486658
509860
280654
279538
25114
36432
119008
204853
339517
96307
682725
355235
46993
399849
120459
161906
428761
496144
197304
125360
240661
52783
566210
105802
8285
39178
379192
724737
20272
91482
226799
63383
317237
13837
562819
30487
263257
22970
364770
29225
763525
123076
777844
223797
622516
42780
194732
430080
446797
28476
275937
60374
25550
621169
300961
168908
40650
324749
487990
296784
339979
64433
154121
828429
203275
222730
230720
27428
845150
90340
235221
585737
94283
774798
423265
439295
307859
424779
91469
99860
716862
275071
318083
611686
390154
4442
118047
414712
469056
342854
288181
228207
350141
44942
209839
728083
86636
571202
13566
31899
590109
499311
64072
170832
131792
178405
227399
115135
49988
71682
520416
21107
30191
387546
424083
162014
125598
162813
326333
44247
87346
560013
118694
315960
191055
458953
134539
215628
347990
66273
154671
154673
55941
208477
133377
25027
114445
613009
395335
8242
170770
30479
818566
486453
391473
317620
497488
593062
588522
554470
175715
285272
379387
562375
75697
342599
190799
435807
3661
51871
411112
502275
130212
92810
54825
117465
224836
52449
89047
16623
34653
491466
22882
315337
92162
375514
79143
99817
263309
191605
4459
231233
688750
401066
104388
86390
439993
297505
776048
653
447613
127822
10760
48269
121346
74471
279720
97937
399534
206987
198579
164132
428052
53464
331762
131805
216500
76150
141701
673
27672
254287
56056
31818
70378
23135
113201
58162
530749
115916
398486
84575
146824
246343
41833
163133
305441
523080
43144
386486
351895
159929
459242
104258
107978
836481
477715
93664
315081
47026
558025
222541
126694
72083
548418
65678
250166
70492
30869
90615
1479
177882
663841
516460
88199
171148
252359
54526
298747
138910
229717
34061
370693
68450
860751
375087
1148
98798
700313
253305
88339
667102
683216
467949
593339
1370
480444
375122
28089
21887
289757
234909
19041
57321
570880
65683
381224
185208
2818
772985
261841
440451
123789
596673
738089
43641
52574
682493
283864
134955
635576
282451
426376
226901
175543
843573
177248
220970
96711
159491
15561
106853
5635
781
20948
385643
102235
85846
158814
281870
354058
278053
103476
113652
754850
183247
331259
187669
192475
278986
8449
167564
103201
107733
61810
26166
40218
170419
654441
420556
160549
233382
11988
83800
185393
99805
89795
41220
282337
2290
478866
377547
556754
284386
110936
12829
127149
89318
265255
170061
62543
138159
690242
5774
18026
578
991263
52669
61365
93483
246739
98289
29717
527810
754900
334495
536112
385987
813775
51299
483521
107548
163034
369965
76031
156527
473349
47078
170488
207263
33606
11137
290279
134136
20744
4968
179439
359522
421382
377059
92917
246321
85563
519598
2563
236152
228274
122117
236035
21495
10053
83168
388729
59467
46618
363111
425930
147387
167183
269034
590023
302568
658714
518506
446111
767076
45403
33003
435791
122070
310007
162792
388526
388249
11981
352634
507705
59973
227865
103022
388413
116220
37216
59860
332600
425909
71809
12003
222007
436713
63461
24920
44389
243747
6874
150674
29123
104783
303900
524312
47700
426873
621671
51688
206128
25848
409
235336
748250
127306
356797
397566
522159
8181
230929
21875
198794
493755
307861
546835
64953
282176
31426
558587
26261
593102
39631
739267
82005
54528
12035
146426
309717
506678
653186
81755
42310
8703
650226
519147
149827
658980
855957
347761
33894
31895
332122
396896
153761
262779
150936
105910
298693
111485
528903
574270
206100
343652
201599
334235
99438
46112
476335
20337
50740
222245
769822
31025
65053
206617
197710
363422
335165
23667
500586
342823
68294
139583
16642
448527
548631
420227
703995
160063
110505
12884
15750
325936
153997
602403
6409
56836
547116
467473
51243
22931
446839
29137
77256
344508
27823
6106
332404
688108
592546
214944
35405
169457
85470
221129
324924
29759
103237
40274
805409
362772
7792
198041
390434
155091
13554
100091
5853
940448
507818
101539
32195
69851
285826
12714
140876
633901
2649
171196
405237
246484
415923
241800
54548
128405
15811
91415
738833
105281
276451
63750
68760
277199
517526
152553
66697
498283
257505
275516
234919
84629
34301
11728
161732
110738
325587
95290
720
226617
40810
446816
315751
190093
263342
312790
383639
475294
66222
126831
30088
105830
103942
118245
150978
856574
36353
95284
437684
732556
733954
394067
384286
16745
161762
34493
40258
649732
218585
46560
249972
78345
575996
156317
154803
5663
53283
67980
87761
139905
63922
285954
42583
109059
183839
349155
35966
628963
129813
211746
158759
645390
174636
170430
764238
29461
11518
716
730650
3114
220027
59883
308144
929815
505710
201368
15544
103764
639996
14117
441477
64827
53832
154199
25440
570359
142253
85507
400515
114777
121663
324949
273637
731834
470151
32941
535963
419967
839667
283355
157683
276267
27868
37550
198453
13070
28282
380627
161765
33523
31807
3485
260873
59627
207497
220646
96576
36090
363049
4426
619582
32350
361537
775709
97515
144726
50159
782764
43855
129208
10135
397242
2380
19341
111685
169374
62911
349977
280926
191204
88571
524834
131031
377699
291658
55867
86512
365425
880418
528581
20159
230458
306268
310105
258205
482955
310188
469481
137164
261045
139466
12907
151135
87548
30553
239219
136287
5234
429263
181236
402723
24154
259682
174495
119981
16218
308909
5492
78005
12601
575110
51079
34843
152328
120791
3063
432306
57592
212674
161207
469618
533210
187209
58834
394389
13671
320090
196793
350594
20601
78960
195
439179
465127
330402
124731
166679
336903
391201
340077
412471
60207
627848
328845
748680
250491
3911
233255
91013
143371
661
146063
393633
74589
49039
307090
624677
13615
309549
216126
138659
136280
511705
83123
54003
264002
439949
19272
54936
15002
608642
184716
432404
30805
99003
60876
282317
348430
109141
117682
103526
49477
383840
9660
86675
455
340044
11453
78
99902
233848
69471
376697
389549
514264
527520
45239
634305
6262
181844
221119
61407
158769
930616
130325
658061
248584
274882
224494
742188
77201
78951
83277
330177
38672
50066
24387
211377
42501
282928
390466
4663
26045
374957
132886
368845
76488
323352
696953
536579
65450
293306
243443
79728
570077
41759
146481
145525
72919
62915
99423
323613
741743
536778
212300
28519
86164
351079
55000
7817
36100
676882
328239
13343
200145
480592
50742
32548
146955
637106
333056
77966
54549
141852
23842
470178
27254
151154
129012
37963
448791
124899
107005
316750
141221
147267
1586
303649
10907
375171
59167
319749
14400
14402
621750
52972
13910
202676
35463
20411
214489
328220
174066
9968
65777
203384
2473
75619
806344
858517
591622
840868
707882
17143
295228
164632
129958
594879
43279
184863
99262
324367
247699
130078
521131
279211
118266
499891
246080
557637
43742
88872
28050
771987
160462
194448
92419
82020
318878
293606
303758
96314
149248
335577
63606
23715
15697
427188
96804
341546
252411
95000
163028
55114
463928
78023
159747
189951
666225
69362
266202
215414
483173
527181
211871
236629
5285
521692
201527
17597
86912
13838
21963
56389
675282
279184
272925
209029
478630
55591
310254
54331
173722
16746
111067
544024
58422
33064
73710
348044
250677
632324
97286
79536
62019
28052
133022
893592
448565
154901
400594
938718
564424
506018
14620
2146
228778
16457
52652
315410
485225
96458
280249
140743
392619
390993
414226
172650
134350
267786
3855
330609
91563
102827
675698
250775
106485
377641
49919
14886
321050
319684
109641
575039
39742
598213
193903
20922
437927
557896
20248
141597
90561
12288
67899
607745
160206
464188
7235
413691
279047
790433
10421
384605
4104
896803
174479
198318
666020
113606
171333
845819
318931
404
100950
308517
31476
93330
354674
43463
84214
6173
184591
301491
654147
132600
654070
593371
441057
238992
74149
63431
29160
373580
818205
121432
36297
327150
383570
766394
567894
399722
577395
125585
48524
119867
268192
419755
28067
282920
207606
344639
55134
755666
287572
19039
1927
21735
85854
697355
88819
206755
282059
240046
362696
454791
5224
68868
126288
861
16693
467692
51193
130391
346687
441179
239016
248013
253110
960753
2442
683939
188505
120387
88047
55001
463661
579545
32590
22895
668850
80512
53774
61384
845017
100146
344532
238167
219773
205
30980
202151
337120
84334
35457
266848
156341
92551
93659
122015
58836
8544
128898
563471
29274
33985
297744
18553
4708
113917
11967
121034
290620
303888
462103
189809
396211
538537
101019
347318
133798
169282
146835
303316
126188
135941
125225
10638
41301
248968
22071
617486
197143
132065
659505
30194
27612
203643
129338
228668
90385
817763
165897
505536
49356
623
922
263807
387565
614496
135947
265628
508644
806812
840767
542507
173194
120088
488534
311974
493661
806776
216044
119179
436970
386032
309330
565248
165939
600682
529545
17272
165922
73764
219873
36336
401412
365924
57022
93192
741320
167228
65051
329946
397107
743202
55884
14433
64866
670948
39557
316521
162995
530910
223856
658368
335449
123131
30973
556124
307203
252846
54510
440497
637398
1639
263532
602208
105697
270273
147404
244367
398425
292948
280398
29254
18400
149427
41243
343549
249803
228275
613410
276359
464985
172190
108454
656156
300502
61632
185748
275677
914811
100311
387616
3788
273610
47130
181352
93598
99711
290325
121718
36435
193455
413410
317573
48879
432675
260
11235
219237
47938
89325
11028
132716
265495
69171
369186
402646
657186
38493
28275
105225
290711
270186
42914
108474
83228
114280
169538
212479
224986
74408
203827
644526
106282
293653
132544
75010
88295
586503
425906
560853
492777
375551
625564
36220
386280
371217
37121
22385
54773
26565
77328
537326
359993
369911
37240
231894
343240
632068
245589
28964
73281
2044
91136
353704
291445
72002
170417
38181
304409
167821
15565
288578
98683
276290
87137
583988
422332
118559
78535
103685
235252
34310
10317
3254
854856
501748
520808
458813
406175
650235
165880
290556
1574
232260
798899
102294
236726
105530
264661
314531
21547
449427
917106
88208
1191
391050
32885
407555
46093
713616
67282
31409
224950
48965
21845
29160
159613
359659
113482
69879
13355
78443
641694
323316
142995
557821
299177
136091
1644
34316
79
516675
108154
1196
416216
419271
143476
501850
117349
236723
409024
240486
807630
430878
249020
531460
180256
120596
287861
19620
93393
559484
2699
326634
653576
621310
347794
372886
85676
56278
958240
30343
11245
15183
825597
9696
249716
26456
79866
226964
59823
186693
66576
8991
63522
251452
37940
260854
139408
628032
343501
73431
152664
448765
359247
32667
52175
249431
45423
92495
69343
99208
287237
523012
73000
207100
523507
196449
33941
23787
286302
61833
19511
204954
2227
32874
536559
751466
51515
720276
620051
135040
91107
45827
27392
355985
41012
478735
62223
687507
52510
124461
375147
228331
482488
347644
117419
829031
456823
3350
13831
182550
209750
231465
84190
60610
198458
8316
115114
329149
113123
221468
167466
205259
141353
399227
342034
250593
1720
37458
245524
923952
308256
11621
43557
24046
101254
307615
418820
228248
153077
289579
440605
113789
18595
451428
813820
288635
250919
462502
157284
9686
155706
28478
245174
10269
113262
220576
763032
75563
205843
23313
447143
298981
42952
33487
593533
300131
32993
87589
190940
41025
50706
595702
117613
222048
213220
126523
80023
57492
624149
264748
83109
14279
140842
494086
11432
12969
310732
75243
173412
732526
535546
311181
248228
8019
533536
27615
192399
93335
18982
13467
205229
58313
97653
529576
763107
402377
14800
267675
151985
408208
186770
23373
2887
37451
64245
146947
179504
547576
465021
427255
267863
166012
246444
240819
73217
99097
178698
270599
287460
70427
228929
146245
197579
318246
164155
344815
41526
32334
248547
227708
91407
427861
204517
8539
71887
3739
140251
576730
326
173208
48304
367411
110853
29842
124198
257141
125971
188306
197233
102464
259653
585146
15502
714010
10959
648496
357961
304904
183153
417827
57041
43718
147047
45793
9825
182257
266057
151598
41330
852987
291444
275618
87392
5949
166420
429885
340414
207750
666600
529518
149684
33464
672521
329621
1657
483660
570870
262927
197323
201217
972069
181762
36382
848482
171623
137632
1531
348180
406198
162761
15808
661458
358489
391254
123717
31765
495702
311851
381883
223329
157532
251665
85337
93439
106394
53302
277628
499387
233490
55169
65672
130992
618419
309573
686634
10031
219363
199362
1200
175753
648806
155847
59758
143290
72962
120835
5971
707509
164356
49283
279340
74796
5918
163416
617256
762883
315477
47740
380839
248988
471879
248704
131985
21833
292034
188163
81755
478595
238946
227502
230004
1250
456625
31352
440317
75992
590584
66186
481000
96174
41269
46618
495187
546235
125047
303376
108364
435415
78623
242677
122350
165181
827
4578
466604
251082
233401
401726
160456
6604
301992
288593
17971
153094
11975
72393
449065
746194
7985
64018
453602
134140
378320
51686
79409
460830
913095
358120
724028
216599
693594
9326
527885
587304
61188
188300
214481
336528
107931
689450
16998
11198
285347
371009
253156
93194
83263
383381
290972
15769
17852
5783
373613
30722
87658
330968
527931
42005
132383
5326
205565
23620
63385
304360
182660
84553
24979
14435
719714
584480
310000
133742
96327
334453
180653
535406
415564
83718
17488
488427
795010
26700
421113
413964
677144
611223
44656
128863
169456
15219
18111
101673
587928
420017
30631
508637
397853
148866
312472
383692
48176
183001
631506
1765
69210
314146
350166
407
128884
903838
491755
93085
7245
365623
451146
264268
607811
180570
369243
756443
805939
202456
61543
11219
96143
62104
498640
61618
74835
24555
23111
384663
473722
251498
445651
27521
72704
146660
314074
460762
157121
79006
162752
95539
580870
467627
220680
133237
370002
51730
257271
107769
229558
41206
445724
42840
499242
2048
77572
25197
458634
506550
13596
187387
15479
268219
113879
416006
7669
30350
147975
52309
191355
502744
141449
353024
545655
593362
222786
265345
51701
86852
188870
442597
88186
56217
19366
580858
4081
120840
120645
315581
41437
307649
119461
583296
138009
51678
411813
21409
317028
72187
249420
506323
256424
164159
236621
117582
99074
430850
152192
128190
53686
154380
678239
25042
32488
490138
68575
691671
241288
109004
24505
3057
284630
52277
201203
685016
125077
619229
16414
97224
704974
719812
43334
246598
519485
67179
52943
361602
167765
506416
2869
445604
165693
603487
332216
262483
328696
51494
254467
233809
329265
302832
281396
118253
97153
37300
35364
718394
402828
66076
22277
104093
449
630628
261180
689147
449088
117341
150680
15292
180513
716030
123014
155772
199604
211866
263115
537805
443789
298557
284834
512585
240906
119055
415983
171217
295579
488593
150781
417062
10685
259361
434
559516
544326
184854
111585
132385
1572
334427
578041
31937
54828
581448
130312
312077
196544
57855
730797
840459
26901
121486
18781
43609
602538
75488
350206
323846
41982
496899
609211
565209
133435
577
82631
539003
178495
57011
92240
440881
376082
240848
368698
620769
740991
33777
177669
45693
232820
577993
101289
82111
362865
55199
219806
8987
315244
31742
27742
224760
973497
385292
764222
465000
69420
309037
146604
215701
7009
174459
885127
243800
178842
16195
1491
92630
685136
1451
128288
301621
8140
542668
72067
391222
402971
48354
117414
232357
342602
353
432587
729497
159896
372631
318232
323809
876518
73264
21302
158614
400860
165061
194675
80870
19017
248879
25172
170364
150443
375687
330858
170202
498816
453693
106448
190954
86870
2492
17960
67330
97657
296288
4984
92587
98036
460
177401
93580
852876
217759
408825
207913
22952
29616
93255
179210
710577
404688
87636
447056
485789
100794
450860
66230
631280
168176
231251
157434
100462
157121
268486
197733
185168
23527
207822
177781
779196
270450
19498
43452
154292
134535
207119
282132
452744
53518
129474
11447
137204
42834
27885
256807
25289
432234
652561
32418
454943
93566
80216
13424
33094
42433
253817
73740
172800
21560
408083
7597
197013
191887
80792
694976
63623
409526
655649
48074
169224
225235
226694
75801
1553
588604
421944
657667
395622
240587
282396
307119
352442
520915
15925
78125
453128
7549
90013
399951
715786
505777
41338
85093
436050
363203
738763
33705
18574
161276
80282
259635
24409
68894
517711
355919
271623
237848
8534
115252
84744
433659
500429
51023
520422
546961
400489
93903
324036
689161
34592
223971
470591
56749
55079
87667
589740
654292
487407
29515
217781
43015
26424
109443
251688
289041
246389
310704
165838
93300
150858
294010
8000
179250
743163
316867
8089
317815
32491
160915
447727
434606
89008
507851
77836
159469
82740
426412
89047
627018
117023
531283
128300
24331
323431
389564
122507
246015
174800
466749
92672
126398
584262
158329
137675
590729
84917
7105
452086
214128
199358
80105
405699
322780
197928
377817
225708
39983
217825
39517
55494
38762
296975
618462
404862
137591
233811
6996
379401
300179
675111
84636
72476
183809
93042
62824
6108
73812
99152
698596
411076
403302
103068
222694
58998
583105
249341
28715
249546
202726
38526
140189
97107
549491
55489
782001
404600
24589
20417
485433
258544
197169
213348
627046
237893
404519
82505
498877
735477
634298
245815
430453
158246
209378
521309
263007
83182
211129
160785
9140
223794
491675
621995
63588
561433
87383
253232
316160
39004
379876
3058
220169
32099
322210
5774
278296
34506
98418
268085
349297
46674
132437
917547
21759
308027
7382
41004
84414
317757
165504
131698
473118
290715
10652
84118
141898
66724
22311
458695
831959
198229
370453
164498
105912
617304
382169
37495
126597
9979
731851
268628
275809
559227
56906
724430
6053
8120
69941
253089
611308
67246
268444
71217
633944
70120
73643
289107
171776
46201
165457
42268
48241
416005
212957
119392
195856
27435
466634
14689
183490
281536
253638
470114
577064
121856
527151
39322
377470
152111
330444
616415
62898
455536
309049
499771
73871
111336
329051
47136
496753
131681
24825
385977
129135
33382
12231
305047
586624
85609
103834
191936
376129
542277
259889
175813
384619
10121
187773
52701
89792
551215
145275
35839
107678
839673
180568
347201
225353
116774
416747
229382
444920
10492
111070
353692
104766
84269
450441
642594
421270
303893
315255
495966
675652
115950
106740
381965
55883
2237
139666
356220
19601
39491
208947
156793
108995
117192
5082
157685
122474
196807
604981
144567
841435
359758
781370
134124
413662
40671
428933
136008
62507
353504
600406
890145
84770
263824
134413
16167
28898
180613
4981
188731
498858
421495
60063
181035
168685
290301
56917
395202
480209
1739
145931
488119
199341
92702
31554
238959
405981
16543
184030
497661
157298
816059
372762
21204
8527
548774
319568
160653
383452
118983
179848
284157
7077
317349
489338
831666
183128
394085
43024
490822
627785
139750
59182
25786
132270
351
481140
220277
383613
293594
20385
546474
5606
33517
335909
338483
67852
327596
78059
326276
454944
324018
616723
82957
70316
83102
726740
11125
298792
29185
225022
295494
312018
425203
262606
2
563655
49694
119010
292658
343835
95398
297360
94465
314031
133498
96633
60116
91389
540216
252946
67687
376987
147259
555095
54338
292469
200770
8605
71895
136985
51071
206670
24330
165307
12538
325913
105870
95446
120209
281521
4682
114573
237979
30144
28766
94095
39025
732221
430028
61287
474991
10620
699276
29167
215321
101472
820023
604734
291421
103025
376452
14006
18938
298908
231495
722709
513361
161112
152958
514794
3119
90326
41832
436401
653310
142131
330111
47126
610587
109823
662205
78636
465808
48570
198118
224977
361333
13362
110820
92018
266671
96049
71400
166833
153069
781470
436026
53000
73277
882290
600282
193950
163679
43627
27721
121181
12029
38919
36289
400415
187387
166430
87381
125310
491422
203283
249901
23921
144621
558354
731173
642244
21687
148093
252883
411007
588456
35325
73311
25115
153507
357781
52724
285508
216443
525651
155991
360561
268300
69496
174226
324432
77625
383543
334744
593159
418698
165559
238921
7621
21703
569028
438828
68618
501577
105547
113796
623836
367216
5804
502638
5434
175515
470731
144763
128760
213601
230820
202639
59738
92986
151042
62095
8630
338676
2213
150305
67431
31597
143373
321998
372586
320317
103996
118985
19769
326264
217195
227127
147274
501052
680148
522651
203120
9429
158908
299901
89618
510744
172070
99705
12894
57329
269799
298800
223331
426570
285860
181518
17597
528609
288327
43597
178965
576239
75689
134353
16729
404125
125601
22941
263373
225141
258166
290267
747649
483450
534179
3997
428009
24732
310396
83959
89358
470273
205405
109338
9529
163800
37413
457913
342815
4365
476313
289902
140009
139042
476451
96868
7192
251995
540011
81832
107327
247514
25457
114241
47464
639454
363579
68050
755128
121133
11663
11397
112002
35600
26521
114539
247567
500389
150736
169294
11953
70291
27566
104108
469660
125244
274373
685406
211
1366
685397
185036
15483
246049
123627
289362
235193
135472
155094
362861
694654
85389
508952
231218
200431
923242
21267
188457
528133
84311
65300
32895
104549
9562
449807
129171
355202
53025
239098
761357
58339
57319
292034
15715
24996
301686
19295
397214
888
334965
409710
21611
5065
46893
160567
526072
20659
267828
241087
693515
325327
148992
453553
51663
269206
250634
6099
87766
88977
94107
15407
222370
293134
684607
127453
411327
25925
144014
49178
98449
78958
33983
822564
59513
260522
138849
181330
422623
250345
53296
455002
273792
639524
274612
545359
436510
35707
275183
456180
45774
279754
817438
533172
195753
125814
388968
167697
691496
124127
37572
855441
746611
237634
226719
361
15346
668499
21057
136302
605988
39165
282256
359712
58231
245925
911174
221020
307710
9717
22748
27279
49108
762538
208486
191602
644682
35808
353425
36846
722791
249964
138010
60432
153435
302776
303581
124241
79392
343061
507432
638201
461624
438627
610584
372553
62518
271407
111792
56713
394692
189064
180720
105648
81391
72883
6313
298914
635148
513588
547084
38656
345930
117454
21271
350577
97375
36386
6189
669740
632359
20416
147723
159014
256222
45159
411379
81202
175018
170608
320612
29055
117061
246945
29480
178262
98513
156719
565164
314931
258031
312519
186803
76597
333745
318698
490175
707041
391251
85570
58035
88236
30861
78228
679327
69998
90652
203285
134655
834386
139926
10831
179309
530126
587709
357132
344312
52528
52993
356684
698803
108895
315402
61367
58529
2874
331089
45709
55766
358317
66766
503740
160932
65393
20881
37757
593183
297996
407843
234018
284134
236165
424624
337686
3611
21365
99505
350046
14202
214984
5399
16156
582749
171265
251479
194389
279141
415695
94453
118066
178741
119519
399876
290952
9558
531010
25686
269526
2996
59638
372512
19097
82377
373853
796
389530
838584
583789
321493
52862
397521
231466
9548
137116
676702
438122
32205
511514
681688
412399
89887
486369
4124
305275
368712
464775
224527
89370
743243
226
189737
128913
574767
376636
269873
33721
584270
36477
522806
41158
441366
5006
490842
1147
734456
200865
100446
27774
280125
249888
6348
164810
15273
388616
537858
95481
3552
517313
365464
12155
590396
341764
415377
124109
162990
74866
582938
139984
64357
284254
504628
44303
262719
189261
142890
197412
464888
168110
84938
1323
166814
34780
90219
324844
243409
296273
24509
585373
74112
202044
188993
630552
74198
344245
84213
210153
655103
537440
72829
56335
527099
273817
11610
435742
380432
96900
131398
63293
41240
205742
705458
233218
191478
35947
81506
24295
102770
100052
234975
416405
12566
63755
115963
90208
430501
477443
426161
17728
274994
12030
211605
281306
210505
456215
50286
26386
347998
669411
224926
5368
177820
171718
299048
22573
146494
372135
200595
133045
426335
465680
347654
535263
86076
255847
15369
232471
263501
23668
187744
149315
147082
533565
326487
334038
35861
7587
29854
380292
303321
455209
349445
257051
7038
453862
638929
703242
473654
114711
274446
49740
149045
540759
307529
217571
449621
787634
350852
727094
49672
168063
118476
336824
65060
420360
48635
57821
3898
42414
55044
6606
443193
882804
47210
161
86920
190741
141876
161221
411272
294911
146190
246721
165229
25073
732756
36968
18090
48624
220761
257981
208758
500170
328358
256180
492255
190476
19149
191569
94417
112119
16136
22499
615405
454876
622690
18291
346756
275511
6418
104232
156508
132565
95312
650143
213187
47963
517893
11181
250056
161172
493611
542206
8299
52588
10783
64565
347367
51325
199184
131817
257771
208005
191642
338475
457130
612532
402548
260638
57147
763986
535437
29555
690043
328371
578086
69067
168982
8319
348850
227448
250477
86007
922847
341920
49365
50981
156273
8211
259278
533392
272691
47832
772297
32878
762507
128960
567636
130630
258168
13734
643271
96804
305892
217595
81487
43280
296883
216090
248861
24601
414125
56855
30712
72398
95383
733901
116962
317531
5711
334869
69007
4424
5416
228614
60051
296327
596383
170900
379023
12973
7837
4597
319665
222660
2413
564667
3703
808483
342302
458444
24880
321059
84117
83588
339738
450918
636465
14668
235419
671685
471714
266786
227565
489667
31372
622668
450488
737245
530667
245105
625999
5806
213183
338722
169024
200068
414879
188979
732565
265447
29454
266238
56093
465933
172510
41190
660391
145786
619830
17199
314652
168044
190886
48090
406147
178217
818268
254576
266840
11879
9657
223123
148181
59035
10644
163316
443145
339446
621089
44998
11792
55594
90944
169880
432805
129085
659086
173957
355352
189733
177825
59356
682697
75833
134799
696928
792570
18765
77368
857801
382135
316972
656037
111677
47293
620538
78565
183389
450968
335899
749
163160
299018
205749
46691
469894
242528
664506
508525
179155
798548
1425
550572
155260
156276
59809
100717
301076
167368
516669
29538
2204
224698
180347
61995
8905
754144
695679
163091
222264
20928
381078
916337
10478
267467
498000
97995
181551
214412
121929
29633
264820
230208
768954
389714
61258
387174
180375
673637
229476
700353
271957
331808
148358
13441
482659
316146
65380
429173
243996
61519
155294
198
84172
161082
285067
196408
267715
34406
65235
707083
116562
582459
468972
59508
241683
782897
482758
88132
247380
234690
19946
126421
177983
460184
278758
35873
579634
151411
481224
99876
214227
20513
232397
544168
168539
6337
160242
240165
9043
136503
162580
930860
490272
189774
64048
363572
235997
156151
530792
139407
27013
61198
23863
138918
494361
148918
98024
373253
32788
646384
252579
629426
457256
9957
19789
16291
382372
7213
500549
112733
11284
387993
506163
50630
39219
113072
109782
3759
15797
143235
13283
411193
212055
350524
436039
16370
375913
160703
601921
39239
394751
67604
668346
130601
931693
322021
444109
54613
226038
64266
110244
566812
233454
641810
57093
37961
171014
133577
273296
511325
59590
630449
84035
154624
28687
550556
61151
40885
168722
135822
185326
47363
394133
48165
319187
304475
450708
122452
90720
245295
67127
883324
194556
54655
473416
173278
144319
455665
632118
209028
8029
303300
576971
383384
382871
526606
45577
172739
22763
778953
691531
132958
421720
72725
120819
386828
666793
25175
130562
340696
176773
360924
631065
53810
94589
394132
112457
545267
286295
329524
15902
485403
281318
358752
109257
119443
13702
651879
41077
91226
405316
201765
485404
299177
259063
33294
73425
283728
38062
409306
317788
212732
15059
66065
7155
161677
172021
124932
269667
345659
429527
28543
2422
30550
135507
242137
2946
74845
225018
193992
564816
6257
108336
335370
102044
42482
238368
353824
399560
447792
146963
57197
648161
104430
22043
537420
807814
203481
3018
355843
23589
117737
183276
933766
229015
19810
230505
556529
575334
343570
102303
454143
32922
844263
49918
124177
116440
99596
651509
32719
415185
212552
538513
70985
193311
267203
129937
61136
20650
57623
627770
16458
770923
337884
189672
877477
63922
28343
71821
542969
135367
97931
325314
170186
62193
503286
207552
76598
4923
261785
744577
375539
586491
49779
214265
326246
133267
106795
320062
273236
314868
107296
543189
31218
5776
343249
585998
16335
59540
518507
124890
410825
191615
55644
147987
337089
216980
176858
97520
50242
34468
373327
113
328169
393776
464009
77319
71104
239698
322365
55892
238504
52107
385917
62395
79084
326046
19372
361101
596189
9680
48448
167889
592864
177092
170001
14441
160339
171146
390721
685681
149470
300670
13906
48975
59013
178074
355032
436715
164655
20366
344780
176665
178416
436157
425000
2438
92278
82201
650647
468993
67502
320162
133396
205141
566298
429291
133075
33199
235217
171963
250656
402618
45853
340651
286870
47081
63418
110749
122231
324175
311613
431902
151931
287179
745940
721912
706929
4188
753395
79697
111602
243943
52769
61424
90843
22243
28642
202969
19663
693397
95675
911210
63575
914410
355645
721253
69392
183262
272312
1412
177044
579896
837921
26549
31382
8427
476258
13823
38317
6712
247886
51667
535829
44289
599347
223574
100554
175799
631059
266895
79883
467196
1815
244047
6342
110965
23635
182733
205295
210425
110247
214997
317030
254873
113414
465161
74845
333205
303060
114154
98585
61430
7258
119428
88646
602448
324163
231296
494852
766423
63389
110753
147954
37004
395814
316
274127
57842
131731
243815
199990
21429
727309
698508
6063
10281
39516
9395
111116
371174
262880
133339
583543
904695
349104
44700
35974
89053
51580
362
371357
291
242109
14741
549579
237452
206028
50861
20026
63454
154648
133777
68973
92317
132937
25393
32317
635453
290636
3694
416344
383152
938424
16481
371501
440449
135506
35149
169783
1601
521171
51698
141312
358505
99617
227325
188781
818203
5853
342797
532282
50420
47581
8198
209246
284361
496576
285803
133483
875
50303
41628
428717
250421
10772
664500
171584
90714
348232
243728
198940
74721
624750
222434
53678
192456
214016
772821
329862
283170
85989
362961
208421
96666
103612
36206
213100
663746
446176
647743
137971
343746
104865
326837
554998
289280
25175
278576
166660
568209
384362
134357
151933
8237
94386
5762
65678
146772
555501
214863
591162
473210
252836
459062
481573
125872
673778
400485
9005
441762
376062
65307
54091
140532
23535
387530
149295
329007
126348
84551
108959
432084
422565
661659
47781
369669
554509
79248
257642
288198
104520
322917
146567
85221
740803
27083
27685
25202
177796
12451
175139
252994
38076
619317
46093
706639
49298
42853
614586
306722
41907
36793
22515
73017
57280
408979
221117
336933
446690
269895
66004
328250
928625
319483
88825
63592
457451
326020
898337
402817
183635
458609
331765
260694
9365
282066
350553
320031
436175
283365
556811
127072
252086
229650
293029
240254
481023
576834
105291
182920
785298
15282
65720
3241
700292
195445
195023
329692
29986
29239
127118
136011
508595
564063
74225
108813
82394
308722
101638
19436
740308
254949
238095
300590
300892
219195
6068
357172
217
325001
123490
258180
243911
330128
336663
179301
720782
2959
172911
160412
407442
294790
87885
145687
96374
190294
442809
33494
1343
40233
187108
219119
38616
196263
257494
6639
352262
259671
599010
98754
157144
17238
4410
881424
58265
274740
561340
98486
67773
300702
148160
117647
61738
351430
63825
62006
323097
164247
58778
26518
43739
539792
7931
182720
615232
27260
429175
210956
682691
111760
96048
109861
477082
1089
308197
221873
41599
269284
459494
209457
67037
243366
65031
88339
172498
626461
115353
664223
14699
591128
279772
326717
27532
125818
466257
597481
77712
339412
644187
99286
308745
114379
346951
333473
392621
3003
48830
97582
255183
30212
134729
427910
190014
463268
134620
85337
53835
21008
143412
78271
741774
20637
367759
43234
552316
76655
253234
184442
147976
806079
269700
12905
406032
12630
12525
402121
125834
73996
535797
34119
41699
314685
520139
526706
1532
145628
103843
92882
890
40656
137405
124661
115620
287859
174617
124624
81217
118393
365645
474054
251667
20759
128494
99479
273253
265142
210625
635002
25655
268
405867
72889
21250
326186
521425
381858
625365
85577
32528
160378
8973
966
665449
753692
76281
245701
55547
12086
35934
771630
118284
527672
159803
186487
10011
786843
292056
216012
514383
327635
12704
171432
15864
87597
41850
359372
691886
443548
10135
112462
381379
224022
570949
113549
132505
4293
67114
251303
49642
627991
414288
305796
552696
193445
104737
244909
164071
921905
357945
262519
233746
316168
517413
83169
7215
569633
572436
524391
158180
376068
706212
330170
257445
72730
361831
196947
633837
714223
917330
46520
126941
454990
443299
156827
3118
11623
403195
322373
112534
357558
512998
543915
625620
277429
131546
719528
8709
132811
128699
554626
134644
2206
116406
728586
116050
126459
75898
274904
522422
72246
144471
408953
64440
87677
105504
92107
31071
30943
117707
688979
482126
122054
361425
293766
214381
956836
446382
289615
365008
181588
227330
242386
361471
578083
72463
410114
350968
210146
306108
608956
222200
9964
153828
188656
504532
181985
164614
105489
426636
497706
14023
9486
224417
805857
394657
567251
351510
22180
157407
490291
203846
207182
357476
109773
110841
303626
186501
298913
7778
24648
148394
869132
459195
66023
200986
364162
48596
305127
657358
393080
821260
218178
33658
169677
281728
64962
745753
258860
862
120389
24937
506844
23100
7163
320045
528160
311862
364
303969
138451
135054
121721
521788
36429
257284
79970
833155
648703
140690
42315
233535
401802
62677
580713
741816
150982
717711
74738
52858
14553
739410
249563
182987
674705
565544
101423
407299
190786
198114
25956
766697
76951
446296
469960
334239
76533
268651
62969
323766
238947
146007
323362
23601
20102
364516
113709
72476
81835
128073
27076
307199
256844
770134
556943
113236
58350
9092
39011
299819
38128
2802
408311
153134
487
846531
86583
606324
242217
185937
2272
186095
421217
202328
139041
175376
7709
448674
345507
567156
90744
613777
77334
659
185429
96188
51101
107790
527675
70595
34929
156882
298574
36663
604304
332351
191333
560512
171329
1044
7244
268355
122322
169643
392447
141134
58099
723180
174346
50549
6617
697613
119027
169219
698687
559146
124520
114091
230377
520456
324309
46774
167037
301051
293243
61046
404527
4292
2302
46657
120453
103223
498414
54651
260455
3653
603329
287674
176220
772175
159422
424565
135721
195964
398807
270781
76695
76039
239958
116311
118726
314246
355309
533326
22868
286371
440576
151822
163747
570176
622419
396216
98224
140791
152317
133514
161459
617398
573746
120609
372419
43849
216905
92533
275788
22174
589939
62098
243111
136925
342531
281498
461552
178254
224149
313697
521
26956
734670
131876
210431
751049
201939
619438
369038
95650
114504
84332
237581
627189
104719
251653
60722
207805
472474
67345
33446
61513
64768
175727
174802
73462
426676
383121
53342
78653
641319
41209
289407
181171
334006
324890
590772
306371
84466
327519
257758
18643
743604
26814
416889
245496
218232
472916
823682
309612
56941
379423
22900
545282
179064
285471
50351
25001
200219
76982
252325
206002
459828
118408
854679
111470
216942
22517
185300
59159
11392
257549
282631
506199
365582
580729
6280
32613
638376
4985
327984
199884
300473
68826
635340
1534
397567
752467
409910
492558
520790
684892
420419
46657
82523
127825
650936
137762
309913
713273
499786
347382
214107
231152
407410
120504
70917
599470
4912
14120
24590
424387
39359
16077
225266
159081
33765
451953
135201
379703
129363
314485
470726
18733
57333
330570
16346
3732
119643
409811
477383
102128
240227
98776
649927
101504
4915
512475
230130
57710
567263
6674
162716
258949
184042
218331
382749
27815
137324
593946
634176
142775
332120
328860
733045
251223
157477
122766
842933
256287
14492
160854
46216
134186
96035
105728
45840
43214
63473
90138
95754
772527
661824
274019
115607
406283
16936
46772
19058
24609
336587
341905
344745
338563
125649
144409
232964
407283
462132
9110
413887
96553
186344
483344
245058
551356
113700
343549
338647
263333
290152
520879
679445
48587
569557
75746
85332
34777
337681
37972
117859
104317
20496
449891
511055
6158
8576
185790
6237
7038
110131
383271
9192
928535
573595
675637
93779
172555
304075
17996
834589
299164
295756
413378
9576
163008
325228
101929
8332
261930
152967
183492
84905
15906
822619
480909
307117
74260
363181
146938
81058
315891
513579
284243
216645
630487
203943
25805
241184
34283
416397
623645
227831
339635
8364
747167
201664
247857
473406
21485
201218
486485
514508
38505
298852
150490
191777
111653
918594
242120
92750
185295
29865
524618
525321
19760
63071
418011
78918
537157
707185
52630
184141
46408
450191
116585
320990
287987
379990
232808
115911
286431
636717
150775
399091
20205
26575
622011
108043
48448
692350
3595
120722
210133
20579
517729
55559
17098
138700
379145
280473
15370
252056
147223
358436
590815
654443
469709
38309
289686
242326
425289
426333
354036
30312
85424
147444
207799
371833
280178
273291
615639
105616
91035
415715
15304
542765
202123
166317
245287
697383
245053
14968
4605
77207
431571
127619
278036
76904
215392
307112
811763
482700
376017
485308
260630
62242
284622
101059
407072
703846
272115
86070
621523
322646
206222
219617
679866
5167
156609
23597
314934
18608
101612
148276
20698
267995
429862
239434
381688
206040
504811
465039
162077
92051
556317
46784
93939
326867
64295
35512
150005
275973
165864
2922
525635
6832
202
512014
15514
82201
190240
582108
35111
239458
3157
334560
631662
105922
1231
258431
16873
623683
619117
5091
14578
27498
258931
142531
401848
559426
274064
415332
117539
48195
133761
431245
34191
188129
89561
93607
265887
446294
58613
248906
167420
46296
13943
842238
124771
277516
208625
81140
109282
37188
354227
76270
120945
193626
262212
283489
31848
210346
21407
104800
30059
4220
219309
46571
53953
211929
81994
164465
498698
40432
231338
687346
363373
19766
232814
42999
120940
390550
593655
57121
45560
605183
116280
716042
401493
155771
183722
141166
99671
597702
217323
97271
150889
47621
377194
399399
98998
65078
275311
251516
612983
112532
22271
607285
37068
217127
18698
280878
242849
15771
469947
13601
38925
207158
145721
40023
526243
154959
76524
56822
81450
41833
384185
20329
384091
284592
26974
283920
98328
22230
327206
60828
18411
166061
410831
185634
381258
210188
129026
383122
81211
97495
220282
162915
486127
60891
170176
461469
231970
525062
30877
228606
37725
159866
137813
690259
144114
379416
179376
285077
107981
539829
126637
521059
254092
23760
50270
160177
166746
339835
257524
786155
163241
541454
233237
568898
97128
173290
79570
133527
2707
935655
92844
201964
131149
436674
517088
266734
3222
101409
93276
786677
47015
427561
705793
725194
124681
198751
219136
106809
1906
403863
69760
73289
161968
12182
709250
29991
23130
72916
99144
697061
237192
4315
24468
153099
2044
451079
455188
802984
29551
684838
321411
24407
95354
25231
509701
367348
47550
106063
738673
347807
55986
87131
419506
204786
129524
244766
171857
98065
421339
142848
331646
611525
10210
12960
128805
154308
552492
64766
15962
258151
112861
684499
156140
181239
307137
156661
507311
5629
404208
165433
190016
317768
270059
305144
491686
164738
104010
71352
122657
100352
542449
115454
399416
75072
91237
17977
630488
219497
14963
600119
575731
51160
28888
76275
50860
57873
6861
520179
216942
72287
148751
122613
6045
129432
39446
1262
174733
130295
38579
66986
10972
248742
146137
104460
209111
475386
542916
179054
67115
67182
218982
78445
1413
8406
569837
22910
690279
283165
56237
30509
503036
355204
449509
5160
264261
371623
79896
366715
68910
10982
425626
423745
40261
58756
125169
465615
405072
388692
288155
414342
54835
358411
149043
7142
330893
286316
27511
1710
204476
478831
7971
333596
539454
59040
533920
384138
173061
65060
288724
375855
12331
333909
269850
177567
166057
550597
40027
351746
68565
56823
188954
169990
29304
40274
92423
354104
660
37998
135436
87029
382101
513713
408542
115819
136523
57547
499188
89069
103061
18111
50306
155711
160240
225193
33247
123810
11443
91090
40819
232388
410894
16253
479402
211678
87798
6234
298409
923
90977
86814
256630
610920
82833
320694
542840
144166
485331
667556
561629
10436
32163
291825
27136
48913
234789
831217
5440
349706
228350
141610
113286
193
328168
395732
1129
710206
860830
28921
119450
199153
14296
464214
52641
768651
117367
369588
211596
279902
48594
213238
57015
23603
221415
255746
361539
35513
101721
53141
359784
680340
435528
9652
16490
56583
204888
92084
486638
46396
130087
650814
422731
363741
61923
450344
470094
63720
251008
8162
204397
740
40621
485568
449074
885
29625
149968
9876
20395
38735
264041
436228
110458
194955
176781
131643
607348
7084
148364
510017
228056
794445
59395
63688
134259
323405
130286
24552
30129
21504
766799
524093
345287
685380
362154
681958
65529
190980
423222
523687
777996
147456
258526
121698
13585
415117
2188
289027
628091
773509
263151
162052
623154
84558
54171
255462
33148
71823
93322
218959
181392
32171
145399
572894
415701
245492
178838
46039
404067
26918
75225
291010
102919
1631
302
335243
20095
179550
192818
91263
244282
369822
445498
150700
7977
29365
59228
379821
302905
36882
209954
264083
72255
127406
138796
78161
109632
70864
70604
556973
96058
21564
422633
272217
383531
250939
361187
154928
16400
141958
246151
49295
66723
186550
932049
18605
660883
665068
23337
560321
574444
182281
256326
18863
121986
81448
78252
36793
208795
33173
472639
75115
204685
49311
489602
186938
37430
311168
145224
59148
75098
231122
134400
296640
110001
725888
412578
402495
656214
476667
89163
1262
33354
383930
275843
28816
781945
80355
321681
531012
140059
315429
70953
3295
15566
38718
244284
184227
45779
436390
246000
436976
143526
693463
49655
393813
462035
26508
6880
30071
280502
689754
68664
26888
453872
103160
86197
337014
280058
589242
532795
234662
532155
504331
18810
90159
274956
311892
141315
229430
282858
361591
432573
640030
369623
844140
74359
50763
7442
33925
588752
41
10496
339439
183416
19055
283811
47770
179141
307757
437203
245566
6937
192003
36069
329322
394808
171807
702817
516105
98950
340359
32414
144042
53633
380546
238610
97508
618610
312120
987747
265525
11920
77470
323728
107801
133657
26038
894524
459314
38579
145904
82
138280
66048
5761
348497
4257
40798
8209
248686
837385
209364
24332
540220
846896
68188
46933
99191
500270
387554
53046
4071
393483
467798
9918
278147
443772
198841
356870
165672
53843
39434
770829
3011
6135
2785
370368
28441
13998
257597
295191
461920
43860
64416
706193
206239
562231
192389
191245
645020
720963
655655
953334
289360
130770
308891
180574
701094
45230
82650
285958
691375
360774
102010
714976
692347
57112
266419
321429
582694
19427
51582
188228
2561
781611
311806
5736
117659
650105
17740
145819
43946
444803
126841
271902
6630
200526
529399
19428
326569
230411
47301
683273
412513
266018
23733
862310
368145
15041
239883
231587
202299
108923
313228
463
110008
39667
34406
248652
23563
551403
154403
240651
446913
795895
321498
50860
367773
575503
23073
116833
336410
197883
67843
62114
96957
39109
24349
34651
352827
37304
245798
441053
415307
96731
487920
21392
819892
102121
258153
655726
197831
64449
285714
21659
108070
210106
261359
724263
65677
29268
220775
798047
334
109092
154188
75312
817482
127259
73837
824617
246543
2216
205301
8636
94624
115532
55436
10986
127328
290530
92984
4929
591951
53050
470516
328053
19809
25785
52865
385871
220870
851648
99821
182598
147351
112925
40495
522056
622970
215587
13648
154894
167268
512306
60155
32419
196850
622278
359322
25692
42855
116374
196024
218153
106551
59906
4504
383137
521463
32150
272224
126767
158891
90859
296539
658490
929372
14947
87992
902416
501539
13404
445715
115084
52834
372301
34674
514227
784381
353615
222
276895
7042
631288
92908
160520
281907
116259
68018
21910
452962
249437
484559
71491
91892
651003
17215
54141
89030
19643
46122
291494
352636
61631
177859
235717
2821
379980
864304
298061
389573
134997
44793
157028
448709
85342
887848
37691
335762
278543
70345
193593
167093
121996
100623
92665
284675
304387
23528
627977
509824
525109
36802
104156
388665
28125
65984
8827
186274
183718
52176
135309
18064
346754
142768
277481
270510
34327
653063
722951
129212
10110
269693
106639
69947
543641
74800
16741
144496
248453
73223
277340
102110
260761
191755
641
26457
97304
357266
12248
319182
24617
58075
320843
201254
154698
120043
376430
587758
39388
98138
27868
179531
46842
26220
531840
145318
433063
90401
12263
127279
33302
466471
834900
596371
39570
721550
5543
561490
31465
217311
72377
275851
37523
492405
113469
104624
328874
47268
398539
40352
110056
272099
29317
346250
901580
68344
424021
69233
500148
126687
22390
41430
31292
662963
280646
56155
573415
77315
255590
87098
22177
246653
324024
673914
177851
452177
174978
23772
326217
5606
139726
89017
267367
111856
94879
237473
66502
9110
57523
14636
495928
156531
550238
40273
39541
2010
68822
42189
44638
213174
78084
600250
160630
122192
92523
33841
91981
202077
122736
85329
838299
103204
4943
190987
207059
312174
37887
191364
86186
249830
42603
199755
147959
231472
269146
52304
425673
307462
37414
465142
255323
16192
210620
65860
92462
422478
22109
31158
493377
55124
577571
238131
82682
884926
193203
25260
443964
536
137215
207747
301120
358823
310853
8781
213447
706756
90159
309624
137387
53860
376935
316112
397031
14611
662994
280853
373390
19396
19309
359027
79457
35445
6506
101981
772170
448226
259554
98575
163037
122200
6295
428078
480926
213585
763137
1212
87689
1654
501320
384565
614933
248120
776059
209195
231395
91208
289642
178012
38106
129441
326410
609274
115079
78208
140524
44922
217209
29217
547489
24243
56206
693683
285624
3899
203044
200377
363368
671225
123348
229523
105284
99293
249033
76174
35719
629556
75066
76095
16046
781012
292545
222457
516425
109554
42098
555208
73046
109110
270328
356103
142398
180493
435198
137400
54646
16424
577730
350715
205719
385488
39603
65822
620694
58557
122547
279480
98427
217595
517959
575006
45141
184232
262132
133049
663589
14749
30044
57713
38001
82978
134967
236925
214384
50849
350409
2453
112777
103179
438063
97479
638367
57139
49081
630488
2047
237153
480969
166097
285448
67334
84193
708323
68765
179772
848985
3558
46133
495873
29520
6646
156107
2672
166983
769130
342030
125618
188103
124381
159182
277492
28814
321342
230234
72200
110090
325904
257513
53277
213168
142465
303826
289146
155688
67342
669600
332736
112133
205749
702501
49048
349874
278787
123748
356699
128403
505062
30033
473877
557891
121498
5622
443467
25712
521149
70819
150953
154627
7396
600556
108202
53128
344311
715658
205285
49741
881162
87237
255998
470735
404711
189214
53915
16550
206259
754095
74574
871469
345749
249067
379951
35078
570712
112872
243707
37027
616407
482103
165816
4430
275741
32560
199490
11929
465365
66641
824409
142508
200824
467213
108265
37519
442546
103494
117227
125407
6291
329590
236855
3118
85595
44020
519054
165642
1951
108017
8765
152284
807760
480354
94034
40520
184173
5985
628151
15493
501067
359081
308937
267843
236978
307988
255933
360309
474040
301297
242017
387360
191028
152215
644000
176417
132188
77478
7074
314034
91168
394950
464568
188201
856757
204255
336807
364034
5224
201285
622673
127093
22672
104214
305589
614642
89201
744048
833657
351420
5607
55294
64489
65456
252921
179996
57
512395
771801
66356
407369
9801
232494
857286
192877
265468
112189
629887
69931
744086
970592
338851
53808
68572
288801
76459
69898
303120
790433
463721
257655
445203
337397
482
781046
134127
890448
162281
776144
254607
6396
48492
1162
178958
605570
190245
708815
2132
162946
74983
43748
316810
746033
324297
156676
33571
31087
29976
194340
388561
257888
253962
646282
547932
58439
640778
8168
172754
231910
227384
86072
275995
102239
535741
495791
309075
742747
156015
443998
248767
66113
99014
205646
451424
361237
111477
94038
126589
899191
35254
13456
941420
265491
214635
700308
1121
104427
232648
453795
19540
584894
303552
53839
346342
184100
46065
14922
169123
821371
817830
515104
691427
106977
131141
59539
538742
157785
96320
791283
889076
249787
808504
540879
171226
9201
201048
1375
328802
25409
86511
687465
403746
106982
320844
3589
26836
242873
778846
8740
40806
129898
138313
438765
931656
109508
658103
249824
31136
575065
52663
103806
238900
282475
89106
25967
211408
15568
199877
287772
273829
20740
322824
73338
515365
62713
96613
21188
279370
140408
160030
50093
733203
148867
264577
444236
255375
16145
422546
116177
313694
777307
214181
58476
387572
543173
6278
624142
40445
100745
14922
11852
46647
50442
214696
18236
97622
113652
43087
449855
336282
838447
932370
75146
59847
9226
441353
182193
2614
504451
142717
404043
210842
195203
125523
19236
202994
913841
61833
187097
440619
36328
525750
352693
53350
169257
334413
350269
306248
530917
209388
692624
342736
223665
176172
619913
271771
29958
153306
46276
122907
796265
623183
255685
758269
1406
300088
393051
728201
221136
58172
84399
914252
107672
370596
36063
2347
166731
125086
77507
359822
98565
307718
290905
8520
179820
28046
129581
103411
334111
121095
218112
125349
83143
135304
103766
59048
168394
774792
30169
51573
142771
578977
205778
165366
171392
184576
414349
266019
399194
139442
172509
212737
82051
69914
225907
111460
104677
93472
203792
220448
367082
211691
368408
166075
535083
97389
9529
323003
271174
388051
244443
39013
259641
23459
162031
224531
17604
643520
169800
136781
133948
16273
332730
636032
468059
890741
9313
83183
45134
666291
436102
194348
143734
67170
467534
576397
137969
135845
609145
391006
538305
40732
17307
204115
272
105655
501504
142237
145218
224427
92990
143318
43318
54685
132681
572499
48383
17413
104362
196766
14185
76990
113240
146432
68819
30640
69360
81741
66289
214448
280052
530859
493369
253075
19372
376931
100171
557993
124908
371967
57631
24969
84406
311084
91385
423434
90654
397136
3373
184012
47813
843477
93699
44463
55880
448250
93532
187982
148264
742432
14559
317774
269599
35253
229571
187256
534674
79112
882048
9094
156095
43306
29780
329034
733033
70235
117829
610833
116834
245311
123793
951866
939514
431230
293952
150567
419055
163669
2085
191215
258324
328
319448
152663
277752
451926
602069
510769
102327
297948
351629
503081
348643
107400
336368
16133
705514
303683
305606
459273
749351
203482
296070
137281
70926
265681
37428
330446
68383
96917
570046
401353
168163
22429
38753
519546
131448
667724
160826
612727
69749
136626
170684
273780
144476
196598
110374
61907
78456
380181
463667
120457
583489
281857
30786
439712
452
4648
26723
510585
438975
15852
180613
58125
36396
56583
186701
184221
54307
142900
41342
92193
288206
16124
6719
34736
169935
56696
299813
33951
48080
101759
171691
221144
783988
682173
7959
465734
561263
130709
493825
19894
139661
220942
158615
212344
374417
30134
606705
757643
347958
284484
365789
152290
430313
132837
281269
28282
537651
585060
259533
34614
717113
309744
313984
714349
368641
13009
720627
161082
96652
521788
392090
115319
784406
9910
7770
264546
99138
829233
86251
818176
902935
188641
61959
217263
654546
314739
123031
75060
394881
530584
68872
23181
162834
129766
14557
124745
238891
28226
224783
198388
101112
330333
65978
227902
171400
613657
648405
41684
73125
391803
214166
28609
347
60579
194324
450087
661601
224704
308331
428831
167082
298767
15604
175945
835233
39337
459321
231511
403503
383143
20934
13018
175421
305779
334544
478864
402012
519780
130871
680500
352194
364686
124805
52174
189647
189700
2080
204592
199465
5002
267785
260084
323039
149339
570224
69759
462751
438769
158296
608520
505453
345825
70243
53636
58380
54978
418101
29166
280954
101008
568840
327720
1991
165345
289841
269005
219727
112671
131800
310930
488955
360733
22572
40386
10208
287356
53992
96728
44866
289444
207238
724433
551809
5554
82538
37870
443253
2446
279667
712939
294528
64907
490003
274771
65176
307442
2236
378969
647047
78875
711185
223293
96385
139753
16528
267257
569480
477570
156015
105323
88324
579502
84190
588022
93205
666383
423370
335858
288571
127755
602370
25770
110419
297874
399588
386152
13704
814358
202774
10648
848927
158390
249492
561549
35262
647898
85301
612869
491495
207736
237908
700049
295392
38361
497145
12840
46487
169200
168641
123876
19172
565536
214634
66267
72414
205885
25435
267139
14720
507055
335669
1226
692177
8476
751
55548
7537
137832
739329
506309
198923
27797
183955
450335
274134
210805
495712
45484
163011
9964
374942
22498
317778
391499
180493
369996
185482
203
3459
660150
143874
390462
32011
174727
83904
38247
248573
499418
222266
35383
9890
314226
233016
194829
39296
218151
835054
24795
18057
159339
426744
346523
357491
526395
413639
14982
117258
56786
262358
159850
410229
107742
76381
21641
278152
94724
97471
52774
271744
422030
163646
110993
131340
187926
462593
89670
7319
188897
297801
142436
204996
249899
275109
438379
664001
379742
173044
25278
28946
250724
39321
212383
648310
82903
560082
266821
52826
98739
85587
261014
163258
482290
211355
192703
465396
324747
48644
211411
344420
39455
350897
49506
912747
792599
181688
542413
64227
379650
259806
522857
56974
5850
346661
57563
85050
101578
19110
397660
148388
90739
140345
92990
326675
437740
61539
82893
721558
23468
19390
127467
65187
877666
134383
206662
56203
123430
334563
10303
337736
119028
98017
491661
152679
210406
262525
55251
503485
86640
618097
578359
184608
83495
380875
357104
208672
222239
77609
167991
54478
278578
88699
81
31317
150921
5
25362
734080
426823
669782
31871
114710
806237
234709
43009
72138
347491
119376
208864
433634
283961
56647
176940
205076
492278
749570
656551
770504
135474
201092
53100
153734
3027
87763
215426
695615
132749
172736
204512
150518
203896
456724
21731
158637
26403
407257
314496
75450
228603
158093
207091
183830
183385
36963
320126
223819
74773
100746
684026
403783
245221
847773
380444
428122
69482
312846
282126
333690
89232
57020
890003
9870
227439
667793
258017
398854
295062
221992
241772
232956
783259
86699
602153
633001
340163
837153
303343
597517
20821
348406
5327
179998
45637
160098
143814
44199
339441
281508
248829
84344
562491
369177
131499
131978
521290
14361
368092
57345
22728
702012
456598
137190
57719
76428
821091
786189
189103
84023
58092
439514
125108
349313
500524
60558
177013
230627
186366
176669
234661
69449
14426
98936
11780
359728
441770
24073
289240
13171
465714
435510
280500
140490
381055
233199
7736
608408
538058
193708
336783
418827
149216
365115
119977
619812
23464
676249
483922
556998
275753
62453
4237
195374
50863
480924
11965
10945
42970
936696
381876
227651
258192
440134
303010
159701
279516
748291
41445
342296
263845
206624
12829
205531
13417
65230
911503
534482
76239
402209
77349
86440
83383
161499
692829
4816
266951
813729
557241
332613
567450
156448
19070
3445
54844
46981
183737
188319
122884
7663
419999
89090
35566
284516
220439
829166
528487
69725
120426
442839
472800
97039
152993
373607
544242
28501
87477
114193
950296
146991
48285
453261
229732
796501
705640
800683
316526
256979
593988
455448
346939
87973
137760
154108
586430
859371
467849
93764
393210
3857
8448
612133
261223
30987
663420
176301
214375
288809
76093
33258
436740
508335
455812
41436
594992
227751
134509
60643
304990
107062
771021
812839
76369
206293
168098
82367
96457
164859
209423
38626
266406
116174
72038
530470
8941
307229
285012
106385
28335
303193
362315
26914
404585
489937
143296
563466
25181
853952
117101
3935
276355
178397
505921
49917
26733
246985
115709
34722
43419
356970
342931
118423
201011
123911
417820
223999
135802
370623
611810
170835
423751
77198
619490
112623
316672
403774
442599
112948
101354
158109
235106
122282
488201
40436
615951
505801
7983
4104
9678
158159
532575
245169
4832
350942
107400
244724
252768
124770
8903
12250
39635
344994
101112
439793
350269
615063
90415
146714
26295
389484
156108
63308
61005
98174
172139
157179
73437
539510
487421
477842
2612
370344
200935
565681
23376
400959
27431
570053
468083
224040
597502
831032
67723
15066
31076
195798
481597
66537
449606
215088
125861
182976
420662
57745
740101
79604
758
812793
590216
8708
90501
715800
174595
448706
318586
104476
104107
300939
82328
320870
47830
111765
238070
175744
74083
117076
328972
130278
138087
1367
314226
274724
138931
277830
159339
572522
201602
55705
93421
604285
233914
643512
467338
486264
306665
108634
1082
69970
435826
1119
136458
45146
743948
78913
289423
20608
326224
50346
171625
302184
525571
243107
621858
402375
175310
96178
749691
381450
9517
24940
183852
542619
12122
185880
29221
428353
117660
481570
126308
153832
78620
17000
154609
26504
581802
682820
168460
147820
350557
549067
290414
550382
218163
244099
135604
365874
420164
129895
141785
427561
324555
643988
119769
66596
455047
392196
320295
137620
93038
522201
44737
83752
231550
395684
202533
151554
55750
571744
10840
16128
635796
635791
201670
47677
67556
124164
62698
586461
302415
578945
17448
414640
177925
227088
81151
75558
18290
97086
297871
58915
54843
4105
44565
82919
238447
11997
13965
240677
20136
177551
647244
217961
97168
117196
369565
158369
72759
10851
69969
12374
49031
525842
141867
84514
3957
315058
101817
889
206992
142982
182854
39553
14512
50925
241131
30832
826105
83758
14386
397527
308517
59222
203017
14980
199867
304496
8509
467196
20220
643938
20559
1883
84257
333235
20564
102981
538762
62017
404358
326198
164689
233043
215605
328196
79109
391879
485746
6986
19951
171942
76289
11503
1689
475921
279661
48557
28399
98863
456560
129412
6879
10625
425903
145372
379147
201857
207819
76225
178225
74864
55322
676722
528
273687
9518
35382
297841
36687
439477
30203
639158
179784
207656
9824
2263
78952
391179
119722
88531
228018
60568
80038
339936
191049
15861
164501
106922
298802
174510
820181
29146
383471
546757
454631
40297
39129
219448
278104
65419
275677
55584
65410
366085
262544
531115
661376
34305
108838
555632
79989
644063
223
275452
463371
228530
13296
487443
178544
602878
348544
167232
546408
95240
719451
91534
579846
33261
459234
466603
377203
761719
3322
56534
320934
284072
32686
486088
241029
303725
381303
23813
219196
298005
254007
125787
45785
156103
62496
108190
234317
89648
44234
85315
249503
490519
812662
793900
44698
92982
248657
233537
147487
635894
412776
111401
151443
293001
508969
159614
36143
359974
58918
176673
661294
779845
12293
56557
13645
38126
566852
332669
60109
101115
439976
164190
176170
64025
98236
377242
17096
231044
18876
233026
193169
302951
473751
335049
45077
599146
31436
60775
552350
39751
42739
175153
356327
230773
594889
194775
242138
35038
68926
321157
434327
224409
507640
657820
449320
103896
293119
2478
345713
100682
651677
407620
7948
268743
144624
360888
256510
291146
64012
529843
197120
167040
125740
17275
385024
448049
41770
623630
146716
35830
311045
337984
520600
165418
712507
126349
538855
390458
430412
163175
12080
96673
160930
140160
447543
168797
13919
76272
642231
655816
453912
58172
505108
6193
151831
84280
378375
145032
85348
108881
346653
696203
268494
73580
434406
389410
595356
473751
414795
428748
121938
201932
17573
1704
473251
13231
577691
409875
552506
174507
24213
614766
176569
300117
26312
375964
81240
4017
457041
330240
113846
186583
463828
138741
287453
191292
523443
93051
95273
320619
185036
579775
302355
311608
1043
243708
324447
346818
55301
30937
142150
274284
64451
541774
130766
324710
218914
357974
50381
535379
94478
51822
302376
184224
359901
5259
350031
8433
747
74943
370504
324754
684852
632023
17910
626150
5729
282293
589400
539153
677441
336393
189230
260126
197869
64831
131427
23662
293874
514488
41515
565851
148168
240310
562413
52737
155435
368342
11708
346990
107399
367128
149282
798733
589379
277274
329535
256491
236033
142709
217389
356229
81064
250784
549131
10329
174123
208336
54591
8896
4349
443477
25601
160675
626049
642291
64169
78011
650630
10522
607604
31194
30815
227190
374829
535024
56557
38951
216463
178550
502894
89154
794847
308764
888736
193
79983
40109
100593
509285
227393
87926
3539
69832
21282
97513
31327
111554
75675
418559
135232
15710
87037
412503
47635
374738
641806
68889
520813
561526
38832
459752
284536
515627
70270
148582
308221
108702
178962
4058
188540
247732
231495
305491
375507
374712
398534
87300
409004
32775
349274
421003
100042
449220
4719
3922
73832
295008
36811
493689
438628
328915
285288
619005
115505
22227
486819
726970
821733
273699
785654
365660
441570
184426
581106
63408
118149
246669
705561
362205
59526
300370
437559
430582
465551
53250
47008
56301
103699
36206
137786
58872
412598
212558
58059
129784
198584
324693
402237
268894
304091
32093
309149
213197
551362
102715
163949
645043
194997
182268
4365
82507
208702
146276
289266
583185
515785
17879
480061
56202
51323
153326
276200
109176
175712
421709
91960
163304
72275
123679
89314
174924
9054
44602
21062
415095
256935
97266
178016
516363
43516
186604
60248
554231
143525
80795
696579
647907
447478
174634
465073
102240
85016
340663
357365
649263
910
12174
638980
53690
391337
57456
417417
81363
9043
73420
606384
126819
269634
66269
134786
2742
1107
185683
14838
581245
689616
441747
199535
140993
248607
71854
584290
80941
29679
5933
270434
272487
563288
143524
664290
858313
839523
461156
544308
3618
51590
65225
137809
518770
227034
661605
268556
479875
11750
45154
10829
484009
58254
109007
506708
142702
3562
588842
428511
395446
234943
142674
290444
346392
22374
94391
5493
409878
62975
19222
139348
179185
252918
201663
172090
67991
144289
31526
48836
491996
112
27298
523849
187407
860315
81927
257572
86377
241157
437019
339053
89999
397558
165642
719115
492532
5660
54664
92819
17076
607795
56553
725771
55996
257460
228060
486129
869455
488962
215385
19957
116391
91675
520318
7662
212434
346995
207
166069
371627
339702
133586
947346
182320
55646
12430
93620
152738
440605
97557
619113
6613
6187
368285
17747
8143
521996
714284
335968
13451
12572
53880
136931
605713
392598
49221
92370
227268
524709
76487
34008
60278
39085
157203
110946
557696
329951
22335
557795
464540
423767
1168
618784
164297
182494
183512
223442
313898
236878
837005
258373
48624
217447
515056
1547
68664
77073
376764
87925
363774
388856
697644
2817
88361
716933
323649
103194
34811
276128
541430
22551
83630
10741
397586
120130
313113
489590
645009
77669
147292
823389
285464
116783
4589
481425
89302
59711
352891
106581
351860
223650
251568
153219
220859
78436
280284
168881
230605
311984
294743
246392
757
225672
402042
505134
479135
493213
436192
3900
333149
60900
47142
148827
522737
7260
305936
171751
262551
131782
22789
216804
69813
689918
584479
262713
104557
35005
292442
469207
704469
23341
953889
350
94519
616515
108223
198815
67765
6640
641396
125219
24994
36454
294984
5802
3708
648657
69862
207382
431933
689137
310106
829748
255716
205116
605293
690931
395108
339764
25014
541637
143163
70180
33542
72951
23800
45335
40830
105021
262960
5477
283295
451074
12218
200658
480280
305104
14565
295238
435995
392053
24830
88368
295474
146758
794792
454298
246827
37390
276198
265401
1198
787372
33896
103850
60303
4734
117141
93614
198816
697241
164737
248701
223716
187783
320723
347441
232987
69329
389157
534614
239156
81769
603809
164906
461100
74463
316327
354817
8308
326549
3937
163330
67980
413934
134747
13519
163651
109149
665021
167901
14574
139850
24240
384303
551227
381156
65606
580
119945
198168
211381
237375
78761
396882
582135
463230
49173
95049
149637
416205
119393
148192
297932
84906
230706
160912
498309
10453
166174
450633
421208
299309
253609
65736
10360
16769
139515
470500
333074
121845
202955
154654
38477
432842
197515
291090
51046
10701
300057
46731
284040
601735
221524
38529
484331
194193
588376
35018
161515
421713
433724
476137
312387
674403
130645
6602
372152
418636
374035
186640
279517
187601
514154
199854
6277
92398
647462
148392
38131
23630
2237
890566
160276
11377
191527
130977
98719
32019
92043
112465
97171
144591
889458
569034
130579
25797
586549
146166
748593
379730
107484
24408
56960
248179
397217
22820
252766
120649
123425
397899
261
102811
3429
71987
427937
480654
304898
234481
463159
8501
348675
53450
665379
14189
75515
367769
87339
90849
83150
497329
578711
535008
446094
304093
61230
102599
474359
377356
387013
552492
155240
68951
77352
131251
2603
245643
23040
371815
295723
6727
242827
1536
12142
357376
984
839310
324579
19366
119116
251754
89507
403372
81077
35123
50375
562146
541076
163860
197021
28525
597226
27043
451984
5030
723123
401763
156355
465679
446881
43965
272135
537189
140350
9252
51757
55568
78636
306872
30574
231272
18374
112894
742345
96109
754271
72337
228155
318602
59920
141539
20774
317631
457479
631164
439884
414163
472913
119683
298756
225897
142419
10916
135225
200197
166381
66412
45397
7776
94236
21102
674460
223493
150705
413846
31318
17659
299466
169173
228812
40439
334739
632375
12585
68297
671024
21991
310968
52249
7797
69668
355981
716
579950
24313
430488
291437
640381
84062
16567
602
203824
404880
46324
374968
91798
180575
320994
179515
492846
307580
3929
433940
134830
202793
179231
422509
633729
2572
585044
173305
24117
3086
49811
156730
14124
105285
529787
23438
18982
409438
197583
27044
27918
378423
74472
280970
462394
774343
331350
114917
292287
192329
498922
222014
720113
211867
594920
138352
426585
38832
421383
737182
171051
41594
135782
529681
127336
125882
341495
35445
353782
392117
688135
209810
418623
81125
19158
499297
871247
156478
14466
196979
195760
144881
153207
165798
315252
134991
291477
41858
230342
182720
266510
175679
823482
44187
24476
237421
336886
371689
437338
58933
72043
782
248117
515182
264787
117478
591934
162149
30351
46144
178365
73478
23412
348160
172633
15787
161354
43439
154729
328881
89050
68208
309178
401608
93685
7651
73957
256153
621276
326717
374311
213799
311971
12839
27553
165475
98779
41020
449431
71465
219234
518273
105196
714749
193666
244255
511867
780349
267430
573214
24034
2923
440472
20346
493254
4314
350295
403985
179852
174137
43568
51173
63291
51834
915383
326098
363577
298130
121373
361197
91933
435892
250057
377042
157130
95517
245797
185953
651606
361457
97875
557154
153018
37206
72920
31744
138172
613345
85855
173655
12251
109653
54366
239686
67660
12429
165850
309949
105670
320611
301908
355628
8281
237189
536
399717
392861
40880
26144
34810
21633
336807
150755
422232
293094
623651
36226
399779
796644
81888
141160
8098
169816
361569
3769
406637
80264
396201
152569
580407
273364
104619
39175
361731
80780
240508
57356
305811
289225
511152
245026
123658
89862
506078
108469
6472
123594
498504
386205
397011
23716
113686
264785
16034
511411
72076
158823
31682
34618
74251
55831
173134
549490
226380
436055
93830
440649
108846
13922
545203
154113
62564
110245
168012
194491
257385
32922
88747
34455
671
502182
97934
158601
358251
424096
559498
68855
380410
128555
58785
211121
72249
598875
385979
413674
475987
17984
61854
22583
120672
102861
335482
212853
144713
217485
54881
284084
25934
660562
31934
294931
182687
112854
284346
279389
526429
44607
82113
294719
470283
450445
704571
150392
101671
121573
499123
323614
40741
705152
264789
474383
448337
573285
144352
912869
271981
502952
34602
52800
68047
12601
95608
89334
576622
260
199646
271562
165178
315631
346951
66803
251487
9093
57587
466980
740888
277093
545875
8469
49658
53964
100527
34711
856115
227165
5227
529457
48979
35806
87875
305640
804880
845879
311980
49812
239883
335858
741556
422120
20876
152336
593144
209386
198526
176050
364243
882329
110223
523849
641641
297059
331398
92900
549761
299967
939718
711218
658297
98292
2602
494640
32775
778769
581835
186402
40396
331676
96333
35925
78620
197020
500208
734278
19589
465798
234231
671603
174720
134724
93900
100789
207041
110322
96532
18067
705728
26857
34245
211549
65138
522689
51865
843032
26694
304383
76470
527568
1183
88885
22436
714457
338491
440746
149510
18669
519236
117702
6437
17818
133580
41551
203858
43595
142828
48683
492038
309352
16000
200635
581499
4864
74310
527207
92336
224745
761974
352663
38420
212791
436674
435263
223283
92410
125208
156347
144388
84132
23275
94315
612041
72116
716631
268198
347615
765318
16467
318281
118860
208651
323276
282304
380618
13982
4768
559351
226484
317408
546387
822905
21924
103649
442516
121679
177823
278161
468048
170625
275412
121624
591496
624871
176703
553313
770276
69775
308442
20962
94076
38308
649866
173684
647739
673221
28822
260295
304263
546662
262946
78647
146245
674775
235974
216601
30851
24502
209913
60789
43171
28043
590935
23452
595825
74035
625081
448190
228536
3574
70976
36036
19319
203049
50484
268256
545014
109425
31836
99649
597669
2768
217
195823
159727
151632
361589
556015
295300
29567
69802
74554
54673
403748
3657
429843
300231
56143
541150
556563
464019
4401
124341
130511
168251
422318
1093
520302
72641
220995
19799
105939
416675
429124
104255
77617
111611
13368
795253
146732
251608
513053
259109
254922
16681
168586
143541
340942
230430
119278
21566
429036
12544
301914
23400
272679
241157
96547
57710
60421
74571
853338
93023
818
172804
366559
115862
587766
500063
133640
75486
810584
3009
49249
344411
292775
227215
32249
194995
7532
554650
53918
766144
138250
50946
6229
373188
41354
130424
596282
160763
95611
404395
301352
259361
61371
88088
61517
197848
170989
1617
146640
9064
136208
661669
82264
416061
167714
61186
9071
51472
781241
414478
129411
365301
6847
168187
450315
261692
653985
676033
11122
794900
153530
18188
783804
589891
784321
136048
471076
146137
36506
408411
27951
1132
109909
74215
184128
134232
92564
307560
401
827097
115033
719884
74387
426889
69186
848922
149883
370960
49102
504809
107553
500366
65387
216853
151364
25116
115853
58851
726372
138369
257523
100341
176173
61755
367627
448405
434758
215415
710388
70954
235278
405116
44796
123865
42427
3804
435125
574874
6588
49733
38240
271184
348593
662506
343830
196646
373093
88022
118981
26435
180984
157639
200190
15532
9863
22742
29384
135292
477920
88690
600224
36714
177730
285460
483041
163623
52125
721553
710591
237785
48745
8604
135822
341752
20485
259292
849163
122648
639338
458691
203507
196762
55599
216091
94406
41540
132737
110133
138741
989276
608441
393904
307949
13792
673330
441849
94907
267772
5219
494320
281849
473181
246193
452656
49420
51307
179477
363454
205181
724437
90333
817982
214276
403453
49433
66252
514548
17859
23185
3033
227719
194929
13417
11861
844417
24568
302006
836774
402484
60795
49839
170239
148167
133418
16413
333177
49597
217668
48888
60445
637094
840739
211835
58418
1612
274827
30184
707215
257073
431132
43678
716102
429344
431320
70145
235316
401504
427736
129093
14471
37451
113968
307132
24172
226089
479711
372158
449102
420366
254372
45960
1521
306600
45602
367104
156692
631348
69687
466643
472248
234702
63560
307977
569664
32503
118102
694010
271698
121449
36733
137845
453726
232956
463570
46244
47039
523561
103938
6878
988077
439812
290816
420233
60135
614779
69097
449978
58454
365618
155849
25819
308238
600569
166187
14362
323191
192173
5027
267143
108002
840640
364383
72673
39804
394787
5339
335189
276158
47273
102432
99352
193670
49574
5087
793449
92788
236954
33969
566328
824692
149862
326850
7624
20472
51241
579370
717983
476202
203967
261517
254252
200712
503684
89609
495296
87450
72614
290140
258777
97214
394837
129499
704987
67460
17353
83034
104022
37543
75135
150031
111772
743996
257687
481521
529123
104266
44178
318743
76210
764708
552166
481982
300
588638
2416
501514
227341
208126
44502
89573
56151
36461
646
430150
307455
943157
268718
32457
45241
455325
82759
47804
222995
138220
259851
639927
134746
85696
401061
231503
295642
71012
78534
91910
38822
378072
179633
438083
891459
260050
125517
199755
10029
438235
190977
394391
79326
52169
350174
391820
258790
783416
50990
231961
783867
40620
454757
651714
23756
705855
36823
251456
1536
417488
2620
319635
134103
227682
50348
418062
278356
12141
26693
713235
227160
204939
228660
185510
169952
187488
33022
465596
144826
129520
514950
524389
5100
767538
444463
170461
36829
112932
14143
424752
218187
34431
590223
60091
358994
179414
127546
283394
156348
67213
578047
9805
13925
504392
56458
368655
258191
239462
45308
639445
200335
397589
285840
436001
9293
77265
617972
44827
241378
776703
111648
97392
312010
779707
85952
73101
185166
27268
445594
3885
652660
15774
14220
244164
227937
245792
313030
74263
79002
22820
247768
652598
552372
48407
340850
650703
355980
17769
79728
241876
438546
225557
714853
153127
216420
474307
231755
41858
255961
51973
50830
252092
164809
73236
46481
840469
59203
315406
216458
670580
45720
4594
8937
188430
172424
471918
312177
3362
415070
176466
482805
752759
50525
215524
462168
231108
238885
47625
502256
22832
47510
220427
428786
46959
441373
1093
172098
600953
71198
163610
217484
5269
721677
535965
359439
318697
200292
298186
706152
175515
692196
356321
72002
244060
24400
88672
8445
131002
31174
106599
272196
287233
496109
258857
142483
101920
33578
90249
93033
75736
64527
126999
96494
188937
13089
185041
131803
143040
97702
348905
215852
70115
210059
7676
57497
38338
31697
400455
566460
28914
117446
644874
64571
29514
378374
34772
650058
640016
94781
26811
192482
49356
570334
105996
97817
339649
393523
692101
105490
340232
20740
187926
380051
432094
262255
4170
310165
777374
38699
252002
16687
8190
144412
10108
60526
234151
672504
172862
56047
931551
200861
139527
111117
99935
102688
286705
535038
29782
257926
300254
433336
627534
151579
35842
484644
66701
485079
434847
33772
132140
809679
310047
322372
401363
270012
487485
530603
206980
124945
189744
342835
46618
258481
120239
208277
413979
162096
710374
677811
317347
155730
262832
166102
363429
37306
320873
233707
109029
662072
386015
146546
320265
70278
12549
562253
435466
628162
673868
145787
77439
26112
842
282192
20203
635
17438
263770
189838
16925
549966
66246
483750
1977
227171
34246
449131
401699
12275
127590
828063
581988
9613
583551
113751
20786
495995
142297
555908
661997
229337
420605
45435
13931
38817
7359
2754
105304
495225
8948
5897
83733
249741
459575
18197
421649
158
216435
61343
471641
530611
61370
64151
29433
83328
536889
351557
284821
42959
5564
735669
697328
49642
96604
16749
10212
1544
293645
54715
15121
30977
189656
8169
78474
169132
102153
401949
388818
301825
177057
367612
474386
198635
13868
275527
206455
211415
509530
98109
216090
571614
688747
213461
741787
518325
310709
94054
365714
299836
820868
4099
120997
168458
285469
769221
192800
365435
488680
413484
4242
490749
347673
115614
757964
273139
139963
35600
155737
335275
928807
712659
512807
373392
367335
53977
120091
150373
125191
138996
677499
199163
214938
348584
176755
83205
117051
134530
379324
505337
306954
141924
62420
81335
213175
377252
1198
783505
320154
66689
96658
176922
147841
377832
6695
134329
538985
23198
24586
296780
13560
491362
239042
95703
139360
515658
532560
454250
404255
23228
249595
92749
473929
15020
1405
442350
47077
239166
62856
6544
199681
14989
384263
376788
118031
434801
104902
118001
633196
4454
74903
357553
335690
238237
323944
474884
507652
789825
475965
332690
79927
31910
9347
102770
185107
277290
230044
180570
381358
338588
159192
285132
467164
5059
490949
31268
263703
146460
81690
57243
121245
676852
438796
26873
20809
315004
122256
4066
266321
221712
52119
140853
72312
14662
10917
279460
148746
108115
171824
13643
3942
113573
382149
172624
266365
531917
235416
692152
191469
294073
195733
333070
391097
339699
228164
936
102302
140776
306377
362372
681655
752281
397029
675024
22772
60526
237988
131485
351186
309497
268878
119336
489586
64006
190141
40393
89731
226778
383831
72441
447590
127948
27118
786167
840618
206290
460367
453424
410830
46039
207301
346226
27833
186882
60463
514083
91896
125985
31856
434286
9011
570220
628399
648390
463511
288160
101446
314794
920857
142128
116410
430281
143024
85003
96350
157327
98006
73353
280971
382643
60
510947
6806
358103
709635
104837
47387
326886
285795
360999
660661
721476
283406
633563
414585
142817
470254
818449
317266
778317
215439
529038
476437
209573
537850
668332
80768
294768
92709
367625
6881
102061
274771
170045
40594
567693
45360
327464
416260
228157
325066
264265
253
2477
256247
627981
35804
216268
294520
176835
595430
287971
1704
79825
233653
354160
259712
450934
175276
241113
137719
399245
137665
205448
77839
475429
61376
400198
38875
65726
718962
10257
362139
203887
296401
12257
250692
520051
587721
693089
67591
716422
162921
109867
33239
30141
2930
43133
33340
18137
484289
161589
35592
128319
234491
416603
623533
69870
50660
124196
31078
405066
788948
75657
13591
133517
187417
236843
23661
43231
148744
195382
583163
101838
30535
522715
967434
62095
302343
134526
301209
387607
441527
276956
168924
214684
80481
819447
119373
36397
90300
446689
502280
141867
402104
380941
714081
172686
58299
77061
253135
57291
478516
115638
38016
262488
329816
88474
82110
365867
62180
326875
598958
172862
254047
27251
13424
49473
424573
520229
397154
23132
147064
149093
70194
205518
1334
192789
154583
37605
442694
7246
371176
366629
48052
149304
64515
290979
283825
308337
28475
11876
921032
192643
37431
219232
755825
105353
428205
213714
103475
553556
138085
173373
115162
181076
218196
111330
11798
10680
7904
584360
15071
178558
138863
419809
89238
471107
136644
231205
286713
126299
89454
494615
256646
50808
186534
441880
376340
809770
18242
129933
197265
92914
151634
360387
55972
92760
99655
11071
89080
136467
406595
48261
111779
201173
215074
668255
91892
353911
575188
607688
334424
349623
667624
19091
168182
125194
238286
429302
145790
361980
5372
236231
54515
2280
176666
601458
500583
76247
129785
386132
339609
89255
48535
5201
675222
39631
328273
10122
275926
610813
452729
416521
195272
129039
495301
443488
851161
100351
26770
26475
320889
197828
4051
412173
458984
71980
66191
24725
600654
76708
625025
43651
451339
370413
14857
233181
75085
376299
319779
257274
502198
655636
569890
98843
89585
223
71688
41072
472519
10123
277091
243918
88832
108441
48802
806460
903099
237759
842337
507763
148914
75748
157815
272373
2658
147203
58723
290732
147804
24702
124382
175074
401348
56185
19025
13145
26992
84053
744242
257314
807565
442251
88411
165757
312505
3101
356050
458966
69144
2741
414419
878157
123820
187233
647096
268125
47876
912559
315524
99119
41415
84628
794964
464697
286686
127040
229053
292654
431485
96013
360296
282422
362713
45980
21572
42531
2855
394838
9602
2561
33801
447401
306023
23210
33854
10777
1934
44091
82657
15588
284249
882109
116917
234864
5666
547588
256236
6396
58522
109107
366864
391429
409902
337262
38645
211201
295624
243343
162302
337396
116233
155674
134040
223797
788202
35293
247949
533187
56678
457513
18264
284918
316676
33358
3657
409801
106482
84913
847466
561768
483612
169770
325263
289538
295262
177549
138625
349465
711501
435786
4796
1128
30512
677295
551858
17148
411385
31278
188457
86199
193450
120344
65855
326042
249015
66600
32866
438398
283127
117512
119202
454619
397677
85612
165292
786578
369259
312017
6237
225966
115193
222390
619534
39697
160867
224507
341120
98216
48031
77008
540366
342184
23751
163046
784125
81359
191266
590897
140939
65826
84655
129780
421272
3644
115094
77497
209475
184485
229337
320248
10588
251880
844540
625382
395271
735848
238458
172952
24089
1318
140934
334224
374599
276197
332949
21711
23145
27864
464185
205102
123579
46
146068
58616
398573
873911
189289
364231
106432
118320
46459
71824
361186
63469
356582
77990
648721
173374
105755
269203
122212
203521
99319
295983
145280
890644
412514
553694
36255
72557
209010
48923
163928
256731
245190
53018
279587
29590
142721
58381
19604
218045
114047
13687
18572
330258
181278
14493
115489
332659
77257
505413
298097
398275
800208
267254
341656
491456
400230
404892
523122
711770
443135
31149
659016
272166
440296
1077
380583
100622
198407
51970
94070
55790
427868
116526
511015
572943
5398
572767
6238
74315
499930
615241
421538
208405
107449
285767
86128
638573
207736
156810
290718
91940
154583
3297
539152
597872
463713
2330
131878
1668
400667
151610
335494
564549
299
521373
312750
169482
41790
99561
420812
204751
317980
97237
118242
274359
116471
175229
669253
328369
310875
7468
245847
156820
354435
7579
282493
234711
278373
18646
161282
179660
4200
501222
5517
322213
226098
76403
9405
299519
82985
53545
321632
67545
214650
124727
477433
23457
5346
798893
328420
66483
85650
521872
212107
264493
56224
131345
688313
145849
555383
87370
488657
679839
4627
150095
64583
755302
742989
427636
13624
66453
75689
138415
177512
75408
788206
66772
26967
192451
339105
297877
301521
347489
13892
223585
236573
2680
96473
299938
28877
475325
2647
14504
17663
26812
470181
207695
788845
237196
323361
204187
169498
115737
432500
550286
775042
924352
351374
72075
461519
86753
346523
8679
478863
61797
13342
9256
678560
204790
255702
65871
259407
846684
8734
228156
230362
568854
838285
80552
392979
84839
413758
359153
381659
9925
67633
701770
513939
340001
316774
505542
430013
383744
114068
85428
487581
73422
9530
657962
67490
142136
97739
77392
224588
229036
402185
26977
11745
197089
188572
27006
319945
124033
110285
415999
16287
229765
633266
211382
137814
202909
75785
372467
636976
394272
47343
410986
202756
134877
246793
338638
355347
169717
482682
194257
362613
64020
531565
76774
8891
197925
23992
159374
71490
85833
151684
24295
19220
472398
27434
17425
711323
35025
62703
244990
563576
823129
30327
609653
160001
135580
369805
210046
18862
469013
430153
248611
634087
581247
112513
28758
200302
7226
133603
95437
383324
297949
213342
8164
163850
174729
7760
309631
313333
64075
300875
215331
368287
134981
307831
299783
23858
17014
10276
148580
182873
274668
107023
596623
288392
5518
187957
517950
185998
139042
215837
812983
34335
293314
641926
242544
153359
70405
114663
12002
7097
96841
501683
44985
233978
277742
346856
171141
95005
187456
112433
202808
39771
105666
44473
66444
524687
411133
110602
40808
76453
4167
390944
253698
70443
28352
113556
471611
142008
110760
20874
255431
523748
203253
399525
8707
339007
76749
333913
768997
360691
179827
127876
33455
82629
270108
239155
159674
52389
18312
63901
260200
81478
300990
319548
333891
111096
496377
145239
360152
71097
79857
35932
725665
514500
718546
69492
155748
174113
182469
500633
667101
428896
894068
33028
16456
177471
44479
785371
192955
13424
116291
65573
12951
33114
462181
83679
49964
31835
575832
158896
92793
99288
164239
210320
26636
57551
700114
398832
89239
414946
284046
62511
105214
96842
179278
673907
44641
544419
10020
73553
29774
56039
23062
152789
159130
953802
75421
157851
113888
682404
8159
1885
201342
17681
3301
349782
113664
278491
6570
817049
636865
33122
129076
280258
110412
5983
19386
488662
175702
4817
52844
125290
145156
128185
66989
100811
127147
20252
460145
163400
668546
124229
65803
484251
256671
27922
4307
3020
311
385486
94675
293067
39373
488687
104226
209504
745858
432722
119519
12598
204948
92812
35833
263947
61828
442060
47855
85895
159288
753575
332068
400329
913038
132003
574690
176880
765926
618400
166834
3949
288740
113079
504885
225053
456182
177012
393174
33348
445660
17854
4825
51022
482945
452518
256927
124757
55205
160094
147058
68665
115035
112326
212507
322876
186350
39557
856087
13746
4096
367742
138973
190894
267243
99212
108261
31425
338519
828504
65231
184162
249222
10463
52961
5262
147308
524234
65077
288971
231288
79751
111708
135964
214874
3953
17989
55152
645305
637932
227564
919504
134023
560842
242041
202761
424762
58446
654861
281278
538937
37249
48800
303086
21024
297898
190075
297883
77187
63263
147722
144818
3731
220440
387515
542233
438898
240869
520622
42573
415361
173023
147411
526939
291825
56508
144083
364224
205445
204747
102904
8754
943349
250967
200682
576091
48926
320977
68644
368465
123074
466788
10031
285771
254296
3446
35746
110176
663553
517610
35439
975190
18572
477762
830871
25984
403773
142958
4991
674821
518044
549063
35755
81824
41034
170632
274861
523291
44815
812137
330125
7803
289816
73016
483511
659986
55426
129153
109240
37885
533511
298944
55270
83456
283061
119218
770228
192585
276038
47787
84204
345937
818243
576920
191942
25260
91337
31810
61370
116572
54244
461060
133601
129218
463127
48007
64073
494343
493400
158123
83887
47574
773648
418363
143633
56427
72763
635873
532372
709025
8611
126878
185206
191637
109858
18901
2017
767155
32652
46617
358227
24643
137197
368832
279568
105960
413511
57878
107598
25153
461616
434908
153073
323886
451942
400951
198283
58729
849932
11448
40674
29099
102698
477337
48357
236614
99182
641630
223089
448637
86890
177113
120818
610561
242428
2430
402785
676372
68800
175271
377660
672773
166593
194232
165886
275363
509849
43473
139753
1252
646701
576669
33533
88312
63412
4744
676683
491001
68375
507493
337849
655
475997
211853
208793
621898
20738
213293
369810
120948
381227
148903
115018
202601
276914
87887
126443
433695
480092
223005
173742
45732
461335
40808
242091
553644
3906
51720
15980
312565
43532
75512
549906
44390
470895
20645
96859
171604
310337
241292
38665
4910
118662
553
497847
24837
3874
552710
577424
227603
554434
664751
155309
336581
146476
87348
305350
217636
442422
523300
342470
471197
895665
247378
253786
363058
162549
29224
63201
16585
279523
630959
101894
131461
614689
196530
285778
287894
290458
487369
362220
140953
719180
577082
223420
222711
22392
340382
11447
252364
30593
59849
248496
177946
80257
134630
169185
276
493479
137327
574465
144000
96934
78196
209322
23403
420254
9955
9941
124577
75777
470860
189103
224059
212902
116820
20540
38147
86734
128839
652274
863124
142422
523228
284557
245761
91200
317
23904
534510
467692
101345
280613
373909
71992
196159
657658
507091
216753
21810
492798
671780
224217
273161
64567
48920
140181
147420
554264
49250
305959
172501
98814
241260
411963
213569
457780
140080
304518
521753
762376
790862
134755
51354
100182
92810
220254
168841
353615
120112
17126
706385
55146
20250
423045
216707
594171
563011
488897
142702
424314
23089
162495
295090
66692
67623
692974
170267
12646
199213
45464
8328
41494
531164
73371
123206
423192
156813
291462
114764
225257
102442
716853
25418
470948
16398
56000
48955
53520
551800
539810
31735
40399
141307
371598
6399
944409
521805
23887
766446
534087
538037
553947
483458
93198
112443
6477
130939
32012
114544
106272
28911
145112
128490
128506
90554
520672
536803
91898
366581
786377
99992
78255
7691
21490
456673
189290
400422
225377
143325
447874
48387
473924
95204
163030
334892
14521
3970
84837
83586
899913
301643
451193
85714
87839
584849
33297
9185
3666
75985
167381
50957
8292
21411
47746
530913
311232
424576
432269
502149
277975
513579
193064
98542
615853
275465
146100
114434
72340
110717
427706
666368
45633
499671
23495
3924
36668
100535
358954
193035
464341
245325
298648
13353
5462
47786
684392
70001
560199
330240
124532
372315
46862
417102
77520
244806
91442
184590
343942
14832
54459
381086
591440
326466
785774
225809
550256
416133
30087
8139
144275
142643
171195
504092
931199
1010
235037
93347
10965
107544
431675
512180
23174
88451
19713
35413
28984
314662
174223
486621
29164
389545
84911
109707
399231
314535
341773
499733
386949
355683
366126
5106
103151
96095
15468
17664
97119
52742
340980
303191
27514
6214
247165
404957
183059
461770
373488
355053
28484
22820
122797
633860
106994
10513
308375
497794
318429
186210
33557
344227
3132
162454
18974
478437
47234
90410
487157
59327
343842
170490
133757
466675
53541
80376
594325
236800
518570
360019
316764
182313
19795
226050
194445
371153
132140
349020
296317
280236
15192
221640
438978
286539
83041
30548
470888
29975
220802
103449
6211
467648
54576
420372
102850
98142
676724
240426
18247
439045
92016
394254
103717
34989
525146
67708
627499
282877
272426
215041
179632
152617
82300
296661
762155
389447
78188
720939
147373
467204
837745
511457
372925
616331
405895
22515
232907
48833
295883
157222
62606
21207
158317
196736
584
61688
693184
682212
390094
369482
533464
14953
230734
147271
279215
92211
211733
46698
16857
260050
14518
77247
55113
133801
63558
139602
276038
209959
194126
645811
116131
349073
1961
565615
19663
295163
220030
328788
75112
212176
256337
243677
323457
215780
2021
732184
57219
170324
206270
118455
8676
720653
327762
439411
469831
7157
38915
356941
239366
142072
124846
33885
337182
306904
176334
406901
196007
204241
656691
500626
159410
207930
311727
486417
42819
210557
366242
155633
703707
214870
552170
2960
19379
189085
335855
226064
97425
172967
213212
180858
98527
218410
203015
196789
306375
515156
250069
706180
242269
13961
444233
58214
77179
91135
89998
276846
504550
86651
36352
319456
138185
129731
403448
234063
75007
186811
101796
11044
348161
118860
148249
389996
70452
684928
720116
696653
776306
676215
123598
72916
443347
589949
22467
133664
421228
450448
4694
250519
228026
157515
9040
348970
339841
221417
572178
96211
78147
186589
316643
779308
250525
476384
359534
348987
135165
765129
13170
110263
126656
463834
87174
34868
31041
112875
203463
532603
63382
153157
327492
60795
584290
99144
487209
225548
567216
69792
33404
108408
590407
80290
140432
671578
89855
252876
385026
290192
2643
219807
729302
205215
213966
43105
51519
562642
92155
55504
89113
472682
81009
104296
128730
145895
30768
5384
59703
339261
35494
1738
282060
173759
496060
248630
20256
541914
209262
260105
701555
183233
135302
21085
339812
142681
646167
145208
171977
51302
113731
60330
692111
809022
557455
22628
56855
287655
448525
105075
247905
370501
117517
102785
129716
371875
315102
402687
125905
736889
7697
654992
42105
94002
21077
300637
208371
18527
50859
37952
123681
71331
354299
384153
74202
263323
92472
224025
414735
689557
30659
130052
197383
433000
248832
222857
1731
105984
262829
357567
534683
233902
256163
517827
510756
499726
158682
3705
248400
4547
169556
131831
228703
37136
598426
4686
20037
63068
131814
48439
52285
162747
131741
345374
164810
121825
465488
399431
388425
102643
80261
97864
458651
580428
26756
174305
97979
91594
216658
71139
238707
230335
298668
596071
11869
25295
112789
226623
322611
212372
287627
288663
519372
332024
299980
286517
597218
35375
320465
184644
200998
121575
6774
219042
156538
284160
150550
419763
825153
43952
258906
20737
537882
6278
515161
142411
26931
371794
41670
26424
11220
80853
449195
84312
138335
433235
36293
91910
81328
175124
195754
517405
460356
58225
336974
25282
3164
31101
289405
141375
13670
59313
14670
134058
48853
447032
90190
296334
734979
13875
370812
275732
600542
535100
540771
389848
667356
9261
603473
502330
226538
155985
25483
123670
6311
503743
194305
173559
10379
27247
4528
138476
262698
227389
738568
467581
1976
75705
47852
6537
2931
117083
15729
82
625197
2182
482568
807352
845288
527969
250530
743237
380121
157157
63581
2274
457775
201619
185296
552008
453616
785891
1659
720741
249779
317819
60830
5650
14422
107740
431922
73307
494800
269702
106654
8838
12339
9659
183969
37198
73711
858327
246265
688875
561153
837647
3768
105712
17337
38850
843182
189545
16582
83858
18315
243252
205352
559620
541627
204759
199110
194804
25079
137628
526603
99368
30898
42230
179152
50351
407
168978
162609
88984
79455
48987
132491
846394
514632
317022
268718
598868
15143
100401
173177
307185
367977
81129
41149
413744
418612
42107
583342
219992
293866
429579
311735
363187
2439
598160
38002
241494
621982
100131
4787
60838
69180
207758
298210
508309
322515
158247
2439
20597
7576
123397
20893
74129
221165
734677
169857
93576
237601
196894
56255
231966
117018
386356
526438
139061
527041
660065
179875
254361
293272
12300
46428
43773
369356
63570
165982
269959
339862
449099
49949
97342
2905
73303
498438
153877
773325
207508
32525
144176
77767
263265
103131
228137
18659
399495
381755
11640
88332
283419
151292
79552
204890
580357
86865
71304
848499
82013
259159
61866
607322
350566
125367
528485
116654
70521
64020
635004
35582
469398
750882
194976
55845
110140
172739
559355
315848
117026
369799
124840
176683
310722
500861
236199
659894
148381
121815
31148
282229
415021
736507
1419
287471
154693
619912
906383
6151
132431
126876
8860
124816
147815
7156
24317
36591
66283
416320
96739
96539
5183
547743
186896
390307
557938
68000
567373
308107
10242
66436
253705
469818
41506
104483
708051
138798
7771
236566
51369
436034
77201
339075
34575
8768
109202
25797
2789
471463
337493
498775
122677
73147
707985
555628
10969
483139
233467
434289
113934
148121
749082
97014
3339
674272
251629
15923
402344
348133
20072
182494
194872
79191
28085
14445
52448
389348
36335
280316
483734
393014
125142
18257
45386
237835
568376
510440
69158
47195
136796
241122
261950
340467
102785
24807
922590
389796
36401
410095
67901
164783
312041
252005
314199
69164
882529
370665
31434
724179
139820
29439
13530
35854
38395
59243
566914
534375
465810
92915
395
708990
283639
585830
34511
616989
98136
301156
26186
570467
93967
271073
416735
61722
90504
620
473720
681108
138487
186073
144194
279633
818360
5255
310515
72608
247326
225898
305965
131445
98292
711600
215954
261476
60677
8777
70225
471384
358760
287283
171602
96193
194578
365972
546333
175068
850796
2109
86648
104188
10673
4220
529253
43199
45140
426814
279838
71930
254193
641439
813285
124404
463807
327654
224785
335811
646719
57858
745332
163419
687780
204635
420903
56959
10449
71994
118192
437187
16550
442131
25933
258111
53203
639333
135663
222944
796870
266569
34158
112040
345691
216241
61370
53010
234694
141805
224676
581924
335041
112255
647421
474674
398315
6166
166822
468403
737851
105755
297878
137903
526118
215928
137020
505338
403560
623215
367634
41404
82339
120592
340289
332945
162840
236
242496
86595
311258
272029
205524
52665
179808
182238
14438
65898
171778
110160
326252
66789
138668
143650
70695
126750
10153
74606
132569
9598
36814
14138
17384
269673
778006
230720
584730
114059
111581
897667
37666
19066
258932
510291
158664
229211
500804
238025
422121
393616
250683
13263
42565
78019
556628
33865
568290
774582
126514
122593
683829
960670
117996
9450
288064
118473
88890
208805
211560
118239
64556
36244
54168
140617
585944
104442
19548
18496
226252
536281
167373
338399
371172
630280
95869
297219
3286
766497
2996
194477
160036
303659
230237
225201
789324
85674
128789
101256
302143
227002
316003
209743
127934
193575
458065
123504
11847
54377
24559
82778
158825
238188
69879
775898
44012
222074
27374
403128
786419
128389
749212
511784
163234
36024
384549
191333
1223
347106
30419
142271
281877
242755
4698
51387
49555
28981
136596
556243
173012
458390
799718
253545
335707
421940
83865
49209
15351
118985
100289
184615
355033
204264
441494
683218
473364
93064
343183
9154
40533
687770
130137
15747
373275
213276
369842
51848
766414
861654
229704
671152
228781
553950
443516
247215
5775
857935
663722
697746
14800
695153
65500
78454
35873
187796
136585
725586
111639
111242
181361
706982
454981
186144
10121
92094
139548
420679
162543
555870
305599
648684
23201
73468
285003
245367
164948
356242
11530
77171
551384
185636
134041
372551
510285
149365
941005
117088
247467
115882
439281
88099
678470
302875
134611
20639
103346
398702
44248
501411
116023
119036
45517
42156
313587
743984
46961
62170
121979
233450
34056
563403
1698
6673
469893
214073
758664
285580
793001
80469
10891
47403
623679
141677
95982
65599
656264
523398
11404
117
351
336113
167161
56819
201873
196523
82268
158433
663657
62557
132745
372063
66448
70025
588375
52328
729684
35357
8259
100686
252428
112534
121220
205820
35146
267360
597761
317332
102230
187905
188737
730223
121357
529616
194902
570882
346982
39402
69536
80445
35589
296698
46806
115655
370876
722276
27084
379831
353672
376
251435
48255
10697
391453
359486
829792
623950
317160
6963
59029
64066
101987
669892
33617
419794
580818
473351
406510
190677
389092
172391
178498
54875
327487
117748
176995
27795
202116
350706
75078
78863
9190
445586
364920
176908
65887
93231
256231
516654
666044
265093
105605
84349
105130
104808
181980
56787
499585
179924
52279
217849
269737
101872
471102
286571
31966
826425
10536
243000
62768
77728
75497
623010
291832
743563
654259
10293
865735
461153
785974
260601
437228
858274
399154
483519
72972
285931
143149
139855
44500
98398
641718
17948
145212
416990
182471
133800
3182
160749
298505
365251
46665
28991
490120
289365
472244
59901
461264
44040
161569
632464
9992
206535
421000
334894
84914
277830
100512
143070
411409
622654
418896
257690
139867
414376
116458
95557
467585
684331
260314
106827
109847
225352
653340
383189
83409
138690
109537
119370
558420
65969
11702
547351
415760
243535
313557
80456
111600
3768
30987
11075
70948
58152
839468
271742
97947
449802
887000
656991
346686
109020
280061
768674
641964
48106
696
607894
8160
520692
287713
38429
451314
27733
212749
66648
640664
137220
209916
119153
231710
527173
42848
126596
118816
203892
295427
1493
169395
164341
121780
475207
980088
467179
54948
190860
463939
62663
272811
37391
40845
101508
64841
208941
95860
362083
623690
252894
503159
145177
330390
66242
388902
216768
44957
69646
34039
741788
70200
90423
162772
79872
16767
8844
264772
68265
72653
43786
537193
416332
414050
340274
170488
392957
3852
17779
17411
154571
123257
791758
302980
122072
7100
530069
458048
755376
11641
433788
242238
281191
257991
177886
487971
6888
13648
112457
219540
782944
177438
290338
380308
237519
802314
369711
17278
204780
361765
42873
500614
65474
757844
357815
602548
19410
21936
737388
377635
300081
306471
54698
619082
413778
135272
219359
47482
91619
407455
21794
128047
81387
25677
404457
168512
298293
618492
7073
519242
572487
30346
265388
394657
7290
28776
125828
41221
236995
507083
358051
298786
134254
32458
331023
244264
463085
232567
143854
93112
399753
162955
736887
243773
60489
33954
303506
37355
72669
294565
371804
271598
175168
3530
15689
335367
394186
36481
401889
176660
350325
105777
126837
500674
359174
190362
197130
229411
540654
64058
98982
55530
143028
50236
308678
162425
130754
215378
472374
702697
63689
461213
533600
156564
205993
120125
648849
432177
202468
41879
34150
552783
133962
168850
271916
3438
189987
171267
912363
295033
264791
47817
56
319426
692702
346112
216677
291165
36181
133172
462457
313444
128022
702602
382020
396587
151744
38230
359362
734541
105079
173502
177869
248637
210924
467041
197930
92417
333265
693652
175559
521820
303571
71890
78765
119994
266784
357372
839725
473738
35296
825403
57632
97818
54862
55160
829663
41645
202091
104454
99223
384765
77696
237886
417391
97980
276928
11057
522548
536296
459662
135651
832171
9294
186028
118500
797601
335027
41070
761900
26943
74243
38410
21877
128903
538421
413436
104956
625
15492
209092
483419
390090
10323
415531
231435
716527
294621
520239
41755
101324
491149
20578
479610
177360
8604
8045
213180
16323
30671
61161
436861
319544
390336
253093
56076
2394
244975
320685
197761
764747
156201
103144
378392
226963
5445
172813
532532
339896
1013
530669
13914
16681
405097
413976
232372
83184
225679
3634
162963
295033
720794
63659
178502
123734
16139
624035
411070
448333
153075
133640
247684
198824
43035
153939
1582
51639
796450
144741
70276
575670
185401
56019
7185
960631
1228
9750
47487
232391
178958
417118
390440
60999
817391
108589
36486
238931
429134
28594
6183
229083
952137
288001
766090
44918
751525
545952
302044
716045
3943
232089
306141
142449
30000
276147
11690
277790
15162
318720
276701
85586
7665
50328
25640
273581
67073
256893
82394
5156
150449
55879
708508
536951
40648
123563
25734
281930
286397
152242
282834
667255
172436
104308
486710
506930
608268
219196
111351
948
43442
379037
482472
606727
111717
278795
124762
184450
126427
96389
82573
2629
2104
24354
72282
22855
181976
159002
405137
374607
65856
231450
569149
76791
27759
96267
158144
138296
125230
493738
66707
143060
78355
351434
380515
258889
289870
541655
187837
447752
735211
35019
81176
1129
270918
327756
499433
714827
81384
521020
21231
154596
471737
23601
383463
130792
927039
384303
162112
6333
566073
4483
682909
274357
334
387703
609833
418523
161009
51999
265964
188773
614598
185689
537543
7395
22308
700213
206390
174955
51117
693726
179634
7120
224352
155572
83874
69748
259228
437616
479545
208025
94722
96933
524451
27789
128590
85457
103213
520180
65477
46928
375017
37278
52320
666577
267033
808
345941
67548
539678
88881
224810
121775
369989
818983
132011
74011
594420
2995
262036
112766
457927
147794
157750
232341
300867
31263
683288
698291
213987
84877
70094
163555
381835
80315
288158
72342
317508
628435
614869
148850
26919
326272
36561
518515
383671
92196
87161
30057
46956
493745
266428
9855
614322
125555
45586
29072
12896
29911
121027
172810
200610
486234
2938
301463
544432
178653
16866
381309
342212
65905
563884
702993
52648
22786
842061
348186
534804
203226
386999
485233
160706
4535
244342
203734
243665
21368
317440
240655
161279
39406
145056
92620
27960
253238
359800
393121
279746
109551
775818
112648
170321
14871
867579
84780
483661
73889
22502
205244
24667
130466
953290
106356
506285
73173
60003
5491
567911
307527
320466
12386
717162
56398
109488
120510
559240
367373
348989
871279
17860
420343
27930
152677
256397
2619
548307
772805
566783
48867
10974
71326
59719
538075
165619
337583
263676
110027
646
650922
124481
312084
276652
14459
5737
299637
322841
106642
6851
45874
401236
87405
823690
349955
371532
297731
120153
74226
421947
332894
804347
156627
20641
554221
424136
1467
276501
282189
576
38719
100301
255416
460425
319583
84315
2093
82025
726677
610059
772728
48
70956
132425
24722
430270
67385
310957
92451
147032
117611
869614
55527
197902
19298
232719
4027
602067
153299
435595
530956
270185
211467
73030
212127
2950
155682
821708
611784
105256
62668
190114
359773
352112
453355
203338
64726
10210
672434
254477
48460
732207
123920
375109
330863
184101
760635
631609
93124
476662
616989
863357
151772
422312
258164
655546
24639
75686
71128
567662
220255
37840
4242
169556
29587
286132
405071
671294
57985
125650
282214
56998
205308
218425
123815
38322
310089
147011
367317
1307
221070
97300
267657
267391
317405
217920
6575
57194
618559
545745
10624
147706
52916
33867
47418
173024
572160
223075
651514
98836
321295
153660
36956
1091
211573
74828
228650
228210
6908
40480
4973
512254
79300
204061
112135
48824
124065
188710
17788
194751
853134
185725
5208
220635
30462
465814
518680
14523
456094
20049
42518
822546
263021
218139
136548
364591
44977
115274
326699
486707
249147
199172
275710
23622
383102
128187
781460
173464
207916
12475
208327
208876
563776
105343
397974
275586
20200
257190
546972
684044
856404
4596
162874
369586
142477
467503
216056
552971
10261
237522
260449
111790
115138
473879
443394
232327
7802
182292
226322
21751
367634
228275
505232
83096
606345
93580
2743
935
201136
243178
860
292288
202225
297781
295476
339521
127309
82453
53452
41463
255736
184938
53063
23729
892948
25484
351377
133398
133283
4296
149390
420073
82325
305688
69935
102631
579255
133743
227110
71844
67277
46465
785145
143465
261895
111700
288082
13257
145175
372
452973
406260
155519
57636
196341
417847
485608
12442
314435
63504
284033
181154
74758
306583
321963
175472
109993
36592
411330
49155
104684
68778
909
313853
40631
46854
670
5830
622336
27465
244856
928058
365478
17433
246308
657471
366297
685192
54206
67116
445010
268210
478079
369388
46144
226108
559654
432264
128682
79941
19628
381594
437373
507630
9663
426209
250232
42403
404837
211254
77866
14746
505215
2032
31753
299167
53073
91081
396591
69128
289549
36864
43720
159779
150015
448165
392828
11945
335099
237359
594052
304895
21214
221037
13833
39187
75665
2505
96384
307896
190034
427124
649039
15311
3782
515045
11290
815235
568274
49651
259986
172276
206504
522522
7287
555183
88532
167297
501071
218397
237674
10410
53439
518892
161263
1283
247574
22588
84053
482757
205856
351991
107374
359384
101734
238836
578538
399525
417223
357481
8006
1161
81031
520488
26136
16979
561038
216280
58736
495743
105953
119356
395545
12716
7023
589682
301561
26732
529499
250533
62990
265510
505584
330690
487676
380695
233513
7417
314619
203019
6349
36698
870304
155004
67721
189446
35058
575316
117465
133800
81342
340270
56226
130674
89028
35538
12894
398287
808493
387849
270
74161
524046
12696
120263
736065
55486
10127
429226
200961
51931
175959
8493
281801
83485
98896
45543
436617
115750
64155
203472
15156
514864
595894
347758
376760
103816
242867
340700
203758
241626
61946
251181
145554
207760
39550
59816
4450
260004
72721
431788
413806
178698
608528
255860
303938
330448
173576
410402
515537
6756
94576
1491
76441
115837
857126
193610
288611
8673
738875
254289
620504
433836
163926
7645
212727
75484
231197
75299
559315
377953
3891
169837
67493
859106
191890
186707
29770
3233
50594
214444
67262
69581
235802
139887
35027
34931
413403
601267
402674
441233
258393
217784
180229
22985
122097
114326
176010
9043
123484
318916
108712
146653
697328
548830
318917
71973
444830
435458
5052
15508
52902
187616
642614
350550
96468
146497
22467
21089
303045
769058
97471
631731
183450
333291
65133
114401
411729
215494
226291
215414
104908
241123
28444
633086
142269
152167
821903
336247
609262
81112
28451
915991
302701
78205
419627
447159
152529
27590
122322
555353
469088
726540
441869
114647
72253
101202
302313
375710
134779
123
402035
103848
240893
492925
386037
188390
584866
857140
8632
349600
325003
29378
380967
342211
55729
21250
732814
144296
214247
412545
568489
791562
33276
355390
198109
48663
433166
850805
212518
360549
900601
3505
93656
911908
837717
467122
92063
81999
173672
28223
481358
524540
31711
83651
368865
36808
270742
363972
549513
133918
250919
231304
271420
78528
172775
14781
121464
418388
154222
72658
251633
11159
165407
714246
55140
29327
125185
638690
529318
639264
300779
703034
81876
6169
483612
4065
173796
47670
100989
7297
204636
124534
19442
141243
23184
535139
30971
305840
58150
821730
574316
3158
280871
262935
438586
85717
67000
349999
1545
151876
292886
580392
42601
127440
117769
303012
713463
89455
132156
535682
241744
4218
5496
53942
185091
478787
452583
301480
148255
442934
288004
16577
461740
179
692581
458808
641375
459897
253504
231122
88196
101583
43706
31635
182889
34503
68090
107979
37749
35482
43585
643463
272481
396412
68773
54056
417676
28222
132539
355893
379414
566266
816979
363409
340124
649003
261549
73217
27455
6312
32143
319740
427749
120958
121526
535927
512161
101965
487810
152780
29876
66308
249892
65002
194482
43423
232870
114490
543786
67388
182677
281382
28290
241712
183840
545128
666795
143188
17743
220275
369199
198809
83757
36791
383246
202222
634913
125810
60301
66883
297604
137661
595335
638155
452190
14216
502969
312786
9510
582295
543716
196540
640626
328449
1782
14751
271330
156744
514287
122655
148263
278670
116229
444104
135048
140979
133922
61201
50933
217116
417693
17242
79632
273914
528544
709310
309343
108769
234381
421954
488054
19013
323040
41973
667323
286986
567526
190965
534335
65508
1447
292176
255826
31211
838885
198594
42341
492096
147166
169105
124151
120331
774781
220906
372628
372255
150783
538796
249162
122873
27643
27461
762788
132987
467506
499420
2774
121676
53390
138758
693551
97968
207396
100002
164571
380816
280336
529134
6658
368988
92166
566804
181712
378707
292104
42468
126368
73394
14517
598627
162735
39632
112221
327185
94988
52903
75955
710711
102371
86659
12320
711058
189303
852089
645870
77683
3912
499574
541614
102278
118392
301986
577731
377376
7612
44161
203854
388995
203442
878193
465373
84181
43360
354111
395661
219549
128962
4882
393214
14143
348733
41880
301898
351318
78738
115070
409184
242877
4584
688546
3213
101365
318781
285291
255658
42537
597853
157098
71040
42552
503086
489699
67879
422260
362246
428875
84338
49253
344877
205965
256725
18696
150601
655867
124346
2289
26412
4566
559663
198615
192360
169063
318349
740069
683869
785746
484088
210624
265248
889117
51035
53427
249858
518565
401852
59591
65
544672
5634
453705
305174
325508
52980
623990
196473
24053
42518
206561
172481
591241
90595
658505
242579
55335
318027
223236
51570
629364
333663
247096
102277
127029
746962
132536
167087
20728
238426
273096
4915
24729
287791
11291
290743
226168
250408
31521
313396
181410
203883
24033
152104
389438
127268
119479
158236
226962
454201
448722
267416
25805
462702
322555
205205
266819
116392
141393
96235
424072
243603
9148
311244
6720
467260
186552
8135
42463
615451
222488
468410
66867
161003
386541
13709
74369
291723
335820
85680
158959
36391
47781
89898
139328
6078
335228
70230
25490
512411
49713
321279
258102
106843
166314
222844
360058
227791
105234
99962
17864
384781
386084
129178
85729
120833
606429
36563
146341
143227
48414
267941
244436
564803
108796
374166
284143
21802
318488
100728
78611
13985
218964
173796
232171
215478
190080
154697
608744
128867
30283
166553
157324
241112
187097
487196
211369
404759
17863
105934
343752
8426
663674
532123
547838
74453
27376
113769
836917
46050
426831
147723
161358
110013
510623
597370
197561
441826
457758
393823
485808
601598
545090
364214
32718
212062
67812
82556
223912
187977
299861
505752
114885
170678
51859
110116
55558
429946
404054
523
69
156412
418656
250498
145184
411142
132115
13951
653732
171420
291616
190268
16982
71345
663308
90704
334195
6275
148134
177821
49359
30349
184281
628996
550659
33265
188934
14154
30367
286774
6455
81345
267785
47208
752437
360979
194760
303680
572437
293807
467440
301143
45697
101189
33498
28338
445293
446630
134796
97421
195471
145451
433020
502795
13359
522758
150079
139101
1562
30005
500670
30816
306841
105232
533853
79544
254838
647386
48083
608471
241400
5376
595110
315224
48417
28194
11969
323929
320873
340572
119981
130220
57814
40327
268888
534535
93766
137490
4387
379024
252588
802065
371528
384427
135559
562516
488526
57092
579112
10768
127721
240147
207017
185647
401273
284254
8445
58770
358270
836699
424183
589460
488474
460551
96807
60980
898594
206969
851661
249266
522447
531960
407981
172658
496102
112620
465906
9444
761316
241139
245533
134438
689520
203938
161788
39403
35844
899
1790
3454
271283
17719
637420
321993
60443
246106
424367
73188
81900
490915
11409
114104
640225
272736
658444
273439
140071
414677
35078
94295
397368
239521
621488
239362
217572
192560
79123
546060
582198
28655
713762
516821
138172
294472
111018
267704
63994
540893
231224
329588
853711
654662
145635
113586
10188
598195
53374
29962
65953
111803
78144
227518
289434
687085
18090
6465
374100
25688
25863
207290
6947
637317
107119
128438
258968
83509
315373
53689
118251
176863
280055
33705
6353
586146
139681
581097
362392
528893
123670
340910
23852
15726
161877
33179
853555
494180
11785
408221
82373
9005
36796
334207
115226
319620
393011
589156
14909
447982
453612
163835
35524
738582
147695
111158
318260
281994
69051
117798
210130
180433
32112
14689
31946
34122
491035
50766
6804
46712
48920
52708
601171
114405
70962
11279
8881
15534
170798
647718
563238
20340
293847
559048
136637
306501
224867
38450
801124
402518
302597
283942
246245
3970
715027
48256
51290
48086
49066
19333
437265
91409
133198
243814
6012
162950
302725
3691
17159
104646
55184
233768
621838
190894
120820
107227
76536
67071
56410
80784
153740
45107
52243
396936
453456
150793
174588
66203
337615
41880
13195
655659
431878
261144
320529
215912
515292
46241
293937
709386
99631
267703
720670
36938
9423
360548
10864
172925
197700
32290
441760
106872
847554
331100
14624
21382
78725
488302
485575
205613
168296
142377
177014
506732
158728
738232
282387
885542
285365
662838
13268
10749
122832
314472
72085
605024
400712
314940
326824
169652
522601
169295
298040
237245
345194
335728
257873
497143
162479
302244
270188
389297
34797
302958
146598
45020
268150
14326
55617
267854
223938
1373
676119
276384
34658
57349
88166
270982
11939
33744
93409
71519
490763
104355
131481
638100
755833
283535
330669
697441
92623
836526
284154
175219
352349
354785
578648
115423
386255
107585
97945
79322
23377
91149
142138
48226
120579
130893
119074
137493
666802
329945
625887
30799
530340
285724
389852
177622
162181
64768
248345
53730
338777
88586
173911
729312
419709
21715
31756
327797
20662
584525
120586
173909
156279
11007
497251
356245
38366
394939
559790
12739
164846
312227
127530
724180
172856
185932
248482
379235
27253
172876
60244
177584
102722
187289
559
57318
373130
163365
84922
318678
328076
68329
707016
25243
757469
670654
398244
12807
176324
159107
284979
360568
100933
97214
26558
113107
87967
161350
283068
107982
250709
430565
74344
183426
525515
20587
679110
158167
124828
269768
39585
138987
126689
179416
65707
636348
38961
134006
201312
464511
19282
114919
354996
39378
93011
295837
204381
2163
338706
425387
303392
747812
416659
163628
4162
504
39594
107023
116992
930569
14431
574621
51485
563879
4397
82665
195183
292023
675608
186978
4643
50944
27070
186242
372054
332087
131269
724483
63320
608790
599788
512483
366539
211442
669042
27066
198767
10605
29536
171110
116612
47351
342031
33438
43805
612889
347390
22274
149845
214726
253852
226614
356009
66664
548887
832802
622602
1231
237
49596
603453
369096
215040
46415
595807
47370
355852
38047
670592
94360
228439
589693
197985
108245
37
152711
195603
167933
464765
726138
200920
926061
110934
90342
51724
364485
30643
10202
372227
21642
192315
111358
68423
179956
112085
370154
124552
118218
157513
291128
250221
146412
142885
360948
572359
106809
168670
513303
5627
152819
286592
277651
287642
30164
174630
866594
252758
336788
437478
58815
65098
200973
52797
125091
302481
143291
350685
55242
17803
243302
445635
750309
17360
108534
61
192962
345828
39830
859549
539920
499389
63102
138799
29431
201836
161031
424706
312266
378438
27437
35742
595792
115789
627781
46495
129721
645434
151127
227471
651699
47602
369907
525566
56088
363010
567477
103911
3312
501405
698792
432213
6026
304373
4115
22277
625866
17192
145153
437887
432171
42876
85059
521571
420827
347707
118744
188828
7228
436711
54316
20104
530494
194026
374496
358956
34206
193543
207842
232581
61642
181064
85752
409266
158968
313490
578747
6896
220155
480482
8247
10199
47214
35292
532270
12302
661058
431589
622158
191923
443931
131584
685012
107681
393
1802
277053
948
327614
280985
148571
795925
453746
342765
149481
36590
165430
801562
462379
58704
411923
176595
361313
271346
865305
58691
119279
184346
440248
324018
22230
240975
78796
165798
249529
244344
635347
193971
260327
607701
871323
116200
242700
169203
125750
21851
363439
32325
185352
144993
126621
195869
69161
186787
44832
497879
124848
170104
307882
335489
192037
735487
803400
169838
841379
545765
196885
659976
280210
24794
259355
75510
130075
175697
79394
26888
24884
503514
139853
277582
118766
287137
68469
210972
24783
735846
29484
257617
134430
84934
105478
247808
24915
51046
1419
46252
2868
428196
55452
692885
259468
5603
205076
21337
270947
396728
168244
16159
514719
24362
32797
462509
2433
341745
45356
11917
537618
604492
245828
35569
16085
157016
519219
10489
183154
241
52480
283866
348734
37140
74749
567725
215520
31091
566130
694236
522973
572299
305854
113074
68434
35872
542463
98704
171079
375163
79196
175471
3196
4135
123175
304847
124248
243127
238348
174534
20023
63158
21285
659604
90120
228186
93915
122537
862445
5408
28619
470425
127147
217384
271653
235368
97929
112498
117166
27701
163
848841
132260
133540
532635
281826
301642
5819
649829
305434
58566
235366
158142
143282
67449
4794
401395
155936
204589
548970
389607
364809
39224
52621
4304
477416
10933
161809
4040
547201
346593
45014
47954
264870
87969
9193
69133
306564
25628
78843
67754
38113
48054
397488
453008
4794
675727
626797
168529
624256
444879
70531
66894
1025
128340
38071
230202
274352
562252
191273
460384
87731
43618
27330
17726
569340
172954
88977
144597
75437
309065
80648
57494
59927
25606
484144
192073
25711
244692
398413
156545
53310
332508
2766
245493
127455
56041
235456
548073
7610
47144
435201
3749
62058
56438
731558
189114
548592
137471
223137
664512
252008
13503
212788
214265
489345
485101
25145
4854
182626
121652
436772
470815
84494
50377
27094
457276
13516
22905
355391
209981
415382
105351
52270
136768
13820
573130
305198
274927
171890
59608
249922
149554
190274
426307
74033
323158
133482
154008
416105
423165
50584
111142
6581
17855
731386
886193
520392
62115
35595
93850
39363
48522
8458
105310
300711
342748
86901
554
840617
341336
533730
680869
186864
168185
244466
438498
55778
1334
175886
130235
509188
14554
332625
205038
420527
515768
11879
213198
157172
563550
220891
154617
544363
321902
40615
267928
704896
282483
22374
146213
414411
389494
37736
897193
592862
11913
169906
510114
76631
39646
674443
296616
381684
283953
793
78764
393614
103858
225807
127270
291928
576119
366283
250325
915059
695946
259421
46560
94424
348581
485370
79201
827428
4374
41407
81591
149048
302097
1366
524747
894389
63034
508982
34570
515593
577353
175849
177155
258909
463454
109979
398929
309401
141602
6113
28375
408204
218976
52598
93903
724835
53746
387114
504932
423049
455957
41983
29943
559000
183342
303001
75158
647157
62245
63473
161915
75785
6781
67304
276800
695720
184960
663518
228001
38839
209169
213801
330374
347282
6737
32688
229995
47839
50742
981
58752
515181
74154
345405
118348
271314
84799
422235
535059
181342
9452
324025
176745
351408
51892
396343
161630
187535
89827
389789
17601
324046
311270
603761
129372
64135
110878
77760
213507
141503
365902
424428
45979
687499
266315
119954
204004
198012
431289
262900
380022
383682
751094
219167
517711
413449
95379
5415
120612
102336
431328
23757
606125
309755
89109
34187
235203
246754
617481
130045
26645
143662
220828
1702
541996
133064
371849
743065
444261
149567
205195
420897
367966
93788
181438
588771
26841
358703
165720
59319
454009
236747
486877
233721
188814
2886
69825
274499
83812
421110
37415
43242
136877
211996
3770
100378
195834
18394
139779
92813
8316
655628
783121
31224
275002
72596
12746
31537
47906
364207
422922
482343
181315
192069
282081
372303
30637
5075
22587
440126
519960
8766
227204
152219
265007
659650
283836
109447
39473
64015
62085
569742
272990
81532
10704
112779
20794
275182
28261
698225
174003
195340
3237
470222
752457
630401
597019
299850
54844
367856
83281
498909
899186
185281
96080
417345
192195
118453
315374
449209
560403
74399
114041
492274
24124
519643
95921
244753
348385
3413
21769
640410
14036
405899
583374
319749
121224
288573
83544
117109
873775
220268
337187
368082
226707
42074
313580
25636
8650
215549
112572
523449
128976
57216
588621
60372
4476
189200
89935
53228
159104
192417
13299
343126
292408
552214
287757
124073
342647
636341
144498
145447
172287
463018
62988
471717
719589
189703
39224
15451
88750
474
454020
401967
344999
117156
69853
286983
433503
396348
217160
57057
229630
21218
284995
42629
308288
651051
240132
12350
666287
50509
188145
267826
75739
70524
9707
108686
113702
271967
23363
55591
361973
119496
24716
76729
210460
308525
405426
69618
41643
53746
407243
303548
35686
45901
444510
48036
421822
84379
143241
636023
398632
202126
79332
370619
58708
784748
269829
224722
309990
565696
89108
478519
15812
6793
808248
781169
574384
174005
13761
75258
103072
111656
11890
330253
1254
11159
89547
105380
709233
41939
55647
61146
53375
163546
97070
763369
70893
53572
77222
11818
298319
1534
58436
317123
592775
191996
98686
225150
131749
144967
134614
216170
398366
51549
391518
106478
187906
660166
324812
141125
175486
104832
451651
18396
106920
389090
249171
51107
109770
150633
83
106933
662255
152505
216867
40511
685413
29527
796260
254790
336846
686753
280116
187472
287660
61954
161797
39311
458173
109852
51215
259572
40711
80935
252978
5651
122608
322103
432462
83157
99374
243217
38184
454220
659278
55960
230327
278136
128413
296777
23756
37056
914177
171279
245731
1207
322255
16350
49140
330368
136355
521036
150694
90223
165916
87638
50338
35769
4037
179339
142424
3677
880034
65623
272718
480254
568287
160590
237260
36237
566905
339526
263928
155019
54436
125834
41456
324694
126925
206077
455640
513191
18496
49480
120913
56726
141769
86939
101766
177871
159990
445820
263552
149003
443867
384313
47927
33499
901859
428298
32604
46979
79208
169061
265965
25315
41628
20519
599140
208679
60423
283840
76803
3020
51695
441542
42671
415012
75558
36157
101872
59463
47060
102
22033
1030
423722
656669
20931
336164
46563
389935
295160
253535
199431
43274
439488
163830
179927
249662
96961
793566
241976
706899
480332
501517
214889
312423
266533
461816
57753
49325
98025
587937
152821
412665
40168
76290
457336
73935
564021
182454
17508
83500
257878
510534
164470
75616
318963
171945
136350
496058
795157
9308
66570
438189
76752
163628
430585
508692
62615
251262
272001
78265
374497
475305
424205
284720
42361
489804
54958
77781
75165
234414
104835
138260
41548
42339
105685
123217
79061
232208
100372
416014
371063
153621
164465
238104
566043
394915
1159
201136
310761
48746
31670
338954
269950
411417
504328
249531
27146
107043
43204
135434
373980
131896
600103
6374
543989
490400
518157
23945
125260
281303
24686
54709
173657
252999
111951
114037
393795
8981
201230
563355
172345
95763
172570
330493
130690
36012
501475
111293
808487
46825
330601
197907
640260
180774
96443
86433
388538
69496
216810
27052
251995
123732
159509
235897
85113
131885
19060
308367
59209
385926
359908
402346
88526
170191
414766
391321
122312
459359
924326
282576
451706
122893
171075
19127
302327
200256
14040
253631
25341
35238
226580
18220
694539
205498
798187
411884
493281
617025
195342
227226
422559
464745
502482
2854
435734
85534
4500
741
7885
36359
27143
93529
109522
300335
5075
46567
753087
68275
70
40786
539498
640380
90917
356574
32926
112333
310696
13906
417509
55557
121
69811
195094
530623
152512
196415
105909
46865
623485
772251
47745
328796
18257
649098
444748
182936
146176
131400
633386
11519
45935
500919
509143
383146
156544
39549
540888
252890
115640
511990
111678
83170
455813
163996
135142
511390
5068
825929
343414
53082
98795
512341
617900
122646
1939
423038
95836
247189
25570
775060
82309
145660
148616
256567
195904
224
240954
461722
201081
186345
32175
591593
29146
514313
378418
57210
192429
3826
143294
211032
28767
242355
64961
419761
417902
472080
180401
301157
437637
275233
100220
226104
48106
291659
283856
579559
159019
105736
299172
39756
385838
91774
145195
268742
108
719439
5147
28612
186036
773828
257934
21475
103268
119943
331906
470250
666357
5553
116933
307175
78623
518315
214093
179811
607492
275038
5891
1027
18757
139911
74144
9170
135895
475880
327821
56875
109957
409247
108967
60538
72792
6627
27754
3731
68
617927
255031
25434
137847
474475
55059
27699
232580
184945
362415
317719
248051
251050
97645
416744
163417
46013
21284
160785
375717
58625
945917
4667
146955
229780
200205
197119
839541
77446
517305
23865
31525
207666
44755
131980
37307
42386
83587
224950
688769
103488
188489
821976
395392
404765
184633
545084
246441
171939
177454
122801
681119
200583
381451
319649
366722
361197
613261
123912
548218
223584
670769
46838
733049
6623
102344
226149
6695
32623
68427
318752
20521
213006
263706
556876
475406
101484
159962
64996
70493
62897
515460
80155
559727
522085
164120
301053
123531
273347
50196
37945
224547
41308
33131
195919
276562
70237
3028
484091
133214
40832
434473
56072
61249
429915
446
23049
535653
672157
307008
147215
585217
71518
91985
22848
559860
400533
207024
141754
226197
183416
179929
747585
278543
349098
5565
237493
170899
420401
461014
206007
23429
105614
289418
344074
6138
495690
269508
269261
134315
117845
724
478385
59427
66842
198425
9336
43155
603892
314011
272711
148093
265822
20906
121962
145469
611646
286009
419857
117669
158866
166619
399484
24467
19934
72257
25873
450
61934
7677
232402
176385
290978
137120
96508
11663
401997
542591
136296
128444
307202
168246
31729
491967
354533
1909
595703
64279
72406
242813
76053
104993
253963
318839
29387
491469
631478
143458
27699
131502
39860
335533
2730
11038
40234
719868
24682
585637
161803
12738
74405
526057
318288
411204
520501
312476
784599
512985
234764
42187
232912
247108
350791
227522
157097
311282
40263
289191
345609
256876
161415
151481
174997
382518
31970
72087
3716
212726
239645
520943
37364
53653
48199
405550
20987
681205
24460
151165
623700
132014
699380
199496
40032
63031
479129
734959
708173
322396
2420
136441
75493
35477
63340
61108
499545
62793
76862
93923
73446
319427
67992
695688
384793
5304
83019
662823
258701
129023
385318
272149
17150
506550
11579
171039
190691
140670
824926
352382
109421
100065
482102
91856
100010
346420
410366
105578
633576
167958
704606
400406
491530
25793
23835
89020
146423
183986
213086
658925
123722
54232
44726
118405
493929
406336
798788
132426
649665
65166
562347
30920
271082
606475
411047
55100
899486
216064
218586
307176
186927
74086
471141
65648
268477
176633
34311
534656
230570
606807
34289
363199
14106
482350
69275
72921
113064
132189
232147
20691
533774
821389
411159
124145
599843
19003
167338
346498
157763
21929
801415
71457
448278
487650
79658
246706
189762
654733
13964
496249
405309
49240
367257
383694
206496
58531
143487
30007
398418
75066
270734
49927
352164
469338
769658
282067
10849
78621
73193
86780
85279
240466
98404
67561
19662
916997
332395
321304
669994
145998
182702
54609
5192
76859
215500
234611
164846
180922
318388
729957
81381
390081
145398
155184
509539
15495
133133
404579
182868
409861
266290
158012
34686
241781
812612
141040
167707
44785
192660
223323
576245
56648
477739
205796
38767
107152
21080
8434
92216
575144
148223
936504
147785
325
85538
405789
572093
586053
151150
280
178523
242986
74485
356920
99202
66498
146171
621364
150634
162369
30097
119883
151492
110697
218553
408578
128186
61478
81559
80479
84706
93348
36952
19380
371078
525151
576778
295179
164864
527143
57313
1772
18369
56597
41078
530059
37262
13138
174426
88349
659638
195599
306561
14708
221786
211379
177487
205817
44
369483
472389
445385
152192
69990
11788
61804
6308
301244
874835
136931
361021
84282
373261
315227
180945
696555
169167
663592
197208
216664
199872
562123
19175
8238
321380
49951
14638
180448
71980
91865
165018
27646
276085
105936
150254
186517
603311
84729
179250
382256
609730
345156
112704
131792
430032
9058
112697
177206
452718
424957
138014
23940
144851
72627
634029
99439
115213
185020
57758
236693
233670
513381
46042
12586
138695
372206
14194
21389
216215
235442
270911
470190
71266
564115
11147
663799
236819
187843
93639
311088
242163
569611
178170
339328
14501
180819
311786
45236
247010
499225
640168
69196
220312
31701
299995
719684
74625
122224
272996
145942
272559
200974
108269
146326
73709
340879
297166
197093
347610
6078
58149
838737
236376
490942
3417
559614
104719
31061
385978
93366
325219
116466
476759
134409
501610
52203
19397
347707
685517
79642
509760
161823
192149
278272
190374
8474
646079
2144
612720
793894
325595
50089
101839
965187
189009
136433
123088
339720
180191
340674
82874
681603
226688
151525
397565
229095
516243
690536
80589
76961
36744
60768
65284
72683
113477
60850
761
1104
157082
68922
207257
439335
52251
33290
75793
195549
325464
315801
460433
271913
16971
47708
201173
312382
590242
188276
36895
14935
16925
930945
239374
361292
242064
87183
100014
108742
376735
49158
88195
604842
573474
31358
23296
53922
41988
245497
84033
658545
70250
273291
48328
358969
368460
53809
277082
303558
240070
17837
429153
76363
202597
197104
82919
25703
476941
70481
438587
31588
564505
930935
174250
46776
683918
476519
699156
391968
571751
342462
162019
14108
443003
196254
132141
248989
2266
533890
20860
9488
364423
340842
35814
393001
176430
393727
118072
1508
756172
427301
347084
250808
675098
470087
171100
585191
813404
273102
267280
95146
48469
50207
490125
245800
112360
549365
180610
265970
131936
80179
584660
43292
52291
545607
24978
49482
529498
103161
369310
601032
812354
197896
1695
69382
15980
88875
96625
215471
171529
296528
347058
512248
117603
160368
169685
126670
235825
510861
582818
28484
608781
574924
137052
568966
139627
502074
12448
406751
106515
354952
121859
358933
565509
57065
130778
377187
36276
11125
106891
7769
1963
7209
78281
99720
133051
186361
217216
502616
143772
267320
96827
418349
661739
51317
5560
112175
728960
109729
730971
201152
426226
27875
774082
76729
52711
17997
62846
50094
13395
214978
11060
113907
126004
29518
1302
4518
103994
156169
97239
18622
15587
100584
95666
385878
252023
398029
266388
392450
471858
311729
538378
516989
87795
421510
3872
21080
460187
47530
85642
477013
3470
185663
48745
79627
387793
9357
650311
423309
201762
134838
5330
159821
181411
182102
753772
23928
385415
630804
73543
254645
348795
493762
670203
569043
43735
707388
403439
12064
272433
614884
156986
162580
600481
143910
241205
452590
573151
47373
233099
286782
237840
881771
513371
17554
706807
386605
306941
88115
443485
629931
128953
267463
33369
580583
15963
154110
175504
273435
274142
309014
147101
431842
121073
139372
342612
215921
757428
59719
89765
29807
57843
49223
298478
438789
588130
449087
32153
642901
644080
23790
5824
348739
191796
302325
6423
29346
7074
570817
460037
468791
126313
274943
543454
28176
227585
128883
762840
23963
307255
419683
59655
86788
581727
634800
36475
357532
286754
185804
335190
114752
2949
185705
239748
240732
35970
551702
290400
330089
377379
359796
42365
55665
20146
20974
799357
102263
133469
553839
122777
253866
72982
326074
20237
115717
60175
489384
136844
193906
916484
84256
169286
185389
16189
234367
636786
292760
269636
577627
409246
398528
498077
285433
257924
263532
127932
401808
9288
41215
107601
828378
574610
497981
187
164314
268556
122360
130688
91763
23092
478837
576333
14400
4911
14635
55960
236171
887237
19615
100820
237336
195983
213137
641870
38713
26505
194786
1471
92946
291769
34008
56888
65504
644060
104719
22510
691159
184408
870657
290032
287918
241510
8965
646
120340
586085
90605
499988
355559
284284
148613
721145
529742
327937
118896
83066
166576
737673
721563
275290
604049
34956
715240
167220
349394
312940
76597
65150
392711
351420
457340
159166
603616
340493
267797
200179
628737
3203
441305
503357
330540
212105
537910
119871
247857
357244
37616
424690
582320
198398
509316
882132
779142
3625
7549
261069
1086
103540
435855
201394
276891
539129
216901
290950
427615
698071
6655
224762
20129
68350
446953
82081
1732
322827
143103
146296
308154
211330
400411
4314
167678
906964
15075
20258
79934
595
77161
583607
233552
533913
97251
577434
385707
3168
201372
66563
154555
507148
557053
127058
5522
279523
250254
197482
35968
580930
718442
56949
16623
54238
497113
316413
226974
395617
132308
117069
553101
359133
133530
635597
509145
13901
238728
52302
467298
634921
233777
419080
164944
181342
33998
192762
253929
304523
5634
4700
17685
38050
147660
288190
902018
271664
368229
259386
86
383300
401250
362645
199836
314628
115054
200158
141927
587223
70607
89430
400456
677220
179363
36019
24737
899389
424111
114459
99099
160403
56857
15767
593595
327157
41988
408327
756679
754891
139105
265849
258971
56080
466013
191932
172558
347475
324596
27026
455158
132478
56317
19343
645027
191215
65635
84176
442546
144199
74499
24408
412868
87512
455515
340461
124602
102962
619404
46158
29448
234296
371495
94732
237487
179801
225302
156626
452612
596101
1766
6626
69536
432577
130652
29987
13453
105325
13522
188064
39244
155825
90275
284101
510859
200578
65630
329680
433094
31744
45711
275234
230942
406704
58314
736523
35
55910
288567
106095
315522
87152
407444
274375
249860
239743
4380
533992
93025
382433
75362
187509
150918
22012
429150
683029
10946
17357
914276
279142
178454
242813
200369
149032
103012
41767
165454
13613
57658
337195
609777
104527
329486
442004
13762
647230
240267
5338
123146
185502
8430
17792
502598
3187
375843
315087
349064
40786
330776
125802
22775
148494
56721
71620
158577
12742
27870
554377
57396
78596
124426
218716
255566
33793
340720
283819
453771
515961
9755
688747
16878
186425
35834
467484
122386
47481
133099
562257
103866
105502
26152
4170
13168
153662
175799
230780
316196
297959
151214
199197
226879
478759
610120
393692
7477
54483
335635
434858
81417
122369
185252
85787
17358
455127
359260
400769
3615
14204
121684
97603
115241
175470
534741
14092
900997
381266
127937
91722
581
214469
789938
558208
290107
47239
384404
589179
123457
218971
171110
116149
173598
6956
34754
291215
36114
482449
382422
490880
231850
9805
111346
386065
162970
13544
79655
338773
689226
112817
825129
30340
151070
324231
360156
104928
542673
28319
139319
170635
8748
75868
314908
848332
13067
565633
90681
275321
185064
826173
211006
80730
144990
220430
35469
89253
192638
19556
256304
373758
17909
117555
459642
7523
703248
317042
329236
235102
5892
102437
92079
255015
6032
341828
71236
331774
829082
96309
452646
125200
114588
47520
646310
209451
41462
335925
287128
169965
37812
36151
78404
149944
269265
299089
64796
198948
154454
705851
657711
163271
437494
105885
373219
217453
436939
183516
2251
382682
627235
37324
234120
673
564627
73047
59205
738354
167126
245886
10929
507656
38599
462993
728918
580643
10095
313273
325219
373614
84838
78449
95098
190742
215793
27905
246970
139317
16785
676102
10269
190189
45910
188396
363916
585948
320231
422438
741417
79748
73725
715879
293593
423662
75413
254959
334308
4311
235401
102435
136671
288294
107064
46958
531032
368037
297328
58298
348559
522550
217637
251330
43071
260585
65266
243857
60789
210832
63984
146803
510088
107143
50510
65228
377992
127296
161404
81423
740630
54946
208442
386185
182095
578191
132883
368020
104691
30224
124749
178962
214591
441947
524748
407620
456195
144124
82300
293052
119201
420264
254939
63267
621321
223609
377903
98560
689475
342449
123905
340990
162835
70837
480608
67193
230483
179862
101139
9630
330739
163424
186825
728250
121552
296541
228999
501753
478926
721761
822
342734
28197
389622
68593
135362
46207
590023
253841
48325
126425
122976
21596
282860
135987
151416
250325
81729
24215
339221
5109
145660
117966
659102
756184
376618
73855
54702
92106
837191
97390
290319
117683
42206
16307
25731
78100
109574
285179
133664
337566
196161
665072
141163
444486
323330
163988
46267
139545
2777
64585
714875
841987
83481
87076
620339
36654
357720
187053
418201
265584
473069
98705
176957
85037
641004
17652
498671
393169
92683
146049
313398
459
323928
84875
143472
357470
590862
1375
68064
568282
50299
10
57630
886487
459641
321667
387628
51594
42264
94581
37421
601690
720665
126693
779731
55702
203327
459467
40167
118430
179322
717014
346650
5617
4318
417017
174237
21906
1879
68302
17367
406489
205677
149245
657640
38427
185454
794285
486008
461253
783323
363617
442325
678
79793
31151
99685
5222
166449
844252
108565
491189
101331
819024
2281
512835
100928
28413
159617
774429
220782
168531
235541
93056
331188
550060
1783
397902
38013
507783
61616
55793
311883
155244
159900
296506
466690
160049
241136
43875
214546
1216
279701
118024
381264
50946
36432
40292
63629
163455
118572
908
194022
56260
160000
95633
42291
212662
397947
634986
66267
181617
166030
639371
377991
619089
63655
198666
415866
227910
50008
188786
443240
175638
322892
129921
215151
120500
828830
100652
204008
301656
77780
346326
107052
120409
103352
825
211752
458027
147069
271979
2822
302173
633088
100468
274646
365479
40850
605563
42431
268157
6056
23099
8108
7432
51393
608746
52536
622325
10223
70749
77428
153477
284523
72641
364922
145854
213543
80407
7838
37434
46278
138639
447851
392899
461113
24354
681296
462009
394557
873515
147672
101110
12668
350060
198112
527313
490690
32110
139207
82212
217412
568905
9556
92484
206639
201244
438682
708582
307556
212163
29619
131990
39977
267382
144578
13067
226233
110903
766663
566666
245178
54349
7195
48073
365697
92472
171633
94664
578487
213049
123882
678380
335149
536755
208257
27423
605295
407119
181925
156076
474734
30819
17644
597838
47073
377286
305526
565930
2248
340441
26756
111363
9794
598371
101426
131315
18150
241914
405051
46160
265880
54513
6066
654428
64054
34754
78096
243242
84449
431556
20363
250975
756735
67059
474753
44332
575429
586343
647532
349
92183
523503
675816
343008
20348
308777
53167
608406
384549
199120
143490
101697
271742
516511
34665
27850
338945
303462
25024
170853
349500
98466
221715
210055
209215
370311
539103
649751
98098
194365
527748
204567
67093
25614
146900
16314
389627
680807
193985
625967
507347
97206
466051
299533
191341
962
119056
370480
212620
292306
49707
302121
641522
38597
240792
387675
67926
66430
38808
76124
428121
369054
21312
29079
297766
134376
728387
76592
233620
16744
7821
438620
154449
176560
325132
617172
234499
162953
403663
409991
68
90935
81426
478077
468822
523112
425203
666
211170
356926
635588
164062
660473
660735
360724
113680
721161
283185
78842
366340
351518
684227
306545
49019
58629
165282
313497
74194
220194
79259
157145
23061
58894
141499
280161
549882
52603
770581
48539
87828
389637
343137
126237
22920
228705
707845
136844
231508
653807
84533
638665
82827
750961
99842
98448
295090
919394
13953
64853
108383
28367
754472
228421
183954
94366
103530
56757
148515
193735
10618
206260
120525
294814
176934
471351
240281
320064
433612
64640
483530
486784
496677
147047
478299
98014
581231
174851
97887
625790
444036
442244
352965
305385
45188
331396
22110
2620
15369
4034
184238
147889
73544
36789
6106
17844
358181
399039
339312
357149
607349
61065
133624
316882
493156
302162
492863
10118
30004
296987
449759
88324
147544
19107
145287
106184
17458
31258
629343
592924
143213
54144
64179
102503
52620
158149
12770
549809
70729
89832
131594
3141
17068
610208
31361
515636
450698
33601
315042
767469
861174
398696
180818
21488
34603
417809
98978
140181
187661
101670
586414
398683
347370
23639
685191
142072
567970
5649
653417
75446
110906
448070
1406
313576
978103
197654
153262
63744
222266
88036
328596
687438
747449
112481
603460
68543
241150
84079
92079
6803
73879
272727
265693
215926
8318
1876
113947
351964
151210
356591
718391
126538
453233
309578
388471
591110
2412
612872
198475
544628
72812
35107
302212
452751
69659
5944
869108
122107
228353
350501
528746
272397
31864
209023
31526
340679
144851
608511
1752
6853
689544
2349
7937
62135
521292
8084
45208
379589
265105
208486
178
542058
89338
584751
528493
36706
189158
353256
101376
69609
106051
295259
43478
334824
406696
238810
484153
38600
363872
393052
13097
245702
101543
566118
126541
41518
27029
163021
369224
119245
186041
231946
278763
59988
97790
287182
84687
108222
258862
751254
107758
407622
760252
237945
56370
66760
365556
13830
316819
166570
304967
573531
571523
143896
719670
6609
578563
124522
279892
56024
590600
119784
529493
205679
543018
67934
784720
151800
116278
595688
524315
36078
402994
426668
194293
76631
51594
7822
5430
680484
277840
45047
471069
99
182509
315038
125854
338714
4951
186191
678164
215444
1137
472810
125758
541622
164859
15317
95745
287074
75029
158988
139626
465391
19400
216514
392429
773307
431855
161728
95285
17940
72896
373961
3833
599906
8879
644290
207082
47677
2115
80448
15021
124446
358143
12891
37022
441828
740735
136765
293522
168433
182736
198359
636678
400951
286502
549520
798217
3826
94322
65547
51799
258890
677609
843785
115819
236345
373208
740108
51883
24600
20451
485305
52970
452953
478093
142686
326777
61873
9450
140499
129634
77020
796924
524031
148582
93349
225695
91567
50859
368375
539812
278317
147624
127761
336146
383266
554643
270883
44378
4616
661271
65050
227279
5368
321727
6243
141085
74859
141568
129276
763144
109592
100628
51954
357753
439254
662748
338309
286251
6380
299986
520271
3386
384754
54588
48993
107551
45456
279580
40732
194800
454383
143064
56266
2066
390374
462102
1645
110876
33361
91561
485159
6304
431183
725218
829550
533382
140125
624405
101215
589071
94379
35496
828818
165035
70001
411398
436200
340664
399157
202391
156759
2686
286113
277368
348999
802174
705541
339772
125310
58426
135172
365131
98
32811
153827
312870
445441
4588
323412
159274
653088
320271
37690
183897
8893
6032
297572
198079
183845
316768
270876
11362
167589
647044
62211
371550
166893
392200
437382
105501
93100
76608
155420
172739
229474
700784
77658
107057
31699
36520
9907
228542
333408
75033
534520
41490
70899
322924
101198
52012
101538
77296
292158
83836
175237
151602
61887
560743
100482
386474
422142
482763
115789
288406
41679
72948
211876
139976
783930
9938
486277
176598
24412
586651
134784
691555
180935
50789
133875
142645
518337
393904
561417
19802
1701
158271
35971
2323
451997
140998
261319
614446
10856
568741
364122
266522
115120
189194
85260
21139
126618
441653
695756
9092
2171
232781
423782
72960
96048
228000
504813
361848
18453
11601
5408
528704
52771
504557
293456
81707
240187
38484
378989
105320
494928
530829
353254
182337
203771
6438
420745
256183
275260
210761
461141
269807
192317
115663
424231
631604
469024
259007
369595
139142
637163
548482
253344
142141
256944
19432
876037
82633
124296
119766
502444
434602
500200
77679
852825
207678
277228
421957
52756
446749
189166
443252
274209
8423
383838
554879
349980
104332
773644
248366
413792
157629
225451
344327
563123
171238
375063
29942
317849
202
265983
85985
587296
33509
401264
480041
22289
98522
301345
821792
5475
216374
62873
409413
679623
345014
584047
27381
115955
193662
128561
456641
164789
66129
357150
95239
97262
367193
230988
96536
68638
619889
98973
318606
241656
745750
293515
652055
641552
29616
259031
552927
25269
47577
51781
287085
111642
21899
242229
268738
200125
8480
167276
94087
418628
206282
201692
151052
354552
137633
55053
292113
472900
262432
205
351979
390953
94352
35491
88861
813708
26269
335532
154669
48430
112200
81389
286481
99128
88711
298260
175227
998
230376
459984
579961
3680
443308
48201
368156
751624
308595
539785
25956
18682
159163
833863
313839
268769
349042
25461
290603
6899
660222
33059
247902
503390
758256
328313
138454
223940
169167
285443
168574
660162
386053
82787
30044
105427
2967
281672
181442
847623
523054
136093
139684
30262
392180
9087
127251
38109
943844
65616
121744
39306
160376
893643
6528
229361
205002
88698
345515
269301
128394
28960
329576
19165
165549
155686
241960
723761
11380
501519
583572
39502
846181
34024
129052
255098
322270
815164
89423
533661
337388
185949
169587
750810
749640
540449
151126
281982
12885
99327
4679
80320
63556
27442
102538
227837
203873
21535
242217
322407
102491
450471
165091
257938
600503
89017
201357
33272
314551
152217
670162
258499
105992
228781
5864
45187
585
96747
105062
432198
35336
379487
262821
496437
368505
98596
155221
527978
134891
279004
6906
29411
184852
366694
260268
612430
389952
101265
48921
288390
171176
595006
76441
730618
153732
66137
128769
327260
170952
4602
147746
345069
8877
435705
41118
14535
126005
429897
624211
347043
265685
14126
8396
273744
719352
861088
83705
89087
70294
379483
134038
8516
186120
392754
262362
25963
26215
338834
29599
27490
75285
265801
158556
70660
763954
61407
177210
278943
16692
138438
78225
139089
502407
137594
371294
229231
367079
17880
540585
793645
134729
227019
616133
863006
160182
473829
398469
141703
36898
262353
119271
25621
484417
72327
109302
74387
74086
780259
76281
414053
81112
353675
472577
18657
109791
587311
423942
48730
355911
164455
278784
312424
519380
73342
29737
108208
50172
8343
94329
559293
75849
154401
378351
107561
97935
451632
399292
290946
42708
12808
51988
393172
71228
134311
1764
117223
565048
153300
99823
817032
201386
34422
608924
612085
323212
149380
117283
779560
362174
41650
14629
107899
21432
108405
138930
187338
3757
280126
97816
224499
127469
262725
6683
241564
416937
137686
472087
296164
594408
113657
182970
11815
103530
236711
16783
31235
544377
97845
521155
171615
34548
114258
88839
270236
740842
218320
5123
525719
115919
627268
185538
534774
21906
595017
400868
76365
181037
43895
878961
7573
480479
113498
307857
259198
203210
139606
3072
737790
4492
220391
163794
92464
396579
15091
104503
147813
21191
97132
114926
23334
336191
652589
76428
160986
421227
1747
122096
77062
391091
89356
152576
887943
126225
178452
290354
49075
150016
806466
20234
342514
79559
225837
75953
84058
105560
172797
794103
270222
124583
373862
46638
222348
415730
390116
218867
285953
174551
54223
61807
160514
332977
20054
378525
260598
37943
689748
367555
124945
14254
350620
69731
366143
832736
618133
61
356551
324523
158533
659386
115624
98116
128778
217411
233794
227557
244563
40204
49815
342271
135958
176855
449556
286031
375049
50686
115616
50585
579085
379298
62222
53104
463135
181042
670389
363239
18809
17087
54986
235763
281636
284538
51198
578496
267643
149666
542703
413815
87741
58199
28777
31750
100534
105305
109876
114164
38495
442530
43809
195502
414998
354194
757118
203848
17252
108564
510239
375577
247244
587983
9903
509440
202013
783882
867118
144054
69268
9574
593728
50999
123148
55714
3990
564649
517440
206734
264551
468124
186745
622387
132354
124893
276403
232010
836421
386480
18436
282725
3794
341145
147685
174637
33891
211803
543560
568121
115624
399672
106580
531083
209649
99851
129628
1553
451313
63710
397357
307887
777064
50557
790101
284801
196645
200376
136632
510222
492815
29534
336767
282613
661568
54427
111306
383915
10339
334514
68632
101779
94035
374693
132789
348624
397646
592933
4514
17448
420708
501578
463169
420794
153648
94971
323124
678887
499525
645874
88068
50259
708005
422188
407741
691694
290743
18668
240015
331416
176334
122203
5134
195203
22653
210865
93490
504944
173585
395130
760149
545782
62612
154018
32724
325688
652857
19600
67686
86875
216587
280517
635565
162700
74867
37522
16214
475075
16033
399670
508519
7784
63157
11137
159081
455138
348150
217066
3240
462501
421421
31513
652659
27499
148902
257572
244836
110348
256595
69141
15029
675180
52371
566180
62530
295899
202561
41630
353514
586950
619539
128003
183855
39825
448226
425979
455333
213446
109754
73162
544935
420017
11264
11367
61662
93215
481815
409191
31412
30025
518166
266706
520743
488723
92405
427030
180477
43209
9567
351097
282586
89690
473283
139529
225647
7201
167192
114128
244615
29418
109995
205103
11617
304198
358566
161766
205747
543498
194994
45470
399246
280901
31238
108026
193554
265522
264922
13828
87293
165691
127494
297668
378971
65447
568558
379050
230731
192885
75
89698
12949
543891
235231
188834
411376
184490
545033
233320
13635
41150
265776
107860
69837
288508
264008
5098
185687
490
789044
300284
54906
514869
51672
154066
402676
300640
71850
410417
947762
83690
31378
116973
402073
100291
88716
314473
13094
18812
187146
248848
164337
157861
156240
441297
588147
708301
434889
65149
127761
281902
357952
4781
554052
380701
228051
12390
23410
74021
742582
179539
27373
236194
207158
375749
682972
210433
164633
293989
280893
149396
413378
299304
190803
809406
265972
5491
648130
55303
321397
362427
682031
595923
106107
477653
216173
26713
299470
294629
788375
35443
622071
476545
581604
16880
73435
64816
27952
48025
123734
42016
526981
438154
621338
288555
142811
237591
169686
60846
404670
121530
201057
405797
5291
337908
414407
17793
438472
323080
330498
39697
10385
257367
312334
495517
234630
51758
415903
42514
351409
246898
18290
34516
219969
246445
190792
240013
34775
257796
415582
17358
171666
153540
109954
173084
65143
48182
861960
592991
554743
593706
345852
56117
24827
257306
608009
28050
30575
35959
323070
4679
303054
560657
244014
258226
100293
409198
144144
200593
593822
580375
21726
478996
496237
222922
317043
243290
279366
276707
51614
170874
133137
454922
8295
179197
347908
92949
13296
13978
204608
7359
180187
225693
12416
60186
311896
415148
111156
93079
123282
301535
1666
237750
446480
21108
328429
24907
479925
31498
173750
47764
614272
21784
361823
606259
46595
164919
73535
291040
194124
159607
876988
798958
25470
239820
181307
156851
12406
6466
150593
217421
186050
346084
193546
22445
144510
143728
264707
296276
56342
644979
248786
249199
451656
230640
63394
583908
161844
579181
68914
89279
10826
51719
147235
12797
172806
260325
164098
355324
88129
327512
204431
455050
52757
734468
364049
530844
601761
10272
445977
65987
688668
1286
29423
261667
577208
322177
91887
704641
198213
97366
149207
211390
459585
95063
508908
273266
125013
359868
471821
37973
493986
90398
338933
70271
577
451433
5933
28832
309451
544642
287019
669353
26052
510288
559462
82636
646848
282364
278369
127404
28557
58576
521158
10985
52069
37469
271515
853
422300
41770
782430
144985
51485
202848
432455
86298
86316
302606
152360
41460
414274
371101
59822
447657
12139
95980
600181
214088
831052
218661
62223
295559
141832
115727
159172
2069
200728
5902
224871
432285
578685
16905
171439
274957
375693
71678
89693
219308
209169
22215
349698
17956
23278
74756
37049
214352
400423
426690
615868
140722
8000
13892
170989
57584
159416
132146
211317
72723
199100
31977
131678
450836
209881
427147
488098
87657
234904
273943
14914
425297
91190
105554
235913
527344
346741
331545
66505
456525
120703
88023
386863
42944
97574
772209
105175
699682
13529
509329
46440
749873
344625
346460
20880
305860
177942
606192
73079
370032
197259
95477
309594
83262
577527
406860
39812
191077
155128
57023
379597
40219
383413
1229
552737
24228
67975
615416
11344
30498
70107
128474
65453
163611
8396
211451
232203
124749
267545
3789
401793
81939
618839
144163
147459
350525
322907
106986
166765
507389
13876
590344
482391
181834
444987
335918
356876
89498
76798
635683
260212
130801
253497
556431
494998
284283
71251
224084
210952
213126
37222
92755
6036
192024
241602
372533
221735
632941
47130
126461
22302
386125
67179
165196
184349
355805
684221
237292
53026
71327
29100
91546
369063
404904
199200
115709
346540
464511
159893
476333
215902
483020
44787
416552
246726
671495
28341
67917
75504
127527
160210
257142
498667
202236
8424
578204
526511
20192
447689
460344
40897
160596
826487
31576
106013
177102
273199
77594
230663
5756
188916
106427
279408
543292
300096
575175
672146
888418
304884
305866
233995
213396
284832
779700
435509
11728
316901
184784
728602
38400
249267
98541
108172
58599
821612
360750
134759
152104
82986
62972
36567
293992
16260
729505
14764
286445
720114
429937
495123
34223
478754
596737
381566
41866
157090
409937
812264
67872
195922
592622
104546
55969
61318
132541
547553
200630
254538
492387
12942
36958
45482
418744
216171
679147
657710
58602
21482
309489
66881
65349
830233
77212
636955
200071
30577
337936
480058
406821
304432
250281
143359
108245
147520
47445
773081
66668
886
406076
272129
674456
40346
314469
763344
708544
12301
449423
141811
41229
114859
46892
586511
1190
607706
2280
137538
41633
195292
182698
114988
308995
51234
182057
337912
24299
602564
100694
303708
264669
133914
784035
90
217830
459414
666351
308325
222318
112875
125844
369880
847107
187281
25448
74649
141570
74594
20071
53621
188717
127933
232280
297426
199516
307418
43260
325485
358971
366292
299909
1298
103782
21529
590381
490204
598319
178070
190909
66222
23359
158536
253289
54917
743011
122629
281309
154378
410071
263343
474244
6959
481347
472562
283927
74834
136707
95436
182692
624270
146854
16354
439175
104214
286307
324616
197671
93448
45636
508751
106065
193552
63704
196794
86286
880369
162769
77446
337360
581151
562695
291952
20974
449124
31836
572281
435020
164203
42156
14786
190547
341421
41109
128422
46644
103232
416050
63073
53460
161091
299284
3524
845483
41483
507973
649671
458222
31073
3124
204585
121159
855655
56429
115860
202802
197527
364689
688604
55278
211345
207875
7759
251397
222258
118739
67442
3958
46636
131029
54194
294449
248372
740231
739844
484205
307200
47246
522733
137597
4084
475813
343707
38852
703467
201178
271521
25072
88330
150394
458898
358041
482556
107237
434491
9453
121273
139605
57754
9013
196028
251998
30631
58322
144818
6816
529034
228606
39967
324961
10092
56239
31039
182046
137724
57797
372255
91406
110290
683263
156533
104910
311512
83336
167122
554809
1034
81884
25721
143120
233501
252244
8801
37246
489200
56482
690897
427497
14800
316021
62174
164695
95817
4264
127250
32651
445759
390081
311681
222478
29339
348343
90207
39087
409625
279005
267881
61712
5290
113356
32769
644958
295274
290596
20169
205033
246558
169728
199897
77983
577476
8029
64085
41668
72909
371674
605797
129091
82863
4884
362099
43261
668122
150762
45781
511259
144068
173763
11716
46178
34892
455517
516849
69097
104043
216698
99194
138848
37871
214210
94509
22861
121419
399566
90241
93877
50809
128851
298395
95168
718870
387645
220976
224811
160375
338329
91832
71810
132532
589303
147027
42451
351075
264620
5725
512921
261305
786147
11
15655
285431
800429
326809
234035
455061
890569
113283
92843
20010
201914
499634
392105
92811
38588
32287
188436
102305
51604
749787
196846
338416
109931
241833
79476
317502
93184
738152
17765
745638
156147
183431
156548
631219
281426
312915
24214
148474
13420
327697
197351
243749
161407
33119
139932
125024
197543
236602
266136
29530
3090
186595
112032
14154
46438
676767
181711
212070
220975
549766
758298
5328
11308
92310
845441
288558
72789
70153
145797
233617
87335
13911
325754
105464
125271
337983
564622
8214
226859
342628
164561
44165
756298
228813
2005
652699
232892
198169
252327
232921
194039
456084
112487
47803
253044
127019
281074
180061
29883
304684
60829
119755
189060
122357
290360
278486
516769
264790
190859
29692
215422
145957
22445
459292
300905
248225
257122
60023
228764
590490
661695
116046
13294
2116
311583
51502
63491
149
129210
206978
150164
227235
769114
129340
102730
300266
97271
288015
50589
52017
159572
58133
139427
69932
33086
67709
114536
88407
655181
270685
497279
27294
58064
367693
209032
144964
186556
179697
10929
373693
214702
501121
126746
114787
46780
9198
298205
325626
598429
327731
107511
52321
137201
14216
194293
184056
115414
111257
209323
369512
355367
268661
88941
148883
196575
123124
124475
295688
11444
364186
1397
119903
49682
221055
538269
535392
6659
615796
329099
55671
250722
638796
13811
23252
6708
202682
183761
109996
308933
91256
892195
116234
364586
84286
58030
48223
141604
213571
517724
101054
515838
409162
81168
175744
224258
84295
33496
55102
109476
258553
173113
18763
207251
130318
143836
7866
302195
67322
68191
514482
621255
13992
48165
562341
227950
216863
243630
302429
428336
178389
5281
24760
146618
174672
7517
294267
20986
495186
109757
198270
370957
217966
506432
651318
21197
910
102831
339635
33628
23644
302297
1112
348268
37084
199092
187587
87665
104265
702951
19269
291009
155628
149268
140481
224240
14699
132276
294720
179770
580932
81303
391696
934859
164416
218253
662398
660056
72904
45802
195708
225189
29948
847510
93840
213127
448625
180272
5366
135155
487063
209036
163887
8621
110813
137843
176158
18994
762960
114098
15176
521935
625729
80302
347
443768
40084
873348
560598
408593
185403
65662
38297
227257
224453
36999
141112
362581
182511
284075
33819
752329
532828
24778
372410
113646
96997
825581
211970
87352
643538
41498
177686
68855
453241
553977
299283
11341
130840
45000
702281
86780
63444
549959
325727
165910
546052
658319
317461
701638
87577
667456
56679
1748
353993
228943
28978
500449
203052
456179
286962
338874
21535
46544
278071
143467
474622
83549
161082
86752
5320
373632
207393
547428
383569
94364
9656
23571
89503
420802
244804
117459
813066
269867
28876
771764
422774
253802
140032
24036
11558
2383
26722
141934
78275
685904
45615
10723
53459
661606
292262
4633
131013
87723
195797
419620
112203
251556
16811
161426
403597
348600
695466
67769
320433
87989
567745
746438
40354
270996
167515
105854
488445
246232
18870
203250
29078
12793
70669
108928
547425
41149
656064
244428
137246
509595
92188
70585
283514
190289
55845
340954
27690
98733
266205
174018
130591
22519
292412
661217
44326
664042
346166
105040
586045
116347
523410
1462
151768
216428
250403
184523
169614
271860
803898
274022
91811
651670
360351
219692
156622
310309
330197
130042
427775
648066
82811
96555
60873
149841
296675
298922
675796
149038
344124
440936
1085
252717
866122
871296
556465
520286
90902
686855
405368
423789
386810
81400
216374
203794
92767
180086
759236
644867
236031
197357
63699
91940
46990
833954
317841
301139
103962
140401
259257
595914
275395
77961
337542
155341
476410
565893
124397
29907
53585
62057
626979
436303
495806
21134
221985
181227
19492
240682
406290
299289
122329
73231
209619
694192
88600
92771
306052
788915
551331
17486
43003
54002
298720
274751
317360
93396
67247
438276
437188
500098
770191
302036
6457
287517
942246
7974
51385
432565
283924
495211
26546
454041
6811
283268
45375
258407
206568
320146
706624
246590
243179
24339
76589
85378
162123
269141
637758
344877
180787
3954
720905
110941
311560
437249
283811
204940
76156
397644
139982
683038
179758
164523
4888
22597
117281
138668
548277
83
735551
52089
127081
29934
19451
35623
690635
54383
262005
88662
213367
302576
324025
464740
732845
188141
164911
322711
110254
33343
2317
134500
255056
382355
136746
698361
130109
29943
19171
265101
296343
145538
5648
554529
127490
284258
586407
152236
42483
126066
289902
29563
45591
330666
867274
259284
37202
583
559025
333465
65998
10149
392257
879754
5174
26231
719057
104001
78949
308819
24556
25906
304461
126909
700665
138432
33263
83882
45684
544124
386510
528588
391264
373737
18730
326440
454966
479742
491826
35080
461559
277509
67326
86356
8044
217111
41926
569508
299738
20528
415886
529789
6493
24969
242640
527075
22235
642901
165791
172460
141862
175654
851374
75627
35153
16480
721362
620092
51525
293533
151352
217476
44304
151296
264758
1581
33541
220523
84670
545493
48589
151921
172001
15715
308733
274294
146456
1043
162491
618104
230833
34688
48196
96394
449519
165322
63777
141588
102418
110971
45860
472988
82311
269193
434255
910477
203025
115895
154798
214370
17303
638956
67293
676386
454671
130618
448227
60721
292069
352202
26569
616281
388644
97214
526050
30570
100319
444509
73747
941927
188360
142733
579198
364184
27060
194498
17804
229842
140303
390732
317842
78644
109889
66607
174307
340383
203945
823670
206730
42856
109188
16470
466115
116907
592538
58851
66104
63873
345683
133067
571668
518
354937
111678
136586
127248
297482
733653
158501
70791
780162
93996
55639
269231
201923
195646
52407
160749
200633
97955
428637
84209
12705
86279
60884
593844
124102
177000
139547
360481
312275
37577
126900
46178
645959
388505
361566
124124
159403
514353
38050
246408
156034
347248
586323
96011
184624
83851
10496
543603
328618
468788
563710
79136
290982
81326
349741
185686
442186
167975
184097
88296
168116
245867
295196
4954
397175
583132
197204
14984
342721
213807
172921
131198
96450
426626
31512
155267
224344
472168
442207
711623
640188
135000
547656
563360
804918
601023
24165
109036
483390
356495
389260
233262
105514
63101
347320
469083
84226
94750
43589
14060
17737
372400
698869
326592
865783
54144
313154
37807
311881
170757
656679
201100
181561
14176
699357
45647
83468
11660
593704
218190
134483
402506
236825
18141
891084
67595
457914
3021
297386
439142
88384
324858
189098
604315
586343
271915
86042
357760
111740
37913
144483
5994
308968
739016
341383
664372
303455
538557
114893
4768
84063
17248
68739
137869
154236
410882
180415
200379
210258
174097
67777
118886
37066
330634
225206
129844
4988
62206
28864
38352
235587
49562
373832
230870
190419
66143
537442
83900
404145
195183
302576
647332
55228
118638
5593
139555
752544
417874
711964
87910
8905
84280
525613
818036
443149
371991
386410
17267
6981
48067
182133
438282
263116
71771
259795
28765
564832
261734
155664
198304
77297
501
652724
838594
242516
310317
88367
311223
476684
311650
335937
9390
561402
252890
481614
363628
346067
87939
463938
604183
17833
391696
109368
44509
615476
43396
10934
623421
148237
859348
674698
8896
160904
86925
129368
117918
86623
569705
28225
406309
304164
198077
39303
580501
88538
140364
30627
104595
103358
30297
145441
134443
144814
25922
42323
734055
48583
234713
163058
307846
735845
63571
391607
252487
10828
22686
36850
162769
330630
44709
102850
680529
164184
510506
207565
423124
801674
42541
9604
39178
37173
607039
708866
94414
427529
71574
225039
796675
54611
464249
227173
202785
102
41927
214238
105112
65748
86830
344461
31268
509
177581
539229
644845
521891
155522
54833
55776
183301
268217
105125
41552
206915
7257
243121
175773
675881
40807
192227
89320
777123
380010
283567
385106
61627
68497
997600
12706
262597
884498
429493
128954
549092
475084
3807
26618
51353
11143
486105
171279
93978
5020
263680
450577
32800
46581
622029
51888
646480
177508
334855
133604
360426
181637
98087
508752
75038
18132
240332
513906
445543
203976
87598
331074
571917
508158
234878
205304
192840
127290
119745
369215
349251
207578
24793
45418
9497
183735
8358
147867
266084
56962
292124
300114
379259
211896
70219
36180
581352
337918
500823
398238
43050
245932
28722
440708
381178
251831
104401
24957
82703
456223
121382
327516
221374
633688
192810
159348
954225
535629
162249
278136
52916
178412
168555
598226
188702
119363
129729
7273
4003
713350
27345
104914
79051
571235
260868
492086
14895
200708
475704
368055
427763
158020
3191
153378
417495
68673
324797
17078
87430
311964
112997
338834
113436
70571
862731
629992
305474
254602
154408
165509
69874
122476
40180
84391
484538
192230
233860
63808
234622
461270
493630
311727
31978
347961
13347
238721
20916
7018
769786
176531
10577
107160
264318
651228
869213
16761
231810
100814
135505
3426
209388
313788
278394
444614
217473
723881
11711
442624
504385
70568
608891
104157
120406
79955
310451
93379
71677
172344
759048
523496
428066
545031
26924
632726
95978
208827
203022
150551
737425
12345
281048
205691
362226
15209
538277
667240
594516
158290
71545
287086
887012
495741
15057
365191
638028
578124
111290
287079
51661
273720
446756
257189
411088
311528
44903
453750
529081
25565
50464
28131
432398
59400
180365
86240
219905
16996
511836
189428
46897
569091
388495
51065
57118
355298
854038
623640
34849
313269
499146
470835
432465
214548
267404
703807
56194
132432
232357
120602
11252
44950
150111
488207
584540
36431
293268
740333
735303
156845
570441
34608
8553
465381
302702
114381
332492
147879
611456
22932
13873
516285
63750
2296
347491
611495
272744
345416
2918
246438
281718
1901
165462
232457
351894
624227
399582
156721
750079
237590
20989
299825
169771
579233
42447
76941
155418
445222
438175
157423
113432
17190
64405
176386
308735
422576
281507
52945
486051
543599
74327
139591
44022
53582
158583
816
415016
137822
478275
4250
294381
563818
147074
13480
144791
210358
624983
276119
632842
41234
316190
66267
140319
183157
544991
585146
781993
45686
20182
664713
604819
582891
172868
103851
502835
118283
13604
265363
17557
12393
20044
447153
294253
505435
217148
136277
210619
81980
584938
37154
151109
534246
7088
215841
118604
38317
1841
181745
160854
535545
465353
30471
189222
38013
172731
14733
76560
23871
186637
239306
3945
168216
156281
530892
338507
186131
418347
69155
236767
368290
185063
489545
238727
538070
430079
34969
51891
525648
3363
137226
561498
185622
472896
43703
14481
581530
424643
265319
218377
316256
19792
590433
788943
7389
138384
127733
341529
280206
78487
148588
57118
178808
470751
4040
65327
74324
28849
343982
829774
101694
135960
260079
251309
46603
466749
289453
26388
79176
31544
265423
177261
621892
14436
11566
339688
75583
476012
711248
69168
304154
310684
234607
369996
13372
333276
144665
753320
139373
220501
591261
447949
94770
191998
523881
625376
387393
534831
153206
467
96910
291481
778001
1717
419422
215031
211446
401347
126103
22710
184183
142570
70666
177552
496737
139543
1531
440197
55621
37730
209308
719190
186671
247944
38957
138819
125587
82529
789164
318459
297704
19597
175513
13188
202384
22467
509416
838806
350623
293725
326149
82988
54411
126237
425352
215148
41676
819431
46517
52529
347757
323271
707828
785910
221494
39169
266693
150154
396376
27719
279941
266728
101964
164941
36570
184604
263820
313905
99916
280778
65952
231165
18807
311350
706510
611012
24623
21010
172666
53152
410338
322640
767272
67317
60532
42562
290066
49813
511772
141714
155741
217723
344550
62467
84834
26848
260903
18106
272931
334448
419191
813994
331368
234447
50430
65236
87367
80268
213824
242533
104349
145310
129481
26856
196501
42681
349032
445040
178247
516458
36250
662738
122147
303344
36364
192187
175004
82035
382105
31395
233695
506376
366333
223460
39631
31959
243244
200980
395805
142899
511005
116248
181816
117210
736196
364334
397386
115236
11746
668537
926925
16603
261750
175212
121116
627483
141057
841705
277
376751
470487
629831
221060
392327
90156
230873
6286
64131
161051
92960
209719
28577
165035
72872
53603
36617
112261
603298
415847
646719
808988
144724
82997
22646
410707
249006
274043
216558
800604
634367
359872
470271
354206
1131
272956
521967
63073
169785
117816
512239
174139
193848
586500
18738
147322
395717
26368
470161
83730
28783
334727
9236
32456
67024
80917
150570
189470
174034
308673
655275
1668
254915
530712
464436
198608
166521
44271
292327
4723
270282
287689
23371
9051
31885
398979
336006
122868
165082
342658
333111
423474
466234
46695
91584
86746
356250
247690
202595
68721
103193
6338
895949
306463
116772
59023
351836
187969
415761
694848
125566
411565
14941
193108
77582
286589
141386
269741
30840
384944
365270
251478
33551
620158
29965
76936
62409
23513
226350
279263
65315
480658
581200
32028
90689
26598
193552
184917
237505
264439
48676
236525
606911
59458
458554
34171
34683
62526
359231
586598
532139
322289
449334
10398
110094
395062
311498
49437
26745
12445
14380
270165
431795
1522
346706
17187
320101
1685
256179
142783
45922
80956
292356
132050
128318
326184
616265
64504
154247
381164
105923
170617
33887
102394
128271
174159
399177
168280
183435
205462
585527
128047
40290
131120
123949
307817
30345
8494
32098
34649
179616
272747
35620
23768
100905
165309
277676
842468
24313
423090
482375
245893
418763
231407
20375
222561
419925
374962
237156
49760
219148
228788
699890
41982
921924
655243
20918
362894
4461
709944
62850
33487
70277
37571
174197
279613
68270
366722
18482
343336
238989
47254
117650
48078
27873
413399
174463
223934
141038
12471
724168
320131
44685
54640
213911
50129
926052
212500
157257
668530
517
66327
698409
202682
8275
25299
110234
675664
114907
52947
17549
485421
707131
416617
157598
244131
572071
19772
120837
57618
5078
402
149040
28527
310522
22299
18509
40489
49658
264702
331741
65080
400777
188633
445412
410801
550640
517411
96100
226637
620388
173276
502044
9210
89822
432421
541212
403182
122934
18323
213293
34994
412432
366341
87317
134309
182748
139529
203838
124
16233
19549
44986
333688
135531
17524
516134
11969
247178
713640
68433
805508
638322
17475
485204
176831
243160
522853
291725
582223
335389
317683
347440
93032
273177
18875
118626
113206
378523
59159
366986
159683
247549
40949
149396
131201
35116
414503
130200
499307
372459
122521
310910
734637
507257
17940
77672
576080
189102
136181
777061
357508
79804
365692
352286
41641
75637
44912
129661
575874
465565
131006
306441
242419
187895
79251
445822
789440
11782
50683
88366
89509
157962
156476
154254
924873
12060
6864
456056
129748
485238
458058
23004
258730
302744
101409
424360
56648
61596
208127
33221
129762
32193
100152
45789
132789
696410
607552
32046
708272
288554
272023
131765
63093
50066
451033
553518
39474
686858
50468
128251
73743
153000
20063
609418
197975
670921
395951
2237
9609
357951
374864
29425
312349
349000
69164
24920
189937
339992
393627
22160
284529
448051
853986
156926
9085
57987
37161
67932
10498
54076
730585
470955
14721
211154
350881
247285
232507
381896
714525
135122
604
242798
12564
654298
221500
62333
352779
583224
319795
25782
438372
490095
134235
89979
19430
240704
351366
100977
354836
443019
54624
47730
108666
77052
56427
519722
204929
610855
38095
78488
293284
403442
580794
37798
170450
118468
514242
342982
465865
900521
723109
44392
23237
78591
53763
637192
85937
406390
473521
140664
845992
279241
27917
38954
134568
599991
142753
690648
117161
40156
291044
80106
306109
448778
341103
159798
21867
497264
23083
88584
536695
163253
236303
411885
762985
617742
53538
49838
135845
100731
8561
394893
66426
495908
526
53501
595629
256727
92148
77686
191882
5900
196452
190244
548380
55977
301686
121230
103272
210282
77448
104875
116437
9324
35492
197681
102719
660905
1927
344990
73535
2259
124711
516821
104184
91431
37773
125924
177439
111472
235623
476866
208956
9974
265220
278665
255483
261266
123872
18528
157065
783105
196209
390631
647435
475191
620004
152660
158116
208769
556622
119192
253436
5855
160638
366334
2
192747
311495
416319
223879
465109
246185
78592
136623
368797
29834
35702
652812
40050
595107
323164
709807
438096
412100
254390
246480
192151
30929
189113
446413
912174
578558
55264
572879
187298
94253
367401
462816
184112
266148
138679
69105
247821
23869
442515
318445
324204
19372
662425
235640
700570
163412
171310
210911
444709
552467
143948
305456
66960
272392
73991
317893
280689
177405
491156
250919
58184
500715
106179
549559
403316
471290
635468
30937
781708
56276
50885
121939
606748
474368
66316
138250
45704
52207
538815
109064
561763
417044
216057
304640
345840
230901
25212
215723
82303
125836
19386
92397
386423
81160
178268
750875
46582
34918
337757
300722
310168
81440
195590
620942
139255
653015
188245
353523
371673
335462
373900
887801
59434
388855
292683
142000
21388
20658
376507
131934
102563
455009
98110
12459
462604
107210
439194
224235
41525
184400
377720
392300
419102
66480
37462
229629
314325
74730
67849
608749
806929
56771
226842
105030
204552
626624
98719
122048
333399
8757
163775
251065
97975
71036
330444
46318
212242
41660
306589
316062
322536
110753
155934
487
329668
255183
644359
74007
38840
456871
221233
241962
356892
16507
843280
128051
161558
579697
172883
612704
407757
328127
7041
329810
265547
1092
85605
721016
510342
83749
173779
154796
10478
351025
13604
606501
172340
45306
90402
263846
328373
35140
124007
55249
74867
8118
32710
672975
432985
588854
136857
230188
3489
290615
314640
852795
692876
95381
428224
3610
203765
143877
341655
362064
190176
351481
8985
426853
133599
393967
161057
460788
265870
134271
39606
609916
475996
98311
346195
173119
12472
135293
686128
10235
208400
7750
800531
64803
108797
454563
212883
29025
173394
221980
91842
27277
631952
12575
38821
131279
437826
49961
14738
68614
21774
676701
651836
149534
105778
537640
320752
78152
548729
340970
29354
42377
458883
58436
2588
37826
362827
206853
211158
107055
213244
555541
58176
49480
31110
273624
37342
748496
664110
97613
10025
71062
81138
46894
124844
564
408596
121620
45704
249797
30351
132706
387036
885680
58210
95413
123883
608947
56303
161925
155873
80411
3282
34832
386470
244280
55406
706115
21477
15999
549529
169922
681143
1479
594094
1628
9671
363000
289626
67205
168124
299265
430341
229084
222737
232221
246
266415
220255
49031
541689
515444
475223
168318
8071
354871
530968
86294
2936
4716
315751
167935
140
28761
581558
938803
4165
57851
315904
648621
139961
207361
749481
12456
62546
85934
161546
26186
6978
8573
366505
348075
159500
181587
536513
155268
1016
297454
285574
452800
96758
475388
142805
120807
305505
302696
45404
558715
51576
22029
280350
38022
76322
118725
236538
122294
119278
335466
131202
64446
46586
200193
107609
136518
842534
143951
6929
65881
241518
230649
85944
38923
270109
8972
414225
770627
293470
70104
83292
161449
135185
47564
254905
198732
210098
2552
109635
9672
168402
299575
301223
19211
3153
82029
678641
368583
17036
237667
178005
207452
38695
318192
221954
9363
66053
176767
155192
9667
2959
92318
280951
93515
313134
441894
100622
112242
175915
17561
81734
812767
501954
198346
157858
220563
196767
123510
257602
514573
16557
563068
431753
86071
244982
541075
17287
833869
132619
657412
83779
706497
180265
425878
161787
379428
6341
391870
153069
561025
419936
228914
9706
29233
138045
292478
109583
280845
481785
304328
117488
115838
25255
479316
106622
26073
406389
50710
238902
513464
563535
7812
84441
414968
163268
142124
281678
84952
64572
82278
132896
251124
5310
133475
456740
18893
20043
84163
95720
136968
10995
18482
144365
740676
204856
44849
185887
38904
38862
706157
126588
90913
3064
81748
15242
139995
49900
438267
231963
200063
125675
18954
420948
89382
105811
22034
257702
129368
339005
3949
23841
314359
709173
8511
4836
327784
395764
39143
443859
42062
46821
114626
37471
30072
378704
336979
168714
339842
230874
72865
118315
313431
136604
299092
48848
520357
49370
124644
267390
104238
24329
72732
714206
119460
182325
417473
45955
55433
106586
605309
804907
4120
169212
227700
576717
444105
393350
240455
114056
114117
448233
101183
4503
88893
695403
498421
254975
94432
322793
548353
212128
42046
27668
466027
146784
107964
13378
160836
365097
511871
272534
480579
386889
4826
481539
404523
38647
140262
338651
134438
38843
467610
253203
759055
219334
480677
562402
836238
243116
618724
45094
14196
621029
262505
453238
2021
60266
286449
216860
134918
5741
45578
129124
108207
118407
138498
77917
73131
7769
14473
168673
217664
44602
494048
715967
20299
65962
139367
414259
138078
16897
9072
392837
484350
475332
49180
3488
6134
4202
97441
366452
564967
104400
488520
648146
231167
152415
397252
551223
53378
23265
32003
257821
41735
3624
941551
3766
34620
415681
611516
259225
136635
199238
1223
502328
35389
647706
213312
87714
213367
445224
156506
103133
3048
27321
438029
228883
80816
499128
375469
114227
341494
58927
62939
298032
269853
81971
8831
30848
531583
19399
299691
309484
210937
283603
1489
210673
43122
106499
415935
474670
150828
143635
736324
111923
38494
96304
19115
261960
158450
203843
67020
29151
310114
229325
421551
487332
23185
518397
412464
222016
233154
93049
500615
147172
202588
58615
200350
4901
170825
99858
89460
647198
50298
92701
574078
189694
517809
214208
616126
169081
96103
341328
303699
171003
292589
46860
495396
3069
56848
254214
25890
42325
44128
71956
225139
783283
135684
5622
519313
221503
275542
781693
106370
151480
208391
15380
55902
54156
509559
167885
202759
481078
333336
217336
53678
103864
497764
389160
43768
240345
191087
158399
54001
344735
413494
133173
103100
513798
136374
363755
427673
150148
114299
386368
54067
305220
83395
374370
196768
42337
183391
374455
152090
654485
307617
11624
436509
98246
46129
572649
846154
8967
111547
168151
64232
618020
586146
10499
90884
89020
101073
186574
23826
9178
204314
526587
374730
127336
65278
245981
694357
378815
56378
332135
635512
595568
814006
208137
129849
509160
388360
237194
199147
306999
439602
211891
289408
258592
54078
273127
311634
596071
643153
117081
55609
93913
128496
25014
170
2846
217839
476441
178316
27540
281548
24267
53914
7304
108916
66336
152238
550220
46668
201815
25541
446419
182414
697945
129905
328893
349714
382963
152772
16823
78699
246530
643143
125477
25861
423331
74636
10612
101609
734720
390882
69234
62421
558485
120748
6001
22921
56351
186877
283835
98183
100568
309782
111309
23162
373083
4638
640104
417182
668052
263262
429789
5344
217404
13647
114807
196123
872804
364735
93177
573255
1132
71303
37330
463155
298730
78648
86721
366368
174023
243418
402832
228873
73800
60062
716114
23708
410649
36988
1751
410134
4377
605210
572050
210609
188640
430740
265662
226745
405748
922127
839132
589989
584497
161072
255455
314601
19286
283150
113065
21109
1836
499966
5739
111321
462908
18124
438115
334193
660391
136862
863918
45550
70274
398393
169898
393341
565699
165060
28619
146086
404638
296751
54024
249687
328532
245884
12613
221212
446202
194195
56340
72401
29575
215325
68232
826589
373791
716067
314799
466233
264906
101174
276413
3508
569581
810633
11320
203797
144053
69132
352309
87844
153873
960225
65943
187063
172362
62825
741916
177051
363453
18763
213822
95806
167921
37393
563463
363444
70556
104053
764902
330798
265005
205096
216764
209670
249260
404292
507584
159682
137004
726726
505472
371831
281128
254747
407405
155739
173271
206
86914
479754
41052
374059
122908
403991
3139
10832
108196
173270
53160
25413
2756
663928
331362
346637
30778
110847
437430
766798
554317
264240
167177
119578
218147
298024
74984
615262
565912
124896
494597
772340
415514
231980
574780
98003
236092
409619
299967
337921
358
93529
1578
116890
242040
295218
232164
44876
597536
390229
174210
339588
73465
581786
512108
426270
45352
348099
368530
315992
506481
163342
420839
162903
243300
93513
216556
17092
13969
366616
103738
651317
333267
260318
182822
83161
654693
185728
122439
554893
841319
26041
154548
700226
34209
32379
10033
661569
352384
355127
75624
80451
99050
85127
87904
458701
30903
10905
3692
683286
232301
275307
248519
169437
45731
26619
89185
136251
601310
13013
82020
275891
397426
368333
239917
30899
910107
447658
337786
327439
631821
293298
676975
469392
551529
232519
25789
10290
29271
200198
13332
64437
42531
503454
281525
353959
362392
386243
55885
29721
241900
137789
89619
173894
478601
77221
88414
22600
6326
300350
273325
42721
110760
878
303464
254890
321760
78804
119130
633351
417210
452083
747216
507056
246190
303643
240021
42311
370216
174925
1416
163876
166838
866374
279837
166550
776763
112935
463564
644885
99918
167645
605282
63457
15098
259112
250467
367146
451187
134805
163773
391041
277372
25028
267192
430258
157290
721597
111897
164786
32402
256965
87973
232741
335300
308226
388861
632692
8885
675705
6282
525325
39661
709416
265646
462937
273604
615730
7630
358098
85312
505498
63810
27622
450484
101585
207446
72821
7102
238402
295652
154782
617498
644445
144432
227982
160788
461165
260892
34378
215735
196602
588828
244301
454984
8681
845740
350876
848739
59937
304658
107698
61522
176500
333663
733741
183729
316610
106931
67718
45780
24307
16795
15881
45783
195293
524152
75749
447728
703966
523613
239948
290206
499770
5432
291425
511417
277304
80726
560531
170999
28352
230963
21993
152912
27955
291908
479043
286442
68393
538291
339933
521461
377480
183234
677075
65828
194236
210536
257926
208370
383190
132353
105275
104146
152406
58760
40976
5668
6174
66859
76390
711999
797678
231989
20832
118241
73340
123198
444330
359381
34399
68609
210921
90091
509337
57092
987401
294043
28694
22790
9379
124731
265237
32187
201128
264034
14821
64949
547051
3005
715424
67634
667104
342146
129331
123042
322375
19695
20259
322767
231299
87339
219183
117605
450543
46454
558932
397541
327455
132817
236101
383720
365944
274968
100933
815451
5276
636674
379
214936
67052
112137
188145
219574
354319
248245
388096
237816
110184
124197
437747
217148
10655
18154
89980
34797
401
549261
3839
266924
19014
277506
405111
550376
52555
39675
51966
320523
77518
157609
149522
776116
132015
509359
55219
76243
514009
623063
249414
73942
623755
790926
53381
266374
286845
408293
254777
4862
191204
180909
800013
47358
403749
6631
439095
52667
13781
700460
507238
284949
140647
312717
53192
473554
10907
149554
360405
985129
139402
82102
154372
132649
63801
158653
305162
85715
149991
86730
641868
93753
104248
102134
314544
32342
14906
145489
76595
457758
492804
274537
427061
664467
155158
12498
67581
524358
108881
40545
422591
801067
89994
176036
104155
298153
183796
778705
297805
265485
22513
31660
89282
285895
153527
16039
237811
112769
466703
300398
451184
455606
515032
538651
79599
27439
3604
415314
387168
56174
356817
97073
62303
4771
580897
414478
263459
18333
102726
21528
336664
143223
31834
150376
106432
7291
278647
354561
33769
134881
145516
13015
258162
794685
218305
106057
483004
177792
281044
554122
1386
203075
514976
460743
53518
363259
224629
122753
272170
83620
356
33659
610744
633733
185831
19470
625911
180192
34673
33433
573980
293676
376362
169084
842288
158478
541197
34615
526309
157261
236763
265595
117345
188005
84444
1883
209145
319854
494069
801586
343320
482424
78165
350680
232337
494042
174699
270437
22976
116400
283219
143962
294738
392413
708732
58337
163336
184009
56197
367065
380121
25628
134940
263682
385867
423313
85940
204287
507026
803424
457723
686986
117377
34810
180054
11359
125335
60248
121161
86019
633114
28854
466137
381962
148524
51788
137043
287423
148707
137195
428569
290851
13441
197654
161228
169889
471098
474265
767742
70091
208529
410791
662611
253211
50197
2701
195025
122196
336869
28845
139205
11961
393489
154398
107547
438681
349120
797429
834434
896825
112740
28813
38662
282346
26442
545059
194134
64161
14035
711384
83823
399053
211539
142815
148055
43478
62468
114644
313493
28696
126992
338111
653506
363465
5638
361778
113062
29405
35638
268739
2176
173924
13680
19582
185477
44904
64480
141536
570578
90548
885135
207372
62015
291792
534595
25720
860075
769905
166004
71537
128678
433550
17596
116332
287994
102796
435212
116518
65801
197366
305114
319800
77115
233050
258427
205852
217936
24590
208651
25813
202217
39462
460307
563408
879321
330188
1245
120685
268924
93707
30129
157898
72851
253685
344125
522506
75398
292472
112425
431161
148532
406985
407502
539621
247897
28244
91485
350476
149834
66526
312111
46271
12242
77007
174606
145306
34146
202395
29614
48466
23172
469163
108354
102512
197882
72741
432556
801264
83057
5457
738530
22425
215784
400688
202202
207787
208730
225707
420412
124995
26314
764458
279797
560478
291734
742777
8983
104159
22165
94531
5073
57386
122255
151558
54375
28499
106882
90902
430898
670281
50125
835854
26585
28905
560064
420167
496
159701
255295
17178
247272
195104
283547
2582
303107
72260
59584
188101
227907
38658
247513
1590
757679
307949
99143
365562
1351
67562
110496
25268
582153
160432
90280
273901
364082
198491
198411
348476
463813
514322
305552
69486
367239
7772
338166
152416
115679
167289
118872
35733
32454
716857
330376
713308
266164
311571
494280
52213
226810
23809
340926
792318
7665
520119
1501
293099
360925
195156
311257
106830
216162
17109
21232
214985
431261
313717
28979
118992
183101
118940
3800
250491
484228
46244
21717
286138
229378
253845
154280
19910
420923
359033
672646
588130
63192
650389
350521
55641
135240
268868
34274
34392
376531
485117
60110
230315
141904
19408
508060
33479
186298
692942
107160
242342
145190
304951
42106
155952
169097
554081
345847
139636
158365
94721
571690
72390
939634
105959
231171
467354
149495
72908
367449
27051
667030
543684
92822
32610
303537
282733
124656
8370
209082
79891
531235
153989
100360
77867
157099
234552
345074
135078
60241
529671
110167
142012
11362
1630
300574
232284
127117
200526
454570
59488
48046
404853
337478
30646
73563
395368
22011
185906
23107
198553
107114
491995
686445
130027
51675
231737
587298
353421
250491
512433
112535
354089
613304
14725
413653
399935
417357
22786
66957
533695
24989
219690
347127
7128
231639
427486
203282
6894
143988
19025
1942
20128
641558
566590
678504
485474
260927
209040
11067
467977
58899
320379
29219
184679
258538
230087
191581
160387
65384
204555
789786
373670
56398
207186
416961
383349
249426
344742
168514
346736
620908
740912
311924
250909
286
803605
22002
468534
51974
135910
368764
562726
465478
90837
466603
160993
8748
138207
303038
132658
68298
94874
1379
144356
406398
406984
185862
620360
721549
609248
144475
371120
69317
511608
152408
498410
60325
113946
339469
133694
447589
46935
49758
39438
252119
16021
34316
441924
70891
422874
18691
256601
59924
365174
315578
29347
185005
219093
26721
30017
6362
730369
172977
474215
322460
331829
402026
4749
5883
81478
296075
569907
135379
163590
468213
748981
47653
134459
197507
488524
306190
294647
373960
116617
130716
232662
118960
158204
516695
299048
45028
280794
222152
247706
625189
14295
190339
173222
50701
493925
278600
179140
81481
367475
114319
712146
495697
89573
762381
302448
573351
219128
7388
244295
12385
6851
123285
591255
976
419373
741400
7249
134576
583442
340852
50078
273551
2084
501947
445687
235017
345780
663597
337959
503270
566897
360799
264020
118810
756136
243226
103818
345768
13671
283640
434900
29429
449503
17362
401875
912342
310666
470802
281848
218656
94678
890584
170025
171755
317039
9385
224395
219890
133657
340146
114907
227951
145286
143016
282535
156352
161375
106030
534611
8535
707206
534744
77959
146662
49233
520740
111109
439688
421014
8217
201973
346353
9968
231854
16762
151566
353349
7011
782550
210694
639076
437707
289055
562132
39963
329378
97199
99206
528599
85104
507623
288251
336565
46763
65413
134460
105390
61794
50350
592198
17305
128403
890572
2291
159971
19158
250488
24103
10016
452253
741024
6482
16709
75751
561912
18516
340258
119079
105497
297321
206307
647277
329325
115628
284726
323463
978015
56564
883940
61092
771732
62926
13961
410057
21133
138088
47232
112814
529826
1463
136451
40526
183275
421132
344296
664888
442642
340606
212196
189667
89997
5028
339471
323009
41907
202256
154624
152363
465367
222260
21711
137358
434
5788
1999
127594
62774
302839
311058
924484
172183
429928
168016
22963
14486
530273
247581
12839
12187
344075
80214
212766
37556
128636
37303
108069
492989
440266
2829
379451
103355
22476
150094
263876
104989
871086
62219
28668
60388
32750
345330
527495
234085
22433
210166
162528
177013
152602
472527
35961
161131
192213
6002
446939
629237
261987
341901
38055
129688
15875
335258
112190
206136
79232
307487
8759
485577
11477
132604
340276
104734
399235
151304
66334
225281
758917
185379
434350
30832
319662
178404
138535
637221
450639
445350
474472
480275
5191
287699
50081
47406
433187
565020
220164
66929
106616
105931
84953
20037
133033
3554
152847
192337
390602
522197
80304
349002
1431
208923
125868
4899
203137
66704
662304
332446
72408
276860
203957
45191
234718
466267
65258
151299
24234
588347
394797
20276
17491
256900
228418
21071
412014
77675
578907
64147
361480
110016
239984
20903
592184
139450
26711
15124
616831
761892
8874
28919
249724
33190
619406
477437
142763
274030
455603
162978
33190
139925
270033
23314
391299
155514
231447
571881
49556
15744
205759
692200
251576
2629
588370
78092
257028
8662
167703
266572
361137
16995
27625
883901
10147
690332
153531
450023
49415
127447
226747
183004
244782
172201
26808
382808
349581
70589
172433
388
150935
546049
332271
19469
129437
327482
327331
44847
497585
394742
7916
72621
474533
415305
99789
183981
86737
3607
53576
484062
241350
726374
561805
175898
943
119676
89820
371745
222181
524264
381483
18886
35755
178556
7472
407156
271214
114938
388948
295679
631685
322109
153861
528041
90540
242336
86662
298873
601700
903434
140854
373549
135668
266967
113388
339194
627974
544020
465892
361914
710046
450411
182060
193795
401200
494349
305608
769978
15574
190115
35958
102109
543156
633471
82949
272138
7800
117738
325113
151244
853275
62657
297384
104132
185284
154898
92698
539894
765272
622944
152789
722874
197898
12676
677919
93393
28453
200782
544696
214961
335296
13435
26858
175284
11016
41328
811538
6641
364263
239355
481356
256589
607557
210902
127517
470330
23126
329375
9197
84164
128160
728587
313860
373018
9572
220338
118245
565613
6942
371710
649059
393052
409158
516255
168524
191530
429145
21998
64784
270357
250913
101963
375083
387058
52135
444423
319521
8103
17222
271359
36493
125012
7859
110385
395571
63359
383572
98750
66384
177237
445455
204510
94289
142119
27151
372338
21258
166170
5241
640289
23900
374735
40267
212137
284892
390237
580619
29996
69007
127202
329903
13347
1249
233125
117937
23124
480532
59017
517970
432339
304125
35143
58222
317896
52037
375668
5176
14502
4327
269384
601960
19059
54959
3311
535140
21068
137940
23823
526221
564250
754331
5023
266550
346875
915372
12738
491867
21416
29256
181086
50121
63941
116087
421095
405898
16004
33448
419833
44329
82867
24586
556639
165
423005
396368
73933
37272
392009
128683
357986
33888
6116
236378
182141
96408
452561
128402
358214
354540
4441
549121
4956
513672
88245
122890
18845
75029
254195
217987
116455
28647
105116
56047
377057
288111
415534
222215
253764
381304
97473
421790
774207
79871
760220
56148
655732
39551
373760
381914
451685
189282
108443
293749
316400
435053
677243
176710
199590
745370
152377
32852
338927
267838
105359
94565
69224
254305
191821
605394
11671
43801
38440
17290
654833
81659
13237
309358
23514
161143
18955
63903
532806
315494
64708
100388
506444
561242
11211
9967
259543
53360
534247
324804
133567
391551
289110
45444
173414
468888
116634
321181
2760
534981
233668
38059
762123
415050
778516
239467
301389
52362
570305
483235
192559
11462
131643
73731
41214
70729
194747
473744
371
175921
128138
234474
11517
253178
287157
145588
136513
163130
196656
205581
660904
63530
53680
262174
390930
206081
260501
44413
24304
62858
523592
34634
3232
215786
11863
268344
365979
137562
142899
72878
238407
185635
219115
106727
97350
56001
126635
6985
302126
91186
30227
293391
341784
40468
55191
527170
262364
210061
64884
63288
35170
24153
111505
324758
642783
417908
172856
354793
33736
15141
24822
145649
571911
387269
127593
6514
48591
128812
196707
137647
13278
357335
74666
262945
23239
5074
12816
105063
178383
157408
129811
73421
9423
211904
279788
275786
127887
559576
120269
145887
340953
94548
563010
140259
426545
135328
45501
552931
19369
63946
148470
253708
405155
265891
40774
541349
5428
36630
354890
210173
259512
623619
130201
18164
284953
52340
160654
16710
90430
8552
118473
97634
467562
44398
22899
76962
406101
21355
473471
257249
301034
217967
388549
312658
243432
17799
364056
14010
49725
22584
76970
889355
376169
611991
109558
349940
441857
114385
290798
452671
7312
40527
314
175202
37939
399018
497375
470865
21219
372155
1681
229450
28075
108135
242274
276077
77832
107021
477750
35544
514545
16493
73177
177784
63532
87801
583612
181864
388974
199051
189433
26488
145648
30807
49543
6333
608615
130283
170839
18305
4135
8917
62464
393967
7084
28913
147613
86938
19018
459558
45272
169312
4638
140962
96248
98714
587955
423660
54214
128070
97712
348261
174085
375267
122154
28608
190073
774887
247255
177123
13367
353442
538979
645192
47765
153856
306647
107292
4370
86034
286515
3972
565633
178120
110150
202859
308333
567122
14506
63428
270631
393758
16704
111166
132485
29517
514160
333967
246616
255603
65355
75488
414328
321190
451131
794157
277899
315802
151139
120042
413076
184295
165810
474885
771481
666263
352132
22339
189135
149536
374810
78862
377956
547498
223982
163012
41256
276108
151585
52709
241038
232390
861493
23708
8504
563396
557119
261197
33260
571662
2948
97404
857269
28545
92150
60753
12728
47722
9320
539579
260672
104206
334911
157951
298924
80762
673227
199022
742403
490982
269784
104407
50204
48744
299684
159193
252924
622056
90255
102981
353669
200955
145585
435072
390091
404915
50289
694376
452315
533452
98093
611958
36662
616717
16763
45569
150372
912669
103369
463916
176388
99608
101140
799123
573677
389267
123297
44619
701800
279429
78057
136582
64148
63449
383125
104411
181469
128691
710889
55254
75069
372320
338658
178762
442407
291689
64456
141809
537584
751515
135544
188176
41275
85132
632858
218357
82538
243227
474385
230799
308929
30165
99259
278469
513422
238412
197926
357331
89079
6997
10706
322441
187797
117702
531603
538712
351147
260494
276930
156063
263485
353565
159078
250230
397785
503595
546791
417419
312397
319784
60301
205498
27418
89221
93469
816099
268938
237981
245334
331340
306805
487583
46977
36341
352711
126697
106452
239488
89505
193169
674570
178601
115232
40680
35722
198752
179764
145390
34868
623330
375515
7712
26157
55257
98476
477260
597039
468440
73687
542085
720531
53466
59832
35940
63845
622985
184008
616448
243398
41853
232611
361538
700824
236719
93215
45017
3935
49503
115220
52845
503619
41043
13810
199346
231460
46131
36934
518958
387407
205583
345571
328154
1914
46991
177343
376895
83943
5192
22469
274929
226934
527209
177474
129850
172207
235778
87698
420100
89358
126557
32077
269310
424950
262601
328827
2899
21533
678373
164802
3097
78093
478977
119866
189603
339519
11381
64157
401146
290844
69868
384592
113687
30789
30821
176316
111190
396522
77678
290349
125325
46175
33951
276207
348647
173578
440790
271198
92644
449982
147423
761434
25028
299121
14037
799013
318965
253634
343450
847383
102688
43505
243772
450864
616594
31317
54024
3918
485250
698569
226656
144086
164006
30576
586179
500189
712160
9092
694604
17956
140
118006
207865
116518
96748
207101
664495
407451
427425
122903
16446
4990
8252
148355
331158
161664
35227
227600
855461
77405
491761
210562
178151
331991
63694
188802
395251
8129
496516
71294
407161
519013
29557
739822
15406
179925
710089
98218
90844
85104
208169
455138
3203
115333
384331
70444
19780
138116
199761
156857
368968
640134
286650
585794
201448
118459
338677
18365
146929
13662
75427
155408
73170
325481
31729
655416
95579
194842
280084
32869
493363
391574
1469
232518
52353
326507
348877
88336
652192
212429
250014
83038
95393
12287
735688
68427
784831
42460
54179
9969
145006
741513
605747
480964
34244
239241
418619
357055
600979
282856
155025
91561
63943
570533
61840
363020
44132
140174
2533
182730
50713
167687
19993
85916
311255
152646
216
29761
527382
28574
5778
234991
345643
103168
128281
330597
89102
154096
62842
152540
94914
106703
317227
25455
224142
316531
972851
581
40377
374034
154247
530351
18066
217516
329581
170085
421278
168403
4649
23263
405884
643663
54684
464040
230130
425093
387722
147810
133574
340501
336215
835118
45559
115957
91444
82583
64774
165273
703838
16349
61764
796870
470306
320140
100053
233945
295208
166271
97585
278733
569624
929646
657
646672
228796
512775
388359
478565
105597
23753
677
75902
329721
102876
386691
343365
150487
747291
149889
604071
147999
416167
331862
498425
943666
187778
2132
15581
285954
217083
15521
379720
541513
351572
315123
342806
77015
80605
108284
106271
311459
40831
38645
68448
175267
64138
122259
5470
46421
198051
174477
115494
30666
259747
2867
34108
67592
747565
717840
232533
214499
540791
4168
558248
442007
631869
8390
49338
51629
74237
187115
314686
53132
320687
1477
92423
41466
48129
382766
408265
250895
649860
208449
514824
111281
50238
764701
920536
148506
145772
450154
79337
46818
214592
117750
202543
572855
456132
2613
43327
189455
68565
81265
16863
76000
9707
431526
94545
927988
318190
762607
646680
21725
414809
14798
47490
523148
418027
505378
516334
194986
184687
127478
107730
46738
41640
239710
52910
53931
252434
564854
224702
165134
97831
1829
191448
225437
401715
135803
284365
101848
565648
8991
3557
24106
375774
42092
85528
64899
587
593122
106215
265879
160298
6987
342861
394451
196732
86470
385093
437427
82325
329253
269603
13057
20032
113106
67463
184440
119943
578939
531322
496027
91649
840672
124847
76759
58444
297492
131860
49218
82008
544621
11136
167336
10810
483284
145040
507882
436502
11918
184961
240309
59730
18399
917855
24932
670468
543061
410379
273903
26292
196963
49210
78270
250128
237231
208335
397160
172385
54126
19276
617568
260982
320919
902582
439480
37980
207704
595651
285595
403337
132197
374456
256510
906364
377242
57220
381800
678924
15085
792
48540
37679
134629
328623
190549
520394
224984
117
290289
103638
667761
551902
650619
758427
384942
42190
168236
9995
136797
518575
106668
162348
152554
585232
231319
269760
243063
149
326483
387526
598983
257423
357903
65909
144325
544866
546444
15660
6604
78472
340068
869392
152051
78014
365955
320583
544457
112857
369976
659314
167899
218019
670657
559657
170488
293208
636250
417714
492920
56439
89405
326562
135589
480383
260879
713560
5373
59729
53173
287185
277800
209687
188332
206507
304576
109024
208819
272776
279437
125254
6519
10275
176102
43027
60858
110688
129521
67948
291133
17971
227072
69898
116704
598128
7042
476789
67117
82442
94392
83908
256348
182306
11028
833305
393072
718
62714
736833
24084
589445
16937
791957
221380
767890
153701
440219
615855
718893
181846
491452
20376
77587
580481
286205
215987
138618
124072
103362
315671
19248
32928
203865
934810
354303
398467
173242
540908
124885
329018
122289
641129
613562
576575
79606
164742
6079
179231
135245
83665
201614
3920
226208
766687
91257
42698
75771
200332
339801
41958
7366
184904
202953
395422
361839
596130
62183
357776
377833
942368
163734
282469
22493
692751
681253
24293
678306
266590
360034
135033
134714
356468
519850
71888
61246
7581
15963
408551
407977
438964
182062
79585
42049
161254
184698
510945
257184
89236
20531
46211
780445
404391
320412
267433
20753
54219
184799
769438
326580
84996
46483
133546
61152
187555
88411
328913
537371
387677
43929
127708
19169
57272
477759
474915
67697
398408
43665
532165
182183
72663
12057
7907
562089
292443
464300
186675
31225
160830
253223
153560
468493
740051
244565
768317
3230
62752
321569
351570
823158
69626
169235
56547
714147
226973
241766
246963
102726
234613
30369
94809
571462
29
350080
19308
71054
28916
584235
444462
4677
335117
140711
73792
259742
102796
137363
31736
224704
442925
351547
799466
122589
40348
189918
16875
345330
449006
348693
373826
103639
253091
332169
175365
288555
410236
56350
414229
239102
325335
594936
236046
38860
298983
385993
23055
229172
75091
432993
232101
105211
110889
613105
542959
597417
44561
142064
365588
622988
428408
5482
131447
11727
124359
325689
195581
470365
104981
138629
404687
150027
43495
395976
12602
429534
39185
32050
13950
340237
696115
92616
563468
14595
117318
153798
19831
707642
338467
2543
337814
306626
61911
520262
494268
6910
380813
396125
10561
267818
134417
799047
165072
25355
674673
19485
491449
94485
180305
176911
28398
417485
3502
399363
538841
68143
471220
228503
13832
17727
314816
849070
127140
155346
5078
46367
162852
200725
193871
316160
342163
431416
876210
130347
474416
358159
12205
365462
72026
163014
124044
161032
618347
268365
209854
35554
80718
59717
5380
519956
351077
117852
13108
16837
723889
76337
104375
281297
654457
347401
41362
17428
76007
363946
182120
268480
256371
310105
206226
930900
68227
28599
42036
391079
55032
165647
11257
76009
484261
576982
84793
191270
4946
48762
66248
478196
415164
214584
44841
117367
283259
8341
16198
256002
39654
97410
257055
428978
400013
581700
90361
565
153658
602445
491951
131602
571923
55311
59944
46550
119954
155918
686010
746452
230615
145804
178951
41182
241181
122431
880498
761984
17954
145972
193523
28791
275740
2170
241723
80862
384761
296804
22614
664432
3497
395631
641074
43462
61547
502451
76047
739071
788736
338030
11085
412674
283834
780514
72896
60699
47242
472071
107874
22994
38580
110867
95742
144579
525078
649546
253059
7988
1010
242709
82748
614107
287573
124625
756734
602300
151317
356575
14965
4898
87544
11146
302703
27040
149677
44811
171412
419315
64887
121742
141232
277958
327025
499924
146267
10934
262038
20088
488205
31900
51378
395507
94306
14302
155678
426349
276714
692559
910047
129536
375538
442517
9760
475609
183889
31213
259860
127188
179397
820337
47971
224746
602413
210314
606169
113971
43391
75234
536137
58712
33050
607074
100419
409648
87983
331945
379968
72832
217157
493556
90392
628324
825028
754832
520694
286837
232986
395717
350886
60409
386791
98733
230833
5592
3125
120178
117635
291772
359525
440471
26019
8204
54165
192588
1966
165487
58183
18449
74354
119769
28613
135523
11449
334961
210872
100111
808599
840601
268343
18205
422982
83873
307827
578801
252604
768663
336323
74997
1970
87663
289198
364896
697484
512564
454949
21472
616738
752870
208609
419686
41738
351820
306818
267000
436928
712224
166205
384559
21339
85439
107372
537755
22548
478799
585
424623
333
196520
458965
86793
105555
395721
121156
136693
83355
10536
172019
1132
230357
1290
18018
293999
96888
451099
388350
73538
27520
545360
376705
235957
254073
148170
130380
121608
128906
371467
99305
139037
77490
87205
547149
183227
182065
400113
91298
439589
378440
187917
135093
28811
21932
547744
58719
75599
18218
165180
130976
41115
24371
94881
17133
155274
551069
368786
251255
391170
765622
562311
41117
381595
264130
232676
14835
43258
3118
188502
714263
379025
268863
61030
542387
210365
190873
199400
14710
471448
252725
256941
126621
762166
309462
864640
638366
975793
401110
66103
107177
304204
83724
201476
95737
370134
278853
391628
389294
121014
186847
232922
257027
387072
353395
129907
14515
555185
576468
661683
413616
340774
62457
712196
37820
406111
598016
446750
13637
172615
391591
199744
232713
253969
438399
371466
32264
284951
889200
313670
357104
116440
303224
37637
194785
322794
394703
24183
103989
15775
190236
495418
30331
584018
4499
65649
384518
242389
414751
562630
266984
166004
48338
386173
399037
4793
139366
140239
9742
2007
226857
70095
4398
8912
5852
58349
572020
567065
54802
258481
2223
1146
322996
198046
716993
687225
29169
190293
311987
55532
12807
674701
619117
25281
95911
74754
260237
84975
64951
60076
204112
773717
54719
537635
15572
243102
137587
267603
443497
120497
125960
33234
235511
99920
87668
502294
186
408684
977075
83736
157082
61889
71041
5252
318086
304481
97815
6116
513536
170093
544362
354602
510072
250136
684626
299771
851141
79697
76057
635920
185644
480071
457245
205994
259035
62101
435091
333843
704667
151880
40099
259670
163160
64646
240168
16039
37182
140635
66323
124124
52099
42747
130131
618421
485035
675899
344452
218784
16060
452114
53756
95363
5805
266535
200624
385880
612424
120557
177365
204009
193194
3603
328976
155028
356121
74061
735955
83433
682316
459255
685208
300217
765963
273538
152931
534257
65029
149740
293289
134350
806
484208
243683
6690
50486
701174
13578
156154
247343
77284
528
624357
147609
70747
500604
92891
23319
83791
127435
147795
147659
437916
529961
290513
39107
105068
596811
502023
836624
13543
220673
699035
800716
20640
25200
54929
402006
129844
58792
76249
40300
803595
473328
620056
363719
465350
308414
498717
239687
21922
273576
98755
189418
18182
4333
7328
275352
118652
58751
487880
15930
194965
54068
129837
324205
383149
462641
501418
109512
261783
289959
6118
185997
22350
4962
39083
570432
143302
556412
86867
66720
84311
50311
351442
355755
173720
196127
8552
912865
103250
134795
93990
133143
843489
446355
103254
122792
249286
398963
639089
284457
28900
12120
186220
83634
201724
469504
362266
111930
39540
51543
775636
132494
92691
443508
291
314535
21633
395297
634051
15356
138117
463876
545144
25628
65105
584897
84361
208003
128631
1749
247003
16894
396898
193189
75342
433969
341137
360761
19672
5991
743168
75328
249189
327529
83998
166458
154916
24806
143582
7971
278813
239609
51736
96349
164721
91504
284001
19126
42875
658479
324463
744181
420697
197352
526519
11140
170273
54146
81508
279060
758008
548030
536241
81258
23077
4918
415281
458052
124176
244034
4143
71526
518271
112276
28640
199214
478243
172025
272995
589529
16926
32765
270793
635347
640465
138636
381165
443972
169192
658022
118856
126209
361516
578310
92790
783140
157105
53968
68336
93712
50805
404059
170905
662522
356764
1573
277891
89306
223693
40446
511259
733426
184175
159148
52127
107270
73377
166502
73097
48712
226569
167727
210582
381226
384819
185567
148344
561698
123145
225507
136234
75490
8175
405261
543823
48756
475922
83417
254812
85061
494825
252414
19617
125712
105576
564340
771879
44494
239973
459484
626662
5063
225155
63980
246642
31043
282324
182655
129694
320548
460337
148636
136132
70421
1140
149103
115315
11926
565408
576609
728876
6243
354847
401381
282825
414138
259637
85254
442639
637661
725683
465355
207147
190114
148869
151706
204709
734936
95028
490535
263637
777826
260972
80175
770750
76030
4879
118995
603632
104885
230428
611403
230476
52072
8701
56888
36827
90157
224585
29819
607753
204400
506042
1364
816898
108446
774099
19117
257394
97505
71096
160999
26668
269561
217862
450376
323412
618167
236948
38488
27528
1301
464997
507643
218689
276277
184296
149475
88571
363821
108836
457086
33914
303599
19147
1897
180109
497364
26240
46691
16163
322050
295116
525730
275151
11108
255745
768102
256003
167675
411609
63715
402222
393433
14314
332693
179925
81749
188703
136862
623672
533813
522413
662249
40193
50381
182560
224953
175352
71855
71372
24469
203302
173073
257346
54370
15964
62143
339839
436557
445439
852010
9790
40408
285761
134856
30795
256408
344406
526207
278037
7358
11606
66120
457651
300007
420129
10199
78948
271215
77113
179838
897059
2174
240050
124342
112380
359201
423417
150477
234980
35398
42929
382067
83700
739785
27265
152070
172798
115555
455501
87938
268321
356242
78258
334948
11604
2033
479554
228061
346229
135948
135465
5054
25738
53628
247057
60175
421442
336918
708832
1220
818559
58432
648734
646163
277441
362488
355240
417944
7165
229775
393442
33760
295449
282592
203516
14826
498844
366282
348953
467001
57001
428916
201782
3590
349832
77692
306743
27199
786
357054
499800
317045
48864
726420
369524
15274
73111
351948
116992
210322
531683
230628
73102
79861
398530
132036
32850
122223
152946
36409
467675
722078
26014
4620
153232
4551
238125
98491
292954
196396
519813
516611
335
124184
56273
190834
550903
502393
23417
167266
50197
377344
54876
138345
293309
256248
31742
243645
835504
162673
25440
4710
409929
281449
17975
389595
212149
90281
282396
204290
294337
869
73108
680211
348047
115155
150189
358080
350528
540837
81741
46365
394743
30031
50188
287138
58929
136827
79076
288620
150817
194148
99416
57617
59784
155531
54079
80284
523873
581519
777098
37385
522884
61610
776126
62398
191653
84510
64287
836342
401820
75662
47353
293238
10237
432402
13134
84870
238795
218801
294236
334055
745132
418964
238860
20604
918252
103550
381207
19638
330860
201970
64107
248649
28940
171705
360477
153062
198349
641304
7212
15763
93180
940788
327607
41785
332410
67968
107931
421528
307833
256191
52018
3634
349814
24852
103966
134233
552484
58730
573187
380213
558730
30711
535091
62411
550693
393259
264551
280704
79209
236777
400655
686310
280456
546552
48167
75850
118255
2716
214367
130585
621785
296019
3808
486043
8847
217323
138262
103419
173586
559010
90266
16903
613177
309776
188797
43085
91099
472424
374091
104383
274357
127044
836552
562958
647070
476763
488090
337217
100001
381063
93124
264151
289476
11788
355904
291506
624745
646714
585096
168655
183819
2700
17756
44358
343675
315614
23015
258752
591905
7966
76018
67376
592662
279988
52417
440355
32476
160511
207620
74414
424985
499
292671
206906
22331
816698
65067
519369
84927
394984
18680
63567
351844
81315
174435
157836
398
414763
257262
221709
92582
598039
33102
223945
15909
263457
30257
839991
530353
89142
24279
11880
551192
223509
368956
52065
144384
434204
450985
591594
273130
132611
411207
375651
583842
148540
558035
47340
37096
751657
135712
302361
289109
15355
38469
608045
275191
41794
318037
144318
493194
101247
563250
61089
541165
198915
327556
72189
8880
739866
490737
8660
482321
688545
525881
21645
39873
16809
342419
468275
572356
210867
539992
132252
94226
124358
396447
886016
51297
4023
61909
229246
333342
250241
91032
215618
770079
151069
486571
44457
194153
191493
251456
298152
551073
535091
36782
57386
601243
79192
12102
57893
1681
88561
6760
888054
242478
83979
74601
122211
170261
777831
524444
29514
6651
2410
446974
853127
329145
221855
355103
529642
4553
398850
865695
121868
511771
37448
309385
509374
676565
131026
899965
299225
141123
182713
6066
47748
75854
123898
23156
6676
98808
262758
83446
338966
23046
464408
797896
645311
33240
139442
74305
2271
171159
569708
112097
129362
288162
58861
723636
311599
410215
187034
7427
98302
850649
587867
232225
2772
34731
94568
505245
201799
696457
22775
779320
180564
25878
406493
289574
48262
165889
127244
112370
464430
69112
94405
554897
4269
131306
277564
880677
248444
398566
88934
38295
158551
32309
495408
57323
311071
11364
34300
86717
915
25355
117795
148392
107362
67714
223251
145573
46483
533195
459433
333372
98913
14224
68134
8712
108618
597344
142880
250014
585624
77597
833395
617781
6357
703065
52781
13529
3980
24307
280916
447914
903793
317794
297569
570838
688583
784225
22811
301605
260178
39950
359600
88305
497900
144115
465421
79019
213979
152167
59578
194922
4684
523018
12218
192921
231042
509488
97858
270333
108782
346894
28646
631841
320819
870437
240768
126762
83972
251110
585364
54822
6793
121674
150902
241226
89206
306837
166125
45412
108765
25674
716789
96204
199494
225007
112544
325252
640954
798897
225520
16785
152940
534372
721942
330
98612
3393
261322
305057
130940
1101
117649
842882
169562
427860
73868
140267
292501
624653
393364
220776
393000
111000
294818
410030
455171
2426
665951
616080
162201
138205
233341
128731
220576
64461
321614
72113
5434
428913
101723
1835
394958
79109
311423
40409
440636
63318
207405
45295
400696
36983
104364
4934
17707
61580
152582
175534
484880
449502
34125
365696
331287
167529
265184
126701
45694
7042
231671
180088
600174
265911
585182
40061
233110
122469
384336
529927
317833
7579
83686
349749
191713
267871
298845
6719
16798
185747
256284
664189
18001
34372
361164
416988
90219
470970
139253
47671
197802
39269
290159
615325
102599
14256
630539
230072
175537
58010
28905
17116
164478
431550
119749
123451
409049
245412
177920
42584
560367
20728
214039
446667
277281
123068
602860
182236
800250
49965
501104
232053
292198
609894
145230
299455
169837
46720
108405
470330
4999
157945
4255
76649
261173
271020
269556
17261
56332
83405
289642
179870
277734
256146
598030
124170
561285
525991
105395
828705
292168
733733
595122
349891
32646
41445
653325
417425
132965
312401
607346
351
311917
801141
28528
625636
87828
79243
32056
121536
142396
179033
443654
235091
55253
812227
87971
521573
32346
296596
422296
126201
65809
570
64923
374619
50638
23283
397541
290040
14372
178595
587611
34238
145558
98411
284771
50134
461014
81696
107701
41388
68061
114024
20920
163558
298926
411724
26273
62206
455757
51416
34943
13398
518534
58413
102192
69610
239585
200561
28240
270993
196423
76324
133669
377444
261138
560908
213094
112272
362761
19220
472948
254370
474842
477305
58552
290051
86998
106259
237756
266076
424295
92984
412598
247430
165483
5394
94017
140972
259221
405082
293024
87574
79737
668532
62390
291182
357240
7901
420544
600752
47727
403372
360772
74869
279413
11019
17231
128388
86140
39132
481421
661046
178
65900
194864
87844
712191
9833
51
584462
118725
151257
489359
104480
380526
140449
706739
457787
794796
62130
380400
12299
243252
526851
102234
595082
491285
440066
392740
50182
340578
323199
109874
99128
131056
331287
293096
896783
34008
855369
418043
118445
5180
43805
207126
587601
146990
208143
886741
182198
237587
106399
64281
18266
722219
79157
268372
93082
27931
42751
314703
485171
202829
2521
15573
461166
20497
27572
80736
28359
214465
154431
278069
596703
421395
245111
375998
10689
556247
93857
247281
2123
449247
172129
58078
195503
301104
47709
585757
86030
279534
202819
516857
240635
383246
107407
227361
118878
21895
18787
246510
10188
138763
52486
183
592446
253390
79650
481126
102579
68780
27522
245224
28855
33845
60100
212975
320860
20215
948857
506657
141285
157205
182915
64309
24208
56373
480054
357445
106191
483475
6818
6815
48704
179775
574854
161517
369089
184353
81277
809358
142379
654340
708999
227343
785373
290727
184791
306520
109918
589967
447405
184399
248268
394867
518303
142464
11507
162604
66668
323235
385752
145118
63366
116476
648078
520903
400009
191792
193083
16357
27234
68069
38963
567353
129265
76964
52287
410972
10777
91399
445638
574132
243539
627453
178418
328974
121806
270467
760012
219378
617404
397513
161929
119523
25161
155513
166320
443336
894182
195429
393606
476653
70772
400195
276459
36107
14914
434743
234479
174892
242774
190541
440372
26037
282962
116856
339944
131608
204933
802083
236623
570444
7517
939210
1912
443676
45047
90774
432748
351303
50511
151447
32499
746903
52001
163339
140375
115213
78418
129076
184733
37737
34814
127460
72639
141116
72109
64969
221812
27448
393333
67697
761762
18122
347797
367246
5528
343178
110529
254001
519678
135417
122102
43939
317215
199312
369790
184819
8781
640084
10263
128600
544730
57379
180371
4416
662975
18935
145636
46933
62573
468
53225
160015
94729
522104
324519
564842
325815
621008
480
14320
429767
244186
43807
366108
66683
182244
110916
296384
2961
574081
317958
59704
56354
353435
864
37055
394122
102824
332788
33429
5752
385483
42587
495995
580218
163734
78605
394152
235309
302504
174680
656682
729
481576
360291
16283
230309
462535
179818
6551
93460
181730
514099
936315
576134
626843
136714
11403
360325
266450
45968
135337
32687
613024
371754
570820
6326
196444
124481
178735
113862
31289
384833
331495
624353
858201
48812
25127
14304
6813
690062
21128
707964
113542
216624
111890
437604
37261
518852
76666
913074
161773
225050
40379
265151
601035
79791
13743
481098
286190
133
171352
122579
6635
23789
239240
105088
166911
67715
170160
206685
265245
100819
291956
655
201843
274791
199944
47645
261579
6409
239946
30633
101727
23668
542907
357843
524330
27035
418498
70931
254321
326105
731344
171807
7795
1496
329130
2476
221334
573967
50188
42154
185413
72675
45880
53286
22828
412528
272978
26183
777108
475792
191793
6004
445990
107265
366137
289657
90040
140027
263835
21804
395914
153915
556503
656695
319251
371443
236980
346107
347985
146
284897
300979
35361
523921
76867
199460
45784
73678
410780
192761
64783
16931
71471
875808
536821
62433
212402
55675
52421
351388
22864
211995
51819
302749
341999
237376
278406
123457
601751
40142
364063
353216
3944
154669
602264
243143
175333
96078
474776
153928
392350
20603
197537
204626
22884
428897
207299
539264
255622
351430
58353
458727
39248
554212
210573
922811
25178
20175
20718
184504
218029
325821
243869
648320
400841
24162
518277
76747
5238
449411
459952
49663
621239
32259
811816
8505
43192
606873
470634
32013
6712
42830
80547
22032
430167
345460
51693
348104
11330
166315
375786
679031
370118
229990
164295
57457
774
39820
194002
15776
269284
172336
202828
219606
25645
70659
364469
36204
55774
6985
43555
188144
48969
1431
650304
307551
18685
87270
393447
188698
83767
517575
36790
27396
90548
543420
322547
251766
54254
582964
238958
53605
889166
318489
111458
829412
21878
305561
72389
103057
215341
251925
430888
617974
28555
45608
92288
87653
80412
285248
807816
485994
124468
343369
138935
647622
754440
116183
88325
559122
419941
446618
699932
139816
213912
154937
194726
329452
377673
38988
403185
345025
411685
300955
255403
603022
166311
151328
19546
630477
123868
211231
67362
8975
125167
64503
572545
546564
310556
180232
7311
46383
69191
524360
181380
452205
597663
8115
309698
175373
817803
719981
1466
353656
4780
41344
12723
347982
332569
103426
398173
369338
203833
540453
22170
49991
234173
30294
221609
269206
25862
702025
954385
1520
849396
139120
433711
127786
159747
47450
73294
447031
53295
600355
609731
37060
93262
252650
166234
54037
338708
96334
200539
459170
492457
565906
77877
522282
417137
83332
538089
369049
395207
18127
796009
62700
733027
197148
475669
161885
355516
438390
536684
99231
297773
162698
139602
280565
51629
313371
55278
7923
80482
297424
131313
82106
160227
438136
239402
374548
199888
15150
7872
257154
20522
107399
62948
76504
178546
41426
57605
148916
261994
409995
56283
234457
785633
10593
217993
71167
61039
98680
17977
3867
401078
315058
133892
253069
12017
102270
61318
328985
29266
550143
364964
972154
488735
168803
26852
139151
157925
82981
97417
29466
80953
409378
112044
469056
19952
55199
28371
193548
85976
84306
32364
31307
71742
322974
617747
573361
60522
20618
6422
429611
845897
38954
139630
407121
169605
497039
70433
96990
717978
279507
87971
247069
50031
107271
852329
640231
1638
398457
35545
811951
184714
46579
196153
586888
336530
404052
434803
202911
386270
127071
85171
3132
27380
110097
3496
417884
13477
567402
419808
230928
200557
323518
5383
68944
64154
10862
125393
462015
420332
455197
221117
641716
4962
115250
811497
486198
588611
543028
447322
317358
748517
843615
168676
346376
173806
429497
247943
1696
260609
228357
379772
590874
21259
55582
41698
83025
406180
71589
84374
335758
307908
33854
687955
83615
601254
135257
797352
183578
594868
163458
40205
554502
352900
935
429152
386384
38255
259630
369141
226679
95851
190259
328966
300110
731241
183886
149400
120898
478903
116993
251249
194024
526774
626918
82789
32218
122325
5742
19093
307649
206102
295868
121794
612588
23362
461676
296259
358429
146614
233941
519759
129437
12851
74382
88322
128154
628955
76387
390490
8191
51924
125586
370373
212214
226073
193398
98764
397113
422864
94373
502187
252998
4136
454890
618905
237847
160814
262430
154740
410734
559833
725443
710553
231428
335572
244116
261829
80985
256278
458152
95400
212053
147927
306786
108040
318417
20718
153436
718869
292860
479808
374231
31233
549606
73882
254163
286339
364009
383125
130322
291713
186193
287504
169297
98571
84654
17266
560172
242245
11405
571386
631628
17537
55502
352762
72371
105590
336330
350646
335826
2278
313373
56601
530507
109069
50570
48697
186691
213405
71011
205449
262693
708
165267
117382
101908
229773
469096
503677
52378
264259
340100
160809
191346
479560
907640
206630
517720
272884
389380
111579
274654
336604
148762
527392
337553
113736
12201
16535
103552
15043
120222
76401
94932
127946
612317
106142
176577
159776
232366
55188
546922
339362
387524
481061
153615
311140
203391
316191
239444
103784
521270
88762
7285
152837
138360
77293
292939
319017
89667
108995
1668
128581
606368
182748
242779
93738
105414
202815
209941
723146
196471
182627
558621
113502
85232
476733
137436
86424
686726
152519
250493
94017
21391
550137
4437
140709
698580
108190
190197
210425
297016
212671
389485
114186
120160
111261
434492
91730
63243
174757
84049
221207
189998
784605
247221
91269
423409
662838
252203
154576
13561
423020
534620
511430
139011
120514
631357
217154
156469
494919
653559
257287
148888
539596
337808
70410
16144
30118
448071
301237
582336
550555
731745
845111
606953
260377
523922
213286
206231
529907
4502
182196
427736
701546
374076
90821
254657
238565
419126
99992
7545
240850
120098
516527
668522
159960
4266
150712
23647
312701
439523
557591
446563
452093
226714
49939
634349
259398
1736
233239
382559
587782
168039
299012
65372
769890
36066
248321
482217
165917
395670
162350
18549
439739
439713
58172
388370
225394
480268
520778
38022
144489
43044
824901
601200
9554
170978
49490
66068
207613
222786
301914
436380
516275
36718
31267
17414
509336
160346
56019
231128
99016
144078
11771
77036
444685
137786
496047
637794
124631
71894
465181
120011
432263
101140
867645
453029
50158
769045
22381
235941
389488
508929
629551
505155
314970
473556
32195
5082
65454
171020
35628
71516
98027
17556
5607
954256
353245
335833
370567
82617
615549
4387
344725
356889
169318
594890
44212
317875
224755
578354
302715
145361
12436
300777
123
475969
42932
84394
3250
577828
274289
443087
85272
339466
319290
542150
324803
70530
96832
8918
67160
487614
181743
511262
147656
284978
59472
83478
1281
543119
97050
85005
231092
57265
282448
628484
169221
218207
150575
92655
13472
148073
60414
247112
218816
10117
242862
317936
209755
203414
1671
433977
512324
26222
547958
695539
127880
94556
308183
511457
443675
414060
133
539346
43536
705301
319069
234155
86520
133347
153388
194887
26288
40912
492400
707969
193392
323235
215555
15063
328887
394184
17274
124048
303802
411708
85230
11479
343734
10783
314134
53959
334384
220752
228387
59336
454104
112183
154962
114259
52662
4146
174289
21521
10514
16445
834184
406237
1693
703343
22721
426395
406420
81337
1115
270761
36014
15644
542731
148633
378285
198995
119136
41330
230513
100994
21912
14266
184334
122659
82068
155972
351662
514296
464404
134436
20284
489996
1184
394665
599964
247482
195602
331104
85952
746535
591202
26252
94106
207526
148162
142455
103992
182213
138462
424055
177204
24782
7423
46577
844673
372985
157262
540758
54409
216120
468746
151326
99981
289072
55433
264422
192463
95831
65634
119622
108343
96677
90316
315633
405207
43838
594222
405383
3621
46162
78187
385175
71692
226573
80434
826757
301729
471975
100157
59194
121708
173635
943233
302948
67970
27554
316960
169762
253173
84340
73533
695187
213132
190332
520671
112282
211851
287077
34946
622806
26677
457224
181082
486940
56779
932996
539522
495353
70662
281
576737
456290
234017
14348
84741
424654
941247
947
82968
107702
14189
238668
117960
116053
94804
433188
94372
619780
42262
147527
363691
506809
749739
395875
127005
30041
24671
201863
218707
449042
241923
185887
153158
123270
9568
456881
389216
12475
718764
240472
124443
12029
709468
467
428729
140315
108925
140578
19527
246129
49952
556544
779977
54772
186864
100807
569987
133377
6282
1954
92794
18897
562969
693941
257201
8635
177400
345415
635137
624505
76602
100282
354824
10857
2855
116878
621937
178773
372184
365169
53479
3330
142699
497019
6329
174146
610354
9222
42619
87916
1047
50035
102423
697847
195209
130254
20706
236020
611628
274463
204272
439368
17647
390859
7232
750384
104563
75263
260049
298460
364435
230738
92627
534967
672561
673548
4967
20680
168171
291861
319579
47121
72748
139597
446820
3342
308495
329942
94260
377286
312819
189364
534403
335036
23112
138479
9620
113325
415518
282754
247069
1205
46436
197448
335512
292240
159836
131648
30361
20547
22948
318041
11813
90703
504803
207288
246125
377391
3798
424619
367220
633617
324242
240937
368596
519727
415463
122712
30629
158975
477741
119413
498413
38213
838943
716576
300178
209016
108755
71029
9744
434397
32438
634980
103111
2496
76754
2666
2407
320688
563354
255978
503099
229673
553194
265886
393467
125980
310742
324854
33609
414791
121348
161190
419048
53160
483665
297440
25143
146804
34145
197972
99949
462554
103625
634
657602
106643
86025
792
70244
534995
667174
374969
363361
317619
54887
89108
350843
273125
32143
54529
252642
457013
26867
117176
76619
145852
209329
214636
15231
176843
337317
185205
425471
358548
116360
411731
492311
2512
14527
10863
87342
156053
304260
455179
123546
245577
661868
728436
591536
212011
30492
98685
302555
24976
333152
103938
259663
257267
60192
118153
209898
123041
420114
9951
193596
245194
119744
12585
84504
168581
52735
162954
34773
522886
703374
194647
104163
158087
256112
221040
445173
100767
165904
648068
55431
194631
265698
144212
718465
288721
259528
217891
190289
303316
173982
430722
225748
77518
351965
20285
541119
8427
36524
177309
364751
109970
577653
51436
159560
254241
325838
316950
14854
32381
94316
563751
77984
277895
600082
104749
295484
176410
19939
485680
388435
48774
34286
884
319674
23045
525892
248714
245907
128927
611656
144563
267038
125516
29090
744983
17503
69475
595107
517995
622003
160093
57668
18205
200338
355356
59316
765478
19782
367512
341304
95626
233366
4339
59483
9342
82864
435316
19156
87731
33777
101185
55187
20578
17895
673000
79239
569377
49385
1600
256173
95208
436759
406987
193025
111339
177328
629449
72549
711161
19596
397597
509820
223855
75734
53929
95391
74090
580212
621372
127538
142983
156404
316613
281850
51758
4793
96275
208379
601013
211488
854611
29242
14983
69947
462145
449887
49075
409849
132670
24380
77766
247631
563779
428283
78675
127328
365675
700259
72320
275382
102356
462014
584763
116239
291396
525681
39416
108048
358868
271231
302363
47359
182323
561686
154194
213238
727893
366612
39964
848161
577042
604895
120883
37651
322408
7754
241361
228691
6124
206530
80731
16207
663790
322884
329164
31421
361254
332271
144538
22727
74164
88412
232616
643805
200066
353703
64066
170211
205237
14047
199101
25880
236173
122455
302223
32800
714481
785905
597995
750209
230575
145901
21689
43894
48768
323119
174550
39992
129135
441545
699254
337360
541
6094
195441
270427
217632
36871
43428
633000
918631
63150
340815
532053
18482
235463
37326
139444
122503
303953
93164
315433
22739
731138
208184
164191
649858
242908
289964
46879
277884
81531
282175
718529
937289
206198
571129
354955
330532
108314
76596
87666
279416
23795
429095
614618
541391
1034
385137
80056
202611
2636
128672
17898
368562
722340
333518
506767
222405
38592
569868
81446
505745
146407
121532
67842
242215
286528
36458
54096
224963
148979
247421
472791
5552
167114
817525
332532
100918
60357
486099
230648
437725
478424
163664
655711
4401
110710
26289
387418
152088
2959
111643
121068
96573
503090
353824
219572
196371
363909
5224
538483
533233
252801
166280
648443
236336
395018
22899
387701
803023
845899
71
305110
123942
101017
111988
896400
460520
33604
602176
300307
671216
280370
5152
303120
248462
390415
235232
413828
769144
696583
89678
99214
485618
35894
468909
28091
19644
349063
193011
554804
710239
339142
9822
499490
28639
372654
225165
18308
331951
419093
433974
14653
267266
78776
76887
133750
71966
90822
384009
50178
97311
322496
25480
9151
357083
93776
313311
694243
415542
37943
16502
61133
283854
116496
54756
77409
569751
699727
12521
443563
8323
357300
264172
553962
174853
70282
660621
55865
77921
54963
12741
414205
117513
254813
72204
62783
71544
11699
16139
444620
7008
24705
86161
41110
121095
5053
22602
205327
318004
96404
639106
630259
13923
43045
114652
838967
395537
29887
86825
374725
33311
35740
61287
245735
279536
368989
297532
260248
518660
362298
297303
451798
336335
7612
571310
162909
38546
58024
64235
163785
627784
208772
276858
151765
309111
96494
46261
148218
69645
490775
667187
282887
208243
10659
365458
647837
265987
129402
576813
116640
41465
241910
190032
236969
119443
77589
90200
57956
56400
66617
249045
401745
60419
256026
110309
17982
89786
563036
466760
187175
74478
464197
156211
168486
575012
182651
46179
329466
90463
10863
130462
177399
99192
328974
784537
117768
274463
18630
24217
87968
231462
364434
895993
734761
6560
139644
132084
172960
154332
911425
565989
53579
548140
190677
230244
561649
389015
13012
93375
22153
194739
88434
385351
202861
78728
489257
30098
22516
170277
40287
72132
112307
336992
344631
118143
398182
540520
678861
60237
16267
191995
54487
785720
179991
82316
240892
660970
537233
617056
101007
2035
3982
709766
109436
632655
253448
537363
829978
753489
230481
138232
227197
399715
346407
65249
5080
373670
59022
510620
128018
156052
10696
91849
62302
175623
388173
20675
687934
561217
395207
281251
441679
674865
692007
35974
189862
213567
222292
513097
81545
552020
408515
761750
74749
244677
88581
13292
943964
24234
570118
80164
286954
15297
240296
603471
43557
756483
102526
152725
714674
396986
18
307128
37018
296796
738635
133074
492733
470880
319961
117466
340978
2316
398462
303736
198759
762783
460574
32106
37887
451680
128837
445098
15266
9469
33981
17334
866614
158
384511
122378
152801
319262
10203
87326
289553
30408
180976
239473
315816
322853
77323
98312
100857
54334
65088
46282
149447
208561
558347
152916
82954
5039
43543
75344
60044
399468
70511
577308
176069
12345
545499
543176
157578
638477
323872
71183
125537
772915
42277
11668
938480
247705
626126
119922
14936
140388
415321
1240
574791
278077
181474
18706
95438
334370
444819
268718
33192
58184
438613
534373
749676
331625
794663
375753
767736
49904
118394
567311
261265
303671
571739
583114
432733
96387
204058
952549
369452
75228
21826
190772
10444
548725
270180
25227
13168
70127
237316
24654
9243
58578
310501
291070
313115
387760
11954
385609
110066
461126
92109
10107
504964
15780
182514
75156
142248
693443
31220
520273
779744
301139
167705
31034
22383
391174
120727
740473
69257
24266
531516
45587
216715
273547
603342
47643
205655
65213
97247
312282
72650
272356
92826
63759
176721
215233
198946
192812
1247
206254
19983
198986
57101
2644
16159
694530
363003
352518
310141
278803
172147
120372
18906
151279
64395
101077
45781
4959
234583
115612
285921
263516
25953
473164
87816
38729
159945
672102
21595
274259
97679
92754
244928
29437
107160
337227
245912
45058
337118
31614
282775
43147
103837
698211
281414
435753
125575
137501
73245
644657
34408
799788
439543
358767
91709
203612
49395
371046
89926
64018
171872
531939
292428
457712
521468
210902
425860
121832
67597
79525
16195
88435
57252
611331
86648
759885
132892
131932
87507
845677
657059
359911
44835
38525
124303
424553
335924
83323
18363
82574
47056
29211
36371
530
289538
639149
423197
478943
273769
300185
309923
76035
200821
46175
39436
97970
341194
499946
433379
388145
74405
58131
293504
445933
105228
500192
142257
409044
353940
564754
278162
241558
208885
36706
501981
414144
31478
84059
39762
430355
13379
324783
83798
566254
167980
78033
595334
42594
600565
25700
151548
197300
376723
182237
512434
35211
736161
307550
132092
400371
459638
133619
388232
164028
351138
345246
126714
92119
150682
338171
589604
139364
398922
100586
83932
119214
674585
30579
506475
15045
118193
275380
520127
28533
26707
286066
395865
268938
117577
326466
112304
123489
313937
428143
155487
335584
188736
260333
67018
411110
91337
16364
147075
46936
45763
183086
215289
153265
249000
828734
411439
112810
84683
177975
55688
99041
490179
50346
98618
6559
179656
74815
489748
382254
404481
51121
186921
467067
48932
301710
118279
371104
8237
87109
675140
507785
490580
407321
231643
20699
514219
89646
5563
772126
177776
239416
695973
77115
346129
235833
564873
61644
260550
453115
230115
19613
421591
240296
235559
20240
276180
96144
94307
37278
652486
137967
73285
18169
342416
15925
194879
12274
228795
306274
108849
516443
104885
736910
80667
235000
44959
483950
426533
115348
256281
106361
3084
352006
44821
10272
76871
338065
607137
449960
199499
9679
26315
146884
447442
120842
367249
49764
85375
63553
110217
300767
623298
381161
776754
228036
312912
23
90977
156158
398722
18997
664499
329259
46383
40919
141798
215292
470202
20651
155999
343209
220044
235828
99362
137984
65047
235877
478132
45416
105278
9429
344454
738592
575269
2997
270332
233471
443
579406
56015
74972
277708
484934
402281
322681
12817
62097
71048
59368
83340
9722
52480
75452
602683
25868
795029
29529
23194
5594
193482
484150
31507
14772
454404
317023
763155
607737
237074
7712
82754
161469
164527
10010
145936
110245
143815
42177
156427
338317
368264
508313
956384
335814
196905
578282
100752
99341
22776
248318
356488
61835
209615
743928
12011
3254
210426
35333
779823
81792
100623
207908
306921
36245
379556
32378
297257
21876
2726
59339
475850
420735
464501
62639
269522
19566
93934
530119
806956
172126
43414
144063
205060
369686
513084
219957
665002
37006
47167
614606
189488
31373
114398
495623
320088
31217
323020
453408
67820
508399
55492
39702
321638
159852
157215
457738
183995
575315
804650
247870
77248
206433
164423
498612
503879
336949
2716
156933
765605
155408
656249
27158
146858
566186
397022
155977
596058
170469
108703
123806
139356
452117
192912
62047
284081
238314
68931
354559
310699
5628
78612
170444
197274
507664
603049
145442
60968
201211
549715
16062
217754
682585
512808
82697
95893
37591
32948
831553
487188
651799
38517
53134
266364
110757
742309
623035
139824
13063
53392
23160
157852
560016
670632
228030
165583
113108
387028
19806
130695
10982
482042
261598
422831
452775
28171
438683
26558
385840
918796
535286
523698
283650
112998
5230
298491
563659
14133
24448
371248
108143
31874
49251
238418
22654
159308
27205
187431
87571
277854
10510
232247
179140
129048
751285
159434
414290
133289
89715
60150
1472
429029
209607
100784
11213
92439
9067
437625
338084
520406
29840
828110
120268
156927
530075
4436
658820
635607
293687
173869
394063
545631
837710
788436
106163
11461
219311
175583
14256
194002
89868
686353
222974
177480
354233
167367
298551
306050
9652
35890
32157
198252
473432
47647
40041
87544
394785
139483
85780
415713
508913
102452
92339
238729
177846
133584
5253
155545
45493
399948
148906
6989
108377
28154
194572
367154
802075
496916
419952
430981
39274
440188
614653
397377
7051
213443
124569
50675
370518
100779
2145
253096
383159
345743
7842
505828
26519
63803
34121
162576
169334
32280
386302
317349
97095
516093
125
436803
322077
325790
14292
32753
41686
103081
107175
115812
170541
368376
612246
334729
52422
276809
64172
196619
4282
84
480463
409578
167869
393638
142145
1718
320676
298892
191878
269646
236866
127434
705351
655943
31612
80077
19811
854740
315442
576288
679698
6736
247624
536651
537451
138136
99758
298113
749821
205318
117849
319374
302
538068
781687
231176
256668
59045
110902
219193
757055
300435
20316
222045
52447
4164
527193
110917
657274
382715
397097
300829
387953
79254
424500
152776
21060
311756
39756
431113
764190
362091
24009
27253
670008
23050
193484
314953
35583
196254
60867
421190
40546
154542
8788
417656
180752
8525
51294
581764
99584
452961
445905
67075
36697
341308
613459
398672
274436
70960
474911
48861
110994
474369
527096
610954
601910
79836
52214
218789
528052
169919
11567
76949
517139
36249
617386
704562
661218
259369
342144
545737
1652
775858
90728
508503
73996
1519
259927
454960
298069
80579
359427
79603
152577
81542
79552
24455
224599
499472
27214
15969
149930
745343
402859
133989
129564
406196
12216
217131
148959
203973
236757
464138
277052
10174
344723
220777
184765
151912
968369
252249
273917
59056
245745
94697
157030
549798
90377
498407
665959
991901
133881
16590
200087
1050
56439
13363
402596
67862
305170
96300
692989
184396
397377
636740
581709
500334
415539
288503
693206
203520
141271
234246
238445
659751
47617
734892
133721
28046
568167
32504
2208
94601
271399
322720
14264
687
2266
343270
47324
149429
284933
330163
164000
128692
103672
373499
285189
124369
357006
328376
122889
27379
3280
485886
355873
483729
366899
21150
110890
546477
147676
113482
51543
19590
466967
2303
385035
96992
346515
169332
767168
431638
45483
5683
210361
7094
12464
428348
269094
3527
587296
172721
181424
568166
239203
19520
196684
269175
100100
721314
593794
403157
351088
8183
469957
263458
198189
424001
99758
353202
3375
39399
783826
14399
724158
314189
569040
21522
22161
84973
1786
21099
309707
87185
52438
444496
451602
476840
727544
971810
85425
530297
252020
689230
459153
218790
52177
713968
296422
358683
71387
124043
85644
584905
37907
469562
721638
50205
112714
55600
571917
2007
125541
258697
9948
320945
218051
35857
456038
199251
264158
151210
177726
430246
291441
129421
406517
550859
208677
360108
438777
94722
205601
690560
276891
223136
17473
9425
159766
180865
28579
452144
784489
258490
418161
34267
610338
247903
244820
123466
418231
20378
7031
685826
410280
147607
319043
371295
47623
43557
51634
636754
8528
615976
82979
142147
111904
332672
20879
328235
47756
123272
262457
40570
193370
82440
66228
56711
233865
171837
77609
125087
51553
244043
237422
123532
415082
289046
25002
540214
537000
214874
10902
8773
21443
261153
208312
193261
764950
636090
16565
22713
209271
191522
119818
148758
184271
24417
378641
9341
723570
195492
68970
420873
217750
28633
42277
577255
133174
287522
445165
391358
391219
199404
33589
11523
526670
646090
3003
11909
166629
433862
641041
82315
354557
250902
106414
294056
45157
366305
364876
8861
291458
131228
238238
118843
154723
221876
204144
215487
276661
316862
333075
1943
540644
242268
36492
336016
622698
173760
220443
7606
77389
661632
6338
29644
90417
692505
43401
282640
16261
2138
95714
481473
105495
892193
639696
257091
439807
291489
471559
78428
4896
593810
429368
191311
378725
418474
69668
129123
401792
231829
113973
510325
451147
367779
44961
556026
104407
403434
235599
425830
26841
500116
247569
19049
3668
272277
357962
580355
542620
303945
492832
608860
607048
688700
358812
189734
91343
351570
32824
5860
153974
19239
820786
158118
197997
582449
173223
327213
143870
98002
331837
509861
387737
292019
546978
1056
81063
163939
284371
43415
71011
5818
746600
240583
27666
489118
40859
191065
250850
299072
703313
78516
39897
186789
741180
71173
146466
75410
96870
384741
298946
95508
273222
247170
280078
34486
168727
95813
254702
273488
185845
440201
32303
369317
198028
12952
726779
30477
578135
11912
127995
1476
151450
146457
248778
165085
372493
25313
19883
675032
326149
17933
5126
114176
120531
26303
208407
113525
37653
550212
35404
263732
128428
462120
198326
268857
123715
718885
1673
68491
357927
316665
83154
62474
22995
204450
78365
368985
75934
83985
459383
173396
156336
116580
242530
128372
49191
88371
259749
874817
296251
117852
847741
113169
58345
463216
427925
187790
740161
557912
133330
598552
35926
75482
265876
623342
669311
71162
601503
227270
34938
157824
457829
168119
259740
30978
253727
99359
250492
406441
738314
258981
358008
299262
79251
18988
220450
56492
127626
39619
50406
240108
12657
243596
373395
79188
919394
184517
580387
163303
114881
666219
189866
81722
47088
190732
210547
40549
541007
193695
198767
556891
4643
304
143859
266372
282399
70538
200111
627
269740
1997
180415
322163
47157
142028
93591
36286
567115
74176
669997
59377
751561
183786
103156
311098
626783
43154
147458
491061
18936
630972
65521
156278
264226
280843
39417
172116
322597
411893
4604
48569
204846
511152
76830
256354
371911
120704
352390
640343
168147
657190
76968
76607
423147
291996
612573
17912
419272
64863
439248
2084
31899
170001
5164
203722
622162
200153
404466
330004
95628
577247
261790
74780
157263
222229
20362
768433
424889
470436
205491
118100
265345
45959
110751
504085
385681
111037
489208
73734
10370
17282
164973
100292
616416
2925
54329
421973
157960
110758
154460
14262
101772
666
126622
161075
14863
296424
459364
267394
545096
339686
291276
91605
511174
96431
115319
28357
321423
745255
630355
2414
107856
40007
84104
127914
75274
566450
185052
31584
64727
111822
290262
27703
590932
137576
343643
648406
11273
291407
179096
689815
189827
364233
228897
656360
186863
254375
292070
188200
140430
99637
283122
205194
523684
2686
62088
408481
804769
45325
262230
191568
299873
72905
467586
10533
100281
303015
101242
389575
78583
849
44893
61534
112694
66762
115585
261562
306868
121819
240857
110953
561619
233408
13396
113829
430415
608218
57718
212179
113908
272320
145101
61827
688860
123500
517984
111204
747961
743082
265920
149165
756896
705735
108020
54434
131671
334469
66232
493344
856283
17867
550324
397622
54327
82257
662782
545143
876637
150988
220592
406608
968589
152511
15906
501819
120284
85377
11244
488178
401297
93713
841910
312475
33872
269198
24718
843374
295252
395611
18056
620345
544169
412660
169205
132934
151384
1618
179762
403140
343163
32171
281183
44171
71662
4345
500879
357934
94724
312644
47699
245657
250430
61006
117851
26054
14922
56144
44211
453085
601355
121764
277637
16327
201716
33217
165095
240633
525110
65902
109377
410280
5829
592241
756830
436366
457181
522753
20976
91397
433788
162379
560166
322541
204550
2807
152667
80737
225906
115867
21420
3748
504483
256880
137134
7596
41344
308763
852867
658771
77855
200966
53744
329105
9165
189913
119710
9623
151473
215718
556396
667782
278699
338012
831084
901473
14504
768592
22867
3819
147471
150546
98929
295720
21553
229041
579761
93
31618
25869
58833
375376
549859
236704
436467
125489
28036
277553
74164
134637
280753
48946
26782
775582
515173
666917
161804
700600
129919
103524
215958
315691
915140
376774
218809
360161
155856
268460
76873
498526
763902
167069
430965
90697
445060
330893
315094
36812
271782
157310
525001
559878
92557
101171
360497
6412
456075
20387
97474
195935
138588
77772
70628
645665
252497
269096
110492
397546
107
196995
32688
891807
23391
44090
143586
470625
34013
768442
943223
89253
465277
185022
406191
747056
71267
16630
21343
128363
259658
312099
807584
29116
22142
314595
83494
66791
78966
350911
38078
423995
306213
292715
64308
194156
117450
956517
275831
742133
142078
81351
183338
192835
114560
460496
159264
262531
407087
543603
7449
470927
231637
555313
398551
359811
337510
16331
211153
358462
254090
119483
211597
936683
114808
613244
616888
36994
75271
65935
160189
329850
24536
548912
67921
231277
135284
97062
80937
254969
739724
237957
117896
222881
68631
248880
390088
370304
306645
487
161238
208001
89789
248084
736816
75635
61973
134141
98063
11836
145136
328
99932
681008
708471
113603
695400
247561
376176
172166
724540
78421
208294
7091
311753
62583
135707
282267
32015
361236
38914
471712
249175
25887
282445
41943
193595
451121
549819
23930
23107
833097
784097
136363
471382
199972
13963
856555
22640
432581
192895
132604
310011
325904
251723
59185
32439
899849
1592
364167
86801
486763
35452
6499
388767
275450
222865
245720
8237
185299
205056
5635
65691
280348
206805
294186
30688
45459
303733
73528
452243
199248
5543
476785
97043
201
92070
46561
239402
318217
828787
68957
49727
7685
111826
63687
656832
34432
161640
138814
242430
265497
199677
63861
341937
668549
43411
78779
434419
70086
778015
99990
451538
184879
196972
80483
651280
580926
121467
44178
130370
65554
295545
110876
200737
191459
734405
64789
256799
355788
123203
515438
15120
62183
58553
457902
105893
218291
235760
288257
555196
269619
196554
26339
284626
247740
126858
228305
334383
526521
454517
58471
72554
17824
319631
857385
125330
705449
73965
81397
295108
357496
196083
516404
209370
77106
12119
369382
471651
344772
30511
91701
79494
470564
163603
59411
624053
2851
4947
53791
11856
282272
458382
340278
291285
240646
217491
27141
207289
956030
79311
111227
576730
138697
370664
168524
210290
235384
114823
119457
92280
317822
330712
326582
78579
9944
294938
285310
47447
805988
461254
6744
298900
289912
583
574576
811758
76801
1558
315246
205755
285285
609833
106228
7377
957145
207455
11003
23644
430960
346049
830589
99654
608778
48325
39611
132022
173499
199709
835115
53482
325267
341415
20176
414708
94153
1104
242060
62385
224594
417615
268767
17832
492396
505363
25454
16411
283928
122211
50124
279582
140544
235155
123297
151785
326249
8969
224958
308342
462458
187697
434991
550253
12171
36023
29148
433069
233621
39895
549059
37733
48238
340180
482606
68315
193941
764255
67503
79173
20894
2051
24251
179445
822180
484548
744077
81615
69729
442455
1933
377967
296641
8034
43686
146341
15391
27479
69061
8338
667156
186740
550540
3863
496063
212313
225676
56473
4350
454412
395824
132302
229412
121213
43103
59281
475693
317996
120437
575991
480268
46939
483004
793073
329476
751083
10089
89491
29413
343220
196026
108926
873461
83824
10420
500588
393075
283230
642208
430362
285825
152828
241216
35050
146018
127015
141474
188051
4232
6344
260971
295566
143621
34829
628621
1515
338906
81991
47795
2353
238984
114751
193302
492504
614971
562384
45925
309507
476302
738579
14362
13765
628766
205774
13719
154457
317682
209935
139904
34790
112534
11377
418144
274820
193631
548901
7191
211304
1767
756586
126775
396905
104531
719939
3483
871611
138835
649108
419363
625650
14537
361344
575978
2848
20361
120218
313880
701581
8353
42865
731505
125582
304139
412311
765510
239124
521352
66837
251499
198860
468612
4984
105047
10624
857735
40032
58973
63789
316014
103800
568356
576580
168090
57368
7142
37567
119998
466987
30697
8660
585877
25486
85224
70955
234580
113731
395594
26466
192691
38334
174584
224203
331281
473115
397350
490646
67320
552082
35385
296110
704287
6047
213009
113782
84686
125337
396000
60488
465207
64980
378476
34521
99279
132209
8962
811101
11407
185650
274221
2984
365617
97912
289545
347895
89391
82861
236739
134174
223859
1265
104452
257553
35556
127652
227775
353246
177737
451880
113160
55559
180844
44010
356090
450981
34796
1946
371829
164426
88053
826399
171914
215409
48715
320862
24845
414655
176280
324084
257332
183002
637540
259569
54315
58213
301886
7062
485068
556158
358183
449947
28343
16039
335962
164765
706078
322057
248710
41205
12101
412574
122945
9299
397062
403669
477357
229766
278622
185724
611341
24639
16140
717956
4512
144160
760447
289808
14432
55563
669687
381851
2898
722275
272573
185563
174836
771
438525
462038
213385
95898
7722
234348
123813
92494
20026
138479
220496
143533
1684
432514
8096
69449
136996
198424
498271
219312
501892
446091
77307
280060
85889
211858
456277
756650
10888
41279
129965
22732
245622
166124
382702
177110
762225
271536
541100
38542
36906
488340
708631
423583
96467
76029
192192
99614
65255
15927
219759
24643
379060
165289
758348
172339
326870
92825
359730
21435
342681
162649
268952
688912
605144
98409
66235
746817
408310
181711
451889
169459
439511
177514
246052
59017
497367
217980
275768
207666
572116
210297
39629
440897
2717
372
10559
124310
63651
35268
238458
7644
17282
18953
244294
389571
123432
89483
221352
2922
223065
67403
249504
737568
48375
162961
859223
127645
284685
43649
766913
605499
297024
313270
25666
265665
8750
134223
24810
242677
52646
716025
35929
4916
91098
454724
128484
9760
314386
264539
450416
114594
42939
276250
147109
1910
253125
125525
169
112610
767762
66417
188697
497510
110299
2797
411457
632
322357
38723
100550
184890
43116
63851
800407
199350
820834
231211
178566
51207
17089
31242
458400
24656
183280
310893
570874
534511
65741
31159
789243
39514
361492
288521
52496
457293
49407
499393
47931
542266
113795
64591
687479
174650
243537
120031
403944
100102
120644
10669
499319
570077
108157
71802
34598
322593
55013
31061
301343
600326
46777
16442
4875
157639
290834
230350
18775
428571
274018
532320
104254
474124
499239
540005
175200
5032
48009
103388
453602
533354
547614
338839
26147
701510
300100
475386
227261
443181
38466
119330
19810
610605
49750
610487
187892
119001
219315
118543
59128
394126
30444
29200
98352
100982
131083
158621
88786
410860
100312
4932
142678
437908
800956
1866
159612
308247
364405
153553
55429
409944
310875
10870
75163
83078
168721
248431
402137
22695
37567
244909
17091
15684
291
19834
19260
595303
277756
607277
79910
22181
318956
257292
251168
833338
391841
384784
222745
28711
383678
458098
8701
689357
32268
387604
58401
196429
96310
516603
32268
60269
537255
12179
31193
215957
114775
442772
824942
730312
167998
111062
187502
429214
33791
22806
399201
454770
204392
293564
467137
610072
184098
38930
5887
103488
334334
61706
8555
25867
46586
273261
190865
32053
15522
275359
90787
242969
85080
738822
486654
876429
4478
801232
291744
3903
153300
267942
130886
39751
423603
294858
25286
628343
562938
53255
151718
29220
75632
72068
99082
660021
591408
47852
65135
29873
63290
207675
437844
242514
105458
124247
615250
210895
49418
152189
7113
321282
218802
99930
374855
248155
77344
365186
116720
38905
8975
833690
375957
24887
290056
11364
170544
304943
89967
61162
342590
687342
151531
99749
668978
211602
99423
7633
465343
615557
99516
72395
74790
106906
98047
235618
458704
128254
54621
123719
88142
54703
129748
60374
52405
293605
461173
153729
419619
807708
4485
738435
64078
267566
350730
320229
320387
152809
447959
5008
27020
12911
98203
189255
95652
153133
357252
293437
415297
149353
393862
242451
28290
169357
165084
359544
41902
13956
591339
447934
547064
460814
406728
437832
113558
821221
72485
187540
69631
624581
182498
60181
87339
182134
255990
508808
38127
104855
946671
94574
10132
93661
255743
152733
48833
288553
683003
75972
169915
1314
183542
198672
530854
752822
19137
241286
209542
46875
652291
67031
179255
406940
161094
62208
677798
219567
68411
82623
16274
32046
139292
297778
171001
159583
460844
280400
338713
43634
112857
421115
133336
238548
765434
467806
53109
22948
45606
113656
51047
32500
10873
312045
32100
417107
507
229383
276769
805266
163611
424107
124867
67793
601828
3614
147331
64220
161839
550900
385870
53795
4349
672325
687136
728152
503716
324147
68785
341738
253170
386893
116593
41200
196862
585073
465675
641093
48787
646162
135879
647510
9370
149922
388363
179815
473198
312709
23660
166048
424260
5461
493734
31841
218215
130459
234359
528993
556306
74968
95443
136068
278135
177711
214938
323976
66351
128888
218742
158850
120
57417
715925
141114
172084
57404
189726
13622
333297
207708
207294
283944
547520
82636
293803
24448
179883
71551
183228
713454
714152
76637
411486
346773
803263
53247
799809
433000
108153
746017
243679
234882
336139
668928
74
234068
272130
240550
64500
25594
13869
515697
32257
779088
62787
109183
158205
141353
154543
242140
610889
205914
921785
369029
543848
312556
682263
435023
7158
293634
348199
8712
60984
107095
285303
700862
356435
840446
47410
17931
265784
65765
280345
160113
23536
74848
135307
3644
483933
255902
247798
81240
8297
594
770345
7718
13769
29407
606294
42378
489541
301285
524536
16592
34105
124551
838451
220634
477865
487349
70890
578518
763972
25596
225538
588555
174278
425752
371675
301479
26252
329207
536240
38727
146872
762076
135242
51618
101981
326960
41223
210103
4122
38427
403008
41375
268377
27636
1760
542578
30438
869675
407565
249469
249706
19362
376313
415941
137475
64962
128634
132063
64887
11703
342881
104825
364118
124424
20184
332634
232930
410249
167823
26662
180121
409497
19892
762123
70591
99312
762574
5673
475933
77180
25984
658865
384409
35608
276547
33435
263064
743107
107478
162852
277455
90760
209753
3572
652267
52547
190872
454803
27995
17425
318
637219
551868
200655
791567
307316
331266
377340
305039
374469
143075
478611
17094
499262
487282
445539
126454
263793
321744
191360
652259
604414
38060
1418
521326
583394
68624
23580
547650
215322
21879
330035
354681
91106
115343
219932
97021
87032
860784
191472
89655
276094
17435
74455
305886
512746
299848
271375
44017
33452
11319
77573
21530
124385
200975
205051
71560
246737
179078
708417
89099
731072
31680
285138
147521
8113
864619
414389
514238
78009
91089
249926
636507
134182
503418
573464
124281
32677
54815
168044
233304
621692
209223
169434
120129
80357
390655
301158
173527
358948
44882
113147
287709
126464
33557
425234
446775
488227
532580
3958
470779
189592
93416
277622
550562
50465
488961
7773
420181
282247
29380
780255
56152
223809
54491
72553
346955
617916
290144
447732
99286
183292
181302
71617
176754
258359
161832
365696
129538
5171
382908
216093
32993
284085
108360
112633
369537
517910
380854
316585
322569
3316
35256
51329
677795
3127
123062
116506
390792
166881
707528
76104
192124
22878
411815
62948
141806
1851
396638
351132
14403
6700
3955
350028
168705
810520
588562
125052
714
33475
493764
363282
82894
80167
267514
781102
5972
87759
333601
322743
422673
255485
341954
489125
158855
396670
379536
126301
200259
714317
337874
12634
105763
513341
512351
25609
375904
110997
4629
154494
177754
770986
110823
16393
168294
217820
377507
718385
257509
106824
464021
41003
207937
418271
816501
278853
221155
10912
231894
324064
576887
346972
121901
10140
465963
80553
164859
96688
43818
24129
273448
35194
99524
452605
236917
124160
75876
73197
644839
133454
518252
196753
85795
74778
303055
352627
704289
456998
185310
169539
476162
69670
224860
430649
34889
370046
531379
247227
109587
299828
220367
137645
175744
313195
378209
485911
115825
421583
299010
119242
369304
459307
420265
401473
44413
683624
105027
889106
121242
476456
90902
255179
167254
141758
614489
45173
791412
822237
197437
392497
443214
71911
11551
609065
624729
15826
637886
127283
35839
195886
7500
426128
48281
80608
121276
117332
93379
249892
46273
357443
825840
92058
80468
16120
483574
193872
21073
10922
311737
500909
376105
206830
403487
30985
194994
113062
307877
253211
373660
442034
126317
260266
81730
173298
733214
507387
591728
60355
19215
105530
9598
399576
20804
498207
45198
24909
493866
179119
567836
268003
550894
11707
246224
261630
62275
134951
588628
84543
759987
226457
128864
181384
42984
31392
5714
40424
199824
7188
40828
392607
180632
843624
67599
106574
24926
80970
659
124873
640065
350255
46421
293200
159454
220044
284304
477556
663497
90999
85790
493830
38396
361478
590932
225202
38781
393426
157487
586918
19179
6331
30878
388178
181995
124333
79457
808899
26771
37523
359950
443376
854070
212946
113068
78490
237205
804851
121308
18697
105662
14775
278872
412321
260927
29646
10352
154073
3741
129085
148292
50671
696030
674524
5034
114367
251400
559567
365874
481252
6094
62474
606140
55319
171695
930231
18467
132314
502641
109361
303480
160653
580652
7989
374911
483032
351286
303934
43872
483745
94443
28037
25555
125352
95605
150724
27845
696977
34624
57651
873359
105108
27702
25877
164775
588097
759324
90092
501047
463408
726109
309985
97713
2147
125121
4956
55245
312881
581547
41764
17759
115089
10107
207184
356800
272790
651182
340161
308167
503149
417926
364912
64273
148058
164219
35094
619410
47241
626283
356555
247929
115002
25050
603901
236185
246096
374999
430828
4182
35427
194038
235217
548424
262027
130431
443055
195399
343528
49210
593862
65813
113544
229752
16440
74067
709634
514209
4959
4043
550026
303927
118759
6276
250633
163706
306739
171836
580064
91795
124276
130354
190716
825128
320768
206210
44535
11704
28967
23384
157953
346346
17604
563460
54299
14446
66160
50273
3354
838500
55784
128418
139034
33637
43967
51791
125060
154091
310641
289261
58730
352354
98840
630535
316566
81447
74860
419045
180220
434680
265199
201099
107387
286778
67513
157931
920611
273423
621134
400278
163677
54279
34366
403461
22583
16826
89188
1923
18344
356210
428525
636463
10911
13533
783840
118030
1792
551880
120814
765864
57738
171727
410081
100781
881926
184194
574887
336037
1297
667448
548406
431705
352280
143190
21363
171670
55386
146094
87441
8669
7195
3502
41685
112156
709107
51658
217267
77792
70129
135010
123565
567494
26561
44035
89497
133684
292285
56401
429468
257658
236979
529335
961712
449044
13705
18721
87556
401906
286112
25415
289969
74076
344694
785718
198339
217334
1406
836419
294894
410218
228477
74818
465738
58961
826891
271576
24062
687970
626724
350604
180236
202547
551834
185068
256640
23556
43137
167904
6343
131452
247537
130405
553551
17439
498907
210760
341236
113387
370182
81022
94284
8720
733178
239314
373349
67127
159769
259520
86896
351709
76063
125682
13282
150696
118430
239670
77162
221944
26645
81461
582770
228459
160640
78247
4936
10947
530506
465720
378134
453863
356775
422922
483861
162698
220715
238243
176155
196419
50367
727884
79539
116520
14882
69189
60092
942734
123579
293091
438634
131382
439671
298039
118607
45823
37113
161882
9560
577595
258282
67107
104616
185713
257415
797648
901839
674593
442585
300710
100437
180312
55430
145427
2170
119842
73325
339061
247219
22644
14012
60621
601225
180060
711364
36158
32868
653219
129300
309532
256075
259011
533385
729123
75427
484396
96657
197193
20596
2186
621279
41446
124887
796328
560542
244595
275522
580036
121397
661280
411694
74014
678633
79910
371121
213391
824635
88419
228002
36183
147628
151903
7124
211599
289232
532349
103052
186981
45684
350473
112353
123432
695702
504853
52583
455303
46110
330002
613241
52416
658768
298305
126760
119405
2618
451701
74229
116939
221710
88386
521903
88100
271735
13814
74140
30307
253911
45922
142949
362178
608335
6141
220672
18600
219586
44921
250701
73249
142047
180221
257553
436999
463535
25361
321431
102466
474103
338965
343878
215510
187368
439023
17281
106128
231228
214784
106743
105168
162353
630529
15292
801
306043
23219
71010
638751
603775
20600
361747
216827
129657
264935
20260
97117
300420
55488
507201
763099
63913
289639
253958
21449
148986
186683
305691
86721
201728
215
90706
422374
239392
163871
419987
36647
174406
68144
205841
46032
301064
2477
239456
243620
309853
82422
119099
179782
514386
76852
121371
426106
103737
546190
720140
156989
13938
90632
59969
16689
131731
90732
183923
515211
18465
165843
226934
738046
15644
145300
932674
100265
106040
110289
67584
18488
67177
110786
121515
475410
187047
120753
185136
157094
614092
165597
318720
19188
111746
10146
660762
501618
82181
106996
64702
493121
470332
23896
26234
311002
315540
262753
200585
465136
32684
29370
614053
62564
634734
74918
2668
553523
321346
229037
260776
446332
11570
197671
342872
147227
29131
79474
42347
449517
45273
587172
261825
52833
4957
38179
194631
666182
802181
21719
40356
224279
238766
150466
120555
282832
124864
35540
357043
434808
242871
426622
194805
41383
560818
362409
231095
38122
718683
112094
173269
127347
25719
257955
238617
299027
474641
182583
127184
541850
347244
26804
11653
153943
67344
215364
42232
639220
658
158841
326623
102678
4569
4725
406437
158342
406495
90491
153529
116649
6129
50267
447361
69557
282816
174804
435780
108865
306547
114170
33758
99630
26812
230429
168499
37027
22845
68447
391441
156100
583886
353860
32304
173167
108674
237664
135360
93472
78070
61976
460593
279016
71617
97983
659922
111297
162067
694703
305312
561859
33133
196802
533654
475920
87973
312078
147100
43102
43134
309699
58436
552
481454
11039
193187
431508
134273
82527
93125
651966
17809
284459
10375
38240
52877
753032
543451
63983
63482
113823
13853
118947
130528
607098
20490
552359
188519
3813
113779
285824
62426
294974
88036
697330
427025
120385
29551
58570
24076
23886
194490
66424
103129
391856
92226
45490
39351
64187
346672
456745
515460
71874
390146
115415
251311
36847
256520
206490
32325
475656
1910
788959
817550
726773
514427
473265
47285
178804
245160
341354
139194
19816
15561
243297
232645
556691
46638
532567
279291
110589
73814
75556
141608
53475
439938
121098
487340
307766
25180
3093
47004
181742
486624
92343
62460
559088
317443
80772
366584
9833
455790
48360
244428
813521
333004
54773
87087
152132
475521
56733
108497
241901
112514
49398
120384
339906
21889
367809
45403
261464
4884
149593
249518
507635
689087
163662
266387
9037
350634
538002
89582
422566
434908
74979
401622
41145
210389
574954
21574
205257
419
20415
384479
223249
375456
317334
449680
252400
129338
20121
176883
239923
89330
458463
790
78150
11841
10951
24612
100333
615033
43444
185712
141684
62525
2980
437169
26170
388095
604627
13331
164384
305315
205838
290061
738685
87352
752694
102870
275210
248667
57094
187209
26248
725604
278281
167724
282436
685991
215587
31058
717997
263563
266366
57396
465234
22659
704183
9512
102664
326634
115322
272729
623927
198474
198034
173619
156696
221386
141975
851
23989
245787
159008
225709
170587
768180
480556
329221
379799
43656
748473
228997
611124
62220
145165
26095
133336
65570
289150
108530
153857
156561
231522
199319
354202
68457
13100
9814
136745
302800
23062
192515
383306
206910
485493
78409
80050
527810
188378
513655
50104
141024
37867
339816
259652
113215
360556
286959
570267
480555
8971
441030
156070
237393
176361
463587
421973
8492
354597
738233
579421
727226
139665
578176
714360
24584
14546
343189
581297
309844
22877
187324
116376
3208
399994
233275
234472
385625
9196
117263
863201
387151
739150
123595
48924
254854
20548
142736
123986
89756
115595
568254
579152
151607
43124
82240
821470
322233
51703
570581
24120
824201
49704
3409
64957
196797
319210
477439
88474
426388
198156
94405
224490
410269
114002
281026
398425
262252
109448
290700
638601
117895
212307
581880
185986
210548
52878
25923
8951
376596
380850
133176
42324
313281
885575
46993
713142
706093
142309
503552
260560
123430
52699
162908
11195
456947
124490
170627
122513
42129
500699
180159
276306
67592
611779
134669
46165
392213
67397
130371
271668
296004
468591
20130
125619
252025
311643
473437
100800
68946
73228
485601
253051
171135
182008
42777
113735
46553
215356
228595
248094
49244
700241
198252
29417
414946
459639
24631
407931
442132
27798
778958
148692
292162
341409
725872
30184
158980
509096
41924
917591
211785
100502
397086
8894
152122
16517
132682
13901
620456
294505
51407
212691
47037
322067
14890
182787
59274
99613
135050
224598
47867
602589
179321
18736
14596
112472
644430
71670
245573
349863
25692
214168
400567
4394
6083
338837
136377
125944
99243
24978
231960
463318
350900
464528
173943
55484
129576
274297
363950
6264
241783
706
231344
241809
241028
572998
224937
61757
311306
133287
23262
364080
63568
111696
155747
35214
50393
148582
15242
10165
827167
284292
310153
45850
269968
11104
595620
34229
515254
281889
62720
130390
199406
98018
12172
475468
281789
228185
621378
146087
155649
456664
418979
1643
443572
294882
544214
105416
370062
77000
241699
773353
196829
398291
590424
368918
604323
286670
263838
610745
56761
100559
398010
12886
49944
4915
25331
496379
662851
38238
148658
559922
156369
183897
81438
167107
6291
227557
73872
226962
41762
27210
405452
34818
259268
234091
23125
22356
419161
810471
753994
654360
69708
764872
298069
765781
105223
63367
84062
56971
236141
28365
215826
474487
253902
200368
904914
774355
22700
14383
49011
218624
208658
32794
20626
500608
101671
366248
18957
138649
44044
66689
58998
290272
177918
365547
53724
2193
480909
18694
516778
569748
417270
369437
548112
259898
13426
60604
245767
112744
7567
72633
24297
173134
67739
25986
86013
142732
32668
89989
298892
28697
804996
675599
12943
519165
305615
15799
424419
367899
212615
403603
102009
142234
689791
80811
47307
477008
299539
153604
43062
334012
146677
90156
182364
106321
339324
40663
348693
13653
291760
522356
333816
160485
176662
124194
374760
85012
4618
365001
737119
519124
153519
259964
182998
655665
165829
27428
279856
627417
111419
521164
36133
183190
118236
52843
570835
87277
63442
9262
301002
59504
457273
510073
49636
145320
61637
895268
304497
17038
541993
80577
255667
8330
344929
1461
140590
70946
11558
21891
135461
14027
1887
49190
215955
903198
190209
457211
96773
831887
705407
382325
122225
5586
592294
693250
201467
63593
260257
71256
4915
18536
464229
87529
693158
114583
178191
170417
722483
219771
431107
91222
841162
746072
120782
164093
501761
159362
21504
9414
57269
267949
126268
461718
356262
52349
10119
550304
640900
8273
268650
420896
638617
121012
534734
215403
552574
5682
365862
80178
711223
87731
522511
498072
396367
88050
319115
344396
349233
45962
492249
335006
657820
322304
235877
403031
93808
64457
16426
934822
815018
6158
10919
108379
68533
248299
280674
34671
595909
133922
37646
289979
300732
148693
414481
301970
382003
354856
153528
92342
261304
372403
120926
291614
345247
365077
87896
81110
25500
648661
20740
149056
569874
5088
904233
658169
220612
55333
21668
265436
16486
38884
170312
373947
93695
92971
198999
36445
19861
780463
89290
161619
63048
782711
19860
77076
97637
24257
258165
641294
245032
7738
100325
304649
28611
472079
347770
56844
333326
21088
87471
29171
12413
474727
45716
830045
179960
849626
232015
603236
338956
129920
87374
74744
197847
460946
344189
502208
166853
30285
179675
118484
539696
455192
380364
961271
216470
427586
142948
12841
16227
960307
12765
280783
709279
27395
96387
169702
187767
67323
135928
12090
153631
4654
458894
63891
234706
123511
9856
5084
121226
191282
206937
261186
200846
205181
18499
352985
56954
628513
115575
163252
73773
301900
85682
25329
96973
541031
8954
43169
319575
317636
283662
17574
189316
158985
49049
114648
22584
99813
231922
422451
149525
215950
239616
16627
164480
24707
20146
8488
1406
555266
309345
99793
139506
282925
935661
766175
38878
221275
343037
234805
360271
443821
239143
297080
40654
569898
89139
382098
266615
30426
257737
820470
553026
436791
193178
432920
359056
177332
671649
16008
60568
368370
302971
475040
7978
287451
55756
7675
44285
1893
217404
128394
579736
413159
472522
224315
53766
506017
453187
273918
146105
634170
191503
46129
156245
330662
629686
22709
424516
55247
22688
2383
438986
910165
38129
303389
330318
69814
106111
579178
575741
145138
75452
275132
25753
633151
529078
181467
450975
58814
507300
15747
159891
478467
255598
101642
159916
431232
8173
407120
598
524744
94502
197491
767173
537970
61202
40583
130623
383532
59283
468675
32086
1107
562300
292776
412735
425103
147648
150676
152820
104708
68961
373160
285410
67301
6456
325185
110875
267118
275351
484436
139653
212410
167876
16426
42507
29804
211071
319311
282588
228661
87463
636334
59850
468863
86699
19794
32668
566128
72441
659916
467494
204992
371624
332017
391132
705346
286418
439622
65236
163745
153723
82148
3645
457389
10092
10202
955559
262365
199061
576874
17429
548393
39454
384521
803243
175698
494163
181544
143987
174440
33083
434898
254481
95514
57453
65059
134430
191077
1617
16043
837635
28724
156670
220892
34301
196662
58464
11054
196013
84153
144522
505358
126391
540065
372831
36461
162635
189111
144411
588095
86999
167011
70307
496320
84039
276949
405876
672948
133443
187918
197126
286712
106633
436307
198398
146391
112390
421546
4049
72221
367708
169224
480564
296687
31265
45617
138545
181456
542284
146273
307775
821652
35913
58933
108905
462314
126400
399172
16071
612520
817072
94799
518003
366548
208127
400483
3541
466967
233849
264573
725611
110482
109740
208229
552976
107325
241511
80708
433406
306864
202335
295531
290021
382799
19069
82211
236147
222722
135953
327282
33297
293091
505706
157761
73644
27065
804757
44173
50992
132229
41290
124885
5125
108011
738435
20026
84306
168162
490459
303451
58213
90570
217174
64730
126856
1146
121665
27989
120912
188004
101221
391686
410723
43260
114740
9715
191571
36573
293167
66095
283053
186636
140792
24358
1308
95798
457299
29833
471564
182498
760349
171468
136828
72615
757011
676298
336370
328028
470498
300673
74862
129315
544300
101187
141042
57330
116407
140793
17962
83536
78375
349509
586001
409112
191844
743654
42723
42119
196218
570658
630284
252161
704791
919318
61374
275697
99278
247957
121623
26304
171644
124687
507635
14491
461047
29242
72305
108428
3512
135773
129480
56781
102675
384589
109120
339647
72083
90393
257763
611106
360781
125622
359156
267398
757153
118570
516062
334091
192639
146142
662178
475820
760964
253402
97026
1338
49405
573559
25431
242978
14700
186708
682626
286819
500956
24741
497722
71771
41738
133127
4275
11281
78589
386732
144774
1039
50672
474027
103000
41031
648512
185169
256233
11291
27750
207824
931550
42856
154476
300346
113395
449134
721358
404878
724536
2451
156229
841156
532523
656097
26216
419372
219228
327638
5180
193671
280517
12145
444253
211065
212023
59287
142485
46360
573733
129580
688057
15006
47430
62863
406292
61573
939
236534
26977
67633
261246
153005
395034
149408
750666
38720
198897
395940
45490
29803
29211
566384
174812
198983
256124
253770
59996
113269
126086
352454
58272
21168
153102
562923
391943
476055
46835
713753
270196
17832
601414
66017
359948
332434
153630
96241
403317
566714
434848
169558
23519
174961
77850
274281
56368
415370
299841
286493
485228
169108
784681
126134
19233
180371
55789
184574
464927
849347
5314
807647
117937
9035
66083
617013
38593
265660
198612
487676
41425
62688
860
633971
222692
681203
305426
370592
83320
170783
594073
79465
69437
236910
62346
45667
30264
41598
327519
89396
16845
294413
11295
182651
512372
314900
454226
710754
370796
437436
294325
87556
324336
435864
133692
197870
503166
501576
640756
55687
420703
120405
358195
91871
102844
673039
84864
454117
70215
151514
42192
459663
17399
571018
20932
65889
173266
120599
747779
287140
435791
173474
277732
167812
175124
474613
557835
74481
595234
246819
36138
266935
282996
127173
34049
253125
443339
547890
796910
2892
32863
61804
180427
177976
731641
414540
284839
76807
385845
461979
91768
87239
837943
525870
58564
113201
78352
19364
776519
42713
68249
178157
234588
150610
79094
374200
804408
128756
638392
186220
124189
79937
259606
439713
123465
554455
319538
39180
393820
16821
274715
247872
44703
30831
79484
460127
66744
426115
418615
517350
187484
207461
106765
381170
47852
41827
143030
657320
227372
950795
677338
406825
116667
147680
156601
1894
17708
240248
38577
7618
78501
49021
151281
13111
225116
156357
179622
549245
9571
102365
42273
303113
418608
31228
434757
25491
875792
437654
23080
334663
283759
63959
78579
530886
3157
579007
44421
749138
67710
159439
222535
322779
1883
705825
209844
170795
788540
615478
210210
248295
273745
145773
54173
255391
604860
587291
564622
268082
21906
124630
31383
8076
204320
22730
51291
373633
132359
5346
129388
34130
477312
30832
44744
238651
170387
80421
92316
302274
106995
54529
760985
165363
353386
20000
477229
639839
195481
13085
77974
116497
3168
78252
91487
320793
26442
17019
304742
4646
31936
435079
117737
452497
114229
243491
811911
119382
83024
203967
207065
201324
1873
8484
134156
188555
488842
796835
480905
59843
18434
148819
454967
131
375230
810418
16308
106239
10145
601367
463052
11170
87741
13407
94868
220312
104912
80967
580351
875850
58765
134224
391224
530331
46655
173962
104626
19904
49696
136360
315434
112912
562151
295413
110656
41111
115345
472176
20527
36193
185766
18033
254164
262238
54631
123088
363035
553540
40956
167093
63109
651557
92177
461739
399941
165709
188597
179567
837128
363272
568733
66400
174916
253160
257807
292727
345933
561723
14
19399
723797
46064
232454
162124
607575
755549
56925
16659
41789
226121
812053
31998
1905
672805
74652
139675
120973
28871
84632
501342
437
63504
124995
212
310046
249786
111610
369617
70028
335453
333827
113407
40633
526187
76238
101834
152794
343166
166984
32
150660
120595
358567
118616
197245
439081
482257
198262
48851
70650
206459
146856
137473
446687
405600
11841
134961
408286
409827
118585
78072
124865
207256
422925
166100
131917
657097
487384
55929
117544
563047
70291
17318
46447
309614
816155
92870
53754
52987
120016
42952
36777
257216
116601
40424
85902
12222
233052
38902
610449
151652
270062
100191
6781
882057
200088
160641
176225
6930
261682
112914
299696
334099
521036
179791
277843
54440
528639
161683
159707
70270
269000
420342
240457
61371
863026
8196
28559
262697
78613
246883
129749
308153
446724
893
358691
437020
63535
230914
117086
123226
105961
587411
314860
23722
632934
15786
282105
585597
604777
228290
154284
604
610972
136277
237485
226349
32946
64944
129562
423709
230008
1198
437319
123062
92101
554996
166810
62328
249201
137303
300184
964891
118939
401937
92208
631228
53549
196315
166493
51073
159179
34404
69258
238542
320246
470707
29369
520971
5571
80
23648
2060
465550
10648
47154
712877
266392
376580
571626
110178
714266
144157
591457
255043
137346
698122
157358
736101
84292
403796
638898
26562
22960
256790
80228
201535
434368
311364
226367
351978
31311
191912
376755
85677
12620
497592
23579
29942
111660
183400
628606
74817
153911
331386
37558
687094
496156
329545
13405
510198
839079
217420
248825
111980
117433
645784
151067
71554
368326
81093
910087
482166
67277
358545
178397
260696
3643
77021
642913
34471
180779
94122
28366
241176
79948
453447
453115
217613
138839
452258
912596
258905
427698
300280
300159
47266
78064
399259
884231
266027
110597
310171
499561
9596
109058
367608
26134
235215
215502
392898
211901
110932
695563
203200
39667
79030
183000
7797
600195
816694
10418
232434
696092
221404
186497
227067
21211
223889
171344
32822
361275
429408
208349
253339
469531
33543
103122
334064
535411
7664
674051
59442
537760
331653
349503
264157
299983
507080
150751
624546
421190
549774
68013
208865
5045
343774
887851
96449
425835
818416
14848
82147
279899
20397
3117
15405
384788
81757
666859
14412
116500
141461
134698
184910
145034
179580
177398
327273
177656
290457
93236
5563
45903
347285
19413
43744
91432
112706
48797
220290
366108
89940
581956
350423
378624
43838
563907
331029
226141
387576
280161
103994
117191
266708
694962
82438
356932
295643
143315
24454
63318
170718
717118
21807
37462
47841
543183
342273
110591
762394
93316
243956
384423
612051
309615
16
253613
183349
15777
683590
201040
175461
355521
161381
5280
122312
552214
826362
34354
113538
38092
817267
232009
7815
212768
160945
39669
71678
127356
394912
151539
29187
678695
569460
115304
53083
112668
30974
133885
17591
167548
460157
23653
332527
463010
379455
582340
114547
23626
264301
300729
103179
222
539337
753537
147403
232747
177645
264799
767725
270657
822432
72405
305397
548828
488236
1200
399829
357280
475703
20371
2554
400721
246893
162316
14780
100312
708875
164740
56079
279067
46693
13924
293348
351781
34867
57863
609211
44225
98931
728040
781162
544382
224804
544568
252468
156821
231035
50341
434552
144911
83343
397
299433
414432
798487
219257
274339
5019
98838
180872
161692
94872
12463
25107
72887
631160
509741
207707
244061
149975
509189
307934
119695
329804
104140
709765
122720
305914
413919
324378
802759
240304
204760
165821
152473
122548
6060
13688
30463
382876
710894
444795
450570
41622
318289
405584
353780
26492
861888
675673
136125
170351
393297
373934
16536
45892
135134
169795
7945
110259
206175
103272
678924
15952
209592
21490
468284
294321
25505
76242
512123
492290
215610
104615
75121
93042
144697
45934
441169
147863
408263
207748
218769
403901
323875
267000
297487
504627
403850
434520
244080
241823
387227
119213
214225
9418
495921
5180
93649
157414
106954
422888
212228
469944
411755
245626
348571
622848
245688
134760
195895
276805
16607
83427
343521
204846
312769
309529
47832
36919
564563
87431
858290
213649
115061
268386
68563
136345
795177
341303
426184
235828
372752
195925
48061
346719
91170
165956
142218
670483
442450
44800
41314
16792
71032
401503
156507
415115
25359
790660
114315
928010
1225
133240
16780
569195
334119
213925
392391
288580
237756
20797
370296
42815
22379
243635
73444
477299
58639
379839
230705
215414
284347
875723
310968
28888
335489
454658
643492
646833
6928
35451
769667
478479
650725
73787
123445
295485
644902
538598
214868
197224
216653
375223
598299
488637
623812
866474
20344
423910
82460
127267
896374
15987
732329
405520
93842
180992
89791
215193
85918
762076
32393
244605
159490
612920
174396
159653
970839
332661
235491
108765
234504
592740
200018
69188
25941
478929
174650
126248
569950
271457
44296
64996
261171
95823
143076
63368
657660
260047
527096
373182
316236
204824
30381
153460
138167
29603
325787
315785
39634
241732
72527
135161
129769
331037
116194
215385
340390
384188
817543
733558
571255
92231
66977
287499
402946
68023
338927
227775
377745
46105
18169
465780
150700
357048
377033
4753
387587
51003
40658
166259
223850
491758
221301
409405
187152
10170
36786
317451
40554
118380
327305
710754
348142
637798
723718
169746
106354
517845
106431
84253
607023
19015
33941
14686
388895
400869
105066
458209
573048
57758
360057
366551
51835
400933
77337
67958
705118
28092
419103
227161
198722
177429
156389
902
15661
60379
339997
33783
395597
531350
83513
386947
351687
92776
660995
150526
541525
609429
257546
75393
66887
604072
338749
49581
221274
406233
46300
53916
19667
285345
58871
103599
897335
117523
183973
82482
316063
123012
357229
268171
300164
471552
97145
563921
71773
501616
357860
416113
339135
135820
36178
711880
359970
378749
19612
3897
21396
304483
376319
312620
397573
285860
619208
311299
18845
134061
219531
201263
520193
108059
445796
377691
132024
209320
260478
826387
156897
460290
127814
775496
45825
33696
14018
134065
129793
390370
5673
253003
732310
167232
103624
63424
39071
147807
370993
461902
362811
55032
133909
3248
125025
664494
906438
336338
112
195005
142265
62433
292506
29989
9745
131756
391787
352800
88479
471752
476874
447059
322590
153177
299769
267625
417440
67915
109938
128418
297462
176210
369023
48848
35090
339938
3935
11520
308145
203243
158306
72234
5897
2749
845610
27753
43755
26103
80239
756774
261906
72493
171702
111719
543637
19901
207373
111402
15907
458452
534912
12492
8253
106120
112629
195529
131894
70012
219558
23747
19162
31094
80616
1969
794298
263061
4543
643656
120449
18049
68557
262825
33828
38496
210764
282805
95183
430706
1298
521504
333509
406754
126730
96379
280907
166395
485083
293624
293510
500395
392301
14082
821349
65438
219146
364085
225976
117174
776623
290102
83031
6313
105554
34533
449643
15294
309319
92846
425264
624375
135475
245459
624440
180746
498372
11508
332949
237313
709003
217929
61226
29228
201214
369078
6033
449236
141360
448998
335381
210048
441574
520197
242819
467715
579618
15036
403204
45173
524766
536490
767907
217260
399015
375108
79352
271524
26788
545087
330129
35601
410
188505
154353
620089
377429
623966
16820
2408
39992
104817
97386
762853
347650
36939
58725
313625
381397
120839
9560
127391
305059
28041
92809
220928
575844
33665
46607
31864
112525
745514
49870
389828
10655
554277
49573
33183
520644
240024
23251
406487
38693
467633
172385
71618
674738
74770
526101
292380
310190
6274
17838
96603
36558
39862
37655
536745
252159
241080
184769
226379
23090
22344
285435
64421
16669
192057
594001
195091
286422
458760
164136
214154
196131
212867
478355
132363
420545
21199
33376
9162
201459
344830
194693
474306
21159
4954
582793
182795
407828
220616
345536
212939
268227
159321
186939
251050
89176
574714
113888
316209
406434
520602
3085
95642
194854
234694
175582
19899
209476
86867
267061
317725
327325
88861
313858
109368
686861
261157
97102
169191
453799
149267
225541
372077
47719
195847
162799
278774
77548
510625
196894
271255
52531
44712
719268
231513
14541
849475
92908
256310
131149
283204
139330
65789
367142
138870
57217
40969
203340
195047
133656
45362
42140
24638
945000
25253
203122
359819
355650
590420
72222
207805
27435
4853
198813
297
891643
358986
703972
240599
1906
524473
398500
135273
496955
345142
244353
89629
76681
18980
4849
690253
85320
800279
30343
20498
43420
334342
597183
2675
456911
368095
65979
230535
282031
559332
18419
1100
676078
56642
1708
224866
364414
617774
357109
579863
62133
10223
55360
753588
540613
47380
214329
86411
365541
346529
271052
412153
683956
69090
32811
262391
772821
8730
427947
35981
6454
920077
137290
103062
38187
802
40358
18239
339636
233766
48835
44217
851633
178650
266364
437172
23735
75315
86488
640718
318205
520814
381957
186603
40639
149265
96910
150819
224052
16754
57825
56110
318987
395500
364974
104710
307338
34312
18721
513230
84491
274107
626151
369973
323160
526290
40817
43521
585399
338048
130287
636185
107728
87769
119426
328390
333445
261212
782827
4387
23853
350336
85541
344627
23703
112332
15497
72065
132142
144691
293876
54360
553210
465155
44061
464990
360518
54020
276513
86607
706252
459762
129642
14250
227737
609399
489323
509707
3077
791941
130041
84362
553507
47855
279773
49227
260193
232418
243115
220926
278912
69933
134857
592191
718000
969432
108515
216131
632488
335439
313550
117707
232203
77236
23846
47420
298054
393922
387291
951299
626199
213672
17191
302863
4666
596958
288391
176542
13763
667856
53415
319446
354201
113903
152000
24671
264983
307614
455525
277094
450391
21685
118745
119921
4420
787100
274697
57067
176382
119777
285094
44845
356904
132823
295636
114639
355
186438
139556
87290
561236
633266
292680
167087
376712
67933
33053
15598
292115
261861
5851
175336
179482
161006
68582
445183
13339
397408
24760
302875
414599
67135
683798
152199
354457
274965
45133
511280
31878
84576
671351
240802
670699
104114
723008
7282
144549
185610
114608
131843
128948
54306
803393
451992
56612
71546
24341
503820
221942
9274
62832
571462
11953
128923
29494
88748
188975
48401
395620
237
501291
12298
39467
401978
136399
556399
31856
82763
741233
446326
450884
417893
20367
10501
49122
39409
35106
426251
566535
587173
15497
244049
77987
666504
763449
480344
49465
72389
213099
311654
761547
731906
293821
24057
525667
287732
223774
64023
478793
271692
924573
513413
2297
164933
339724
208356
227280
478768
103246
270594
671873
392244
619865
481710
24919
10961
418815
37587
691776
7171
60154
64957
159328
234048
57746
619077
340636
453431
4446
293978
265596
15734
542458
223387
204692
520417
136525
115461
277116
480815
12197
261818
166266
35956
179491
67016
581725
548601
60943
196100
1639
39594
113041
99545
134139
67806
133044
192752
73683
37688
512
369906
585271
198699
429654
129721
350462
287771
134768
181945
158158
96547
146770
159734
5320
17045
181651
23315
337538
446732
429764
495669
735828
211688
290892
172621
364979
150808
330697
295115
213971
101276
205044
31639
16718
403357
205030
150604
242078
336117
371458
6990
127453
13787
55260
144385
169312
487479
44768
213298
5379
35693
7133
503049
246212
166105
38291
171886
165923
262369
290015
4775
243456
11984
431936
168120
3915
394940
144330
36003
640148
114299
16470
1259
119595
376722
318315
57144
245764
236949
713152
137822
50113
203114
67510
800150
125031
30056
34177
2523
15896
194654
138892
19023
31873
456537
712127
306015
7653
874391
514197
787277
145351
12485
30729
390329
214000
336232
115807
235657
17577
192057
333479
87713
923194
17190
173983
42018
2451
196276
190142
746750
111338
36946
45947
472379
15424
135562
55583
131084
186202
106943
253847
85143
252013
233757
228279
158976
137524
55204
5978
301311
196657
733290
209132
504458
92242
146871
375447
180538
65877
363571
150996
348763
416559
874296
513
457940
42060
430087
230799
153590
26431
14575
392477
13170
73698
2981
119785
40920
127028
55430
31207
206636
39302
577248
552165
76804
22171
112448
181832
316074
250028
839368
81961
560684
68905
86199
249925
265306
4925
36952
32859
11748
454439
503754
119744
602327
467770
514182
537150
184937
257665
332659
129418
142953
326377
265794
450250
391055
80503
74547
246321
747009
64182
142885
341357
346999
195424
224226
91639
333500
626843
26830
162400
419496
532790
460352
69821
28785
94497
138632
443342
36472
631689
511068
211925
209722
393619
224565
21571
9534
228037
482080
59857
675160
340310
26715
80254
161984
87150
62034
515091
276985
98921
172758
34896
732388
253546
218578
80726
85282
441608
168793
378734
868224
34672
109788
10678
8354
776013
541498
294575
13557
248018
130142
183560
400945
353778
58629
12672
73220
542332
274489
359121
189982
323581
187069
27668
338856
229995
934052
207137
634359
288281
41304
386620
41298
742247
60189
352613
220621
449552
100558
61371
82403
130210
201299
213018
257535
161615
72121
63913
185288
118510
170808
238933
4023
62820
575463
51212
150589
325157
253914
58747
332603
280720
565555
7768
305425
435653
244998
292496
266915
13736
32596
827237
3171
81566
285689
120158
125106
127351
51196
32151
258955
192558
406668
294543
164457
42530
12910
342438
568866
389853
675
601452
323114
423520
64400
518082
17819
555280
472429
17143
15160
100217
603460
107171
196854
61629
95
9984
455266
19121
450717
88711
357608
198121
367910
31969
24849
83726
372222
211
94013
16000
429644
97476
561076
11636
239127
294648
382723
842467
188313
17033
184571
112601
197853
138210
129534
85297
26373
454613
793055
125958
551788
5444
261573
58382
175369
94394
76854
226104
220780
326798
587763
20884
87769
167875
385584
641394
497521
115778
77628
13629
7620
38910
299663
356842
182871
796
8602
195167
226271
68244
221344
902371
355656
32289
36056
412544
20744
100456
142951
232599
197034
502457
362357
328138
48533
147459
326384
95224
2656
88834
394836
388779
383430
93468
514530
165862
173526
111649
360285
745813
279207
158027
279457
634004
605451
654895
591168
33331
246577
80500
268583
259213
410876
5960
720580
27321
519992
436054
275483
262116
20661
109352
132842
286277
481718
191883
4694
72555
267195
21728
568207
252422
252353
67348
272644
400873
82087
150331
56639
390275
93454
354571
188818
270008
133079
489094
80003
46
46666
131112
714690
160287
256202
129068
1931
177147
183650
492502
110367
253007
82281
54636
1069
519579
309401
84576
83211
358175
417634
63808
262702
58192
79712
88426
229588
169616
748015
11409
203143
199274
18688
138963
12350
180900
770401
150741
156631
66502
397505
197663
136593
183785
111308
172203
582323
62815
585985
360232
249012
2463
236663
95575
72338
152653
71420
149537
380472
36944
166752
656757
258426
320993
162246
269854
189559
42319
68161
47509
45979
516187
66917
298215
131588
114456
554584
84404
20201
535755
383846
108658
204717
29354
454244
311710
2044
37300
778421
385563
82507
903
123069
124361
42453
240125
84415
244596
331673
404838
69546
189427
244766
212754
110678
1584
260707
294286
7936
651674
127020
4191
886772
325073
119641
554577
305953
265666
153616
244394
166607
338223
683864
253898
40063
53784
84282
106505
37962
120765
13147
219730
690723
41402
6052
28821
435148
67185
77529
4683
25961
48816
95650
935753
113840
230651
13526
372689
377447
163133
618466
790
216204
3481
109236
76842
101945
46336
374854
55285
102805
69780
155025
41409
62520
502149
238575
342460
208969
97156
230129
221380
575000
418300
188399
70126
534140
36749
50569
738494
641027
203688
117572
743714
213176
52233
400711
560572
42335
298716
47394
150627
34441
371928
421012
33440
124598
131386
477855
612388
119111
501476
6862
51786
146290
114759
51539
748848
200919
392
511950
732721
944979
39717
185468
458569
42658
806994
116167
72517
391688
362
189007
5822
199225
521497
113476
408776
138553
412967
345030
67513
23643
190243
539184
72952
175504
3022
565355
369551
456583
78609
286160
26970
369899
61842
71618
131136
38071
92522
253007
283
31916
227638
264947
339158
307873
49681
57649
64642
234061
596441
391031
109531
61131
294839
450767
274104
932
194740
443353
234637
274883
95886
23017
628408
75788
117448
231678
99449
692012
769563
114762
68433
21073
178716
90774
63751
342054
74073
683014
59686
194818
6546
877060
45152
859
307510
94461
737668
191117
311700
676946
175985
118415
18673
26213
106353
318196
123906
411839
82145
474851
37639
70525
82570
245011
409128
61630
727502
753342
91965
624415
753969
486289
357866
443915
40714
282184
55866
35539
16378
292750
263808
63277
333437
339962
232471
357262
597505
376488
801910
193519
622192
48065
120799
54415
209550
72106
125433
253541
424523
15682
263841
494222
108690
538256
90980
147817
215052
525943
76656
1991
99870
33581
539485
50137
85065
777261
142976
120201
606387
49150
253619
259038
213916
436314
167629
53308
25872
13072
32
275816
85242
331903
245727
601172
127480
71623
254077
500332
744987
528849
759
98305
280355
5090
382771
44090
21283
104369
6174
104767
441160
108445
102663
310278
34867
168267
256192
87846
1660
172777
714543
122542
269785
262637
514011
79433
638127
114374
284414
199161
156310
558667
12372
24046
639343
528324
298207
104084
66004
147256
13285
182962
322544
246441
273546
36702
68940
113205
9286
19956
893646
735674
511869
649211
61536
142812
76035
399229
200937
147439
15833
26335
350774
16180
400721
174330
402947
743109
64141
50621
217856
253547
375372
562256
5107
5972
17830
13351
165461
4614
557176
26496
348159
467781
672022
77949
124579
47885
143090
63933
173611
373307
50036
461366
8781
461573
947979
547887
243549
388288
221224
239080
129378
95700
135540
159660
107404
195656
158506
119265
81771
623847
157590
71833
142283
146846
496067
40451
26528
66661
22839
45248
273449
300837
420952
852021
178746
115300
92057
609928
3982
161742
499995
149714
145511
411108
88870
15379
276721
6397
90513
40793
194124
754913
179486
235961
76080
137965
504
242358
48118
112248
3481
118039
63675
324234
545604
525792
139964
538247
7097
87185
32297
488679
167266
595010
224165
352590
63454
665733
27686
394494
306411
255457
72479
43537
369194
41437
18399
395006
1653
30332
220464
729077
243136
203625
380718
242659
8244
55495
118872
199903
531020
142966
588612
572497
408254
20097
17156
89426
445001
580956
771643
474968
262568
624971
489004
395901
199464
176931
15255
145954
42284
545428
564239
36951
292803
610690
2415
213896
56159
121570
48714
58852
43668
476467
477228
434816
81023
836156
96864
52448
93079
454427
21207
625997
9405
11253
4632
673844
221826
115077
719135
25614
21236
86196
576865
850416
644373
418906
3228
282900
343779
37246
115250
296429
740452
189088
158834
6520
339115
167978
220219
489700
183800
265951
451167
575035
120478
282976
66382
8371
197645
156755
224530
59221
81517
70679
541006
344486
461460
294549
94692
621192
213809
741243
522583
635
791880
72434
56194
65222
4829
911962
126059
707350
271285
8355
907596
252219
28248
344066
509309
187778
99473
153717
24786
154701
29119
275517
36320
346
16584
277672
134616
9428
93918
190504
15345
570898
273936
296155
292772
610403
91082
119962
12027
4890
48358
556231
39716
235036
485231
217772
83842
202639
421094
15988
472318
355563
86075
186687
673927
113614
144050
531423
65180
252839
656450
99786
385406
2992
87502
95645
43598
77476
465980
22499
166225
261846
560028
16729
315450
43539
248247
601665
268775
1611
57722
44162
900
549021
164413
169347
67950
305639
394291
62543
135710
67499
116884
32777
392861
499942
232168
296806
173535
629253
52873
245092
780064
159868
109985
10227
282968
226950
181199
162661
247733
325910
791097
231011
74366
617541
223684
337243
245367
325125
2696
127610
302130
308622
346070
21602
292425
69793
200194
310304
42921
121560
523082
715595
112542
4459
213058
714191
197720
218961
17457
103117
276651
78102
645915
16846
152116
359923
504267
114
328495
60248
266267
331066
45164
330357
586606
15219
5582
74115
64020
574105
525616
136061
147498
320903
355115
539477
79607
23579
674859
242836
40026
204436
221716
557325
762507
84566
460132
469661
231021
92038
288710
51307
410499
163247
157129
641758
189511
336723
162635
53609
866878
698837
347897
260646
404539
444725
205816
11436
381726
38437
191623
165678
284365
150657
249425
201526
199528
173757
180599
399193
162951
125328
260620
32098
183506
92633
209973
135831
876081
812747
58227
242950
240199
387884
124181
235108
66774
543555
146342
347213
102561
173731
316890
69241
38689
83073
51283
170401
107615
146110
410008
383465
32156
85300
180934
133072
46630
533474
214859
87786
351653
447511
251843
811622
245650
32538
263694
117945
178337
343445
489285
157743
45584
60789
30019
307102
22596
531305
416899
246771
497968
1479
210843
516391
369973
23602
499085
123637
65004
154002
247255
340
324288
246746
557789
580294
681899
16356
202390
35747
295022
2660
98496
434681
230024
51938
214446
129819
145936
137888
274711
26070
32329
171664
36675
16611
2485
60581
54810
423294
723935
402452
75061
659543
99203
16060
38878
186243
12340
251526
161927
576832
100759
45549
74419
26841
183236
210579
327578
253802
167005
465278
20719
421720
761484
164520
874444
42288
472735
144814
117024
155185
550413
4466
10589
209039
13096
204029
184793
207880
18746
176165
27284
410892
430478
57009
411910
359268
877702
150309
125613
493854
101493
517562
38951
531330
158594
244868
459959
870621
443739
9843
46375
111246
242931
137119
99761
675285
387250
414068
511925
2560
213465
179531
60542
105097
21401
586977
31959
134804
430212
332667
142185
319650
80080
27551
439241
138164
109493
547688
774506
752132
421852
98284
8065
249311
99819
149171
638872
8485
277568
252834
920266
17777
552859
76789
62767
782643
154828
123432
334135
203800
45907
290088
310437
37711
764444
42166
288405
77446
751653
25203
408158
29861
127696
104818
203263
703228
550486
412615
391220
171174
18704
325787
285647
91300
271746
270208
252076
413380
304680
333473
116360
21831
14915
663307
406690
301174
35099
134874
277175
378559
225401
8918
489952
50890
735510
305896
409577
255716
413651
94959
131250
115138
142605
243925
732816
892326
614284
58490
331289
260261
140698
263527
648125
29296
205064
144687
187945
40211
539016
37780
176631
365530
246920
81319
300290
207250
72817
90110
279818
27194
317817
417271
70861
26319
870084
128567
58518
140980
19494
67196
528265
82266
393700
20120
604495
198505
90329
139211
598657
493670
24663
338751
15852
176933
39928
272422
114742
5518
135932
58420
353141
59473
622279
78854
548434
409463
407812
192106
237614
27719
750380
559541
288646
67519
447417
620905
174656
127147
6593
136283
63590
172702
442339
24154
785587
14558
5745
107952
158475
253794
108933
571357
207386
475066
108582
811717
335825
10122
250679
28358
446072
174614
379235
280511
21062
55469
882229
241030
353431
728738
111080
85516
55071
168130
663091
348759
330367
102932
728788
4604
555875
579204
128916
374513
8184
193428
214768
225819
177277
148404
293660
312762
81484
182733
50508
532296
80461
473785
752344
207034
260736
635531
217550
814766
72678
218304
586358
25637
124128
503352
474074
1247
504353
335744
121398
181470
694713
503202
243713
204995
37492
630907
405179
293166
27120
203978
107476
229370
207015
16694
25545
282353
702637
85453
38211
369443
173388
8603
735429
70994
243361
634321
294838
788753
81471
74158
509450
501599
155685
426157
638439
693336
62207
94782
621067
596019
85273
395158
8286
180338
114298
402343
232653
185117
367882
50620
73090
366736
211909
507345
19539
241291
418024
101179
23096
130973
242417
570926
320708
808197
149869
60948
46696
107830
27650
312507
162726
77246
10315
84727
93025
321996
344723
762581
313447
466571
5648
197522
13901
404993
15882
144813
267045
22877
30900
449604
617997
750532
6434
682025
526336
47210
644171
221075
598325
13615
78453
747911
44195
333502
28315
241523
5246
558836
414820
132289
167268
104584
703226
912160
82710
57696
212642
19558
319663
142385
335926
19963
6292
355174
192329
631201
98794
105525
3981
106079
312115
559127
591524
179672
492709
261479
275745
27799
236070
548687
223866
173273
650804
133482
141243
653815
342073
4936
261691
38794
491495
563504
63211
315853
43987
654835
55039
172106
4604
92413
14214
133268
246542
407126
377001
275637
712420
564824
828023
90156
792922
313833
98168
119710
59632
512781
82507
214273
182218
120381
61128
485633
538207
375237
27428
448880
1804
26652
273484
3580
363583
123498
128497
263859
332377
338335
13728
373657
2724
31704
268842
256248
630345
105155
544053
57968
229248
188792
376382
194435
247880
265915
261913
15495
207235
149364
206043
303143
506211
166553
579
18228
6834
673989
24973
231675
219188
254804
125986
74161
693343
38519
162920
45157
90839
423598
117314
459077
809
18472
415042
49857
272374
86304
377092
349378
31233
611475
28034
50408
401209
268585
3221
177635
73232
98561
104112
27964
217761
303219
9594
138868
355592
168599
196122
111275
21168
50830
135546
106680
96531
590093
534201
104496
132830
706490
216275
187129
378182
479990
310995
87485
123915
15000
290189
119527
101837
21402
376087
29218
586321
6682
22924
236315
363946
194978
355455
105061
664577
44842
628
746370
498708
612756
82406
286790
493542
188805
349615
231590
303003
711115
344163
464014
268117
156400
443865
114272
611758
72167
572360
14906
235266
147836
8180
623064
390320
79308
11089
70357
121839
517509
43891
498462
102153
111727
66747
380951
548390
17604
692122
79186
371688
8338
58574
109067
322293
859
224787
84475
183720
215016
275046
825305
342163
40940
470
187310
187417
553984
55600
280473
40231
32742
400218
669755
19571
331220
233459
255928
29746
50492
611201
184592
159944
8448
186973
10401
400254
673239
405965
50497
52063
39010
472294
38521
271598
691860
14762
148206
590914
42587
165168
272095
125505
14043
370256
91383
785053
86084
233723
32387
400995
51787
141504
460890
229357
204801
2404
492001
158681
6760
35357
576485
464175
22869
124606
250267
39639
170690
395180
429456
514163
5093
287967
2452
555735
62215
129213
408104
321014
273427
266185
226664
220836
348444
327262
31450
67172
7259
158799
458338
52322
179938
56890
117958
769265
137273
36221
75224
507288
30805
316146
349104
60423
344006
17541
67049
5104
275172
339828
534527
15918
89112
167015
58145
202279
236909
782884
478052
417370
45168
527088
37403
368481
759
442076
2873
332726
702254
319343
383281
396332
592137
5313
65281
20696
2443
295733
132389
79983
141554
30635
723478
867843
268901
557840
582176
62188
35530
9410
371325
275754
344566
38682
107286
228921
60719
245114
285732
26844
272933
492540
182867
762193
4593
638224
109558
708562
4413
355534
53405
108741
591886
312173
22743
105078
53657
101470
7496
2117
797437
528411
471139
31993
184482
48500
36452
29372
90920
34835
322923
303431
114632
656978
339108
248654
238078
538924
217396
2956
161860
16797
368453
154927
108231
389336
19695
488191
187396
13612
494860
128185
268261
24065
39183
46823
444909
910443
133375
5434
726275
393121
51189
140780
668891
173048
307215
785375
300931
122107
746047
217527
90720
96329
312594
119656
81354
137139
44267
458507
316123
352769
5294
61967
75738
7832
137025
625442
240450
60756
51467
76938
499450
933238
669612
166198
264386
161895
63872
104487
9620
17601
216234
52077
28073
462881
351092
256576
214365
515367
116838
37535
775554
36691
13813
610827
226953
272892
275738
125162
361881
259484
507881
490773
371603
116013
569767
67990
130262
551124
55466
504893
491059
72266
408662
149894
50441
2009
330106
59047
415324
178994
125949
356965
26534
699576
462880
30459
42099
273241
78919
623972
226663
322595
171662
347043
3285
148603
95291
152106
533071
652
221511
352164
89711
87529
40414
942539
96218
316488
139077
62226
511044
312248
153304
8243
17352
392745
293046
329084
818729
53064
93392
56701
442238
920189
207448
224287
226999
5838
524795
376113
250240
790717
155674
36780
109461
255806
292805
68218
203168
148211
653085
56314
443638
1585
59210
255117
240204
341010
166422
727932
27890
61948
558966
320065
49143
7788
540130
437390
11452
497430
380686
237772
19007
7539
59500
68758
69551
18458
269969
433494
116915
336119
142679
230709
490414
195182
194829
45956
79924
10214
351627
377868
410053
227668
223388
110163
410776
521015
134998
148378
124473
123379
939132
34945
145223
7067
78935
33839
18242
459677
373664
325106
93150
160180
332328
277209
130938
289325
538648
4581
25590
391695
334522
79524
696418
323671
601453
80306
365314
593427
8604
649655
487882
192899
683214
448605
2985
230017
523194
413555
303175
116145
37416
2688
81917
83915
341252
61649
144026
81586
78358
184228
222333
410308
315787
20377
657931
902142
332148
243585
22111
367819
11198
110298
203095
499448
352025
364904
649470
54512
533868
139791
150028
125926
102968
150055
66738
445265
69839
22537
289289
122619
666433
69522
55801
2998
179938
10981
945748
2157
593115
56461
203642
871227
230083
307210
947699
91688
119025
258551
43214
313508
492936
134282
14059
382240
565452
713
96360
38503
2813
107672
140619
265632
305264
7011
416177
213498
108718
72519
16571
54872
198798
216572
243841
31511
47945
99920
270209
137030
605411
162359
688322
303080
315931
17577
199497
153446
16316
235290
329716
1162
39966
62119
578800
122531
114618
60276
472902
119881
351914
89797
35430
317394
401106
160234
404929
2606
551532
212651
351784
13215
123775
357793
16817
394357
44323
158337
63336
21940
6290
234517
435949
236725
534088
134425
160981
317701
69187
68876
190449
3645
331644
82435
168406
36779
123219
153606
51171
369540
140142
32830
118122
115715
117605
560655
405995
32617
269421
344870
680765
194870
18813
573605
47290
612858
601644
304571
69456
48294
36570
76589
239514
520784
85935
358162
623710
328903
107958
40270
434255
33092
131561
67159
276827
509044
146525
170365
436628
630909
195509
543749
278752
325773
132279
121795
46922
130335
125660
97526
316399
89114
31499
320030
201757
257259
459269
2478
148116
242570
52880
338807
627179
17621
151548
45391
628470
139100
83390
282063
457192
47901
209257
126439
234336
374340
56483
847111
631298
230104
1841
599414
212077
389349
4193
243392
131699
568230
16072
12225
249364
300641
8276
33942
54273
109374
8103
112455
97247
40977
335540
307977
55960
786070
370615
126593
409539
319951
54645
54200
134145
804999
3316
279153
128418
189632
190452
65784
409052
56457
760230
46953
7686
14031
171675
301842
78321
23038
121911
509347
161411
477702
101669
176430
188942
584867
123758
5442
496246
160233
38982
26809
35140
494964
497492
35724
26192
740691
314066
80473
883169
6208
190087
403163
348921
249249
19070
183995
249025
146998
90903
107737
566700
201887
151663
81680
174873
231643
266466
16696
425561
64221
68278
1036
597215
592896
12891
18555
71187
60653
205576
323572
378532
128934
29540
111044
534607
114399
421926
519389
790434
522031
9970
44601
253719
6043
122351
97953
141912
188248
34513
237968
318858
729443
553353
129413
18703
681777
240270
40622
181727
199937
462565
98020
186593
212355
201401
211077
78828
871596
237032
523070
12331
695288
452587
434029
321477
545729
1256
611218
260891
141217
47733
694331
564589
267066
101906
43744
405499
235911
108035
258106
392599
35021
21959
146575
888020
14897
363021
637707
164311
424190
317955
372270
195561
47999
639953
149139
86432
91944
424111
141650
54798
7620
610919
185436
181424
420904
394443
96728
147490
198580
127
8585
513321
23171
562506
669091
204450
57419
45767
114675
258358
143532
393758
50156
1198
162234
235335
530462
225884
209097
555905
21211
75672
171844
42409
281668
922602
634565
229620
129223
46721
127660
135604
134583
14137
22705
575668
313390
177893
75093
301028
34223
743065
239350
747037
43223
699275
524200
401215
97512
235298
279587
167853
305017
81641
125549
757029
637899
138085
20503
773927
128225
612967
34199
31646
272891
9933
162505
209575
30554
142464
26394
418183
1455
421640
7141
58470
750534
60070
393248
636987
291540
6324
806000
141944
21354
192362
185045
488563
206961
386946
119357
364892
724853
554063
174366
20358
289189
610565
83066
747050
26111
57278
729038
492478
464794
163642
588299
125817
189133
24813
134203
206521
567918
94841
5061
65405
376996
293080
72950
245816
728999
827462
258601
110659
393746
5225
401324
501709
103893
736652
449408
161717
84100
9525
63228
323823
37456
45721
48482
736989
708760
467250
331384
43023
155359
257255
227803
22122
172492
833876
187764
324584
341536
170313
64880
436404
318028
281747
430650
246511
79942
433252
63524
86848
209353
211348
526233
60297
24820
290281
154055
450505
231488
599083
130717
533652
500511
414505
581150
411823
46195
372151
51136
92743
6055
46536
738579
67283
170898
76320
537945
192042
83935
18099
208123
364100
279173
42269
239202
141094
236386
66879
11684
218351
136874
207354
78572
174192
655350
292192
216197
86754
436926
637032
7992
90629
185611
574304
138895
88618
21364
25506
369428
614567
263685
199379
203161
96675
579336
103400
8907
293385
59418
91427
117932
59678
288
565455
534091
109361
475497
122578
520237
177668
93797
430922
346905
548852
10507
395381
274431
110231
42478
77050
153962
47035
705675
220616
184523
394057
166058
316244
43198
317976
483461
51117
364438
381096
491546
195194
444061
388215
152751
12176
5095
410330
148673
789316
86990
40994
746569
1967
222403
135884
184772
549956
6571
38587
347580
194391
23440
12425
345568
15629
126002
165373
266309
63600
522520
341178
382171
172855
120351
259078
820029
75689
284492
158755
84468
180416
191311
125832
9805
486614
86884
12330
20172
63148
231152
42462
432599
184522
481254
438313
533804
693825
740782
350856
598811
344138
392998
429529
43323
560580
323352
230430
151321
125551
375224
236241
661665
66874
161480
442002
78246
141634
734845
93859
29265
132803
611941
61005
149253
103906
291151
63770
914186
307267
240540
210691
403536
740808
124978
310891
522255
17213
366283
467223
475030
218577
227362
585844
92338
81599
12202
87536
50961
285947
132623
419460
47317
60378
115503
465904
826963
678084
144546
74594
46129
479339
14464
435588
484889
50393
17215
24621
462876
284145
687
453838
502190
303930
310558
514682
80406
283029
354983
318130
391444
161397
134357
53811
56784
62066
494186
52499
28319
1395
58319
195615
232447
20578
301994
523209
6045
45153
585308
508918
60185
192002
286257
78020
676471
356668
59090
191284
352041
301816
74676
363478
280793
328252
45039
111766
534592
193652
16769
113402
392448
62834
366667
50538
385229
96648
530457
201757
393797
44107
30577
449835
190119
499686
337381
110081
440445
883395
499951
690520
380684
108756
318772
365547
62504
57865
91141
88896
425334
176099
460698
860010
97737
493455
294992
17633
102070
18283
39374
109517
243330
175078
547346
43300
64940
296407
578743
15950
262839
197920
107986
108510
246489
292255
138108
237545
244578
185599
327007
512108
250933
511246
451025
549292
791860
316191
467137
62167
31118
17780
224710
116663
9553
128771
610147
458604
302125
377821
85365
92156
210115
75279
806718
78767
98976
15892
392112
21056
399987
73832
152614
128159
141490
221285
109706
403105
328516
35624
46625
150400
507295
380641
750002
241853
60469
108589
98974
281332
297592
67831
39687
157756
106690
94957
649056
106002
507755
313726
177290
1729
463468
6454
494080
462387
378630
414280
233085
61420
199167
16437
417757
38422
334847
116532
297894
8768
327476
12450
28987
235479
2814
27920
848533
356
431867
394272
12685
429340
116402
229128
46572
26232
104245
257892
343671
58047
6163
72864
661771
49163
330837
395947
355766
41905
184963
778137
557924
293299
73410
105970
125269
14659
292728
87160
117508
219994
132922
79272
189127
48040
167057
266910
511403
89342
55466
2298
118821
294696
352980
666176
25875
638273
9867
127673
32467
52554
396918
36381
324533
91976
81734
187810
818519
614592
55963
147716
1560
173969
7082
787822
7160
5229
233600
17147
115498
871885
99888
198550
508004
507999
177268
33334
549060
119274
481527
700283
755402
127026
454687
44068
37826
24743
300881
454225
545457
59320
525714
145244
108206
91544
66437
317754
58727
33645
40020
606530
136438
154665
359891
638653
175080
75421
69157
217505
395432
170686
442594
239888
471823
6015
653325
110326
3658
41487
373454
559497
219774
75756
67516
18306
575363
300497
689342
267468
468719
549629
111729
665571
354949
388066
338771
71042
568129
130533
318854
101610
232685
88454
157649
559751
229502
253034
383241
102457
767091
8202
141657
221523
202829
121265
128217
742955
58356
537779
73531
864965
477486
697273
3627
289451
284178
58573
344350
382587
523959
257446
93767
220867
264024
443546
9968
13374
12380
368823
640798
769685
91143
241765
711829
230566
696510
228743
304267
221351
189190
168120
126678
192554
279976
127201
236734
283228
331265
26286
442961
64149
401238
237846
874598
66169
14680
411387
215374
146177
353680
145799
111773
496231
61218
166117
164526
31794
149671
771892
83821
157161
475439
693160
126566
458731
172057
51706
19335
450749
134552
639316
94211
179939
458763
280576
949128
300187
394769
69617
196906
601483
295221
141376
194220
22506
44331
422091
285726
1508
112614
18674
126165
226834
326123
33518
48523
340067
184329
462135
287768
85277
212266
41084
369279
510236
2781
201055
2786
422576
21545
392389
14245
118421
634120
60262
33404
56879
127328
270137
292948
448124
556960
304483
150065
458
78522
46298
2490
383737
174791
658504
110882
544671
161252
416886
117982
407556
126255
98804
58096
519104
102095
378242
139817
8587
209432
189748
100358
213354
50459
177552
682993
237003
87359
477372
25272
749862
193748
483342
221096
34005
28380
142220
187422
331526
91160
128775
303574
322243
588755
47408
167678
312855
303737
304477
743628
193142
197975
26540
636346
432951
251368
616666
172670
547655
403705
311641
66837
432329
61217
11412
57245
32423
164186
234948
32198
20818
71868
64162
59922
84548
451121
692842
328
360903
263396
461390
408844
341162
138179
673899
236173
215552
496008
12550
158077
54517
264466
38241
327932
100548
565
173173
5906
114993
39110
17457
305490
97160
520378
290510
179945
473539
153319
25930
21309
27091
360440
354705
448434
234571
426595
1016
734510
91243
143799
275255
3699
158026
245064
166580
157491
98420
7402
15074
156711
365438
242906
171525
8806
106863
43703
135009
182489
48745
198975
461028
11676
19532
504855
27667
417097
2733
487514
38626
153826
308730
37546
52087
571941
23590
89473
105952
107023
81526
526608
111343
368744
273520
66252
81146
73283
70747
11249
7758
588739
8752
1185
24458
245063
226150
91268
311619
52484
230999
591717
21858
746860
599936
137794
569321
101407
40323
281530
9689
222131
111913
577981
598909
5597
8172
69035
342268
521198
296355
154208
364140
490142
831405
188079
68337
445327
281569
668367
377251
466398
18961
37498
121722
117504
317923
18769
548027
621456
22793
40290
11537
71882
203102
67338
621069
276409
60834
143235
270782
259498
772728
16986
206289
23865
452912
42777
281599
92572
555901
255422
80649
625992
499015
887
54542
95050
81373
620958
122428
580643
261864
367420
170803
7062
646176
4628
110613
32928
252969
55726
10456
746649
244172
30166
221022
2833
3872
112327
197079
387268
72189
216819
404307
155358
566579
30207
1223
364102
515669
462880
611409
440146
27085
360784
336203
24768
8900
200156
563442
621517
364049
20740
246067
766036
219588
72307
498191
343984
58100
238288
141130
378987
368619
322225
117597
23871
142119
223573
306347
768898
81975
142203
512254
45792
500783
137709
282622
186439
720089
278952
309375
436051
53978
615324
18347
317645
142908
403728
502191
1749
68577
105493
169984
154401
55710
487730
644
487985
454391
222406
287726
326979
178691
313297
119316
5023
165765
106151
102111
243701
9528
400568
504955
405438
30169
26999
441467
15149
152796
40703
277483
289881
26987
99318
708926
337871
278663
394112
704913
88014
150272
24040
613480
697666
89212
369612
484098
103633
515883
180686
222735
333830
71449
110211
107931
533160
332529
84352
442988
193974
103134
27227
128377
157595
434477
11060
53591
292054
104020
912597
224724
310269
111115
975405
382905
347582
109370
128725
9789
187197
242215
40438
830531
150891
123210
360159
84387
8919
1069
381855
422913
89022
31088
637
790034
113145
26731
226685
62315
14380
155338
20800
129992
164166
92033
142424
830040
599617
200176
8028
158151
498664
64409
892564
10577
111773
518243
361002
173386
247944
228561
316650
25
116620
23917
5921
103445
182812
48862
459729
249564
89857
277449
254203
125295
173761
272623
649469
359353
386891
186219
101403
781955
731348
149587
404297
336682
526816
38230
626604
32332
582418
14867
653733
591604
730737
467087
93926
61818
550322
10056
252801
342702
64312
537603
408126
14272
260123
376278
318345
96103
455512
357682
109598
509770
2451
61759
613665
124976
464707
81265
449463
23265
777273
33928
609377
47772
586249
209414
172132
128552
282203
240372
66508
683867
152286
705602
49276
7333
85546
266522
45539
347449
7326
531007
91000
366564
143885
395404
130913
92530
129122
301979
241347
416557
549249
268894
211060
416626
595234
100683
63032
36088
230714
8872
369781
1609
471293
121711
124817
20157
19946
135675
235965
20495
174361
115916
13815
401088
765953
684153
108555
32785
583818
314720
128
58517
490509
70222
236080
182557
230182
184658
84278
3145
360248
344848
23804
69662
186205
47065
468542
43221
81776
441508
75410
135445
134924
115983
307181
168770
66106
75754
765493
75613
23521
8626
3871
35606
59406
146665
352313
115117
275072
595158
67539
182220
517057
129916
419224
640185
573404
607305
327641
700232
80427
484612
101845
154203
14374
25007
442704
428026
158666
72971
185141
400653
335238
16683
395758
271549
676109
98492
103312
17450
91954
336887
55569
468699
166708
18184
230401
60030
206548
653777
339893
263730
189108
525947
201303
57848
636819
316772
43927
206971
40217
132105
1476
58004
116633
156593
98076
101286
108464
132157
62757
89691
125221
916748
192925
96920
823125
597026
24731
17412
16563
181777
87307
436533
174940
167297
15653
66416
26719
419642
100388
1204
657
535639
535078
194923
207373
4799
216618
31924
61830
1502
230552
515823
80469
9405
28433
110169
266634
240699
191228
364862
58334
159159
310698
663372
8688
236310
34762
286109
44135
611248
147645
299000
529035
567740
56196
184773
648153
688195
765129
26103
8845
288616
286351
129135
296186
233098
543084
86776
67131
191877
378145
219016
112718
36574
4735
38053
168400
117515
299448
154799
244533
393019
63051
279485
63569
171019
126382
949959
106747
121140
566937
580096
50874
12470
160178
490395
52747
22675
122854
258836
128211
268668
493198
163655
207994
68619
136139
369224
48782
46640
73366
431098
304671
178484
459969
346845
443120
68454
217969
162244
541885
139213
338630
234929
41312
33051
462515
37827
608821
736830
177310
25771
133997
548421
527326
281832
230226
106663
57235
46473
46605
437054
453717
4752
352350
421046
310544
587077
291398
71906
10028
595794
265037
665398
4902
423821
47280
120506
5577
39068
894172
239264
165294
209587
327098
8592
634767
660300
160687
237272
652188
33506
20376
143468
92127
134842
186123
44428
706904
586165
564000
754
25125
75293
89890
564066
352080
304977
461004
183488
89797
211721
91391
241896
57342
264141
523596
63954
189511
150713
42142
14807
172591
590024
106391
213608
2604
295263
80834
54264
79465
353378
454710
71440
944964
261728
22766
7845
257666
263570
43181
464465
92673
255131
42767
8348
670897
154364
484268
333138
384060
49699
448816
384254
100453
47020
478193
418847
205298
471985
259327
118954
845478
210219
285821
27101
734594
372508
129868
99093
47199
329596
186680
21656
397043
109350
88483
368347
9442
50513
3563
719230
283786
163705
42073
170730
92107
262494
127065
22546
321332
337780
631036
159190
513025
62009
266465
408253
300066
94746
5256
694452
829754
389285
10588
104195
437905
530901
254513
95350
65539
48644
886195
166135
281051
425
601195
778703
357765
370356
26747
561353
271597
205172
163153
165418
846688
58125
14247
139261
53445
555767
119573
363549
10758
141818
104975
140720
156253
154069
624334
60736
156209
371531
117085
393794
57834
66875
12922
892929
29901
205322
542100
260820
25706
92074
185167
653103
140824
71171
479275
14703
340562
52396
34633
315775
617938
64208
68327
266437
42068
185102
423266
79778
75474
170811
503189
6854
39733
11304
82637
31203
39695
67079
351187
93277
334585
282143
288794
370388
247406
22422
234967
291133
161354
95543
31164
22718
510184
732713
256605
292479
518317
7167
224796
88818
183044
110389
272139
98674
226382
297270
19504
5890
315007
524114
216628
280097
26484
428768
273107
145512
90670
759065
19746
161018
104733
91765
91970
800364
56492
47728
171209
69817
79417
103174
304581
308372
276419
85335
76726
60849
14187
6292
110342
206362
195120
107290
422790
37146
418575
159929
420033
8891
18215
41294
20187
423187
448999
9074
526149
96377
1241
272210
174857
230722
379191
96509
305533
543254
430849
70305
429840
73206
46443
563719
123493
74436
665561
516262
75387
105733
795605
343942
133397
550404
474515
463384
164761
9829
258173
512909
148445
804899
202977
346531
165261
292406
80780
169719
121769
483501
71745
478145
486817
188195
86655
798657
83639
132083
209122
126056
316329
283269
69216
105707
386055
362322
25502
651503
419920
35338
503438
42366
121505
43564
78429
396624
47154
58775
58656
140016
350717
20533
327429
40197
492173
398705
597927
459311
335291
438227
76723
261347
79377
129067
335856
168502
600837
160918
99459
14153
30196
221213
2632
339248
503130
215347
382521
270558
60127
100639
265769
411216
41639
31648
39540
31267
135602
723654
77991
605999
18847
100114
415965
77174
286672
330463
171213
605590
434795
100158
171371
440484
163753
23873
76383
547843
19418
89627
216600
194651
86365
47505
135591
144908
280
265269
290724
152111
7857
86221
529099
385564
176588
22991
642821
89316
83226
392576
395100
275138
104227
389502
147948
14412
31229
393502
250966
514721
72223
129813
22715
1532
77974
311961
351483
232769
152436
173159
29584
707868
129232
378110
62615
206899
77790
18476
242724
29227
18175
60792
144166
257547
79425
584526
97042
47662
148454
163337
202455
56810
49844
224804
728032
75024
900353
79388
474729
44868
365700
100945
58478
8025
129872
87029
70421
714428
313613
148246
57177
251136
871388
90251
356980
450423
13521
213522
677936
275469
136024
49047
319918
406985
269788
161342
4655
39389
333531
80991
85127
555477
259196
7707
179302
586846
210525
972
5664
132381
687868
326673
532342
547199
14472
133889
85297
3111
56200
255302
37417
147693
422597
163678
51223
113696
10998
723375
350770
75821
314365
75058
43064
110024
93965
65230
296470
339390
96331
84918
535200
5379
131078
33728
357016
196571
146662
160791
792228
52677
408402
24408
389682
188953
121699
241321
78870
604528
90880
147952
224358
651239
243000
11127
28315
483007
258436
74651
523996
95223
361992
451762
273736
9436
8824
113642
173500
435171
227985
268866
8530
48895
53346
30249
337563
455136
18170
328542
107985
9531
141668
134922
586409
311530
123677
527170
86533
221014
142822
741
174396
18785
35459
262692
35245
21973
204935
67949
105106
49271
370311
627726
2212
271729
127284
67202
579604
12544
280111
2037
70585
29883
10779
440149
883976
320608
20832
296010
217214
653651
125032
471786
181200
265607
392219
673035
211010
34758
32843
68398
174504
131808
259472
82100
44235
556321
15001
265543
196942
61502
271842
626643
134157
171934
230047
55311
48093
680728
29132
609777
408640
550104
44775
360678
561283
286045
142360
303827
44869
245832
31571
3332
236990
8280
718165
239037
773738
315092
24154
65270
132997
16619
112734
129160
105327
304978
493810
423415
640754
331552
40922
598582
447080
194531
32601
609128
83374
618391
3671
289677
429763
59438
87812
78554
596020
241608
1254
3438
222584
19784
198521
304321
864422
881172
601596
74264
671740
454835
98538
223702
228599
104516
380047
471749
32144
421216
182319
230170
289177
273242
28949
641964
46687
260679
459910
68057
244349
197227
250029
85659
619181
36576
305508
667639
613987
36263
81265
186868
180539
322490
198478
121505
70303
631340
278964
203566
307294
544861
332364
29210
87772
863727
256503
126305
121370
52741
65496
401842
138510
160311
58329
682785
537245
373453
281344
325392
87627
326189
278060
55452
255928
64604
593785
613692
40237
32328
104737
702847
28502
181431
285902
17144
390593
2682
27001
21340
466230
521410
79338
631577
174920
59849
438458
220650
350485
59533
456056
60
82034
629528
50623
68134
12468
134986
24118
200178
831
16559
372403
7085
72977
189006
77246
117041
445805
128458
789327
17128
197242
332087
350912
57481
18248
477160
160915
647765
43177
741005
222924
947499
701131
265738
738052
55382
463084
55755
96968
64492
520972
37972
252317
300939
36543
323887
186193
527483
38394
385422
30948
507672
430181
82752
95576
164900
27891
81658
241280
128431
135317
5565
76185
53297
100538
127614
248033
16612
620161
300845
771570
881694
74909
19223
907839
45579
1968
190584
118560
29231
304812
270608
378093
297652
245982
157488
79818
330998
374321
153907
56867
190103
99874
277987
38580
935401
371306
56959
138124
76250
451999
244775
126102
108557
207337
248008
361705
789028
439678
489459
137664
274446
116750
237086
907126
404976
576423
439429
535405
21061
42509
100243
604612
704081
10795
89889
99085
521446
475725
796159
90052
9601
251709
33080
417432
352049
49001
282777
181520
14467
404783
760404
390600
308575
225235
521760
60784
306031
406381
202102
354030
631688
541056
94492
644344
148223
744880
53747
28442
99041
393909
304679
872840
196027
41230
22647
248839
156661
80763
16132
426117
156968
12532
91066
354331
11306
147118
738483
333878
134600
419813
240514
711990
8914
231080
456745
487471
137626
655066
72251
14004
52969
143739
917046
587471
147240
117700
195396
172515
49137
419057
328078
42016
754082
422973
21206
27281
230839
89580
581320
2283
64627
425548
211268
42971
126611
567452
273589
94683
66612
772796
182164
217341
61314
179678
397357
131547
75017
29870
115736
109013
25403
522814
24512
267694
168466
267414
166969
374104
31563
208979
55782
254648
115064
131292
269541
76923
134211
269231
220911
11790
79933
89381
96915
119496
417598
187311
295182
863123
62687
781728
500922
644759
6154
227338
742840
571558
111840
92274
302319
265816
3787
164381
133139
178339
667765
76933
16704
209645
599214
244057
487455
266842
313314
52380
272046
3745
192151
612627
290209
9143
100221
143198
110750
164253
121351
81883
189995
214817
105422
327210
211497
5636
73296
38270
71231
101701
71938
49649
298201
59367
573256
209997
329278
412754
196903
44866
265953
10787
246824
321366
503488
224168
11557
209134
18123
270786
82078
529517
218081
519793
100759
136740
97584
340370
188950
280554
7857
42204
3245
139396
40388
57067
86146
652640
145323
806950
31175
430026
2665
433723
315139
315077
59239
55385
139840
544855
242482
395516
109821
910147
100342
1280
2211
508344
19684
738037
688407
122146
119834
255985
335955
70457
105211
992161
689224
121858
192975
7338
362025
236872
367347
46321
86215
152903
383802
140124
130761
679620
811386
240628
228903
549274
9272
193557
538090
67119
5789
654820
292502
136538
17395
228958
208527
39882
67158
216278
227011
199096
143946
460712
681696
216443
111493
314251
463435
166604
209343
47005
793929
421224
110959
69726
118797
416279
167220
39492
77790
188703
367181
549614
1998
228175
32060
111815
125765
149015
118871
172967
678012
533902
360936
42652
764016
786257
234888
48036
319364
183183
293753
15468
205514
841143
148496
99134
7767
71823
526200
318959
135572
324267
198331
1687
600155
188561
129713
825058
817499
671149
167728
19123
59240
389293
1112
258179
153419
357695
562030
475039
417096
142885
621354
188218
931050
756173
11604
325416
144786
240404
173116
119951
645716
14866
631820
390427
85694
140059
32992
3671
283257
209669
226681
16570
75806
534
75604
140318
13014
19175
92028
139527
408903
43133
21028
123538
289446
97641
352420
146225
485335
306344
39398
58691
317856
767039
45214
6138
92291
568352
409603
169158
266682
94140
133736
404050
147488
742517
211524
33175
711032
266378
268898
706787
22141
142986
185731
69541
119616
111070
11238
281769
423396
655237
18064
197984
47806
23601
118952
338000
635078
314742
4561
348255
164076
33843
7401
15186
601294
253926
440179
326571
186805
2147
258824
162948
19868
594123
796740
412909
223084
17459
48285
159377
136462
423576
167770
93920
198195
113893
25403
487385
421542
216591
44760
313422
69394
732765
254476
497354
11974
464183
486849
154628
189950
153827
93117
215465
16803
470331
588388
357023
185936
135824
420647
50421
27274
609832
191756
30162
266332
16237
451865
57500
1297
348040
26689
222407
44871
576410
400376
836660
618572
462262
312276
164136
7695
65987
599912
165862
124337
29069
456433
159075
320641
100239
646316
96166
19529
357991
566111
161448
66643
352311
363796
676344
133284
7728
79722
72640
731027
199628
338889
176451
241852
541250
85924
817209
4157
414554
415097
20205
135174
63260
160053
289148
624969
112756
2583
337483
479150
214136
914528
201508
509318
6685
384149
312838
145210
571
196083
443319
221924
214614
447513
413602
3193
789967
151298
763873
34175
30165
35363
229284
50667
171171
112647
262131
406141
498771
133724
112817
8410
5883
280315
180182
578527
600778
120150
23292
4638
27984
312025
382524
78835
61549
281853
81449
142594
37062
18545
454029
253707
1676
201888
143265
49188
649409
94795
234446
489801
11067
205796
186935
193898
32932
590336
325461
316624
669905
313150
264268
81002
357159
65305
90618
234308
14843
12703
228050
176671
85091
450634
444824
23537
3694
68402
90848
408924
243939
72973
539089
77270
500084
550331
27715
737834
41523
34701
109666
243272
697
18327
163570
1807
665290
412337
235869
344163
513028
499057
10516
45415
12354
447927
535493
167214
298420
633021
395756
175312
795332
18846
89437
59120
373374
78121
14811
566581
1542
254303
751399
9051
13359
67591
58885
15785
574136
87824
594513
34855
18576
241573
25112
808260
16495
762893
214134
89267
298346
51287
641124
483964
656914
27285
1542
573544
14455
105930
356069
755123
359483
41122
105417
15055
526060
395441
128185
10810
514317
502507
265521
347460
222788
41597
109941
369223
155358
9345
828039
309369
31236
69048
46359
18299
78508
682294
47732
305749
42141
123520
334478
95579
69437
435520
76170
172436
48474
119374
406357
134661
161733
831898
109180
58060
73147
321579
498148
159604
159364
576158
50037
230519
94088
228669
52046
56790
129766
490875
487724
206646
732404
6996
535425
48738
71106
15273
366193
349068
157303
192562
25291
384107
64661
454800
402174
438323
659186
238754
94891
239778
81946
518185
35430
130283
356391
338743
113018
53276
51050
20425
638163
79753
356159
170080
163924
206160
468552
482598
51884
229871
726805
36592
281799
52186
306191
95380
204311
180576
30835
356032
106048
458
163775
382268
160176
722295
6563
230766
194684
121508
131184
51788
492396
105232
194598
10
388981
632794
59056
281716
276546
254
181212
65250
181436
829325
187110
279483
278922
139389
116634
38315
279169
610934
354730
155179
621420
360920
160456
119591
386464
44634
250619
101135
1537
53744
171827
281188
283865
256432
91648
85569
18680
73990
105694
38063
119749
391481
20554
16981
29780
53647
130026
121791
507209
596462
507600
164972
342361
274477
69205
152274
199267
559359
240123
339406
531339
45535
331045
160571
55458
428406
519478
29108
443526
25460
3329
8655
92411
32017
737331
227879
5626
146866
10669
277401
520110
367829
438558
60644
247392
131156
697200
27671
14515
128015
103976
121023
51131
339780
128393
333440
19653
207464
150686
20366
323894
691008
661642
35521
692045
90658
368807
49892
241958
230589
253253
194301
90077
503645
1234
28380
399426
79286
346924
345263
276579
94668
843194
41724
14837
485065
344690
34351
243905
196338
99794
161458
857312
115983
126230
152197
501509
145946
359870
275513
361852
275253
475557
99323
346518
18507
650
313099
52946
252390
359378
223554
556177
43493
412496
271884
164224
85936
448639
884495
547286
60719
197876
513778
24930
49338
215038
499233
546166
34220
115468
57554
461088
773295
16728
115182
24922
205085
302187
65783
3539
97191
50790
187827
2561
218351
22210
28
5200
198231
108510
76185
3190
97409
77721
213710
544078
140824
35162
41744
255729
55758
801592
186813
315128
37124
223218
392957
77308
32419
108061
111960
38174
430005
50563
44463
112420
95832
213790
543050
546441
416040
152780
102392
358769
320588
650388
458027
35060
107879
42625
313677
486666
813278
145845
233360
213077
528266
223215
378831
139914
189750
332618
726825
262496
229505
429490
37811
188325
260764
45886
762651
56406
210484
306081
46574
422246
11900
78445
129742
245968
588200
333270
131632
772060
306497
169683
369822
26937
387672
279323
8907
146441
498289
243719
88536
631245
803842
8158
31089
161574
3286
138891
559358
40500
86452
452244
38639
246111
27270
31278
604178
367085
556636
223586
618592
265145
114515
19649
255934
449479
80373
50387
390002
35827
155141
62937
12841
135685
274610
254336
3998
879807
161932
104898
65317
586322
90701
495613
598137
112078
444555
700326
93315
468135
176737
144517
369247
461790
106348
55653
41166
31844
465674
516859
307029
108293
62435
43466
228077
271011
59993
382512
386285
321273
37119
193411
768682
48181
134576
90360
49995
13581
444331
497814
49569
536244
76169
1759
513725
325116
87067
402879
47580
78548
320636
460539
378626
7655
580139
427330
20445
357423
447225
209530
507074
17508
15418
163215
250405
308362
74688
495362
880148
367357
173372
277362
124713
80531
363442
238094
90387
6551
291847
615570
129143
120325
258306
460492
7956
81407
226699
34026
407298
3553
57988
390757
225383
48823
548285
163112
314429
146582
421771
548795
68059
13436
7371
685026
71720
109661
26635
147308
684344
208163
422450
1473
36601
309568
40153
688589
499914
38043
446613
38902
304582
33033
139574
180077
565986
898733
222739
602128
52644
11580
828973
661989
4508
145621
665597
52219
167947
363938
735551
9876
185432
243720
325430
707616
319110
138982
6169
82024
50086
136292
38450
17190
259996
132661
106263
574112
231742
353643
439012
136623
471655
49888
114670
229558
253559
516644
74293
77662
267200
70986
192763
587163
313375
167183
204900
55845
45407
571393
534999
172481
487905
11547
294373
132737
208099
60721
56478
352218
431180
32592
25665
36785
210545
149329
637034
121892
238438
31465
2452
9835
87681
243890
63715
83267
323700
532583
511681
240668
495978
695513
192082
12206
5444
85653
304429
42030
35116
140645
51111
75524
9798
134506
272179
23277
22793
234422
34929
517762
340645
86531
119709
67706
214686
2490
101271
197992
193942
7955
306917
225443
55107
28555
803042
463834
253995
179837
404916
490034
71256
685291
347465
58818
443610
73970
625671
225959
120369
474626
538643
141037
65842
52312
31007
1371
397527
47943
490920
248841
867611
52724
345600
38208
77144
183830
87464
169450
137140
405
322829
275859
619595
328920
120962
236902
211438
3215
667386
211123
744483
48419
173004
391897
6845
213741
782834
245769
33819
291828
490659
210685
847929
180787
447625
368055
201945
9100
460005
872011
639080
222386
47042
747580
572258
492944
94866
221598
68861
240018
34041
31395
401841
4619
398342
33416
332753
27791
279963
174813
126384
243344
322359
449271
56863
14689
134977
380884
259043
606661
281458
166807
112144
142671
14343
87883
183708
330809
695953
50485
512019
547764
757148
519424
337554
456876
834604
41457
37293
522851
305493
229963
120463
222501
99016
186243
481475
12686
20420
515690
45390
46965
8033
173385
421370
546114
336863
51748
724
166730
110370
504534
10018
325052
150717
66326
250516
232499
47645
73948
259705
437569
825908
578600
56046
756462
19645
572502
615335
214916
512518
36503
98801
710493
264198
31778
259638
87063
408120
55983
130190
115320
418743
185002
190359
85435
513010
310916
45767
229245
467836
156799
276865
53825
70021
61180
746978
373293
13329
209450
208934
261442
23250
600488
77709
139635
45421
439546
14110
175057
12943
6232
243025
229408
79398
662782
20327
712727
150576
443885
317681
597008
48343
188948
700441
210476
288847
153767
306432
78395
83986
627403
426117
356156
432090
44769
629471
33158
82159
139707
29935
36291
428562
462096
9859
303661
135144
581972
420446
137801
30188
37307
117422
167517
26749
67686
255912
84632
819249
317128
16134
91747
76566
341765
117743
65264
86880
254015
305618
34052
271023
234430
654704
717985
94735
70081
75120
35223
514167
47837
168392
84879
168784
127176
435765
336549
209697
439153
747169
87539
82310
78316
111593
30930
115290
7526
331704
512638
274901
25521
44695
378297
398525
112098
152371
293305
3368
455348
66875
20244
119565
200763
539969
154781
771910
725832
641470
100778
54473
194202
4340
7868
126637
542119
237216
617375
25776
5985
27641
641926
268069
153976
482920
303463
808927
2064
446305
227698
457838
942858
256272
525000
61567
29189
576257
388150
22825
119822
317732
296478
430208
153404
344452
21496
580013
36352
920433
42684
121068
461331
77647
202082
45790
134582
7367
293341
12333
131877
47262
103292
28776
159896
23626
49149
95170
150218
557761
23641
273966
122225
273944
34443
504274
425825
342889
36491
354124
217794
643333
31281
370780
198000
24943
344364
204302
897864
17791
111266
189687
96859
44886
136589
421010
150476
37393
383129
720791
529522
331830
21433
40254
7089
2850
343704
647735
152958
36343
2972
322526
58158
274836
172711
611064
139073
698941
354687
138749
188227
488096
191663
44591
258929
178635
62296
274101
202189
79201
21405
24727
236180
46079
31490
331941
109089
301163
77010
45704
95544
380855
351490
150499
5205
103091
72862
521317
295802
53288
147517
343153
660612
32685
32948
4039
855309
50909
475489
74536
335687
50251
22670
233536
9573
80359
589275
352138
327722
1280
32406
26033
364831
363714
303438
657406
59847
148462
15199
16089
53862
20557
65862
142975
19058
44951
108991
82907
369033
281003
664489
419266
1762
295735
23681
95290
276032
531677
325187
384174
647704
312856
566184
637004
371612
470319
120259
279941
347624
91196
221956
480736
322530
633395
22309
326945
19553
629490
21883
187065
357508
728161
388119
329600
114875
3290
140229
66383
426195
322207
88263
54414
2914
96714
6626
191820
404809
61112
128993
39071
329400
119986
117869
631885
280029
378744
545147
146302
13204
53441
137563
201962
4094
120837
541455
27647
615146
143393
33669
486507
70713
367189
342824
75581
49718
33476
378811
321731
8944
569442
5310
198470
615100
511774
128687
103684
166485
466505
221926
164014
484257
17809
111825
38114
153378
211497
524556
92068
527002
261705
370774
351062
397871
25203
123262
5609
39985
17323
410702
107119
379630
528247
283442
140808
9079
859207
40819
213051
681086
70670
66239
109051
15777
218918
313923
284307
53575
165459
94522
17296
326201
401635
11795
130101
99704
696678
310194
52411
111393
854108
182558
326573
655262
68661
24858
161664
37649
171583
807231
64700
505026
348988
459406
498216
81095
1721
21676
134814
274609
60982
28233
526664
510505
417520
188293
177198
503326
176512
232768
83219
220937
199448
51352
115764
111809
373690
52476
317757
3877
396527
533050
278130
6853
751874
62736
122823
298942
232552
410928
529797
326135
543203
143653
680444
9971
269720
363427
360531
484306
197879
313353
507020
906775
669577
977943
160249
182105
480445
142921
218
179
489397
76043
623655
318132
37904
346863
368467
64891
69317
450419
79586
158939
128637
656552
21312
110630
96722
579236
13450
128769
326470
595573
396527
614632
118732
111860
355755
75449
312186
189352
356111
239823
28391
149319
60622
494374
453613
220802
492384
558708
535922
450063
96259
675769
195900
125047
414053
272064
473232
56992
1925
8478
52650
26926
74847
374179
466017
251622
93088
159043
78989
8890
92511
237590
181375
398785
179190
105486
222799
22544
70707
98706
178364
739352
88866
22114
559492
661029
481434
134900
351526
76470
669643
152747
64254
96595
5179
42347
132881
170788
1561
521353
129286
396351
232019
146916
254419
245199
24817
745
547791
428981
36754
286204
188176
54412
354378
62050
824339
294314
73121
31645
1273
354835
839894
217370
470020
106168
376008
289558
17215
304550
423756
13460
54916
141427
269921
204164
66146
612768
210971
9434
617088
437808
138202
740911
675831
6212
620145
596933
570352
112760
344869
128040
557539
448822
233624
379616
10118
193987
406930
79136
90760
43468
148643
139613
523346
166185
52262
18518
488829
374728
190854
336458
60486
270558
271574
174938
123826
47264
552914
449852
11640
29251
705476
14471
139972
440114
250240
35064
262187
16912
24828
649450
393054
13912
198264
528573
205565
264552
229652
224858
98865
250943
329613
58508
708749
300301
49771
472544
328861
70319
14201
358373
382502
391752
182165
1239
60815
46953
11909
371091
590454
324898
103252
197308
472773
84759
50757
173733
151904
778102
126923
157865
105712
16320
89052
152373
220919
47118
128635
341977
249079
218127
169199
447560
32791
225926
390108
170912
195689
489156
39504
380304
170938
50105
218164
63214
273434
514503
337027
158336
71338
293427
34931
38208
15671
264978
152687
355597
1221
55128
324879
220713
631942
283695
34890
92960
471425
5670
115968
225999
168700
268453
4419
389348
271787
178391
180962
287064
19529
243026
148760
384282
308203
328695
401653
372307
491074
17983
288507
56194
461913
447346
328445
48412
68997
426799
114961
520155
305775
10575
486229
509619
81659
116720
556191
143271
158686
527316
104805
46616
24180
134618
99737
116979
169366
56054
1978
703061
61940
29761
317892
174042
141334
121936
64060
51388
8252
266538
124606
585676
181633
68228
565291
58842
244315
50651
144699
293025
260062
105337
599
296838
374043
51986
391021
86604
318174
647415
426023
489329
758820
22764
27845
156210
158444
314403
125316
415888
127407
290263
313075
428287
465901
183753
79014
140161
73450
890658
81941
639128
153752
252451
329996
468055
116737
367133
215764
51330
437304
101307
78207
221322
258729
61890
312812
20406
85809
94434
95910
463123
16470
264808
420955
106891
246910
168458
68441
139491
56786
385976
185435
70222
72903
29594
320462
88886
460305
300880
469503
200330
173593
391241
120984
535765
156770
688486
101146
102955
32085
14118
209032
96623
71769
156098
1547
454178
843135
205641
217719
634439
300974
254076
184956
4849
24729
396475
226589
126057
31228
70268
48764
39256
254038
65216
535235
438982
1824
118767
7406
41014
505659
142629
601164
585740
298249
154245
781872
45283
106507
97278
523305
17502
635863
556548
81604
114020
409983
49900
12659
662573
344484
258342
338355
13789
23287
157104
619751
855417
33647
17744
573151
45976
331268
287181
193739
435654
473224
48980
585765
149164
408906
133228
14852
438418
122006
4887
192917
498986
72809
246443
140436
4762
884943
121070
33203
164758
97324
58617
338799
652374
246826
298378
607422
50040
766758
29794
89253
659581
228105
53904
52882
201752
377751
408469
213044
268240
432617
147421
23056
168876
299451
190715
189719
347195
275970
257592
5769
4553
330838
260492
57857
216498
226618
183059
229983
235610
64518
16089
152995
29263
153847
33814
156583
137748
289281
332223
175488
115118
789520
397925
58098
326071
92703
99643
696744
120238
811836
163275
334825
29069
565723
374200
23824
12452
262370
108651
333773
623986
5529
3369
267671
177258
145739
637530
688250
634330
725
32826
64328
35030
259930
38063
371146
9667
42893
219218
108087
32367
386975
104951
210326
1791
133701
580225
773354
530680
53750
333536
41039
104336
471832
563946
209242
138085
280515
226136
552843
21776
311929
416508
373280
23019
237262
255928
9782
653532
223847
24967
769633
327134
295856
315168
311099
107845
718785
260305
7014
295799
507156
253668
352065
220440
90393
15697
115796
80423
735478
181933
43272
77907
849196
109946
200195
153035
62222
388009
145610
825752
695966
26773
16023
114383
432969
189857
23720
7889
473975
83696
150963
183331
89708
508166
706925
209157
82564
163575
335276
18290
132590
177042
223223
71186
75634
230412
639243
214013
180392
8014
52882
529078
118007
386520
42329
28032
186621
29533
118464
129113
111323
359856
27999
90322
257873
75850
394679
166679
380652
59441
429595
468667
537530
222750
244740
454160
44978
61364
193322
214369
365411
72668
112890
306478
67953
827287
95344
119491
190527
126381
73094
710007
689082
266
517762
9910
323810
85451
86022
498998
305210
566323
268682
172229
666876
53043
458179
11384
33866
433491
190
152683
322916
2105
638789
571036
132828
725266
523769
384116
623763
724861
809958
219269
236697
13920
73430
206626
53245
681562
33972
672666
116353
317585
159650
669293
407218
8404
69929
117952
739718
590977
23880
70285
443498
362429
108480
156332
55339
30181
630003
88788
542115
724101
193570
621790
468888
81028
40447
658200
26974
174736
939556
101082
409252
590769
199310
174273
266294
387945
14649
119006
111671
441583
121425
288791
77063
82409
44733
127988
631113
93318
189343
37686
100612
109055
250441
62216
14486
170940
218821
143136
44831
88984
367957
710825
287420
24116
787226
246878
84348
110317
782018
350573
167987
291961
587748
200747
262257
199433
46789
95544
52667
27905
186986
2649
201537
410979
5072
107008
462098
824948
495564
281852
347846
16191
111670
17405
208278
172064
272739
81300
170910
22505
105215
83702
164740
309122
287360
59094
135901
664655
76283
52140
610465
291830
481306
98605
189671
67502
55127
1768
43509
41892
12701
151523
498427
143085
580563
8210
56289
193936
51573
231349
281309
29810
34167
55454
70593
341979
233257
934444
306965
378269
546305
106815
11809
109953
216723
307983
7954
295549
17674
595659
293800
210995
173996
36185
51164
176484
238169
27746
288659
150824
343646
314300
433388
3076
361593
179202
214760
514809
242281
511786
23969
215926
29684
121275
66186
106136
229772
32739
45554
40861
577954
161264
186720
7175
419705
67645
276229
129044
83341
1879
22017
19368
143259
467361
48231
43413
502031
13959
263199
6794
1732
11840
78672
322813
402178
121416
133647
78563
305259
176063
149491
514999
42094
27324
227911
773454
438715
28654
202616
69882
169931
19667
37428
256252
126088
232331
52198
613483
168477
422688
185082
299028
89183
88861
141480
363258
52966
17456
130003
18908
246608
10249
118876
100640
696170
48860
40086
216623
42653
382677
89038
521309
254641
417188
52714
30236
8781
582230
8492
252367
7239
45281
582694
54428
172582
74184
281111
276752
11758
208881
843301
96464
118937
117041
876
677905
359254
85807
49401
467875
541453
155255
7666
37864
128155
21527
611701
544229
1487
528916
659958
58232
595735
16232
745950
275510
181177
135874
6117
329119
60800
38512
14358
443048
61872
273230
125550
672298
38967
486558
3606
60789
77434
4913
843835
62695
303447
419594
2868
52937
533139
505188
318864
786822
29950
295796
426843
395929
6941
187095
21391
326695
10142
112961
443088
147490
177364
70701
261964
187641
507761
599
516288
422259
93206
92120
892036
154088
32861
580480
36089
83180
590930
4713
487563
135560
248069
450437
62359
424901
366307
204237
218038
197573
264784
408074
15979
107883
523806
34345
3197
203590
265451
24870
714628
26036
72441
98337
697662
56014
127894
614679
4616
489835
241038
86185
136951
259362
153953
940138
319764
3997
251321
174059
3370
14665
156627
281738
100310
523367
233636
52649
650931
496977
222294
860070
165061
57183
336289
290274
223256
53206
662264
468703
16299
325483
289910
433283
173027
372166
1235
571793
224433
7011
155080
11254
45966
163299
585440
151111
175524
6558
128811
671783
112078
48897
562855
130253
388032
938324
29732
632684
572191
409759
395884
699277
89966
45932
20300
20577
354678
51631
78981
134897
77885
423556
78737
449538
347242
89900
4287
278269
45496
216137
170235
83707
24289
62576
403096
38878
233706
74701
417106
112017
228106
4534
5092
531074
215782
498496
48541
49300
65552
774606
415934
73646
103222
93938
184047
583422
455611
126716
122302
115249
304388
208203
8679
155911
25766
90328
234576
447598
439003
28780
225909
37396
92263
644253
299318
128678
676691
306880
219777
815546
482941
447589
70963
140185
164606
258532
363672
500937
307751
148794
808410
141868
525407
5819
59463
74300
382391
178280
329537
2986
286135
475170
4884
270364
254124
111352
34797
578474
277760
38641
434902
596624
95764
374709
676539
47423
217007
332723
573980
31596
136191
743924
821137
43020
287786
356591
155701
573014
575261
182901
3168
330741
14726
97612
395847
179097
360224
78877
302502
101277
109311
208993
68238
613253
368921
551452
101543
465084
44432
384919
10563
39554
641072
365063
50068
350624
283618
85530
469148
117257
106709
100018
91098
321262
159906
406707
258966
119616
116282
2786
299384
84967
678951
377749
86687
432511
154923
161723
502677
134229
818139
100278
169039
261879
4578
177562
400199
501695
102916
450398
30803
409327
156732
31774
486673
13679
267021
55851
26712
174731
51563
293598
5873
249819
607089
834388
296718
60463
52588
102598
682508
414708
232355
474031
49645
18459
96903
116022
356488
333098
3513
89098
61509
81817
199530
27651
226465
53004
195428
1687
2342
114515
42968
452327
781982
403432
203139
329258
91133
360500
236392
624572
622680
443788
53879
101497
178
13249
361216
101043
5804
185273
245741
9248
15649
101718
74708
364818
236495
28265
5720
42800
307259
225433
40126
50336
411144
266489
81658
518907
608160
244031
205396
366332
242489
24390
389846
271572
22604
527224
123792
134099
35344
6351
391593
105263
229489
150855
70743
146156
287683
58907
29956
35604
83515
154666
284396
185838
300334
499653
65068
61121
355000
755848
636775
526577
402920
188392
19649
268791
453428
119229
789750
719006
262091
31560
137183
113197
1880
811035
57125
110162
16939
37336
20264
4226
172195
605534
26829
105317
80137
246143
436631
527180
541380
86702
320521
266920
115222
179231
789719
181728
58247
516513
332117
571675
241
12870
749517
94663
515683
180776
334343
190700
111967
375344
652342
514733
596350
62851
257714
468841
72304
11335
287309
760042
467439
46417
816544
648969
76122
142019
494952
99736
523091
428100
170908
605716
786322
84940
538123
3780
263555
176953
139536
383986
107389
324594
155799
234982
220985
163068
366181
360117
107278
347354
242793
56289
352641
188072
466409
126396
373232
4900
179658
23323
343203
193041
100675
116323
487567
463470
314244
351732
397144
90368
478646
328816
415215
189724
59823
53263
95142
629054
194531
102652
317873
41271
669929
463125
8375
5111
65777
416234
569087
417639
595406
338081
7272
15334
446990
365663
188827
294153
431811
150688
229991
377460
7615
335174
36907
534392
888938
34139
193044
553189
501854
373454
385051
543385
199767
287972
98432
299899
636679
158758
177264
11321
10630
113618
102467
278413
12711
30875
89542
103163
908606
768432
630286
45955
576814
258651
18602
65971
433310
70115
92456
776159
105983
14808
330995
202289
520725
192795
101584
12794
192714
115484
15543
38213
5274
9129
33175
245749
163268
72124
404874
231086
115459
44662
50375
61634
719112
5201
39168
173306
19447
498049
84986
45226
225187
310549
18933
149045
44343
454467
209921
50732
389315
144644
158694
288310
790835
219914
416682
299513
145146
470314
512625
5009
259012
315468
80197
248138
305719
29533
64311
15686
460215
534481
4499
380494
114514
236928
222526
873549
10593
17308
497931
271580
812731
682016
183812
117192
55702
14750
72376
129104
485909
283581
81658
289610
135570
560499
144910
176730
35691
333866
122326
73666
444965
229985
18813
177847
132779
173430
549772
297965
561193
739363
38099
366525
462289
52167
164845
579942
614757
373092
37573
52217
49017
71845
220151
145425
133367
59459
448060
506495
8138
529006
566225
493247
10537
251825
158260
224268
815422
250424
8908
136686
791673
20419
296969
401097
547147
415590
105209
205299
207428
243972
248873
663050
833499
443091
643751
289290
14282
498450
298982
80621
446164
116541
162227
343650
195198
152893
37088
127028
36056
78741
11992
12140
48133
124464
91022
57803
112346
291807
43005
591067
577293
406862
59357
666828
495349
774977
452032
69488
6456
246000
52127
33319
806947
403661
321352
42303
347395
305884
22133
533307
194008
162640
325149
534840
761072
362114
134883
124114
223270
8597
257305
127106
331774
389902
121822
28707
110523
367181
112930
199841
12033
140030
17654
409506
386704
78370
350440
95187
371531
101785
524959
731930
216539
23408
137166
440302
194346
163003
153850
20572
147436
465770
409357
62786
223238
626887
683750
163108
153249
296271
12582
78053
65658
324359
9498
502959
2393
299298
510135
15978
361980
799344
14304
845
98895
177355
96399
353225
383531
5498
465749
6500
233794
226675
82383
692021
705214
56242
90931
59717
601047
2165
250564
15848
247381
1486
73017
443351
10390
290547
2468
62683
14473
213375
31918
97497
194468
243228
923570
92180
256132
180377
180576
361233
432553
42350
56732
290679
157734
474419
583323
339329
242324
285446
353807
93065
174833
154090
148997
380174
223416
496392
7308
757545
148352
88970
106744
132004
131711
469860
202275
186339
342603
305425
106063
106208
434285
116196
20302
362727
343673
377492
235095
42445
595876
32428
314414
397340
459384
180478
58909
621277
7642
23973
65977
34486
416705
143101
646
193891
147193
565200
619053
197866
259066
450812
629830
320110
11280
124939
81764
88447
107303
147028
60858
2558
374586
272666
76833
27948
103698
415362
86781
43425
6
2688
68748
321197
54184
792821
197683
4722
476612
173129
207330
2703
114917
337304
44173
69159
36614
337522
44207
282824
477506
56246
225731
422719
411936
135617
56435
846430
379835
84308
202794
1544
834802
300733
233148
278419
167619
55915
330566
361077
87989
268683
31550
306955
306765
211139
14154
170005
198238
24373
12523
566779
248598
15453
16483
77423
45027
250887
326116
179809
199410
13998
491541
100550
29609
105103
59039
192988
40006
580573
349900
254924
736094
111434
88037
78654
66103
725899
54667
17376
35128
5154
28227
590796
9862
162982
340613
811595
35774
265772
12916
87190
261878
67937
203904
115313
22335
9279
100537
304527
103656
183585
379291
599692
46541
147520
17782
666613
840280
452876
491646
543661
7542
55595
74083
478193
4670
100623
251207
183148
288885
146759
93586
222925
800648
158
515842
168900
595177
367060
750380
350703
390252
33023
278266
133355
150360
84146
183592
494609
338259
405327
23187
48366
186401
508242
107852
259591
613261
28484
316855
196015
273583
774629
79493
604140
186751
290401
23769
53514
53899
678868
631381
143655
18987
8576
167983
2207
578186
794896
61865
58328
63198
95814
51530
235316
111051
513663
4313
16600
196628
514039
228124
138477
372
95393
76417
142675
6982
338412
378263
164306
2770
684557
186813
607076
3803
720125
26889
419233
203532
291514
115639
3343
403497
178791
111141
61214
751330
255036
455066
73113
183860
524069
398788
13519
10306
14179
140755
70145
31372
6452
379200
18332
604028
175877
130038
846483
31023
434105
424467
3899
17101
331558
100811
189881
21038
408281
949083
371390
22122
564803
42933
327879
258017
297126
105375
299441
232127
45452
859592
14871
469665
166877
332300
763889
228547
225135
25905
12657
163300
138821
175964
61042
74218
92244
100922
25604
492643
85729
4670
662804
197658
150871
490929
14531
1374
194265
284342
126430
189711
103289
642888
35771
379503
390314
810062
29743
161416
319397
144
229456
245098
34886
153138
107883
56462
82591
79237
161002
181102
122260
20148
264858
126152
530626
64910
29063
279572
174275
119127
181387
351314
263001
927449
17398
277915
206438
135432
245589
389705
88602
669936
7234
331482
381783
590671
23102
101887
281389
56263
367224
13849
420288
676171
301340
315945
29949
324825
688115
771407
510071
111346
613040
221027
514812
51866
139577
195366
107922
69584
13804
386021
93244
151503
254888
285977
29802
4379
177075
315044
650017
456454
140144
279734
156782
19667
129757
121656
633286
426926
778343
122789
260732
15051
289029
57786
487719
597414
235633
151020
81521
635542
367505
657691
857123
94903
409967
417037
437047
366963
79220
302381
869069
137927
351407
526319
452645
591948
28284
696876
89444
356767
73654
37048
64376
569783
595164
275358
526015
348148
673529
423117
209851
325789
5666
58069
568017
119744
43896
27253
139303
273215
530340
15219
734173
582769
570990
530484
108220
285300
300189
334463
926
169728
72392
327713
25007
160673
227250
89924
576763
42094
606369
703159
322823
228212
35516
805513
134644
218790
157927
633704
59516
39294
434
482736
494714
723114
73486
592437
156294
37720
416608
242838
291563
170665
93094
770630
239433
104836
60821
189139
133274
7146
110345
122326
494735
48858
377567
2914
174610
349482
182751
227719
135394
458654
232441
2182
518087
249321
844742
25016
62244
540331
677832
282299
105349
511750
115145
86957
203599
473473
147991
255339
748248
700929
491390
857818
68395
282027
256861
3752
7198
601589
53410
154398
489959
155945
35704
294538
1401
355883
157319
123070
34623
631884
146653
6438
348021
45944
362969
245771
19535
786588
74205
92726
251248
540739
14878
183066
72386
183367
267089
2500
651734
575375
791244
284153
198928
487702
765147
937537
851069
324
5416
186559
198988
246729
651725
174745
486166
237293
72922
73327
35944
387485
231962
230542
48862
16504
43223
29626
214388
393574
46207
414031
47028
238832
80749
11361
409
166558
45467
31737
9692
407914
533565
166318
255935
76353
159799
503210
474655
206274
150668
5927
112296
449884
586482
696008
64464
312768
236591
187791
257348
556817
560508
231233
284975
31436
33070
160548
281806
11358
51325
845233
525912
77671
603742
11708
93878
57743
57765
752311
608905
259897
34864
46882
185116
87886
23593
587973
883196
101848
82201
805822
829859
291548
161274
207131
344316
116645
661488
69079
294338
130094
151237
614152
140749
293407
799804
285465
14089
202841
6190
84236
93610
49285
326184
36028
198085
173117
4460
333370
322625
295656
69137
135489
363233
133755
198304
54590
115681
148218
130687
575798
362220
358218
17967
464913
558900
286735
106107
36301
224588
626285
525277
527769
203145
214904
168894
611407
800282
131945
206166
43984
213823
109752
172140
440336
19983
169312
550362
76855
199935
376880
568091
386269
351099
71845
76521
359078
660507
744393
291590
202324
734295
24298
2333
131957
487638
210476
3894
68507
7954
833400
364665
187038
11784
518766
211437
380091
310402
11052
3919
546
184760
45978
153448
2447
3154
2910
473609
137377
57808
348688
7819
492365
500015
128775
537305
317264
29443
498515
273729
84690
31514
308990
121767
18606
202499
629396
317131
680249
622089
138358
722347
745782
647641
57815
13407
98738
298028
228475
133154
44245
652982
434337
839118
81323
255794
139329
20156
366741
218701
63666
56844
62082
217130
19675
32254
364154
54366
139113
61609
359631
314363
43918
182791
152862
173323
112958
50796
424836
702722
497831
20659
526682
399944
394272
240492
118512
183857
331307
229619
703729
665030
132740
3642
180352
338704
287056
155171
18490
7007
289673
18353
169763
69085
67922
233214
206216
373191
17869
673214
372920
203983
375682
69152
108990
146216
203016
171130
20730
203705
380760
590586
457029
467662
181037
110417
15072
1346
104349
22749
233474
142275
89456
740720
91645
97246
143256
329675
13391
25428
101759
625976
301262
64153
83379
353354
354140
151010
111033
237060
355593
12309
21031
93109
24039
452051
784652
386268
405713
73798
589683
12578
490200
146563
32663
7921
498960
179948
107372
75772
406235
39687
1531
140519
371756
71301
442868
49862
523881
356599
39808
368990
192978
308562
24903
13682
661
47780
254769
718002
593467
7217
16444
142156
369733
462285
182358
145027
233476
561049
88887
55258
803332
200177
337232
366020
448281
72134
39499
148515
308565
943416
453805
69026
572333
15977
186629
368783
20399
2678
23276
20132
439180
403047
39454
69745
139305
350399
660164
85415
91219
366116
324851
713397
559562
39419
236173
633008
129045
280644
14525
67303
212716
623898
366340
129110
235551
240744
325793
248636
11356
356209
151649
329347
259684
252588
135462
70351
582737
469969
787697
4879
639396
21241
288709
428
14214
501891
4178
102988
320246
60438
515536
5297
246632
279050
238576
11094
121906
26113
584556
23534
51141
891312
122167
266688
43707
7687
676097
285151
172640
55047
35279
13440
161507
259455
199748
23999
183616
85106
11906
59688
156260
340140
4701
213668
402434
531955
697194
31650
5911
297671
127169
338887
573879
2280
550133
746855
316591
35604
74224
86297
49246
7284
87757
84221
70226
15785
260396
214474
80269
160737
145218
392506
805903
157678
32851
448788
605599
379628
813297
421503
219815
66040
34192
702965
225433
107976
436129
304400
57237
30172
516690
9288
206905
48128
171874
53367
666087
366726
730567
726328
82376
319057
349682
529496
396867
153143
688191
77379
15057
648075
117357
173332
107928
497
446935
2997
231928
212870
413574
132911
242323
740376
95586
587178
187388
15664
172686
50892
470388
188035
364664
417956
452172
402353
630886
305341
35606
359431
264449
19530
93319
157590
120736
525171
81907
144180
192967
805549
36630
71418
605461
4701
414462
462024
68294
31358
43974
59872
6046
424500
69881
608761
283272
534712
200312
50430
417530
224432
705154
625407
88109
511245
61275
47335
86532
88162
47389
12644
52202
715530
98830
816079
265456
549689
421520
352611
124811
181771
17274
18737
106037
30847
34107
437032
35233
156104
20605
260347
3016
116013
191275
267345
9917
57465
196091
104661
98913
284356
131676
923660
795156
72555
252467
11978
370886
51736
70032
9324
339556
444502
172166
801
516166
118060
525462
50917
266984
35780
298961
506533
254221
87036
264259
198495
264352
397632
385543
4413
238839
344210
499990
41808
294910
586125
332736
586361
182698
113361
134127
582554
163384
116223
935300
142969
515510
146199
588690
141207
246556
67849
171086
243689
113057
107182
721497
132350
132454
565907
124590
597037
225391
510709
145865
204507
161114
593849
79142
547109
4580
615028
206785
463245
451800
688414
25259
243010
686214
175641
838375
611306
829296
4584
19799
246773
381862
209641
69907
47262
178293
18040
613080
194777
749659
38444
4250
458878
1745
84708
59646
854262
123710
790648
166246
14357
20483
535000
388386
306087
325900
217816
207276
222569
315803
609515
12595
860210
188173
167872
187396
52660
496788
56346
15018
214650
284632
406343
398466
19739
18048
376889
679250
188710
86819
162690
138302
88004
100917
137537
319772
206676
517386
201303
403612
5887
73533
50032
435252
205508
42107
483462
186760
177737
198431
457494
29178
230316
394191
91277
28654
264312
18071
112429
419812
276116
224570
303646
767429
92955
11301
613709
42426
189886
10832
11333
31190
126936
517691
119897
8293
490396
2756
77554
6011
394220
436703
337048
749514
921989
174509
15383
578949
44726
95631
330105
582961
775458
46126
150455
82512
122005
13980
176327
60154
88414
842041
418556
85020
124190
171815
46518
25602
246838
334169
564326
541183
347550
149926
242792
78643
93465
97605
32205
468344
88436
44958
794216
169445
56028
405113
371028
40015
461628
520199
210026
803715
468280
64499
369189
223460
220011
14971
79599
171842
162280
503738
437353
24356
19609
380323
66735
94530
141863
95721
266347
244447
395380
559672
69949
336456
419079
201714
124707
208040
489634
354631
272446
515011
561599
116966
199727
21914
425020
420382
19421
191400
57636
75963
484499
335473
102442
452394
2793
218124
131063
96500
671160
91485
1823
333235
291558
54240
222644
277428
694878
554994
183165
217598
54124
564159
283191
676
504258
223622
317049
145583
37808
241178
308963
170923
425562
165132
311367
245058
138617
63146
733296
11308
828919
14671
68345
612075
307653
113394
415071
413337
55220
245639
116371
16176
102643
151185
245294
37275
24531
362807
428067
33553
189534
576537
480049
197197
289433
1778
56910
32590
286414
461595
471494
217220
315525
453073
570386
752021
83288
68387
225990
72432
172852
11916
165538
425780
338310
127179
322982
49219
261495
291975
95769
799751
2335
237186
29679
112389
61913
425710
386356
121320
57205
7944
234365
384589
385055
161017
106579
117216
13490
406664
31306
64835
299091
308961
721581
355724
675310
89862
123151
635848
37710
96889
418039
27036
264741
86725
441946
379225
227131
204139
54990
68051
155339
46279
375578
122366
298491
16338
254003
28896
2636
346575
424322
26256
268557
10466
24654
275090
303071
332590
12311
741701
41681
383256
150694
348548
129831
107914
83886
860105
725140
120255
138048
175616
208347
330244
117570
755003
18676
93980
1499
222348
355876
134174
74624
15765
144883
31247
61782
13677
676334
14545
110408
366658
54399
464625
136851
66620
113674
792251
22329
16957
761064
484919
98352
194758
38693
129338
421174
360898
109774
26529
256504
286175
297671
844
217613
547894
852881
436797
732190
637085
10119
722385
311453
138639
41069
7247
74011
377670
186994
93583
132465
150382
629554
325780
166097
7308
28730
422203
106806
55589
458926
5427
211107
189831
747447
79216
217546
401514
215267
266950
186397
185238
206084
66578
72467
82333
118399
73447
407202
102132
240228
355076
63757
398384
134420
275717
41406
173325
133817
33991
163460
163836
663147
305718
65402
198997
267921
21783
89644
298671
420928
83414
201180
6048
812451
20815
16558
251790
205214
8374
141034
763816
647602
297250
153600
330764
141307
601607
30481
362440
202290
12051
677871
526316
88519
180940
5623
218311
381117
23364
504110
232312
535259
97141
38253
200772
468046
162318
79703
22751
362359
38026
147956
35414
124674
374127
908432
17313
932896
347610
206251
216595
139680
779662
488998
709096
339231
429901
387907
444072
369521
26773
983216
71807
24023
236768
135863
348255
227193
254384
40018
7501
227582
42761
508943
694980
61284
17502
419602
380100
565192
125372
106141
198794
462043
129459
613664
217227
14697
85918
515751
443110
727543
32292
765883
23048
120928
408826
216438
3517
16098
127776
16497
5260
357787
366002
22516
77040
533253
296293
175171
138483
463783
899366
425488
94952
597953
456469
755932
56925
363722
599605
160699
209823
76083
447455
240497
88454
64577
106231
495817
35904
31737
399619
5024
514324
595572
46593
605083
403788
160423
56046
126030
400974
15628
37227
559155
110447
11034
644743
10216
68509
31062
67459
257235
722506
16874
552987
229940
11169
278395
541141
5502
252367
320094
604330
86269
12855
546726
790649
373248
460873
117955
58909
115237
2143
80353
575115
32918
118242
2561
87593
702597
33370
188488
811928
6458
427955
297687
236119
407714
682151
8112
236387
830563
537406
85259
91692
37056
671830
29542
454109
365466
418700
137700
56746
101487
39932
496757
55268
146988
250912
102765
135469
12295
623044
565581
511724
749226
19490
8076
385667
7623
130594
171446
23581
370031
299425
305636
352283
123811
285771
139588
24165
1677
293068
116275
412963
162803
4126
249996
152105
82700
409539
11666
455758
24125
219702
122865
334471
101505
41884
35038
581292
120318
357370
286814
563813
375
138000
339789
125193
341130
155586
29691
421850
8548
710604
89456
299912
71303
80582
245075
402942
295498
432409
176320
544928
46802
474067
430277
232547
7045
507560
552712
160593
302465
198036
347382
23233
124155
356140
494784
230932
80192
153448
58709
34080
478257
711799
57542
45016
229438
254563
162089
27009
350659
350368
490181
236315
42364
460786
111681
39666
65170
301656
82543
28822
251034
137489
163121
14178
107934
81143
5706
369135
232443
115309
857726
828120
158709
332901
649345
159819
351203
250220
654158
175232
210085
249605
585149
275419
268849
137722
189818
341046
127355
35359
77261
83311
4913
105
612400
148153
476321
56669
40429
29585
326635
60973
458804
388932
18885
489151
473902
293203
367628
230447
32510
1966
87754
49994
290448
533757
473262
8973
192861
137651
466390
277345
791734
102521
485105
269391
112577
134071
28512
21633
304483
656109
159778
150147
83810
316037
120858
18346
100174
473643
333581
389945
8592
581708
588809
534211
145740
571120
143269
350242
172148
2778
569170
364168
160502
212979
196083
41554
59638
366457
269216
2548
344060
163357
347921
3924
156418
305998
415532
448427
3432
85569
345566
109649
8763
10737
212369
365616
138817
13942
208917
340679
789754
92935
89138
33098
158692
272104
90642
453200
7867
58914
363953
295406
489747
412874
36693
101498
12205
392663
250140
3591
62437
768261
221834
950750
56009
483776
283323
272617
1658
22868
18824
249010
409079
180385
171893
35183
180201
503693
228615
121119
159548
62623
306182
269163
263008
277473
207615
179205
110679
69425
297666
63859
174206
18505
23519
389989
745833
292795
110090
36587
49527
229094
603821
50687
255345
403002
763044
322848
208410
813031
162612
221806
120640
2234
406145
2151
163753
382019
46080
250045
270504
107970
78784
389744
569840
82619
29834
578433
19217
313466
89923
284133
15908
382603
177645
104800
40754
102160
1633
1894
219085
58459
91635
78686
336996
209604
53305
92277
185395
44612
413795
417646
239003
57898
109199
200872
723578
793881
381422
330204
27596
450198
17053
11795
894262
741422
1520
79544
499037
202365
24053
266575
399796
29567
280823
1084
2578
565138
222252
28052
200565
171076
417711
609409
63057
574089
150555
66147
209138
165338
615523
1305
143548
879306
20705
327138
109920
48808
341931
241662
667560
56676
146483
399267
629489
38221
460016
237392
85307
190611
302828
97147
536073
409128
163169
13053
610672
199161
770570
132546
91897
714299
209371
578726
548236
9895
91115
710887
377142
281733
29417
58209
468762
83692
536193
387744
67857
473352
390358
52789
231971
74612
304869
1201
58680
157894
174105
212493
82708
791000
122465
842105
85037
405306
196404
395037
310184
333093
189827
109032
276846
41983
13382
430947
224098
50442
166139
411822
474992
68212
506266
40526
98761
204936
100665
1007
485477
377957
336215
4
280952
765411
91068
2520
23570
91634
36435
21446
186871
20401
17961
620833
247422
373
263097
331836
407867
3873
80897
197649
18140
313931
329279
139801
162546
532369
244717
21325
423401
543580
89663
22784
581265
58293
392022
214816
348369
437055
195274
17617
192853
555733
64994
152563
12055
164402
352929
271084
210938
270785
593407
227983
376129
593831
37724
392272
34433
189506
668513
52728
81258
110365
322095
165562
811627
161185
445604
102486
88949
352856
26617
52419
444772
134019
23069
89446
46207
232686
105218
170826
812
230095
291319
880958
4290
34690
269016
78672
150218
326597
14286
163293
593880
158418
33314
220101
521218
171987
30668
391737
74219
849508
71576
445989
128147
16545
3918
846608
272816
159000
518424
193212
101380
524733
16634
238496
265320
102777
289789
107496
23633
142587
594192
263506
107581
178027
229958
128977
99281
573837
525393
10217
460731
130439
286426
132616
471547
326862
146864
4446
333563
403761
115809
383581
177061
7555
77207
384517
326516
158677
14359
8048
38799
12880
67720
555774
822568
101385
112572
638741
120299
704419
130199
146251
5090
38818
502535
10483
413073
575998
202878
15817
697409
4564
26864
219279
194541
711772
8431
294915
764846
82468
37946
13005
426093
111481
523335
409169
184024
112278
191015
310579
131017
142678
146703
8519
50717
776843
15930
16256
67390
71022
71006
2891
334821
101390
148868
28173
936904
164389
721895
85275
412876
34058
103114
91445
129001
563059
667138
338713
129777
16762
158359
300276
552734
251394
203097
215014
401721
49585
502256
160919
582682
91453
249962
421370
48113
406668
445147
126856
138177
563231
264969
15552
330489
713120
511494
36493
317480
483343
4315
68541
26827
388008
717099
8266
254868
382774
152702
327094
743998
173656
319268
302174
42642
739641
472032
14983
376571
1238
868674
20220
25690
358660
531641
333957
66754
162435
666293
284153
500121
536017
212964
899890
115595
28607
256854
395896
342382
146738
79758
380745
99122
651338
228858
162249
456652
27368
48274
388575
86317
323468
958264
374212
419667
198330
104643
145313
586626
832099
62276
683875
209594
790154
339857
343563
522008
405691
86782
54162
470305
336584
51842
219062
374180
174297
344414
471709
298452
70598
578843
42200
258602
475436
13214
573791
197733
447836
123960
551912
146075
396825
79449
650164
16799
5716
103437
251276
589584
39475
799422
173931
348478
116750
377159
54837
199118
213311
38751
14044
90104
72707
467776
4305
261974
183599
17307
29605
120961
245885
452102
257501
187941
158172
158450
610948
1651
140529
167203
6554
183700
75022
79665
36576
212746
353523
97806
18495
68889
126179
49850
79927
160353
604838
366156
446647
400647
2101
116798
200278
391972
531087
1630
805109
76073
739258
668776
90833
453301
410600
155308
270549
209119
65179
144953
42595
205785
117956
17333
319932
151611
10493
67461
752441
44483
51643
121124
389394
93766
8295
79559
338363
721972
1460
567024
23267
163881
90495
355625
6440
540948
255344
72961
32172
18822
203721
15673
389596
17577
51389
521636
557468
151213
229605
473087
220352
89724
353575
664456
680450
149638
256142
32247
32865
16645
721604
196579
123795
394925
232228
242617
212084
34383
190615
298825
95
652514
224402
532686
74415
389827
888359
58890
55015
116472
536328
165460
362275
100339
551680
12810
736440
260029
454998
511358
87444
125505
61091
5873
83415
520987
114173
119027
192953
279737
31620
162825
105945
77781
352838
891007
60405
348334
199534
430509
95966
248815
227175
31547
43564
20179
583950
9762
16650
67729
216764
77570
35622
730352
31377
506312
517480
39868
226620
14361
324335
195786
17914
53398
414798
151717
17323
97899
447829
228606
576927
262446
286128
19547
169906
476838
313790
331856
307334
403070
800384
492691
409108
6556
632398
117850
848824
433589
379323
294595
31933
536285
540498
278071
398594
381238
3382
132553
89580
236594
284396
318602
278900
370236
301242
87485
354791
468206
528568
54169
178275
172627
254468
50143
37028
76310
184731
747220
577358
782892
621288
345930
245370
133417
631177
70375
113503
714146
285760
390657
98942
662497
746069
143536
635304
917958
4122
524322
70801
34579
664137
388179
1957
232632
68421
28213
7127
341513
427700
665756
400162
185588
508369
64252
455288
320972
704230
126473
195135
30753
73968
503351
120737
193497
314567
5527
233323
58106
205346
98130
315229
17993
97839
299533
17122
36962
522897
269291
230475
506113
697891
50821
577796
502295
268891
255536
190363
779565
138378
100477
175570
74882
37515
13891
71927
254137
224111
283945
32904
549606
440772
35968
33978
79013
427840
22020
504983
25709
129863
517019
158874
484184
46958
133382
60944
395911
100949
420996
295302
89109
10089
488550
323083
156232
76847
317746
172188
267749
3662
289837
36621
156662
7384
368010
277894
167089
200017
26002
431079
6876
358746
324921
72034
205064
185428
225830
313177
248175
394068
20760
17049
6403
504535
429027
821130
420328
175774
306006
457756
125152
54231
715124
23625
596531
720495
93965
18006
661445
626906
21337
112754
116435
661407
10133
50284
117873
14777
579988
442638
255114
44628
160941
106083
44464
347678
478980
224955
32209
277490
448954
188195
103195
821047
519769
452412
206452
255924
393802
10326
91781
394626
322143
381886
356941
54834
279690
440565
438651
376798
349613
129049
349255
242678
194112
400773
800641
245611
56731
71412
272331
211592
273750
93462
386142
155331
158118
263668
118060
4685
526732
380823
324436
32125
396
573009
243193
527528
187716
62835
89187
359739
114224
143806
214159
524690
108788
41102
208116
763733
600273
659252
16648
116373
512848
220278
519179
406145
20245
3914
241420
156707
164255
106904
276931
132119
448175
223999
269897
346267
646729
171659
449115
526023
293338
495225
851007
20066
405716
1469
59404
351939
252535
163343
385160
77882
296307
544116
152788
384438
16831
504777
21027
48936
34494
85125
528865
476295
249489
86591
44816
598761
186768
133869
370276
11775
300502
65517
50432
742184
30189
256513
25045
283940
352054
172023
4812
44108
474449
380303
47461
94205
890579
6731
141624
508760
227523
328556
189000
147073
65294
107530
285004
489988
4376
165499
854887
636784
84578
189864
287883
7642
136210
235945
267441
467477
57472
54599
301439
211951
125337
100278
586581
211435
109960
182904
313387
181965
315435
12784
384594
157688
71821
582667
738807
133010
339528
135118
11108
313245
101007
118192
537905
109089
195059
55345
265126
131985
131196
72713
91152
183894
482533
93131
569428
97299
661129
114602
92876
32932
37069
107846
22388
722611
133939
818127
103355
59865
78877
307108
499144
253917
96520
243139
276236
85422
14287
152261
60507
111349
94728
880472
425269
247154
29516
30878
122632
841388
287111
170566
119679
477393
582010
454682
646288
510894
24763
48528
38116
211590
429483
262552
10448
99611
206913
7169
524844
12708
120190
396209
18135
112950
181926
672566
96434
622161
466446
79804
534492
404142
258721
171091
149057
244294
610462
243941
268066
76492
967
622282
84911
15860
48783
431837
313038
154976
185920
231657
678057
141467
246113
15949
411419
253205
395595
504569
871782
363343
267231
79429
82974
124299
645936
345149
291219
337630
252533
253690
598530
26448
14435
815221
7441
648448
659617
509345
159355
601302
134918
39978
222846
582759
286536
58480
592858
512383
50744
272449
167624
197987
30188
782632
45435
44660
708987
3846
334255
246753
340740
3334
448151
643065
253297
401167
418038
327603
355743
286092
1546
511224
66379
320699
139856
415187
177368
179816
484556
246838
51928
442617
121239
179562
131081
90387
54938
165481
43652
39428
327525
98862
47820
101740
265660
294388
127485
292555
23885
86533
88085
415322
189955
849307
266134
166915
184172
519906
62959
290060
256073
708311
197166
211983
115358
400681
40529
14308
457543
734120
12102
328498
7258
64169
1875
160569
257530
139785
36550
192095
85772
145072
377337
832633
640015
366198
385953
155446
168869
39805
321740
561566
14803
148698
4618
151964
192475
70790
27736
357983
159333
587801
319564
620477
433992
34780
377872
363725
213925
34693
34997
598607
359080
39605
36137
41043
188272
272518
243650
151952
144726
480477
218692
2446
489168
813542
220341
485500
300925
7895
76273
741
233224
58759
100464
568240
329475
210781
493216
31244
236111
313992
173894
36186
82964
797775
139885
32389
661654
795777
514595
58317
144358
529489
69443
16436
69592
4207
758858
162692
241871
206257
745739
68224
259783
250532
53036
268758
359627
28824
71437
284142
136925
10217
91949
183025
1514
333601
1757
453233
142050
7844
462962
861075
491023
456174
145246
63717
236197
141994
168786
442703
251338
613
3409
133386
23690
42892
428361
48392
53114
658255
414774
151409
497465
219977
445224
656538
633472
430605
58081
264040
29827
17433
376400
307441
7065
1521
44724
19280
159544
228162
87429
754851
609136
188802
78515
758604
169345
175378
148801
119207
709708
442173
239752
144793
231099
75302
19655
755323
81025
777974
625582
22377
193182
598251
146396
589498
87855
635522
297001
262061
29002
609443
106051
862404
44278
285270
207492
72069
651129
476641
647960
966660
201800
16236
14469
721376
144623
6012
76205
596843
118147
457456
98563
22692
482281
182669
3987
75679
29905
437937
353133
257143
321031
469335
155221
695920
38092
188223
574250
338159
174695
279235
61587
637013
319127
383814
210526
189977
149563
377909
116868
191214
698758
97489
307199
1242
164744
540581
91292
188692
513361
200952
794901
343075
13918
31977
414218
24455
21067
120293
949619
197512
411803
63367
416272
103610
148648
129236
199305
149934
188239
396961
100268
286494
493706
491083
213563
55751
334767
202196
17605
75154
91145
99349
44022
56062
26664
633176
230172
234192
25470
66315
108588
191313
362248
4784
370732
693122
319428
248569
122506
383406
66047
141338
391219
803344
661210
23769
376495
336655
265267
281719
4114
362923
259522
379212
94853
562856
533978
8577
255335
77920
384890
330554
610549
453987
44693
335916
371071
152586
167857
132250
145467
58476
242682
197676
100128
511046
779501
173013
913648
18866
29038
473866
616328
274112
376151
581828
530301
215663
286361
231271
208184
736497
571771
381676
375172
196896
98541
203042
231959
435152
45120
248247
15601
32747
182384
152721
157222
337079
448662
121859
314121
432758
62399
127139
13274
507639
27098
32887
62623
19817
671750
26726
698238
607209
92528
592
189370
711180
205174
247676
195585
142719
25068
621591
586184
27836
261074
609754
330217
5155
217313
162996
334427
167946
25685
219589
95857
16462
698941
1652
266989
72935
15627
30673
127223
344678
874342
55784
26744
757809
54676
41884
271642
152549
182114
310480
7045
418154
72465
112165
5828
8751
189963
326673
165802
212934
16029
7725
190940
160486
4058
608283
715726
606659
706106
37432
646439
239140
60231
182703
105771
136163
210035
317646
442360
155439
58526
430389
71874
245186
3323
491712
50866
117236
42747
154139
80735
241170
11501
174335
88519
650162
18032
706637
13613
715366
151305
22960
2709
51089
340597
414344
9724
229405
862952
27214
370648
22893
52294
733394
345357
55546
551129
814225
115024
99906
150388
465517
4691
163560
406856
47805
357615
434179
135407
163935
411659
296654
65081
1186
566669
631017
159544
60448
192056
10357
58563
382662
107819
50653
270615
206406
248145
21647
85083
8999
488
273396
138196
42944
18362
10228
79220
693398
336693
104068
245400
181511
182005
240645
49815
167601
470204
105069
232468
17899
318360
59133
340070
50883
426647
390794
1045
382923
534188
564211
62238
51633
95295
197402
21887
456581
104065
140954
488423
56236
108173
45345
585728
126559
523063
263472
2631
417195
168517
102201
672622
125458
10736
103495
182991
137062
778151
63420
194178
32288
35396
496104
332757
18688
58114
560271
456338
238278
24106
375910
1078
63652
277264
61695
59365
12204
167336
54108
72007
11572
229609
347628
84037
46656
617775
152548
455505
215823
196213
20062
74040
253854
197492
403223
10212
163914
656379
636274
157692
353045
1041
352687
346727
3159
64180
8232
74650
162249
4389
401947
157145
908808
586810
386615
205251
71267
154043
90510
609
412209
15410
6207
198657
37873
131853
520768
52763
518666
2569
348291
81430
12305
198902
200972
587438
15391
620147
364398
571160
283088
562280
34032
139825
488141
360272
429603
676695
177568
493958
682976
814263
93543
512342
134262
446729
697478
378571
70623
47948
28911
130156
221448
204976
230144
154887
246859
138464
341743
67320
66383
80408
706737
15551
443106
134920
112760
577433
108389
229139
10098
215849
111664
40012
42738
28531
44840
493896
574
59529
107115
156089
423194
218836
407811
254798
447610
619252
24035
547930
606117
244099
523265
59900
356450
14408
111386
123542
299137
585217
187
470276
38553
515672
289575
63991
237580
124797
2473
259897
59607
83340
206021
132546
699044
70628
45963
446902
783004
613835
414614
171342
317954
18313
619936
22724
519117
145745
45792
55183
387937
308132
283955
481511
2141
265733
789597
407688
31962
310667
252617
537999
775924
275717
802570
616557
168640
98720
360264
330412
5529
74416
56384
350699
50762
774345
732764
104924
557543
281976
122395
112541
250634
86372
590145
839598
178891
152987
558786
273592
4041
138359
199423
160790
173487
497302
22295
51901
325942
480968
381790
1076
675189
43783
52510
131322
7286
491095
360081
10414
209662
265899
413456
79421
70544
204248
40591
8355
77970
275598
108161
127409
379962
107520
8747
58141
482179
528374
140044
531035
11761
69214
41395
122625
268404
163109
13284
133746
413712
102211
739603
197770
28605
313089
828
252717
508115
148489
79969
117718
5945
60336
16951
524940
644551
163454
614415
797
645554
133119
22523
447335
760313
100905
14601
191782
630567
54654
346683
534153
61039
270505
400206
161275
252295
149444
354571
155392
747969
599016
675802
177341
303882
218086
694888
5398
395361
68210
23066
178761
198987
2672
142943
460789
500985
390305
426915
73544
90781
103585
604233
158874
82268
95176
242009
490176
169149
809675
624709
392952
732430
889245
245328
34937
84689
122724
467791
62741
736581
594405
180331
211913
75585
588845
233437
213333
350574
22645
132122
521573
21625
275171
18290
514990
498211
69225
208601
138830
368763
217265
242258
469138
15688
90287
84397
10744
160744
88588
418067
374345
871613
97171
291436
515485
525711
146564
65042
61339
271653
2373
456799
527791
332821
363608
442855
97188
33270
89842
14982
1635
68123
363744
100698
374507
261201
40891
246203
456103
111944
617815
88784
234799
44793
11402
107384
113376
639716
580931
49474
348981
929946
294077
510605
733834
103742
782156
603335
71972
3228
422444
537838
796295
403244
457936
457540
623473
67227
420202
266967
626180
548761
387213
433310
10646
114425
93453
300252
856152
278448
53749
280525
324869
638103
15124
365649
101168
339811
11854
22242
175325
236841
1806
365695
2837
138965
838561
233093
282486
136345
131258
52498
20053
3981
430153
450479
63738
138304
90175
633365
670307
171101
851922
425884
133816
288224
141821
357942
191353
288459
385464
2621
71689
742881
190241
422415
257886
65
115110
72962
189936
415857
648158
333214
313131
64246
870074
224081
131136
251093
384235
95532
86701
52510
255538
18378
606474
9494
442528
856084
40454
518589
243834
422718
227807
4908
725219
51408
95703
8139
132853
665106
566641
39623
469515
181747
336804
120998
54055
36769
836162
44922
2763
385840
5765
94318
407857
568
432070
812555
653583
227706
385025
107173
663462
73219
79836
400911
528681
5393
268480
843633
17063
153398
146987
91121
726130
42919
123269
792257
148875
164500
491084
26315
103959
216238
190761
434904
20677
51259
142207
9578
269978
530794
532512
415035
36462
52586
181632
343845
101743
58199
109771
34955
166910
369562
53082
327816
16127
186687
364011
78541
103797
73577
84869
189541
211991
518329
36897
263267
34856
116076
108832
72089
127972
366966
838801
498188
64387
185835
129086
195551
122478
70195
592299
688362
373017
711115
13309
73223
87662
564490
182603
169740
450344
161612
312637
137525
371361
169190
152044
8128
10018
359838
68067
94170
312458
672148
534220
103863
233745
412243
547983
11155
2459
40622
15426
73513
265455
88705
8618
144979
368466
67668
220747
729543
288194
81813
140848
342196
74563
371709
21701
177407
8018
355792
229003
68563
9885
104402
347491
74779
272399
5695
144368
444464
4229
96066
51981
226330
389787
2563
227824
398040
277224
38618
62436
272881
55014
90717
16196
828834
232295
175589
889544
28739
738227
730805
659878
287205
114535
738157
414744
220402
773309
387831
310362
360692
420629
673193
346744
17220
411231
877456
3688
34218
88516
684824
44171
96047
501624
93969
712590
94611
45221
303187
6609
781454
19333
339418
642185
181782
149314
502517
342697
77114
31541
412244
495029
150438
217646
86811
225791
88884
61029
10963
735699
31387
82984
220837
245176
547435
229216
397914
73702
205215
2550
38730
182458
261849
303667
96942
825559
254837
297433
410502
12953
194021
221645
152890
875077
60876
80095
587751
570575
523847
865068
517212
363951
148204
205209
101292
145307
723238
41180
155581
133310
277052
207546
288249
9501
163800
264417
221118
105884
32900
234024
431292
560752
5404
239327
611221
85289
90139
233648
111058
170831
374720
123615
135598
544887
38557
669577
287553
18906
117303
448419
101084
255776
383410
34110
348212
431670
141381
405
435546
77224
14499
375647
209602
747882
394862
698058
77435
120151
712380
49420
201676
41250
126557
25283
218430
169685
444419
345327
26176
245649
661779
143942
31795
87212
123259
525349
835439
339345
604115
355333
393731
9170
113109
118631
128251
1371
179971
218046
98676
434414
673770
727454
746505
718716
80057
73201
23392
677276
569471
255228
581680
352781
646193
184818
370441
272909
811213
164279
470864
514428
294622
141067
20086
201746
765467
67670
455899
16252
99375
140115
352350
295998
192033
730973
724471
437727
85692
279385
596
383000
455129
26009
52538
470104
136694
258445
336399
103534
262117
56584
204598
595893
76894
88497
466693
130594
327044
24228
149480
456036
627724
519043
513971
42538
179021
244356
68539
108205
113549
704694
35213
237106
18618
4422
58692
219154
285408
86498
275333
324691
105461
172991
512896
77214
41028
973723
177961
576241
310283
283449
856677
219682
302609
53575
347748
126094
744028
252122
514834
95929
59690
181396
399720
153252
574011
349719
526937
583318
337877
8227
165962
68747
332787
116810
249053
10838
257107
531775
367645
435861
144378
32117
126805
473397
253274
99542
53531
674068
428453
130205
60027
290377
213582
84360
11352
177690
519106
9349
400072
288069
21272
402268
471430
23986
93256
380952
1242
111909
596369
975282
239768
124699
159847
31849
439174
77700
613852
252086
87559
60347
178805
299889
117831
244153
47085
205151
659454
723198
136444
445697
205327
538946
147481
192184
13199
30097
196961
413229
176246
394494
519446
412079
229489
199451
628665
162152
81547
224872
261287
75073
472914
532396
109101
266505
90668
223835
2081
479640
17669
174174
51106
566473
216613
256363
38509
191944
237759
385314
184707
30516
330779
554957
490900
121286
415723
168798
32332
82665
384111
204065
427756
982
195503
96495
211454
92143
938175
34637
669405
447239
258916
84
881810
76881
670670
327962
413641
70955
737051
335884
12362
49728
233728
155056
9105
57920
591478
80843
118298
302114
576982
469544
291592
402430
22097
403862
580657
549944
266469
53745
292537
137206
360244
30754
310636
53797
542768
81816
439
157691
827097
137103
4996
615075
24831
2939
662870
417629
55108
32242
462032
552124
23721
58445
528156
75322
52757
143262
232679
808951
205271
923329
241139
138919
9671
111038
339131
393402
258139
192660
91896
14504
37749
118701
127522
18369
212216
590551
453393
590340
311990
88602
145464
268316
21861
273766
667861
12578
233868
54957
59748
454044
440163
135112
88744
99822
6008
83309
554974
47244
505532
82269
106564
11383
708705
556104
158340
117694
488390
422853
130921
237068
118567
96673
276807
830141
120486
12677
113532
69955
90498
151642
406368
437828
39854
146400
139724
306746
31705
581783
15422
707419
189262
488814
10867
518225
152
106084
509525
360547
248027
106464
413300
472707
412976
28638
172512
133117
36598
452603
21245
873200
76684
39777
177796
585121
504115
332123
216007
675798
445801
68128
189672
68404
537306
475478
172955
535349
701129
158732
39461
418830
855
15195
22182
568652
83618
607680
18012
614913
6186
378896
95340
435015
100438
86900
650071
22844
27301
54096
559172
324648
154176
863908
327779
83632
124536
8688
536324
152711
50144
189502
153196
113821
100907
126996
20529
274780
7540
236591
488071
462360
245352
680874
197331
134534
21429
118610
334529
504678
323621
1154
307518
85634
37487
279522
96606
35921
127181
131528
201513
35780
34965
330762
138155
176137
208497
306929
254046
27463
74184
11366
27363
434899
97599
79699
29492
189608
44220
58430
2083
48116
188522
313808
41290
240478
565830
238750
18057
143308
2122
269468
23116
334007
510556
29855
39332
3630
234461
624641
36971
60732
27094
314118
530452
662896
100514
248257
6576
512073
786068
75789
211364
234785
506100
108025
296188
513447
258640
4257
627659
277520
215403
184173
344337
190593
37620
622504
136841
245792
52663
343448
142125
4494
707254
888829
22090
67464
18006
819249
882396
31264
106022
48137
569412
142921
142514
217944
150876
230788
79960
515904
51153
161680
532114
32624
58793
640797
85455
639138
347038
90321
32580
35133
99374
216067
112119
90076
633
34842
49076
178353
827477
421659
593225
191676
84443
498181
173886
249083
115232
936360
247696
29105
1269
117431
227477
542411
563730
74459
655960
123982
493331
17436
378668
264592
546211
37589
741195
19968
370024
288911
110729
31890
198842
615614
227768
722
132007
10636
80093
99577
49902
1171
88820
411765
576
180755
178608
567894
58848
19789
159
169196
455784
318984
100858
96104
9335
73938
221281
66619
169485
460849
417307
110211
564098
67256
20112
183324
147378
152067
133592
4706
109675
434542
197966
429729
112117
76892
27447
660881
514453
4392
221417
212216
711198
825317
14225
53865
10236
136701
34659
249438
139255
131602
60766
16589
736023
600989
364443
62159
105711
283380
34445
588723
32682
187412
65820
28602
20783
223587
229257
149707
454691
132538
272960
72576
511697
264735
601403
198890
305392
340471
198937
202111
533159
119063
743255
54851
3934
155098
84653
426348
87765
303715
20928
192490
122778
463713
295416
56078
258274
286409
90832
141968
7188
54192
596079
25921
369007
26711
123402
920199
415501
185260
70257
479126
14211
352566
618414
316557
848709
370006
412156
261153
95081
151989
198967
279229
197098
152520
61868
861018
207283
426798
547148
776198
711428
269987
415387
228475
236640
765862
217646
73344
289568
65586
17828
59886
69444
143949
59637
91572
428093
53075
24433
392
617448
42312
61794
161284
248386
330918
755663
70140
527541
473336
160549
900194
206037
307531
51049
69387
351476
100245
398030
257595
132801
511947
17935
149644
352367
297747
153225
73818
131984
452532
50852
16936
403319
132692
275330
204828
604481
112453
68034
56425
709837
643780
1409
72945
284064
158537
62570
556687
14588
144523
251594
19711
225835
398455
129813
409632
67654
4408
228578
193338
786506
829425
343612
38112
415607
531188
102772
317577
412172
227982
25484
360036
407597
280248
363120
175194
153140
790518
148485
56562
214378
161770
230979
5632
43936
9411
145481
358248
486881
348502
13635
94212
182239
263596
64005
3413
45167
27298
373
391560
746115
554292
24174
132018
297686
528989
97980
83186
635770
73272
90987
35447
39434
33634
247427
80006
8635
49989
5670
3933
658579
274947
217962
296042
540573
2482
31398
637260
50891
4071
142120
568305
706120
159372
57082
806250
43122
212741
101815
110077
357970
177670
204932
24309
709776
310468
399189
42475
186852
84350
11641
335180
381197
308155
30098
348916
48602
139774
463423
435772
618061
55435
61331
13377
211524
71841
55946
706388
508212
91269
22928
249484
26997
244624
124425
60141
398928
143147
5008
96552
330775
593071
23687
239152
219860
104208
249300
315
96131
100753
311053
58453
298880
543088
202996
377672
183970
84482
819071
201640
567879
3243
514724
214454
848295
108260
294882
32159
124984
385656
508359
51016
873566
61199
418141
9003
180310
214652
111559
165622
1402
3310
298217
13703
178030
229
144644
32887
181585
374557
227592
71349
290308
160642
131405
45689
21049
133885
342028
52276
251204
726145
409506
313395
240270
96469
32501
139871
2118
25782
44971
16478
133681
915377
66396
369186
122390
304949
312081
6048
203314
134190
49852
352487
87392
66665
199766
152891
701773
97414
157226
777928
356863
24425
15996
163174
81903
191796
129804
171755
88501
369605
557960
9673
19862
127251
155102
99946
383646
64287
145843
244141
575541
70284
61419
86474
244894
344489
124856
373425
513414
386914
51561
376300
375499
479654
117229
294373
4923
167213
92011
438820
18208
414064
155790
498058
534791
256550
36088
238788
258064
490016
96916
473306
496498
66822
61495
267947
98450
420892
88491
37459
162829
117163
812804
340620
379433
442189
335586
40802
79609
20652
145827
275389
188041
65088
648621
27726
117325
488423
206323
40657
324023
35366
66653
357652
118190
266955
269282
116248
182301
111739
479486
64203
127469
478085
5099
519397
17937
424424
155060
26629
245649
154164
24884
130705
77179
144943
732273
2221
681695
133319
4876
699671
909713
12281
248592
156253
743370
113758
375404
425679
504312
152565
444927
625828
259723
361897
47866
318185
172655
44858
526370
607065
59933
553398
8550
284855
255290
110966
623670
395013
396685
23108
598922
98076
250683
133670
785095
929531
182012
437431
70569
412859
365468
145225
198205
666087
117503
43895
118277
8292
40331
151577
103274
16848
477020
216235
43242
663666
30952
420830
236182
511773
111339
225932
104297
171422
61979
178551
210290
156430
201239
200974
53167
225502
548391
715846
50444
34570
44670
416100
27937
170108
95892
352005
869401
747294
639244
70552
510662
21839
434501
3372
199358
919622
206966
212242
19349
85854
147158
244790
11407
92889
34497
554069
97352
232664
873853
86579
52909
178790
6659
307041
451838
700548
182251
31677
416903
182794
162573
145551
63838
193988
30349
289319
494117
548658
189009
74797
397355
177234
20930
18174
138128
5680
153715
341290
57557
354587
66241
330230
7475
252659
550423
672488
129318
955578
66308
544976
585405
139197
135243
1458
321026
7366
78345
237822
522504
294734
170784
323181
388158
219168
856445
139028
4650
104150
168385
317045
436054
12974
341476
882130
177735
146712
140031
90445
68967
103864
566551
287148
204653
237580
127188
67590
79678
746515
238534
664520
16589
547346
1261
403970
328822
28044
99143
275377
285743
648242
157588
222115
311736
8051
11714
128508
361151
183821
798915
69352
506648
29717
9015
33655
114
99516
56592
250690
19074
56691
117916
63917
40038
11471
60948
171791
10731
24471
787519
84251
488733
100171
179307
292029
18915
182129
143743
121726
13254
61232
141985
257720
199799
62998
14094
329242
448309
167930
60322
478109
6644
119115
43143
165175
707580
14235
9479
669142
315583
66940
516575
318430
479829
529893
159459
390694
283728
117182
131262
369645
555887
74236
66247
244840
50540
9908
66411
694239
191098
907515
22119
120399
55315
494280
48684
512622
90956
385498
47098
139146
504199
343864
289408
14551
110327
438017
523795
460202
467658
114168
65308
100894
141458
131932
213272
213947
78446
637325
106651
280448
499266
193657
154955
532043
57076
794870
242187
63266
16013
428999
150861
148620
44558
33856
40864
334814
372320
216552
81386
179171
69557
36122
76476
511413
293834
6896
561017
138499
448305
80103
700983
82912
482975
646800
307220
783891
243553
241145
23467
589705
382562
237643
107562
387317
49470
536438
30083
51865
282343
51343
85238
695699
141727
350259
74038
474979
203116
306232
192702
225955
101979
546378
50473
128177
253427
200638
13974
112587
522705
70143
1509
433406
526912
213360
164867
571483
210779
122407
278887
184562
140566
105482
78025
164792
417795
110808
54518
99560
87306
143831
515319
19582
572036
64754
60288
136815
662432
4217
115888
395137
312820
684253
128462
479222
136453
55458
290092
679001
589524
741325
171479
17230
33407
412806
161164
14441
446481
235197
594310
222935
75377
577552
68489
403906
8104
67531
404205
21836
316549
402030
537650
709078
413278
596863
693593
175142
163588
97840
9403
189044
831712
319427
389105
236704
87644
138073
279430
733043
57690
266943
97346
52915
12626
89459
503314
115003
51935
201144
98135
166772
247829
399837
30690
113682
100299
372161
119448
77579
95142
210692
159913
770849
54549
363301
146662
219557
280480
96799
67267
136890
6797
291163
429204
368326
206487
34761
26185
271544
27244
86782
611469
4057
735711
77529
28459
455947
557437
444854
83961
829980
575294
424417
938442
107237
205124
93650
821457
273353
54580
657247
107139
133146
369416
172379
651575
135346
208551
30925
10165
640519
323171
881
306519
188807
701571
46621
243747
583131
222746
122235
153790
156107
27614
250239
628085
539813
226854
14544
82958
264603
52268
42584
393553
47022
624665
362725
9115
415118
207701
25886
203608
47735
120725
358729
65293
65289
34679
257644
268871
41763
142732
398567
484998
496789
28240
180668
119333
643386
58312
876426
5990
678217
602056
729858
8363
10531
219090
100234
645347
182506
279894
310641
66854
297744
423757
664876
26138
522451
182611
338270
117420
73134
727066
290895
81363
480472
50332
915
584503
793945
1536
440904
284722
237602
523971
182404
291398
168314
125003
48066
589907
522955
48615
43483
340975
54166
124553
291112
398207
179744
77817
395349
306508
170384
64766
34032
61881
12813
16433
361071
479719
149262
266830
485825
103747
281939
453166
337606
386460
158343
427697
45738
33560
66486
411617
150924
270452
277161
337433
11873
137773
31185
93149
178423
3600
16021
5228
140482
246856
323940
599418
185770
265378
573519
147061
242882
646585
74443
9330
57981
244382
339286
27534
45410
298836
85906
710490
6329
508474
425048
288467
5051
44670
27330
238401
270815
160356
400328
212473
161525
176180
455517
66443
10005
106224
306152
90303
10590
234386
43098
321768
93082
49028
36119
114698
36831
423803
148219
306411
264971
136706
111305
127745
322313
385908
72795
44620
8415
35811
622347
67374
437748
583838
292535
3182
134906
134068
70629
508691
8061
539006
10701
45689
53026
436633
300639
735973
691207
217512
42148
381753
287745
25304
49487
24268
77631
586668
57947
746452
501158
116112
795158
846
89006
196626
36245
222170
429911
527108
211638
104806
86032
168557
72585
28969
1259
515796
51975
232920
7413
170462
160253
51172
469507
558549
382455
515744
189956
396935
7982
365142
98109
723945
107568
136967
484272
563614
693091
176166
534780
32189
655385
231096
741505
228745
59215
41692
318060
539099
670014
1930
109182
277901
343633
188567
175455
167947
59586
223242
43464
148098
31417
826769
116777
305871
43142
173077
393475
410133
542126
341367
715174
31617
666482
62720
12015
464136
46868
183287
694125
159072
426741
418732
563698
284886
31560
275432
275076
70302
350113
20358
23829
509944
61758
71152
224400
208417
92496
367306
930820
278277
71702
212547
363111
13195
179343
178769
115181
513067
508214
75519
96869
157440
119435
789062
112477
148756
159408
9806
653534
333990
181706
121732
413385
153861
456871
884449
16249
202010
407364
164802
5328
649396
761252
10122
391776
89197
19093
616554
138282
35022
62388
57393
501597
50393
607216
18544
19949
18106
193987
293765
39834
707343
345893
51189
775685
11950
4366
265529
5910
216646
52100
119432
292920
1754
119537
181426
60494
223542
214615
277226
212315
227609
26290
217251
6969
387165
122101
10228
631478
789229
160630
239408
1190
17946
24343
821666
173547
514872
106475
57189
626595
29594
364268
143205
220364
42244
5345
897478
172834
351403
115756
222408
12585
590
756103
131571
555392
52399
710189
138709
584857
326445
96752
294776
112568
27080
149937
204416
417462
297201
432982
770914
22887
821139
44850
437758
245438
23783
646
576218
128594
254335
169301
175221
51368
226823
438375
87003
57958
18351
123296
115557
358530
82890
23470
688131
444
565541
182964
557284
162586
221660
56163
1506
182541
334290
824384
261164
471141
100475
106149
270427
736562
175126
37587
271103
171357
4710
116551
1205
98046
488162
43041
505832
369622
95920
115993
726439
3676
224486
218150
100453
313210
198305
129735
551336
189794
67881
103879
104268
22189
42925
70022
674991
130486
389459
147619
318899
3532
376877
14638
683243
56570
585243
66213
234057
64816
12712
477993
21300
29693
138922
690108
152720
194523
612067
47644
666755
247199
48662
100999
29840
129278
207806
30399
43212
18502
303991
73741
5455
6581
235954
576258
561682
197115
577833
332021
335637
508381
105339
285536
197970
319907
108685
570020
328553
249292
55937
89909
22556
782272
60182
170052
52761
454551
172873
161871
208210
28075
11369
428859
15072
348637
501192
1496
159508
52228
744057
376138
135026
160194
389012
492485
93771
569349
362796
89657
476554
447334
19334
325323
278888
62704
562638
22322
4945
146395
364132
7824
218781
103362
141084
375042
841213
304747
630
269144
92814
289004
22146
145374
270136
26133
618008
20614
13752
1539
689146
795342
164696
286170
62622
325522
136184
108574
57124
350059
188394
27297
458021
428535
955629
168302
198797
79523
422094
18345
95250
844756
813614
294452
403236
288635
114153
101399
231502
13272
355183
342592
243879
641372
192434
75180
293040
117656
22565
91589
402670
416741
13111
6641
293001
746382
75055
26654
15788
11646
243650
142194
428808
8479
789197
120303
275607
25238
97942
126169
143796
646340
136297
85610
261391
190512
115183
38749
335
1800
7147
255564
173986
24114
336962
461551
488699
431775
319517
252878
128927
105455
76597
14851
327683
35412
170905
84315
164689
109182
80854
2794
9409
96938
442994
346646
452200
125012
617444
391700
345242
501830
459258
63713
50415
468530
35054
667743
670107
279547
694377
157307
13534
28625
23419
40119
227438
629862
246121
86437
794867
439472
176620
20951
503292
330324
693222
285300
17242
37172
436932
320078
329317
103388
145394
90168
374085
493507
82805
814845
203906
172968
310452
205929
525468
197841
384873
455403
4653
486019
60609
222664
636012
458619
561697
308197
69290
431482
394006
129757
584379
276089
441735
240133
50968
538355
141814
11739
872034
8726
389766
34805
231211
352645
3630
197701
453556
395236
240249
207460
393629
586892
284315
223111
126506
147500
619652
630291
3495
173021
107740
354096
9231
808
112382
196371
224328
434707
26723
30811
131540
54303
95463
59173
96104
97909
539303
264076
407708
67098
173033
552523
551973
28046
89515
22820
503801
159422
218066
518608
367654
40500
317060
86435
9241
125553
947532
89079
602172
248712
298924
719345
30232
17291
27063
571140
194855
295875
425100
37090
149035
213575
646294
2241
124887
664164
583241
550309
450555
408271
62460
24721
656632
547362
46830
114812
679794
648933
295443
293005
417219
23987
202065
126560
122733
284867
87695
42840
192473
237078
239729
163578
482762
478852
92879
65542
734177
35874
222215
191498
31348
631781
447553
42725
281220
491869
618517
293847
224751
103008
41992
538479
151142
216427
154489
259223
932
6853
42255
49516
13935
685464
222793
327003
121592
250933
236606
209086
513368
179610
267645
419380
297434
21131
909904
264841
653399
83172
55947
18984
173871
127151
67900
943601
197541
341559
560447
611218
87733
619884
35744
203879
111398
432279
728139
76113
608043
180046
393826
330795
88951
687656
740125
533036
347041
344574
249100
203383
661411
2214
370670
38697
661456
120894
40752
317903
300700
17091
21093
133599
544997
742895
4897
179711
550175
123246
76639
117360
62544
377727
51147
153030
561814
1447
862724
546060
598269
160332
64466
15347
38623
166377
145227
232385
468513
27801
11225
244307
80078
295844
83539
421828
176647
361816
256111
184823
159842
205558
298862
416878
79631
212385
380513
72001
243600
92194
392723
36255
139491
196686
84968
192698
249549
73536
135081
153220
33180
125640
569025
237001
21638
499731
91464
672352
216800
26251
224858
7987
411243
236414
575779
52136
312554
536797
307575
633614
55246
40958
15061
18956
339375
158969
868403
18260
12548
259148
167343
389828
48933
303460
344307
343740
265744
169859
270861
301593
312739
16153
314552
483922
110445
333771
523617
56424
154012
148960
791204
10847
29678
308922
136004
280742
421453
213598
107987
237442
305212
123507
107760
185696
46985
45778
191486
35637
12415
85074
514147
520530
146895
386090
198033
174512
562895
44466
50306
529479
113527
4185
226912
636071
519532
68530
640237
606255
25895
49403
13511
845473
95671
313868
273864
107813
305592
34997
45880
238071
131755
7963
68285
808523
636854
150145
314903
14526
95296
713745
600920
477247
250680
684796
10448
592786
184426
137336
558559
239800
58594
79864
20178
441291
278929
363989
8415
728562
241833
100068
800130
468252
371448
215587
5647
143006
398750
137207
310090
440574
217041
233593
167622
616596
387300
332190
120527
362506
658400
11831
115230
200251
71278
3696
42015
128528
376544
95982
239651
30542
299168
33931
128866
497108
446677
42464
250341
283590
411588
24898
666255
301832
295077
422655
12703
342507
45787
108
63448
269456
49884
9567
16915
450688
516793
78002
396123
160307
660
433752
9619
394296
128013
508521
81504
376142
463452
587400
342842
635620
31595
22898
633963
114431
632257
324897
110928
122823
245986
295729
133085
303374
500484
59799
443354
453545
42662
444186
11300
185114
669517
621268
149357
163698
120461
404913
654595
18880
91190
20425
356673
129265
63017
378491
232084
62394
31894
132023
106513
97264
686543
147761
102956
288112
75680
180016
598619
324692
441685
301008
244088
122295
98610
666713
498582
386186
434529
509908
98193
187582
344661
46707
490399
57285
228115
734376
25363
246601
682471
317799
602950
128587
540521
195289
11978
22852
632142
348881
120780
166717
213207
26245
171565
613728
671035
238792
304015
279027
79476
59354
490033
220430
186635
16539
621901
249414
65728
363333
110180
478603
130295
616713
381401
7591
31328
460611
445749
353652
155936
408220
104650
257751
71840
82655
144108
121198
184965
331564
208083
706490
155924
26759
23802
252955
243601
102624
29553
782130
218364
12876
47135
485537
115856
376117
674315
500048
488528
174598
39168
64879
231083
82992
110130
91095
21400
63805
40392
63561
66851
852218
150835
312761
91701
593351
66152
35520
52445
182321
660
36529
263043
154813
600542
53628
234223
183880
11260
3476
197920
153251
210034
3430
902664
286791
25480
154208
607058
581077
600223
617082
149832
139101
61850
411184
758676
319386
57970
170036
8683
341451
4297
622284
808813
273828
21377
235363
114754
41218
43572
118894
59460
252471
39503
296334
381908
187472
516957
161662
207362
329052
304993
127467
315167
378571
124895
85616
560218
555936
95179
822
135535
53605
545689
162308
95244
421588
28563
570624
100602
237893
409582
340810
12087
342230
550560
731621
472951
7527
255047
378008
17605
53643
512358
293865
717995
280844
15385
757998
4001
286579
304022
90189
567927
23949
819560
222735
288392
76751
422004
493586
31201
19648
266124
178970
75743
14525
449952
192745
480367
9724
11391
557750
385180
317061
643430
60167
635983
2349
102028
305029
372261
106456
268715
102850
11729
457379
4070
53954
515277
21068
1693
420834
132273
8564
601806
294209
664935
299876
314922
306445
1441
423592
162636
189244
460372
834074
348661
39603
124039
195631
12654
271720
409674
38616
353742
571106
712293
405824
714165
170705
408200
322828
427684
14831
4799
14551
113430
62407
292150
526768
140509
752863
265194
143745
6
931854
625905
140816
96291
54284
556582
244454
21099
755627
425099
157085
180603
851060
287485
127227
29449
535509
199346
1018
61029
299647
741181
67267
244861
657922
76158
358715
96825
285192
70132
482287
2422
412024
183472
146425
792445
330490
236105
784218
52917
8219
77614
298661
79027
519656
217907
215193
119832
336198
674045
412081
39919
429161
70580
89740
9869
198789
443092
103265
376020
111891
273182
294086
250898
600067
504441
401270
61529
101234
43764
32351
665437
15176
367104
497213
335366
55019
81991
650565
383553
68639
127709
419465
535397
57378
72012
652853
531473
284944
30429
126962
615378
58433
642309
97031
181892
685016
1433
525191
542378
223902
159752
480347
4282
36664
72983
2464
429976
103547
671831
624872
211267
239118
108480
119189
845366
730578
298709
122769
20341
842506
746005
739175
158933
619669
211374
116438
145703
506699
101157
65111
292814
194573
254021
105213
368819
350994
17801
275908
30162
3354
17035
62615
283779
146685
736588
55017
169272
549710
473121
621597
136312
484337
366887
17485
297211
395312
311611
58724
438
233339
33893
829435
138574
186049
434478
198328
245550
342317
668228
476581
3262
138406
201807
173487
118316
418371
217132
394841
239249
131584
213164
87886
69010
107826
96091
206996
719138
113998
6546
451462
287743
36361
258364
262920
132241
452189
276606
54023
756991
220007
262742
140412
49734
18250
142143
44664
731474
294622
306125
50710
645029
237030
409015
465495
150746
415050
88621
34051
253430
199027
309043
225741
183301
91998
147374
160045
59641
25686
227375
44124
68881
19722
8670
390729
212627
860258
29753
25155
174533
741296
331056
590539
62351
286970
14899
283212
757488
53509
23290
118382
37317
417974
763089
162456
186716
162052
587509
342122
416780
128643
8805
586931
548321
1330
498482
119959
228481
271212
431737
37664
126410
279704
19722
211646
320238
93178
125616
115599
203412
441068
56784
136339
500966
35718
55726
577743
33272
283358
522773
6405
200220
25500
154224
552028
133238
82070
374863
186041
397506
12961
163289
266530
265277
276091
5876
222651
590466
637111
5954
348811
29458
357108
79507
714502
15782
12575
226750
5867
203526
1171
828218
375804
100758
51183
306778
519366
244095
274018
627223
123152
8911
213630
206739
209405
123674
312813
268613
215108
149931
247797
768492
297887
765495
10163
314339
93830
356249
5728
28904
709099
325063
567624
148622
596521
466519
308317
3810
211526
145852
387682
105788
197784
374379
8328
254044
315069
62191
180970
15102
1706
19729
258592
365084
150228
83922
471212
260607
842867
63549
232950
75608
608486
791387
134816
282558
355232
345098
74921
268258
53042
93524
146708
276710
469370
11306
199916
225715
8508
711432
32297
73699
114360
378968
593609
907804
170946
111151
59279
342012
52140
694266
425521
95377
1482
174128
291674
73962
46595
92334
808682
64947
106847
507290
191279
176339
571878
177448
528817
42110
696685
537329
283732
436042
739377
31615
207259
27252
570787
16203
78740
478003
557393
660232
79596
268150
273826
179082
115289
36968
404182
378526
234361
406442
869825
234521
163891
84220
70562
165015
151180
148489
83355
619816
349994
69202
153838
558102
214896
121224
703276
136142
13947
457196
197546
12768
643550
230739
48837
534024
519323
189393
5307
912075
76284
73219
832995
248882
47662
12678
47430
513261
3949
258826
176694
37277
604056
268259
228169
156218
491511
701982
426196
63957
469766
144808
230167
264496
27139
48531
547510
124729
130736
686557
319144
605665
119177
104629
461586
56794
28030
55492
231095
150698
322390
12328
139759
261537
698885
297916
521561
287588
95558
327481
760322
362203
334309
8972
394721
437161
8136
507432
554051
263075
45278
569395
38119
99378
26221
211441
385345
288093
545842
258905
166689
111291
495709
276073
149536
52059
6332
619720
618073
439594
256140
254527
361716
334109
7464
305113
138694
112016
332455
508912
246549
510123
470701
820005
267744
456737
289908
173416
261866
543336
199072
203358
471761
23706
305637
929732
464068
150599
174638
60821
174115
270191
281853
76039
179650
521177
111647
169851
119961
233200
225635
637113
44884
250944
20758
198635
80275
268120
123566
71898
289349
5120
141029
89862
36287
145059
372990
142654
117950
46743
5736
134073
277921
529295
118093
39840
477233
324162
393931
214014
111131
82027
35478
160561
332030
33502
37718
196924
620224
167185
3158
266326
848485
341354
167485
482128
67596
186356
102609
2820
58462
41840
465748
162737
94412
323089
1435
34564
637831
147610
368325
377507
2815
115134
38488
34568
530675
650466
97930
92967
242116
44753
91322
524806
658218
359800
407042
427607
22933
218308
141103
15628
563730
418829
174334
31921
150149
5322
940562
6774
66151
147605
20547
109968
127733
633938
614945
4344
4178
163895
121615
21787
645511
117682
277811
298259
139686
468105
180203
268325
155337
42975
139920
120631
107800
190691
46176
133228
558655
511289
121407
23523
29811
248355
391498
735176
249748
401187
28571
316511
219106
21601
266861
222572
440871
68876
52186
159570
145943
77502
117535
664915
677410
643957
67207
227594
165287
56178
89133
37834
137289
32297
140464
185669
472442
226125
368327
24872
107456
224361
514298
771739
58743
338396
246333
433684
29083
192326
18314
128062
101512
322831
138375
379958
420094
102736
25633
124556
138711
139143
46492
39180
552403
951295
141637
303267
377387
394041
185371
251069
346194
32642
59571
307645
587176
25561
155715
217179
422758
30777
72771
340670
180724
408778
32547
226871
888372
671350
231601
46821
283857
196533
524663
32928
21249
626433
117516
346590
30
50060
192406
7207
392560
87877
730300
380425
128823
495295
313361
585258
23425
596856
95754
12276
277394
176113
434569
519814
128409
15572
344608
166551
526685
271763
295728
121813
113283
689199
496658
778802
915148
31448
53427
190103
303034
125540
21814
293636
511792
477665
21503
204881
49314
12305
545534
648319
178436
693380
165315
1065
506241
124641
378190
560888
118727
379638
250172
143630
158193
410724
354390
171861
286328
95655
279723
53768
253382
430568
188180
89653
545941
279256
91100
508507
105447
657786
331620
234586
32325
25234
366417
101611
181112
374187
126563
75972
1581
952933
21791
13957
94845
217831
144006
214467
604242
149842
76934
183719
181553
32896
618808
644377
73212
213212
3952
451417
727742
11660
22159
336448
125460
909463
626110
3149
205929
233314
102550
278861
92367
14693
25419
327405
5642
148368
260629
93193
550144
66056
162410
96431
336203
225828
562930
47525
139070
254984
44962
198388
162101
906947
749720
36549
28610
242812
137528
437720
303718
301861
107840
799
290108
212680
29083
105906
279555
209293
518085
550
567943
185413
150434
243105
30590
482384
85418
96621
103494
669302
441529
200711
30601
200695
185871
296740
341160
362293
386132
28334
379884
909677
1686
462082
253564
879271
151632
839
491896
133362
477810
253583
564559
282864
263765
102268
35027
166566
75113
333380
275595
712574
411121
147776
639936
36717
131617
260819
200582
61017
39131
41285
388477
85185
582798
203847
160163
169037
160027
237309
550148
16386
239737
846605
751933
563
46457
104143
253602
39210
478206
26144
934260
817446
112579
16330
297628
506452
148428
102333
58986
210887
540400
516815
1042
34532
47253
289697
69296
6130
111585
333691
66812
163045
532963
513845
548330
113244
311196
33869
896103
34018
218001
146328
566367
255028
219662
58383
566388
201682
555893
507323
402983
3623
8025
653752
853499
39750
225635
213769
553843
99962
320583
216524
203905
541313
166772
502558
114331
349210
868842
685175
552075
190058
123712
329249
767466
8689
61759
61125
2623
497384
43484
235353
432892
11896
392440
401498
845086
357406
27756
28129
510370
123233
168566
253913
300282
497593
68228
683639
200602
347066
397176
188690
526507
296416
26212
39972
42639
8513
186720
239219
286356
33172
69405
207708
30683
233389
4246
233873
22883
646993
92273
132268
339114
80856
44661
400743
620163
146498
274116
269205
1555
203964
8811
82823
214311
828011
90957
619204
772115
547050
535379
826858
567736
427751
38536
885127
235105
286633
549168
409381
131858
775926
489101
103014
66214
659905
237415
162877
601014
13473
109868
280692
358655
87337
53701
637979
84070
61883
155980
425965
385477
367577
488883
33342
275099
675105
153283
16544
668344
15045
529507
459563
316016
24787
284442
14832
151410
10285
279472
133446
26944
583946
562735
112020
436004
368562
545860
261254
259
793815
280532
8733
517748
218757
341102
132140
159131
38911
257299
17811
23039
801363
421308
112662
12268
192571
33540
654322
146685
87421
434262
352775
115724
220997
100284
182352
198915
28983
30255
86945
6088
273735
18309
336826
429364
81989
255161
670719
152606
2451
51397
300113
248408
51950
175259
7273
168934
244683
74933
841758
26691
458958
327729
424959
178398
257752
87672
418487
41114
434277
86159
41808
85784
237187
191134
103222
467735
179420
497583
127843
20792
240884
196482
727347
576146
238904
20746
75130
555969
21935
82140
306499
106726
631736
608536
777735
461527
23872
510997
325292
34782
237970
19790
498196
534751
119448
40915
73936
548930
653722
514634
280821
220881
302105
109349
219267
255273
216005
392654
6758
7697
307917
130257
177371
573244
200736
182382
413129
422203
284901
884246
407624
699344
475542
351427
123805
171150
356639
104847
47415
538894
85449
140333
47663
789647
500513
17705
11515
629986
737861
96256
38480
355496
85163
17032
277783
215751
636792
813443
235894
170705
469408
4082
271009
276403
125674
530596
17425
20038
73379
583784
31263
729004
578112
349019
127582
6394
242765
591798
679995
1543
247872
89029
363746
591966
16186
151577
411266
122538
44339
87497
165876
362032
308934
645514
525360
498220
282484
40466
681873
224563
110355
138904
413956
607026
776671
6682
84633
405464
291524
331919
216781
17184
186048
101103
679546
141265
73222
218629
32485
158906
187441
262053
232576
303626
216756
42631
421935
38629
627096
623211
456568
812070
462795
323082
144267
144825
223012
24890
16381
68644
550383
226528
139025
14864
12408
178972
51042
172168
58632
23243
209653
14001
25602
310569
94508
88621
694865
566681
453339
87072
35008
84042
6000
527937
76315
92296
428113
154317
7295
536592
8726
26342
8716
221592
68621
126562
89685
253744
176975
84001
199687
624049
444572
727874
131326
613491
514646
279850
39842
526523
253478
5139
781
745586
236251
106117
231858
88990
57896
168802
198689
494556
311867
163197
363619
574409
77309
23622
37007
75326
436039
274718
70483
82467
77665
257801
88178
358520
18006
198416
67100
126186
74035
29299
353897
81678
12518
413447
13473
237994
287681
69946
642540
109257
170381
235117
4281
10749
139057
260911
221369
18210
50646
386618
312846
233624
294659
32636
129573
30735
747
309865
434227
42415
37767
567507
75503
61146
190351
698128
13099
571384
72969
268103
100325
63226
836807
3290
674875
67364
299422
334374
44958
56955
61179
350442
296887
311643
3747
197603
176467
62079
196630
679541
78541
262300
369009
21757
296556
472473
75124
271701
660690
18994
224965
451
278480
352459
498298
393479
129824
89886
623789
342145
27126
163078
167507
334190
116620
4365
185382
423013
4480
66567
482896
98754
423396
561
679364
93532
34930
109307
452712
218549
21157
569756
683277
656105
322287
175454
28719
2202
87174
629638
397191
80266
667931
49713
70030
59638
663
61854
609420
37050
121086
302759
80275
551308
138186
530268
26231
20190
301994
29876
444699
352961
83407
369260
336489
82903
151765
243088
80436
348631
96544
196262
14865
372449
520236
53598
66285
34743
515510
65346
144315
626923
19666
691835
153347
1303
274831
244271
216781
96069
97880
526029
676141
249032
501236
149430
40753
838087
794634
216780
237754
121103
220679
51352
473315
252663
494724
257909
447985
26029
499022
793121
696231
7849
444813
70887
64141
282932
455541
26143
843725
92693
809341
107255
2267
332045
298710
134749
3149
143985
390973
430040
166482
154927
531547
82551
404106
219347
300189
42
786
49372
855882
217827
297996
481125
886179
420040
12986
45082
303741
115105
604241
337812
33551
242257
16227
531378
326007
167462
13956
87497
69192
12871
127909
43683
538871
183718
193774
17219
322148
416959
481492
36386
31331
402323
5870
434965
153245
437382
216700
23533
487713
211137
45243
98215
4912
63045
410501
502382
401570
95131
274754
826887
719451
275601
150635
638956
108355
351231
22791
657085
119962
76715
191611
351088
56253
147619
318494
5207
118375
303510
111479
264855
83637
363155
327712
174349
298429
443998
440701
82557
185072
178563
702926
20384
53726
262500
43762
209099
30112
662192
823599
79124
109760
148814
248627
304633
9365
416943
63797
152670
638334
198405
364157
272971
176368
296567
300916
54440
615906
221018
382717
261724
115711
1773
84922
120265
32082
22180
288014
150872
645528
56033
74660
274033
50080
243899
260664
109504
488346
829489
675310
307559
73758
156696
1702
16771
220318
140149
287695
520981
42003
20220
602360
3
73341
7877
264140
292945
170650
115498
36119
19013
35892
946705
180055
224151
577360
831300
304381
118358
310290
93918
44769
722384
13165
705605
242050
18585
56194
327618
68020
144035
107130
516800
351736
466112
46018
343688
161931
18925
96679
46622
201010
432115
586360
333888
155317
403837
80706
286046
235303
701003
122729
13249
628816
177052
353618
55004
610581
211885
528453
66189
97449
561027
19610
214444
14448
11407
192713
44028
546454
378021
61482
308204
344216
627276
161234
70239
300884
45523
74399
154410
17074
495758
62183
5958
27518
310465
284444
99857
537593
16720
730216
263512
191615
567856
354673
732268
27092
27127
571664
188979
74255
62856
549066
67036
171157
163797
122599
468736
289206
25371
54369
139416
292118
629017
718256
47930
15552
383656
117102
121484
844322
27932
417027
4324
530601
56385
8255
120547
20757
36695
125177
150075
232818
389025
144823
782923
525682
543657
397668
167891
272794
261048
525708
81595
220957
61275
36328
88929
129540
4386
25634
343469
132737
13044
134108
224721
364393
173207
5930
114832
48075
203193
65433
665915
98355
31375
80313
180338
214362
94979
175488
323974
68735
55594
108936
310244
442445
375881
2075
6402
326533
67788
427547
462955
721461
96660
112547
230505
724005
510975
156
51839
49976
918318
201303
578223
335485
450182
273471
686069
105923
90820
11928
304135
309393
795278
377346
541280
92333
945048
579581
18744
29264
12877
122254
55322
17773
102941
464777
682174
617341
304510
521977
753087
447366
517960
35770
4395
62168
136122
212769
899568
74860
459356
101692
124283
34844
585109
2925
116762
456390
118869
131356
13539
202548
15735
617602
784768
71059
404358
330082
36833
434221
13358
158747
274363
21943
109617
410328
400963
254359
345589
176270
663522
731121
175794
194803
170636
140901
50089
154165
147199
611528
328693
221322
59306
230074
51081
2031
589252
128309
201968
101704
54687
465524
253083
238361
370550
839998
16610
38292
74173
624862
42491
173662
193789
676883
734829
161433
211990
229366
427750
21298
2286
829770
186049
61378
228537
479108
494221
141672
15223
332391
566544
49131
365786
256485
186192
84952
86944
77839
28494
14896
338624
223201
113323
43377
41620
3716
66054
2856
355
95408
703181
242890
65436
319821
5388
388711
151890
19101
207572
661832
182090
357366
363404
483422
204196
50821
481344
507154
92261
49656
382472
327301
230672
21257
62921
600512
313307
42603
26914
127801
606496
812381
173674
546496
210689
683581
137117
247011
110207
597693
116402
845442
37517
295714
313902
128783
417523
278017
675947
294615
8567
273886
87544
18842
258583
74718
513847
572726
223595
19855
511826
654851
385895
3906
736642
17149
556971
484650
845364
900422
92208
72875
17037
80699
169642
9618
111301
212093
282220
201040
424273
68763
141729
70294
139771
249299
66322
20213
746
118000
10246
63230
133252
501036
745660
139492
675246
427642
327296
121776
206454
177587
264888
507904
152611
238317
34631
351708
323012
4210
657797
382996
543824
239542
202816
121546
4927
68897
130850
1633
69713
357464
328847
54869
402722
280401
327668
93891
288945
804583
124433
130275
2777
91089
41431
455693
16494
19476
411750
680866
180463
40644
627217
118155
528966
2127
9750
173825
200757
215632
4955
442787
150814
536879
356552
869289
266689
614834
229414
41809
245168
259792
680016
82547
383992
252324
106806
358491
417186
332265
13943
199710
106693
161063
40189
168451
338385
99234
7171
657145
320780
243259
153727
30623
121004
263731
859038
12092
301037
354911
840585
14447
694097
397983
68070
514405
462700
391975
95431
75698
213859
274301
35820
605333
46151
255476
4959
672580
155201
14967
134966
774452
623283
143349
72216
49589
74016
125079
59860
105727
196547
419699
134305
140778
60744
58968
410871
39593
77911
9024
203918
32144
65499
135149
220357
98647
430265
206520
186538
5673
204728
163032
96553
22576
156872
12625
409987
39765
30862
273345
33443
58552
57991
314057
9739
711678
54627
290168
74091
119026
98892
1554
57210
59560
131558
447316
248234
71356
7153
44914
203289
838040
346299
250089
347114
1267
445138
653130
255754
208621
63757
722337
439231
266162
167048
168357
270934
280234
607919
19311
74892
593513
82665
554758
163198
743680
344416
572607
341431
103581
356564
685413
85888
375642
374738
590459
342970
280924
462689
630922
242702
27033
6561
103621
242547
83471
104988
282037
387493
205222
27127
916820
201785
388684
211731
64571
266431
614087
437343
226478
338064
107177
6982
15468
345284
483087
871834
513512
734191
124746
460810
41578
549520
860879
3154
140060
267438
9
135898
37714
702729
133265
133877
367346
451876
293522
102778
66387
482456
249
70739
178526
455360
115504
372546
39254
709859
86359
3563
52374
29320
56782
296912
21725
235694
134986
57503
70417
361100
153060
39970
34088
349206
271299
89315
82398
946368
570614
146072
419
29770
6220
4351
78139
194772
16084
558172
22967
254532
57825
45957
367459
321141
103466
323029
247729
641867
424
488740
366044
575904
219800
442770
21677
280910
43837
278516
248294
477622
306306
14553
113805
229487
152216
148742
227334
536257
65930
162863
559554
109399
46629
394350
118924
504517
434598
587647
60137
46683
24658
626209
14676
12870
123296
122558
127520
239316
33881
5001
9517
375054
668871
297912
437175
372764
298892
67062
362843
283267
60976
794551
133408
203336
19726
4860
129076
35492
665735
110950
373616
177606
611800
646844
746835
135420
589794
299782
419716
21667
12284
33014
38954
386908
199256
421626
73504
126728
114324
36001
370159
523337
413997
470291
533681
87069
254238
22839
71412
251606
186519
13032
27496
572462
140252
238
48611
56235
269132
446
346137
518159
539401
281811
761456
55696
534398
108218
3281
509543
82795
214112
509967
10198
133711
364779
644249
59665
298400
335699
688971
304066
88680
334384
832106
27241
64598
161403
174514
631944
250818
836399
77705
83961
627840
249574
515974
46807
203526
111305
299444
66644
65384
409889
1582
376755
286368
112289
19102
374413
297535
250940
62299
163031
190140
455116
44137
125667
2179
214823
27310
394065
68717
200612
164313
24350
499927
35894
339026
372250
185684
94404
267748
500938
178587
101366
7346
89308
828377
254550
278965
72544
133539
397567
60162
169327
233889
140560
25534
32284
470021
174037
5024
290639
41732
201893
18382
591940
337601
213716
112544
501014
83454
640329
448818
144451
56977
269216
782766
388235
88013
301173
242384
15293
32676
66975
152812
569499
191237
112713
96798
57830
177729
64377
112685
36649
179920
135004
68338
38937
252339
5083
267626
648767
715080
122197
6349
166962
276026
276106
54932
108341
167795
224612
660524
381135
8531
389494
151727
284619
165671
84114
330646
115133
126780
187777
32155
207360
708136
308740
20014
410004
3878
218277
424420
40275
168807
2127
22959
151221
145539
367722
159629
14682
267823
635973
36054
596871
16627
444355
447866
353740
100763
120619
131749
68096
274687
614922
587735
5643
874498
391680
435389
237655
247959
135987
199084
314548
303682
34857
4668
713572
528821
70693
167616
123898
270168
6192
132773
118514
1526
96767
210495
181839
344266
7716
614383
140996
45229
692157
381127
144806
306809
362802
731191
173550
391548
135768
63711
480277
12058
372627
277632
452216
364555
68544
11593
27793
694195
155699
182142
36365
401276
357529
13
491185
459671
466678
83330
218373
708293
337384
655231
721600
84730
326
13145
108430
12633
518207
345920
206312
405556
9623
252289
28958
227890
428887
529475
6750
3720
721061
729411
121269
156401
160516
146701
435282
6328
337520
89016
207096
257532
53029
351753
120800
152128
437309
95024
610570
711762
229196
22930
1763
177315
17714
129719
22519
991
88625
734425
69074
220935
31752
23923
132016
63313
79408
368525
92639
8281
29467
1450
85175
65578
32741
22621
132053
213061
488502
221569
8329
95640
151975
272276
341181
710356
335973
283841
479019
7884
10360
422168
288356
171612
47420
96751
264332
25707
495258
677233
148483
184857
140050
62828
501988
18721
53413
552715
68775
412614
143393
44330
240309
104361
80349
276692
28043
312520
321554
741373
614516
10923
496235
269868
329608
63662
966244
446562
444213
148775
98256
37256
367938
312426
153338
580429
8066
687416
413321
302570
139976
146649
766724
652840
482439
699163
456296
71273
133590
14225
28527
177788
112236
610722
106383
169713
531996
202809
471421
10188
630930
125959
56627
523955
101391
365637
84251
420440
877631
292309
276606
907701
355955
483554
315230
216369
91286
6949
113149
112304
445479
698986
18906
32553
397572
94491
134877
7074
132717
197020
84615
321781
175195
212219
157418
276569
71390
31449
2437
52532
826736
704241
103491
431591
149508
286160
778286
575415
609643
768019
281738
96392
149724
613076
164774
410418
68916
21234
362798
532280
53949
15913
4410
668752
658698
294742
74431
93386
246431
437247
10926
295028
650873
100381
294827
16385
216981
394638
71615
28699
41439
37356
214828
211431
53588
278792
233852
268689
423007
52592
38468
331350
224682
770079
208781
52654
58375
63977
133999
485499
89356
108943
101919
837713
29630
114315
210576
143249
184741
53826
365853
8118
37962
39190
262944
291644
697749
24380
609966
677783
52884
212941
11004
20006
72400
690
719645
6901
122588
310240
5461
71911
780159
199388
204922
15927
320558
47356
94085
39946
346052
115042
361972
41891
225552
178263
433996
234153
216189
474013
313461
646444
3587
20676
13000
186084
623177
105948
112941
690883
270016
220685
9459
25352
13952
147660
16873
230564
442987
336099
203373
70749
10065
22367
361012
89992
27048
3902
715812
123078
298421
29836
46187
97517
393700
40082
392435
644603
52722
211154
284579
138870
66497
33296
73405
573905
509485
437656
115206
133469
64697
222528
18355
260443
522064
940002
423315
671140
3818
274234
68069
6761
163448
29390
531580
392420
260143
2427
43972
78558
34184
196460
258337
88368
356563
10381
140216
313531
427115
414320
89469
21836
241239
265261
627951
96336
399347
152559
123381
456374
841904
580422
176082
203141
42070
639301
447953
466128
154190
472507
105965
863236
151379
209873
296984
291497
290283
59183
189722
335835
145311
89410
72985
97786
10022
641547
167905
121241
133596
424351
71071
154769
57708
98153
474437
320917
242283
192113
97034
285884
740376
49378
117598
577040
369394
340806
522605
162624
367139
66061
540512
2646
502938
422756
58873
109788
9711
758950
311754
292387
310423
698375
18497
14711
48418
180471
4293
528673
11612
614315
358172
216762
591699
269992
304711
783222
27320
83465
302262
1601
462366
751575
178486
36354
46647
11903
305468
39862
756211
284677
44649
110930
228071
342400
248949
191183
29898
67849
327123
67328
95531
90029
662
588621
241480
284306
190722
34120
866084
339497
318363
142792
278316
253756
83501
223241
465010
284209
302472
24447
667649
465230
132308
554098
363675
887442
233009
74159
497958
273593
466156
259159
528660
441898
581192
216440
528322
334958
160529
258954
522
173197
118161
239085
37825
102369
219030
160097
202890
439863
25909
614042
420203
500544
682283
64202
250942
479214
232032
718029
176416
532684
77322
303543
210004
23218
1760
534810
316126
702890
53661
415841
186309
29831
29846
105002
52338
49349
67186
195913
77987
25808
37060
168190
247104
142666
10285
145981
296509
517755
17635
73996
208816
107455
341334
15537
111856
163769
336767
349641
170571
225964
285221
630327
469860
1525
357199
211891
51183
366183
130098
485
572091
361280
30289
6264
28922
679160
809035
122210
4362
659351
328532
340543
219512
600865
351107
53400
13973
306368
294908
77892
23919
227075
72945
147752
417268
520817
206257
261145
172263
464598
247320
359943
21784
208249
26669
677505
60589
291516
12204
871989
23141
168398
121602
159556
118255
88358
255649
70968
253257
50433
776200
43156
210983
329553
426646
347053
37371
329603
12199
8437
617703
183520
335554
134070
31208
399657
29697
65569
75132
124031
50636
536419
628213
139598
217689
330128
270390
411589
206643
326102
287499
164855
185592
596875
341415
608687
351300
97807
66788
177725
175654
466959
385788
72000
174696
32304
45920
156902
217542
963688
559274
394262
82664
380365
35190
215700
80533
125989
14409
44580
240689
118729
240612
570517
26440
102897
4925
34214
361670
197514
10930
16647
121604
255035
155770
65787
104259
240156
652752
103610
56132
193713
189864
32389
91351
136923
295280
94161
365973
20420
15807
419113
113138
495919
101698
963433
211189
231516
56113
740340
174091
14094
388454
280247
595251
730558
811209
757117
145065
71650
194329
273304
277916
368135
645964
754783
142438
48450
75253
9046
52905
276540
21792
451852
20981
266826
511758
85135
307902
206258
204408
488372
347430
262250
130388
38620
180889
212045
685417
205437
66513
11037
263490
126380
488082
12680
125014
198675
361174
540400
421218
4947
260645
304481
104922
59671
334099
793804
34158
807739
519561
466910
16534
81288
814624
262193
568209
205664
95212
293749
443486
765663
204258
18656
64619
79475
798183
438209
279872
447905
183597
158326
354434
97283
120826
27840
380164
194251
14926
91362
404462
42284
126043
404941
466965
6628
408083
454465
10468
212656
16586
191200
359264
264318
393183
228581
188632
131601
396710
699674
542928
1682
287377
297940
102610
151945
263074
269550
830823
233424
233219
71761
264042
69526
77063
174367
225583
250731
224991
66416
361416
442755
90314
15887
2497
52418
162346
52287
98706
477014
72897
18376
1943
232049
7273
280836
23017
103120
85491
8336
381308
53820
127217
193734
9892
129673
288707
496201
668183
148907
256515
293475
254654
25718
765513
117921
195344
91971
160829
475831
423440
487632
41009
12794
363970
37425
8328
662706
23111
29041
213933
25526
598854
340058
533866
193615
72919
86916
215190
26175
25700
533735
154216
73026
155805
150792
153911
5908
321160
156617
77155
504477
622402
22814
108440
399699
523590
388239
220857
320227
447444
69666
25372
301797
111142
307552
22378
72863
444627
600869
323165
147870
195323
31975
181904
11919
180899
549264
753843
312205
65368
63355
711432
147153
6202
578191
169301
907
67618
334755
253366
472146
5188
774872
78115
192496
289906
161712
3357
253143
640160
686761
17258
86060
330089
43496
414713
285498
284722
3276
332326
334081
136801
186053
26212
84122
69671
168970
123762
189016
327237
758579
130585
237237
85758
31182
298305
45689
522365
182505
211435
147
113169
22640
174144
129458
5578
249840
56552
763870
161545
17649
44959
39610
24406
280011
130208
355718
207355
47170
15124
30556
84902
52145
877112
385995
177983
16510
18431
182508
344852
78199
44825
5547
6362
69433
179038
610078
30076
9831
348221
569918
309224
363589
173687
33449
429330
125955
365450
242079
186717
2864
381703
33121
203361
56009
12662
355198
60574
280064
745577
250820
440106
238897
106353
741103
27165
420309
147801
201057
148643
416800
263996
37198
197738
201883
199300
12055
673287
175317
460367
196735
25645
80370
153319
311415
103722
207141
275453
31843
16587
285846
302542
56808
73124
25908
592012
910548
305287
701509
797848
301291
417075
37836
289195
431061
155295
293501
334010
18211
302105
51
858030
300582
614628
156075
230799
273037
617603
565430
71181
7651
876323
234570
109551
374027
494524
239637
244474
395045
104239
187947
128681
217270
444425
633449
1996
79747
235293
84942
632977
113691
10063
55291
31390
16711
40306
380274
254870
426328
555931
352710
70093
363677
89082
290202
213059
233609
83314
315335
76390
132254
468245
76428
340693
69432
797996
142875
470455
265484
507605
355272
66360
9067
222665
8427
364286
41078
467
402816
763897
204730
166774
222363
261397
299345
113177
36437
26407
546741
137692
288836
269798
235060
79579
118892
6228
104563
128135
32448
530355
37095
426269
24156
159064
460866
433035
52517
67213
1222
77311
353169
297637
265445
13930
70402
112789
211473
858
40321
662322
345005
18486
133573
13318
263336
135693
53549
716290
342140
328587
20151
675179
181601
376337
320485
441543
22001
26959
362262
576724
420573
23377
28495
503461
161181
36199
24463
32813
32723
447284
89609
110628
167564
340057
321487
345349
261364
143128
367761
77528
103142
291479
417777
527394
259337
93876
485293
410862
76791
82250
311806
424006
349391
39560
442043
963
148167
53898
66002
63488
377792
318261
498293
478850
99556
507671
12920
366151
438239
90849
418211
42749
1361
5826
332239
434221
436994
557119
228597
131635
198421
575318
373140
288749
30233
100956
65694
414796
210573
128292
129092
13232
52471
57760
310209
12937
29399
513695
332949
320542
282150
156500
134751
225648
370241
4750
116033
2498
344365
10651
249313
380144
651805
377166
149502
464781
687351
85239
94265
135133
2532
41219
21789
239272
311144
9641
29898
619157
327215
479627
209290
5985
657158
125141
221734
755137
5107
191104
112141
80597
13050
234826
338395
794362
325868
197200
186203
79385
37166
633534
136650
31592
79786
13166
105650
343548
731716
368885
148233
615343
5933
221412
41317
266571
255076
431041
158872
216019
67585
530457
111101
19559
589863
35396
709507
239928
92551
113308
295334
145040
93079
217906
14494
20213
274088
194075
752564
69917
198372
162848
116099
297477
141299
58785
148780
248116
49839
620433
36620
104982
439530
786198
3611
41518
565589
6014
126475
49296
2775
176732
32937
177081
154541
310005
45114
266169
497771
437762
26745
188404
29236
134884
977545
10184
466423
36547
193486
122132
97528
679565
9959
505243
500089
2144
289995
851898
225727
126939
102359
44295
333540
611908
42345
127400
27343
296793
404050
527923
12795
58148
46580
23889
724232
40236
143667
354716
155280
660062
691469
166698
208
221166
290587
399923
37710
370355
217884
267847
202993
111815
306369
250702
671224
196992
111823
8159
601677
752787
68969
53052
326387
1075
425285
1470
78735
20273
444632
173727
50576
16640
12075
314080
468791
22424
46849
481776
428340
227430
436308
674524
450914
258698
97982
92722
148531
78711
137097
20542
63603
97626
24936
64397
127720
129409
201777
301739
637225
173448
470692
227438
493248
57387
68281
455869
436763
443004
797220
504
59719
604682
284800
658179
713622
67491
310356
87698
122678
440284
693740
733445
32774
400756
423645
349319
60086
283460
42798
31123
181671
572399
562251
224601
85741
156815
10969
225992
60968
294607
56374
240482
825612
757428
151946
612571
631826
42839
226910
3484
467825
283532
49107
831975
433919
718963
28303
464522
576279
175315
194172
180095
217059
649575
245170
69849
352474
339710
479156
163055
14211
291270
17745
868373
5550
610402
633489
22538
216449
584230
916649
295919
390861
336224
513814
84548
413719
180271
111226
118571
869072
75607
74552
274328
843816
2981
577670
253144
348022
50606
99456
275818
945186
72595
288984
91601
55299
748571
96594
113664
465905
515011
133121
95254
400445
299597
150850
368527
129171
196827
920290
32426
233080
648593
498812
385112
85410
140978
123015
400307
157976
46437
349253
134928
85940
268791
527432
136319
32820
249923
13602
14650
194941
17104
738224
546961
27944
26428
174863
25992
102553
458561
402567
416914
58722
127136
182515
332364
838130
497330
153609
585563
101332
667043
23432
104699
178284
322872
153895
329847
649433
122524
167518
443700
785534
60041
584704
576304
480864
41238
255455
435872
87754
58591
57209
12353
370080
624894
78434
213052
688021
581117
113836
196330
359311
211448
31346
139066
268668
817569
382622
248206
74586
6213
80337
79899
237570
81661
160449
648466
184487
211316
10766
558996
679986
451367
55313
7425
113010
494429
141743
80585
237787
97639
150295
138121
74778
310111
152749
569344
293093
250708
33357
61391
355782
84821
23583
275199
4916
7986
367018
18930
15203
308149
17170
42281
106263
244619
221908
191625
266654
56848
288567
13083
47322
169966
108188
247669
290817
788590
460788
136157
20644
76344
18669
259743
340119
89461
137899
353022
268253
426083
261820
395063
27096
1037
78399
146505
42222
52286
128865
259982
153494
68229
56147
105790
319708
171968
128462
609103
80126
600572
248625
38425
9194
361562
29495
42685
25158
116313
652780
360158
450609
152416
125180
43456
676990
41416
283211
107302
357904
176710
38176
240883
184967
65897
27982
96354
569629
95207
35528
481903
32088
213218
695095
629519
119182
107444
534784
822980
688581
10163
68592
74670
32125
102922
133328
121299
30779
89364
699966
2354
372665
787958
314900
145701
100700
581672
422867
507329
200729
86940
148518
122120
335035
551211
135969
67023
100704
764620
453
127593
132859
112637
763018
348585
477515
233143
14195
125711
10686
167643
518541
19620
8782
108443
672019
473788
473829
229483
1290
373
176786
307163
359757
337332
387487
5268
145863
273708
386741
277351
145761
920805
349625
73804
779011
60984
146143
182214
179376
493723
241352
250898
269025
655517
26919
169126
636602
20647
122621
376559
250459
38875
187176
482919
755972
97772
802639
532242
714366
379224
123194
125058
217610
10291
54554
18972
246861
295889
536591
866708
149888
5436
384249
6260
479239
148726
32007
17070
398130
39725
270776
476475
796818
240999
457421
330280
302325
330822
546117
23109
8756
403229
70969
175691
121542
132067
191920
175209
61536
158792
176125
661068
16584
180382
263953
83307
507902
42908
326422
148067
566937
8416
153233
5388
168142
200995
309770
201285
244649
72437
361835
208172
361839
121320
67505
202559
405892
167545
36638
72674
322008
137776
178469
45864
138694
7892
108795
785487
491224
279303
39329
481223
319786
144372
1188
473519
221146
125044
83482
346274
1853
174268
152961
1139
74880
125312
140778
22515
65267
359377
258220
152213
663688
35080
157454
426751
526516
301352
87226
134410
197968
350383
272921
132936
9931
151977
7412
413699
133032
41045
159687
190932
835488
247559
97592
93413
15215
16215
46190
17968
24479
180818
86088
24321
95019
561483
159596
6810
160118
12550
199416
591321
572709
197890
157471
38264
367328
468461
424276
73361
194096
33891
269705
64531
40646
282614
47639
181443
768493
367438
38877
60440
29922
359452
97059
47974
274261
86485
217280
129400
138044
142323
381949
130826
495372
204991
824588
349371
635503
196193
10531
913029
98841
53118
3359
466438
58700
769719
560251
323119
329147
105974
145572
361885
518228
41901
535525
559864
106510
256804
185924
734269
15878
138333
62054
39066
621276
25483
577299
422304
50465
156571
156339
378201
709137
17884
497706
295593
698397
290139
247848
474168
20340
22368
72410
210458
887463
363623
124323
523539
568544
878941
622987
30321
392652
234428
74125
188426
323786
74213
252705
390848
30208
684954
83960
397455
81592
166351
651692
121524
14113
253560
295256
420644
390774
650961
234645
204391
60926
80891
108332
424064
99830
146177
313718
88971
484884
29722
280
529340
466945
521614
215725
881596
15593
365054
522386
121696
322108
433860
184358
439848
69692
30950
134296
139886
13143
737733
61852
388167
336192
363363
241877
23573
3606
401302
104655
386335
72355
6980
8701
527193
382020
121925
166144
4294
697010
943
154221
223998
297715
218893
564989
51281
25045
105787
731474
129738
87199
535861
33096
66039
73908
87353
17113
87935
304247
167123
440985
110279
379612
23204
128164
84414
30043
771036
754679
277963
546526
115560
297691
49477
74747
141828
45899
4233
5896
523586
10135
11535
32745
141700
144710
241037
544580
104091
259766
114817
130230
349381
268649
766717
432960
107544
124372
522680
12918
243480
422259
206363
467288
380677
664840
5101
246585
260751
694223
165981
720130
44878
45896
239950
175206
6372
85033
92251
39469
3144
355182
48078
18934
140872
234651
337640
26879
33728
397100
442135
248122
488065
32185
65935
218307
123943
290593
492447
4789
110112
628909
974684
5618
68713
236386
249371
275197
31671
52913
873849
424998
747611
119115
22133
527548
571428
139950
274069
186471
31047
231349
425973
8357
117139
536827
46508
262839
26221
708625
277802
351409
531128
44217
60119
207573
178963
169857
72257
117574
306973
135242
247800
47565
306658
346643
182626
208396
517891
244231
124413
484871
106170
24575
288646
640
101214
31902
111017
209906
256579
76007
260463
115277
249980
326062
58280
54722
707138
320911
313038
97956
473903
567362
70475
210925
412485
620383
256900
240627
527141
893802
19242
482531
150311
492738
201496
522402
238714
383111
287253
293147
281831
182127
271504
5669
422573
685140
609817
129222
675005
296936
168202
31662
26734
401099
916570
329013
69922
484462
198880
449324
628202
105508
576961
426256
160929
474557
192388
206240
9289
196977
68312
782144
788648
4142
347605
831043
137853
259951
128193
251529
769951
172444
445059
156727
207283
134082
223389
10977
32390
915484
38443
23229
137752
586960
39346
85453
353682
145391
364137
9216
9392
113636
352810
305709
133342
1468
202213
107203
17322
65648
88417
125234
165902
318688
317496
57873
542469
328627
208136
470609
5399
185807
426097
14848
38799
33931
784553
131066
45769
800667
202532
374658
115936
703974
82729
231999
101161
215378
554281
457992
14483
526827
27520
66475
177405
471897
25124
38566
470314
596712
225232
429128
139311
292696
695225
238572
156912
24495
115318
10849
118731
68087
295059
569756
737856
126827
59744
304898
711450
562482
400718
20415
153509
349866
171074
131770
30879
335355
30629
102443
116911
64604
100871
444631
52529
528927
181270
60106
181424
13559
34557
407585
495657
391346
440292
41192
319010
427177
192178
309645
56085
3811
409720
527798
100791
5720
342901
32291
836043
455536
104370
151688
341883
414549
492197
140408
816726
25582
111954
477811
368209
3106
59515
706827
295485
37289
102528
10007
20846
189039
78486
183519
168387
52149
121832
481926
383554
403640
33136
318012
300630
24207
376695
296746
311873
543579
161720
156937
326588
111422
374555
77017
229105
349045
19932
49466
979260
467775
555113
221862
525671
337417
280604
342770
210561
504576
42668
375193
102127
85183
41774
18751
240000
181976
150896
66510
1087
396208
179802
735754
40285
674139
115889
365667
29681
35242
65318
240736
101403
272917
60763
439301
204474
135792
93709
222340
607366
311366
411025
203920
116200
251516
9966
643178
462372
292948
707053
6370
407306
360741
222069
428532
50033
143910
594695
45075
42726
205198
603257
585108
164943
738102
132079
141115
148653
228815
69246
408276
61132
374502
4809
309303
254653
1428
610139
745795
105644
178208
242640
13353
958788
118608
190032
216540
120062
47707
123569
154389
14241
4204
7314
129988
116277
73283
39957
225063
120806
6795
79845
179886
194423
413523
1716
340022
256498
162344
318544
54665
2720
444099
398620
90138
12942
96550
356216
58463
245793
175096
356821
142573
7351
92823
185532
19797
84364
532518
32655
168841
155866
17861
178456
27461
252473
65334
186572
95922
572927
67523
84267
89939
237865
5235
157455
79862
46346
135598
945369
58270
166116
583020
349576
785
317183
406257
182826
407520
326391
14492
670032
250786
60657
269866
360457
495124
30837
323494
94217
805563
75215
128574
317809
89072
444475
707075
146013
27524
40247
123231
18770
42664
794675
77060
23752
519951
345669
595813
144026
237535
19007
59322
70317
168870
412198
37100
98304
87267
466261
524724
52201
48666
19279
76141
41038
237522
139916
299104
81839
448440
181610
42756
616298
352802
667996
46202
370492
12594
316520
4304
216192
195913
193510
565362
462267
311524
801951
8604
751885
117374
143805
27146
66723
341384
359974
260405
214045
158990
38234
224219
269799
424592
621244
129938
59437
643806
62870
114895
103623
408447
143198
2672
230400
220166
5501
210
131797
735800
622664
83808
164473
342282
2379
123282
667602
520589
260265
316045
44822
29521
187420
252296
27586
320695
241078
674166
130790
155961
394855
322590
229944
735335
561264
392443
380802
17305
165694
210480
25031
172004
903571
20508
175046
206187
120232
380867
57609
781501
65698
584
467479
301045
65368
512744
58790
337150
315749
230052
322147
341925
78916
417056
437737
13796
606097
349477
26686
427013
601798
235706
220603
376176
35515
130005
583411
660385
208378
138447
95428
579
114528
314386
239960
174684
231820
15826
249464
487864
160432
426409
128362
634707
67188
493168
708873
154105
72201
167509
442600
13667
395676
12776
603414
83520
666240
6481
223239
225223
132944
269602
56928
79102
320950
236867
417407
270256
165122
260140
366932
167374
54863
161129
40873
276656
122832
426571
44441
156897
598
34183
96087
175340
70732
519975
51487
290977
675944
21306
19486
226231
2165
43513
434722
163058
328493
685898
493569
176574
14910
105534
425721
90432
164438
391563
106253
536350
267198
17806
91877
80121
326376
143998
144509
605290
261440
76065
11229
16822
451538
49100
183641
25001
17295
4155
70935
600927
30590
352659
187094
258886
410997
259448
619321
15551
387804
657063
453082
210535
5114
200591
68030
236844
133509
275200
271691
464478
96772
186684
117804
30718
74253
28461
122661
263890
399930
406613
74225
121166
251203
406497
114863
1456
380158
75984
239287
11712
49551
153248
121256
34360
108845
909055
199607
162825
82197
519083
652371
556217
118790
105360
254420
26306
393482
40672
456903
279776
633781
48037
299105
27737
332382
1983
225659
71519
112741
129772
193459
296476
217139
4941
32567
2022
610135
247105
2655
669108
35358
399965
22878
109761
787123
74695
310236
103
589501
370050
456518
455988
143002
321142
169516
129967
360140
770487
43939
38174
426113
12789
38078
528820
149046
127426
358373
525467
229076
60146
3429
84542
190298
477345
60727
634616
271005
122666
409331
214922
359534
197684
31361
7364
116779
305648
597679
220045
120868
162674
56321
139013
638136
105394
729302
731496
66304
819140
437172
7217
378722
3444
91339
20024
65145
632385
196886
268475
24990
174062
264
74846
93785
50074
231701
329441
196210
72915
192988
203532
115942
236061
75426
100365
14755
571921
887756
297218
26679
263651
140266
311680
385059
15552
328542
113781
58848
387641
7289
144481
247428
151266
117775
78015
597339
210531
820567
14118
17227
242816
201117
315624
337245
183380
401254
100219
399483
315025
293446
351019
195251
170180
127777
320254
520793
546694
38890
32890
97720
79427
407036
18311
554303
44086
95620
169021
30830
502887
625973
82974
6037
175561
57747
745932
318553
537149
365797
95801
7333
8795
3760
14813
332985
424175
843867
7921
71850
9538
165188
529910
284829
412092
510417
18712
260490
20308
489561
252889
124080
371017
127054
194571
199377
1262
13390
517648
195497
4938
60546
142199
358228
863536
18033
22988
233808
443331
154157
192856
152838
295644
235358
9292
704572
26634
864354
235894
88071
331197
660260
76214
380552
523562
309254
95447
16322
322309
21674
129619
520269
341186
158566
105967
584072
436584
76802
197288
228845
899919
709
717929
647122
223573
150802
153003
194900
50299
728007
6467
88471
11676
194362
80106
341333
32110
808775
140830
625716
105539
150624
87965
311501
137051
35075
178
129960
41951
1273
591242
464809
126353
53246
517416
55880
37969
104409
391286
62872
140729
318294
435042
20444
635711
704590
175699
58805
98723
142058
568471
149750
742090
57618
63843
3126
101729
131316
7624
13146
265322
129500
189752
257263
78660
249579
55661
61905
61817
202054
340638
63364
354495
369375
46771
510721
547501
166836
876559
5521
330724
630538
1022
538023
9424
181762
468625
561459
357773
71022
14098
250993
137631
450137
299302
533726
196160
336052
34324
33171
193894
193061
712821
235741
347474
107625
111571
3256
32531
14091
939450
209526
236962
91559
136282
72309
488281
689883
35288
73763
109464
266280
192229
46815
251848
383410
898574
77247
13880
32861
528699
152501
352115
779047
20871
36691
547555
430819
442156
468023
40142
62844
670399
100482
7343
361515
630709
221237
35855
69616
703052
156749
320938
388637
48439
89208
106499
70249
201699
241904
57625
1092
526635
298081
196657
409945
788647
445463
202281
187499
15825
425576
280373
655190
62109
27833
182640
128903
349855
57331
87550
90727
50718
26103
419710
12617
419121
12818
219629
537700
94148
94776
294438
18293
180816
636627
148577
601567
473448
44297
34861
278469
672458
514522
665118
104349
1956
15583
536413
398993
592564
358033
79854
60529
60844
799707
35933
433030
82610
43958
255517
450918
334713
333780
101082
131963
70494
277336
6711
314476
459874
390692
220366
441538
113374
75436
4379
71096
385440
83622
160412
241595
443834
246694
6197
589172
311174
80723
29262
194252
22303
136963
20903
46369
49129
41716
650994
498781
171801
240802
36943
391613
49693
731133
31145
21787
42745
211459
9156
306701
452709
212525
664329
374564
299544
408957
151449
160507
429118
903415
344134
41622
282056
221527
137735
130413
192238
302825
136354
38794
45941
48640
668727
249479
2104
110600
494274
155374
743
125344
118062
625345
201152
43143
163890
160553
96108
398752
13884
506087
17352
73928
49757
644353
269189
149453
501004
107398
384
680520
24597
2383
90084
180591
289036
733129
243625
28495
81223
253474
86228
116939
412844
95994
332108
323036
1454
237672
794113
448020
470677
134785
94294
312738
79141
54154
36625
55215
152048
293572
284430
218608
53903
31229
25700
208971
159638
237721
11923
866504
160521
67714
686597
12078
83520
306771
80787
26292
6465
15319
132461
8683
400346
94913
53216
672714
173436
455254
33612
327567
149100
715569
6094
41661
76599
212350
131837
304252
368041
108714
119151
89293
299956
179518
144808
496532
6459
32841
517863
105163
162615
151261
491713
153402
147740
23715
29343
692748
104219
13213
157932
66342
437537
4864
613132
67215
181237
47770
60530
161095
68819
252049
458232
79019
32483
654314
626609
242263
7717
670655
89404
629456
308847
365896
192476
678859
399140
479443
119081
24808
222989
732905
155649
532632
314669
148617
105099
327956
10223
327124
65469
21509
561696
107743
2074
29245
245045
76774
379014
234705
192502
4592
26915
270008
176390
192631
466909
33676
41332
512273
413907
644870
371712
559804
408664
437512
156417
460971
539541
27828
329907
508485
97103
221535
4781
90
27966
95934
58743
274320
96660
161457
255990
136404
162366
148153
91721
49887
640569
557821
101934
17085
871905
810863
287327
180228
237817
114892
272252
464043
48858
59854
339799
168530
7181
203032
392958
426655
47766
6189
782073
9421
56971
13652
76160
60848
345503
46548
41276
115485
251168
56579
311768
225662
334074
210443
355829
159376
302396
110526
577978
256032
142698
394526
136092
78537
168630
16
471141
170766
850394
204747
73945
355724
489458
6747
53498
54657
170894
57834
257488
745463
463753
314886
235867
901117
509917
24638
148033
666840
145909
264592
787783
169801
29733
3844
663624
137023
55447
808981
14273
364298
206898
41665
167781
499884
102479
439501
76360
452879
490779
8570
409799
337321
465854
197612
450041
267482
186874
6563
283842
2279
73271
100252
128680
560300
391551
276897
55340
15418
123163
457
41862
545946
387730
30487
211921
217899
285
110858
526909
54892
613186
89883
165952
47739
597573
280058
9054
35419
521506
236449
166816
308123
129114
246377
277104
114673
36555
67915
44515
68784
247839
639961
210138
588464
298244
299146
64676
152563
636585
526675
112720
103345
141740
120993
164372
23312
31480
314924
358291
98014
740943
11488
378369
399353
80139
159423
348684
208073
466849
232748
14938
49626
111789
401783
183133
134768
329542
79476
464843
6817
487159
86844
113913
274007
20816
161554
94856
378276
618940
87212
142722
138499
15887
757464
436946
125214
61869
28129
90963
83980
441000
371700
792765
161939
538162
31040
130423
10036
33204
264071
13428
49126
376530
288288
26299
404402
181
29421
623737
12190
438306
468930
14273
87358
285144
107890
353024
37764
125339
254593
15861
45846
13343
125138
39835
162823
325917
65614
21107
456478
93716
427745
57190
106982
568345
271644
38881
613882
30021
167965
71085
154579
5929
365383
175909
46869
412650
454462
374832
304332
155362
697238
214845
499606
698541
451511
107194
45159
167444
165307
203028
220259
751008
294710
85082
121807
336876
36007
86119
147504
396742
104795
711746
49897
358361
328175
914841
559454
763479
993549
303547
5146
173367
89860
180318
17290
1611
352013
39307
240227
468860
273877
53893
294275
91011
338509
41643
43377
34016
567849
135367
224219
64415
299648
581109
441254
111881
172259
92224
224431
244377
97223
554142
783730
119806
2493
480318
498101
31489
160941
438260
26486
451807
266932
438435
370909
420760
854572
162274
27838
156984
70501
23734
164403
614744
247995
133015
905389
121835
208212
238899
241716
478043
184268
121884
298026
92934
326515
178645
32440
307901
271371
212715
563847
488396
65767
441236
69979
40367
389521
202621
7416
414468
10681
63348
156736
338848
222313
143822
66812
14526
530401
111281
109097
52058
227321
484238
677815
169277
394744
11230
214990
68941
386872
187767
389824
732194
180674
246279
414462
768716
44910
787137
6108
331674
371464
322213
19818
427854
756613
274007
207385
506375
303257
4442
135171
249805
27509
273587
779178
126987
113323
745494
31449
53464
49428
276900
495919
181904
81608
516135
239
281152
25191
61487
316460
19358
274376
127970
332810
243693
52217
453029
8840
31521
218858
101922
31751
56491
470895
326105
151275
43378
54288
330692
903614
399
288366
419649
54086
694745
529217
296231
460132
55088
372486
178074
75733
613616
102853
637771
654035
57637
111834
25242
715727
266403
566208
41619
577789
134011
183031
53396
338452
751614
437369
238108
343344
125649
41578
31487
564254
337290
46896
481234
277510
63093
430222
418292
350464
400349
18
92559
280302
243924
164691
37629
82
298548
214776
214245
238874
107
171400
311909
75588
308260
221027
278721
192137
299248
670162
278015
222450
286789
644768
387492
74519
531864
273774
56255
511619
513364
193814
416195
89891
347816
273926
467214
314327
405773
566140
104106
354384
80601
197001
158292
131065
486138
150089
21719
674487
176099
78572
330898
93664
81988
512539
138520
356175
656879
73420
76466
213987
57520
2183
230994
142854
20894
214540
630482
495385
414989
349009
19909
8978
406080
19770
345
183
39738
22763
52774
670427
226728
24322
673271
130690
21042
135013
911500
295365
32101
254625
823676
340805
216983
663752
538863
94365
6600
505699
133056
329331
327370
377952
241353
279392
379224
45658
183330
305777
288037
263764
217022
101570
140779
184708
702
83497
73209
193450
692764
385748
219613
260698
254650
62120
664055
267654
279006
3023
217578
491315
118340
55603
12538
179565
730770
259006
45739
549771
570986
312305
78694
498573
156939
173828
835310
160463
144123
54420
258824
843634
407131
278448
85620
259549
691507
39802
26840
287419
305701
282859
496741
638677
461950
429188
157844
190262
75748
63054
33573
4446
136458
80546
445754
244282
130048
354729
42707
399863
323144
83267
22540
567341
463167
102387
700235
77755
7505
28342
132123
474183
5228
458011
235542
410601
205459
773026
6862
169890
75468
195927
120593
93091
764859
11479
183584
229629
16095
412360
77517
261745
616377
35915
154232
228323
197571
252473
30143
668493
465186
762405
726495
75865
154387
577618
206
632169
793955
13787
451318
360615
13391
198026
4092
87810
244170
467063
36391
493538
203998
121661
92855
256696
469339
630407
347
624708
39767
181780
523212
64882
472376
122588
139013
366525
230287
124282
184147
363636
77922
443134
25221
169112
71135
130233
806392
107615
36806
37293
367734
101475
105067
376810
268677
5391
299780
69490
3769
136727
31857
15903
428622
524793
93091
11641
299747
174191
177501
537322
228582
71537
476278
149591
387147
144052
53797
171314
22507
324406
328738
491567
82702
69676
796834
267336
173855
330427
10698
299283
368728
12407
377394
129580
270065
261226
26980
73159
390255
177028
187980
5794
359047
125567
388217
234046
241188
227
37209
205773
259427
392985
313298
17770
577731
691300
217621
527156
180849
168279
34776
159929
175669
53309
268561
631769
164600
439277
43307
506272
432207
328939
12430
486278
890335
159901
113413
25074
130406
10287
121137
231115
216973
4395
542784
223814
36316
109265
325775
242048
268681
216846
52290
209997
230537
17484
78449
102400
46950
100333
272257
81524
99042
115618
40276
14070
67588
382174
216451
166989
46936
650402
55837
153132
140677
221115
140271
526788
602620
305973
239299
546253
311586
160375
31241
382185
822765
30068
411019
273991
420777
352214
114134
102805
245046
445768
483348
93868
120855
52438
332782
233031
205499
396596
375582
301504
493350
623919
75002
344547
226553
490123
681800
295213
147404
605264
804274
356473
23977
758636
133695
374
86391
227044
214840
6393
77730
617122
388810
315833
737812
134811
346870
97595
8138
639232
226176
12316
148409
249111
541174
732329
360866
45270
84538
805238
3469
15287
342607
4508
73655
170727
537507
132620
14103
455379
5671
539274
112298
64583
236186
32810
127340
222615
423675
462972
274295
17652
612148
83913
483171
36128
440082
698160
94354
156198
335989
328800
581814
474275
41534
58101
182599
97440
7866
12808
649863
68498
75
8893
434879
391273
35141
53545
4007
16259
280193
448007
25563
652642
134135
44137
149279
353342
129283
6956
261773
5123
15837
372897
152885
280596
140122
826165
43369
233426
401400
111252
540551
278018
377776
432295
40042
55335
417209
40583
543766
872066
703920
126357
3679
652899
226454
11281
125981
183471
489026
373408
339385
268478
421782
30972
668799
446360
649520
291149
33991
92115
461219
294667
456626
46585
237383
134246
297317
415103
16112
372934
3729
295962
339342
389430
665167
203499
730638
265806
193705
508562
43018
206936
82278
91445
546255
209522
131160
159979
662551
21948
6993
227177
127203
112839
519898
176490
289870
622859
38771
32741
10548
108300
45950
245381
216196
19122
26335
37273
115365
510902
69074
62353
370723
762417
37474
96424
590496
431459
459896
177056
615869
217836
163868
161607
273649
535506
145817
16716
113356
186730
80694
175502
448161
12463
308653
585651
264697
38012
93671
592623
111335
101738
18113
348677
30071
63498
377660
340789
580563
93541
4509
689651
75691
397257
79773
52182
139467
135480
332616
168071
444118
568996
60909
245147
10857
55270
470673
2741
184308
278828
391624
66596
12610
104660
131411
286557
69354
307662
44418
325182
294390
377314
107966
60119
260752
117405
544826
232154
416097
338399
79310
201047
34925
302450
117798
173366
47589
85336
2970
369003
253582
2220
354936
246920
119076
76076
22453
276721
60243
209355
25544
423701
356307
271662
34956
356471
367167
289851
429892
92079
837549
169073
162177
686006
356745
579900
90127
298285
65775
216477
104681
245986
11344
121433
13002
328930
385005
18666
5921
523318
122754
537592
203218
737332
35025
345245
292803
327153
739267
301956
43177
21932
40978
60980
348698
110448
636238
403643
306778
46688
214817
66448
45794
42032
788551
397201
847293
700465
675068
4716
105832
266255
685361
143842
252612
725651
485247
158357
158828
184376
78158
115274
359154
17489
820659
606545
238231
29307
47596
275092
253108
523307
450822
500843
232086
607823
25452
313123
606592
475704
148986
2051
295544
41821
65434
69956
118819
1088
108347
560858
104078
587108
22165
96267
171827
2915
497210
231164
154460
47534
2975
53235
98634
133362
1413
32931
134323
34418
33130
27481
597068
244234
2975
521488
70068
98878
502638
635579
88003
847461
246330
350537
547137
137443
24203
262900
263312
75778
138430
124298
84562
34526
86974
164633
589850
116337
225357
491920
390531
1537
607431
62208
296417
609970
235785
406618
84464
149963
273930
38432
70783
1639
55461
350
68777
304178
333086
14131
131915
188301
194946
127232
136983
241650
248149
140602
16416
431474
67895
450520
352685
400377
197102
256429
305928
163404
798324
498314
278883
209637
332543
242717
25186
222412
570099
86105
269248
121826
301531
734821
403971
10233
319479
66133
351113
283229
530127
44095
179885
220245
83898
181448
109906
369879
271751
37426
310263
374100
72529
48107
144089
162253
109388
22490
214493
549059
164716
59655
519617
552467
67499
10935
484813
568448
70005
32373
443157
249630
41373
254907
137413
552068
144675
132841
306491
480470
396173
554046
67909
203949
170096
244957
283706
157531
3261
95619
253224
650800
19963
576686
253663
43063
326941
46766
214472
15147
75023
755556
273559
456775
318632
107639
282206
82945
259844
209486
182018
511774
715932
400119
566284
53313
297761
379217
217461
557189
229303
863590
512961
115075
197900
926986
418861
112685
212586
97604
562495
241215
301158
110808
32507
6202
401190
60172
662171
9750
79506
779070
128292
25954
7281
162033
457620
109171
888629
360840
323937
88118
134552
137145
114595
29552
7618
83617
39595
365007
805851
53107
598815
103351
42974
219733
121567
511264
77594
619401
193719
8699
164658
4322
117791
94081
562240
174248
228541
607665
35747
868920
537629
557291
8305
367528
143582
11630
154704
176719
552007
74570
303394
118915
29896
42328
90802
51662
23359
39933
328562
150878
684359
187978
838
308056
220961
242446
577907
423736
743072
346412
121115
561284
171694
29571
216942
319731
217353
107532
423799
90030
455417
95393
170186
33638
189488
452352
145054
79823
497506
81597
133250
339680
123571
68007
852699
168932
329
57190
323610
427291
180938
466351
264188
46581
85989
728545
277451
472333
211023
326122
150577
464462
25373
7053
17615
516872
397183
874084
363846
678812
524018
281520
20801
878757
220804
52947
2402
836891
135691
274055
92433
349165
45132
27252
185463
57416
33740
163183
131576
524465
87825
381067
364393
209274
323618
361157
295051
29444
365992
6841
1931
124845
552991
343484
2581
207433
6615
275022
264488
691160
139717
313187
41585
182556
49533
548368
163877
11854
276457
326329
40070
254169
117702
842475
421140
669056
61521
252697
21307
332119
374399
68137
875523
171541
749837
9651
617569
3889
271054
3861
107554
53767
5508
175871
326720
7835
296453
210043
54131
531081
4194
404862
281227
488485
219070
352831
560032
152207
63854
101036
289817
8611
46488
267236
52246
12477
371274
145438
179094
429303
342039
132924
73807
396493
50268
312983
48440
559767
105443
596239
7284
386345
148297
375123
198842
256959
12874
385248
317656
58924
138885
33908
207646
273864
352985
43227
393170
553223
13917
150253
164266
586716
594195
396562
450129
294863
47009
485727
50954
69692
264672
467171
44476
123492
531283
430786
287572
85491
174820
619079
219196
429736
19253
20300
184113
235216
96459
421059
3250
452547
86897
548700
131837
81277
279861
458164
43858
141715
49679
74327
36469
207768
100733
3733
33263
295990
372059
484007
227732
796287
28669
345358
112277
7145
17152
1664
505269
75353
41792
1745
469529
179808
219058
352820
872407
23964
224309
510117
149496
321626
479366
444311
79939
542886
22126
16500
170346
599399
21961
24673
601794
625587
101050
379704
347163
606427
119132
1389
814352
901842
71222
238141
162022
177792
182444
581989
129988
143298
23475
130979
154819
17820
231409
804604
324346
28629
191172
10327
337201
157098
31113
666621
5535
706148
341339
580955
131968
18956
372809
130451
33010
458330
298532
100611
374762
40429
426537
141693
329754
5370
449317
223393
518134
52863
29317
337876
681704
193686
64365
159707
590108
445744
134351
60596
18876
39124
475610
615213
345038
10377
281634
52354
37404
50905
102692
159316
187154
753329
138988
137613
113156
221040
325166
64620
93868
781244
111106
249951
140599
632196
420570
517750
177311
309891
13846
115486
155337
30856
263649
9012
70662
86363
531675
209446
187024
29422
936632
177794
123855
485126
341
114699
290828
142980
59359
19893
9190
304519
466088
19633
5563
209027
21976
19414
277848
254994
72891
374600
328598
663531
679851
45453
38063
113220
111824
271755
47873
74057
118772
325986
61439
141634
115185
215112
95540
42974
289138
43874
421074
339801
9174
99103
108440
3922
573085
111209
406008
1775
220365
2290
214029
95941
319173
479221
14861
818949
173971
120295
75
17241
114644
66103
453995
634303
339376
246741
23776
172247
498053
62566
401763
301802
558423
220914
47159
235809
556011
28654
573880
806333
58341
1549
482788
302596
118830
87706
5087
172764
498251
268727
64847
41772
22379
5121
302504
403032
728577
74277
697104
28301
59111
50765
374281
12227
462633
79713
51235
292925
148744
8166
278846
143588
172279
295846
517702
153180
128999
33755
193778
194672
241437
695650
226533
301992
3780
607034
9617
38878
119019
370644
581777
11393
82368
160280
32261
568747
346436
342764
384220
92323
340633
225758
12184
27651
168309
337880
300723
270189
232754
27467
354948
57544
11959
294884
173856
228069
55741
226227
491737
437135
114140
25166
212578
261610
47662
196565
272126
473804
28832
41323
161205
18089
495783
591214
680483
379949
11293
635122
73072
507846
55743
175747
684823
51508
18144
208857
125187
406415
49296
198745
274872
112629
283442
6989
40351
103813
271120
97764
637191
630863
7445
149508
838071
38431
220262
566328
353041
15646
120205
233553
80670
40153
598961
43329
7575
15270
224242
380858
399479
30388
473432
627583
60089
64160
497819
120014
472566
753561
868280
292423
48357
21037
325500
277619
401354
210447
871883
306679
205075
402918
147955
254423
178553
45420
256011
218834
343212
187465
116642
136385
423294
355378
90225
446767
647279
258969
673562
79332
313520
54167
199473
344897
66549
188941
229597
71135
267592
75312
120341
76783
177590
449491
27230
3439
342275
37828
525754
183489
153761
575586
82609
168673
104289
234990
12670
228076
41717
68106
121964
722089
866752
245548
295178
178996
17464
3419
216898
254890
160169
50175
750311
567430
220032
559622
30539
31149
297383
17598
36540
162344
421791
386464
263262
441278
1695
453614
156004
464950
67804
304264
39175
646388
549549
127247
22620
502
168519
198901
206965
66954
102173
155860
272394
86237
297895
177941
46300
6082
337860
36222
30034
218319
50931
206806
296680
112525
66715
201539
125669
190459
7349
142902
78939
480823
6065
792899
668574
345573
216836
165525
229979
144052
22842
120626
908494
143704
39375
140430
130679
176710
139295
207330
332459
19610
64220
954772
226754
653528
767516
401266
237122
121678
224593
175013
110459
250525
492695
141641
76541
462540
394324
595764
804223
235274
561501
274656
7464
229997
222581
115792
32213
135195
615368
225996
62389
25821
100041
50072
59101
65356
296929
44878
215002
15704
348998
683511
461553
117094
376365
187511
540990
506475
382100
32183
218831
304626
88866
154792
910916
539936
253014
4715
647674
152727
158473
17038
141405
3430
14364
544066
305468
209031
35303
86785
1594
93560
102788
669674
327220
222130
672284
634694
217663
83987
1659
74949
223660
204419
702507
183846
175687
160057
764982
31135
219312
140585
606686
152436
81799
380151
36376
529133
395944
15869
221651
144883
249754
416120
406842
535158
98466
72263
6262
93953
34390
227937
36994
172359
56839
49988
50706
479151
276151
19703
148253
17222
227781
71248
481537
599033
77646
30489
506422
219354
688715
135866
372809
270750
908631
43335
69899
26932
1015
851993
399921
355292
345131
579371
493490
280957
8662
431482
66006
485278
362312
560485
485611
199693
16172
6109
500391
270509
850295
759487
57562
7121
436164
231631
157790
437397
321924
89815
498882
13839
9668
43423
144160
594953
43537
411133
170108
25460
474068
310413
1289
35513
51327
341415
292651
524763
149698
2293
725238
650125
126112
337374
118999
120724
75791
324954
205318
763137
248750
273661
232083
93347
215933
488003
397950
70166
216338
109208
62470
415241
36951
426819
55158
415
111132
302981
323250
346786
37339
151872
88940
143725
281741
527446
436831
166346
178926
289260
8964
30078
65012
121678
380605
474327
590062
261216
129680
10999
430779
213294
254488
349615
438177
158232
325821
39434
113130
463363
271298
168418
669047
256712
818039
4487
158469
295388
607
43940
3018
517791
308337
265754
270462
135407
176241
162480
14166
456017
503684
229127
157188
208788
4826
257594
19783
139644
160733
809119
27080
396772
20954
218758
72189
218006
517826
476852
47392
132509
454973
21876
170552
15224
611490
79684
215906
426820
685011
43436
757488
126144
377711
103237
16289
122802
192273
7121
339815
27454
20132
367739
409583
53478
494044
205813
111128
13252
165072
11684
219871
449480
432088
111965
202748
202643
240266
100538
4777
216749
453612
469313
225313
152119
22271
191717
112949
284355
296344
32913
353582
507128
357194
789
210930
329501
798705
36281
492291
461046
704186
222462
144969
18183
491352
62694
312005
238555
56259
87099
517520
5702
110885
125355
601025
397866
397789
993
179908
676996
380058
17400
247946
51789
196264
159940
394529
651891
46449
5938
239105
183819
479748
761674
176969
206152
12126
195858
653807
58856
421801
187760
312690
36238
156803
97380
268940
48309
5318
82362
41204
26840
44495
27738
712729
417570
79844
152945
694535
82782
173070
222401
590799
589794
60662
863725
412301
659067
253087
172909
175311
273740
18170
50142
386552
25862
428349
439259
402008
174284
46226
328355
19686
377365
282154
11041
241863
4186
10526
254834
2803
456216
482045
137256
260639
725541
65493
26637
104710
314645
274565
81146
349781
487007
223936
61475
86744
176515
150637
19887
542963
292197
348792
112215
131615
569113
465670
345961
87942
615627
166558
122
467087
63149
167924
38541
51345
35367
381697
204439
443277
70114
612721
543727
98734
633129
19789
382672
73134
37973
210170
751387
63162
60341
333987
14331
2462
418830
356992
781724
123976
435738
264065
3422
135969
85374
388214
51414
126191
511852
131055
32436
515028
493309
790515
188052
162875
15400
48011
22061
6767
302579
322576
2159
418362
568417
46583
70665
231508
123414
41145
8488
222956
128692
252411
187346
557485
459424
649310
514977
133487
218094
112554
265161
35461
228898
733592
85521
355873
487411
199475
482031
334750
77959
9505
43823
8242
147522
62779
151901
217447
389166
109712
280899
267765
18249
592377
103272
1356
311283
524221
190947
39859
109379
258731
22007
420043
448996
374904
276428
55860
311765
44445
26756
99305
425608
88504
224167
642534
90640
486681
18663
564047
10532
214386
132404
758109
171445
120847
407955
191561
59008
107722
764734
117497
94543
451233
180967
30671
472810
220702
704237
365801
652417
232838
259958
39471
39570
26842
252205
754330
24148
22123
437963
401428
38796
299327
137180
246860
761795
620150
425710
71691
212871
101493
141491
121368
101873
868217
96639
49652
23395
122219
121822
191
695291
204783
365850
180921
8500
640331
473043
265988
788457
373883
295650
62282
118341
503225
218966
69844
330268
277215
524529
7099
94608
175279
426230
661083
442594
133858
69392
408788
823941
349875
63399
95295
296390
599910
14574
788024
467207
528971
41044
258625
210650
650292
150996
316782
320703
70933
216279
141501
532280
355625
205451
274217
120852
23873
57218
292324
5092
130848
742098
857148
707525
493466
151814
145112
247379
104036
291793
680682
44244
87295
351909
36855
260954
2455
23057
12967
211817
83433
203699
121260
236486
610250
1266
449760
400537
15825
71036
214128
425771
10094
10943
474536
283842
286530
222151
203
951241
66840
198053
81300
452000
395151
33501
4681
81329
128321
18321
40557
93408
332044
422960
235428
37834
204694
390651
1729
21125
41987
209482
91755
2778
290210
65243
169723
910464
159673
610500
68498
351368
459882
54305
94218
355790
150202
312967
96033
519664
495009
8299
729938
520965
375290
24243
188585
421728
7118
387882
361435
206955
203006
127971
501828
174976
159555
42000
518503
340140
343786
93849
191788
8387
288589
590130
157409
604788
52502
79268
243717
411585
3059
195090
8334
794319
483754
16145
11070
35980
306311
288529
69556
348593
103102
186966
335448
406534
308430
363172
286391
193699
535995
287463
82572
19489
54078
665121
188321
56115
251460
46601
49171
39293
478324
216597
325634
38188
9158
356259
3027
188095
108645
423566
190999
241936
47444
490195
4117
84517
207014
240969
323562
119585
122687
75076
473355
440097
318819
32013
141234
313580
77301
220471
276423
466659
309641
224589
544976
51991
289103
4630
43307
15106
542882
191463
5291
368502
84839
628120
16063
675022
107530
108302
295924
74269
331641
847050
67068
146004
211640
447329
90339
13157
255196
215298
399476
766382
32658
564731
215238
41555
382577
125878
339706
436504
164887
293540
6182
46484
695629
446594
6964
520560
247530
3219
436056
122864
442223
269144
148343
49557
529873
394607
756883
102749
520188
364338
87648
100266
129064
70473
213629
468428
423507
139196
662735
631586
464196
398981
328251
83875
356673
246091
339090
264760
352308
1891
33704
235770
156641
79725
53474
601482
131004
148790
504416
85962
243577
268319
225611
231751
730971
116370
453450
14565
340936
220306
92893
526426
61411
33386
337526
285066
533885
183533
105054
97009
2075
80056
95673
81469
195664
272174
17569
768841
121122
876249
107001
353991
166968
430694
381542
32917
35043
161
483865
329486
59963
418992
187733
304495
509695
557213
52256
73437
452241
221705
88412
192905
21216
383213
129235
289338
31465
71908
213240
178245
481053
757201
41366
453813
254259
743006
437737
93673
376977
26354
334919
123048
15362
211611
395955
88805
236324
351074
628768
287431
8671
23701
187789
175839
525002
471943
121952
481745
59087
139867
591556
91795
111089
387501
147348
139968
150326
280194
28001
81958
632016
137675
51932
15984
355370
519067
311269
225221
51881
58108
918264
447835
26061
818786
665078
141857
460593
361103
241215
270341
150492
331834
144780
144715
190618
133604
245611
292504
5596
495074
306205
525504
53922
38743
434636
256826
232914
19867
132280
707098
441826
440443
303648
380813
410313
670300
214331
120713
32889
1028
206754
23085
498533
112698
208139
314396
37741
355508
296115
191373
392918
27696
531912
21802
471334
263977
350889
312963
121905
15328
174879
46947
24230
827069
40988
91252
502708
407532
327594
55401
3287
33933
167822
34540
486805
562023
109760
164419
183586
59620
88864
302587
172588
37050
464406
3930
70200
11135
723865
758376
184187
4831
155172
108224
69664
68692
896597
818501
392418
72385
705847
335813
68772
57898
24232
212253
94979
186060
260566
616606
420471
139363
103583
198711
233853
696815
332
361699
265794
4647
917148
852476
327706
444949
9639
387079
123330
155393
36255
311460
42286
426785
273720
24698
189503
370275
85275
858656
440987
249052
20092
527971
6491
463916
534570
534552
109582
80417
87881
280257
76104
515223
308590
20625
130792
25017
295118
12647
25639
138171
91807
23324
11330
358251
268730
2386
20046
856949
391648
333061
175207
108585
201129
167327
243367
285694
286445
66521
1265
138833
142192
520720
239108
1659
22686
252023
106594
153246
330435
157175
60430
292538
251680
846450
2267
510189
45193
403005
27693
18329
82261
249305
72621
2077
55681
406067
146130
6277
341002
16287
22012
135146
47226
782608
134546
525149
5442
597221
114143
448773
133851
351096
139202
167830
57537
135517
18146
412230
347377
44172
101999
226632
279105
25333
204491
330039
227267
50307
93359
166708
832848
313614
287794
684325
15532
96973
763121
213088
266997
316197
125487
42809
34301
95761
804144
522336
346767
41205
497117
11605
306734
36628
746341
317080
39927
204374
46959
93938
21417
423170
784181
146940
131045
77931
827442
10153
393958
321552
567033
385177
550729
393915
196906
65551
64090
366963
187831
3975
53652
51677
393560
84172
166190
28907
51211
152758
106813
53461
396945
871461
49687
300291
571366
755133
94986
436648
435624
648173
961230
50711
226492
427630
67876
138985
65991
252909
34259
645651
179547
215657
24161
191955
16208
17614
468267
281015
687336
50152
32589
240292
617717
269820
192916
49276
58499
584219
570539
86124
734853
89813
189763
109693
347245
262938
373667
140517
204048
404300
488981
4852
363766
161971
53146
48661
515806
185990
352760
64327
460560
38905
369519
405756
720722
232594
367918
205573
118875
131922
335991
43268
290240
596994
611218
258510
234197
168189
80429
12032
201945
22347
291783
40977
456786
74915
705083
419549
210456
67063
98053
503077
14378
16697
2889
112492
746358
815153
164486
310160
16909
734625
15666
139321
585380
26571
240156
181816
247912
103709
493541
28501
313040
151373
547210
386850
761608
249880
525763
21264
196802
186903
152785
627485
643737
344991
581440
200586
1386
540826
574453
26448
113477
322225
164710
209979
203973
562323
169024
967582
371486
752542
48511
40492
256
284764
64088
206900
393370
518064
314450
76596
170
272766
35347
120384
403346
312285
290951
217396
97434
124213
241495
197945
53614
64318
153541
61251
811853
376937
391900
400770
80951
3810
170620
86316
57434
647031
166758
173479
40095
145713
258022
32105
67649
717376
14302
432548
172334
849793
731225
64623
42307
961457
360844
308992
846861
320355
24491
151286
247426
146698
124651
2379
166970
291781
504982
460607
71422
120061
270887
213154
34145
37374
146085
39535
87895
113218
210040
23609
5931
242272
3876
106960
501255
489819
85218
519403
415223
351048
150839
313804
91935
68193
537699
221283
85374
956
39935
19252
328754
19866
7736
369307
230116
596101
318701
337688
30262
43248
463758
490963
461879
79193
316469
253572
422088
51975
115102
394256
400497
224
32910
64771
2301
159748
238433
235049
174339
678090
79148
19288
120747
324668
120897
289160
1362
675374
342181
152916
66419
190026
100168
205794
7183
64950
1927
164484
468855
677399
146077
569130
219046
44558
358627
734
355868
5694
7896
7082
724943
201682
87080
112129
788127
78066
64457
282043
391802
584908
444575
155774
551387
4414
81892
407321
258169
90635
550284
32028
282437
97608
74549
1824
465172
605457
22926
30206
297
125464
407519
434800
532444
287390
266608
49890
16308
153103
324115
17059
156662
128294
466972
270118
358465
91616
164587
49212
773172
207794
370277
442933
658549
27512
302460
153466
391838
51055
215164
404239
376428
23871
105073
373864
157468
106559
211124
440899
7284
37882
545282
331304
140250
203361
207941
9256
307543
458455
140215
137435
48246
5485
16662
381717
818498
531482
533542
376502
454257
767230
122976
249082
401100
377155
122435
297087
55470
280430
927427
40486
39823
144886
351255
216634
760135
144713
562180
245940
65764
246450
258502
124418
492831
237475
288858
7933
627646
556299
402499
133109
39533
113962
186563
113809
392340
243105
30219
180315
777619
5766
406226
162161
381477
430549
140395
46377
94859
288154
359802
189533
173120
162129
292093
355100
589692
428966
126283
121740
161461
412379
19323
485267
54115
9783
379556
50368
284705
38759
563872
31917
23197
49965
259663
339427
105277
683046
348546
115535
326338
689543
755655
126417
198088
50442
38761
240602
174542
75792
63090
875421
342161
603349
225033
62874
9067
171961
394805
119625
234369
736488
8098
523855
192706
95192
177347
303384
33815
538617
172333
3241
50789
52142
198420
313336
274750
116035
75756
86001
250947
53202
307037
452322
40036
50882
44732
277641
675101
643384
178850
84751
2945
171605
23348
56512
370985
248950
373844
141582
641282
258013
195546
22012
34581
479141
311826
86716
17013
43197
53113
372229
202096
4603
93207
97161
447484
186983
457783
3375
84343
748970
662954
21421
95595
393771
3618
279809
456646
335330
332826
316189
528399
368860
439594
768944
17894
575309
126377
74063
569558
51135
77006
125681
548941
26601
215277
27256
363800
586238
707034
909779
142433
543035
298940
231773
120402
510461
36586
37026
265711
431160
30694
195531
212735
433604
5428
137362
237540
141062
80327
243319
212063
392639
413134
114085
136879
255078
203129
302937
8224
177560
406499
286853
102765
290099
301
88287
377393
866527
60268
64602
69309
484212
193006
243984
268665
10783
80601
4493
14442
176800
613729
53650
465730
402250
113724
640470
180253
692186
391435
12961
351076
48499
123134
156563
28658
36504
11372
831304
54396
321371
484399
129012
91589
385081
72641
473906
320375
527471
45857
82427
171879
385968
754911
98820
317295
358437
333460
30189
65606
64687
24645
139279
126306
629271
127672
89612
106690
69924
414333
361529
532702
237336
237843
25596
49969
170083
875745
118456
857668
51576
92706
4667
52957
82367
69843
5615
76722
115402
566140
480360
242299
512342
61622
138105
34176
252126
435778
18714
189677
602239
287852
60576
380603
234280
10478
279903
56328
28019
92264
117772
226792
266036
119421
144847
51938
612581
323969
646371
311370
447967
3037
103220
104686
7633
130967
30067
14996
151446
750403
478967
248232
29417
53534
21067
594379
286518
240658
195790
171122
32228
158957
287194
393275
434231
348824
17796
2265
527443
74941
218656
864912
474595
50268
98
304062
12413
626496
128839
483078
331983
180864
461312
421303
34442
421895
203958
49103
235458
203480
17907
28981
270378
173597
295315
518731
249377
449632
277797
107031
352083
20191
117911
331743
16974
330546
65706
87517
449947
316366
610477
7694
234772
235652
56813
508538
55930
514916
748802
85864
136585
279521
265701
57344
158386
76097
275238
196506
367642
187907
415304
63012
41595
204545
390084
14082
171318
142538
229043
255854
76306
198555
206
785488
324754
139400
707944
2312
497702
126447
110576
3901
81719
53036
828313
274174
663485
132461
120657
63638
88979
278002
271420
296402
829807
717329
182113
139527
20050
561056
10264
320997
477174
104867
573549
651580
61123
1317
185377
662066
3215
442608
37099
270485
758341
358367
47077
91937
47771
260109
705183
71616
579116
322780
577919
518775
632458
465772
887137
279544
157044
195850
81872
223250
14
92696
52848
49123
543222
453783
318549
450475
328523
151268
594678
46723
305609
502327
564167
281176
199954
225579
24387
456147
390319
290985
40696
12857
282048
70919
193037
59227
437872
520686
76288
314926
64890
120135
126275
23447
326726
28315
462231
41503
96026
694783
24478
49521
75134
515564
162477
31586
140372
370562
356925
192673
571392
118274
148745
354328
487888
214096
29370
568563
626244
587463
71337
383645
46131
348078
348148
385608
228918
411210
853456
259273
354124
9932
48791
126205
333948
362997
195548
135441
301815
166220
323716
201641
10870
20607
60067
145661
87404
464789
368239
228625
4288
148450
684552
26209
485149
633717
152450
85379
19388
378858
121546
53944
103240
56328
342412
412222
169173
820986
158432
752936
105410
60828
213035
287709
12015
403580
365158
379449
749525
95402
185262
8462
554872
151519
101009
336046
278207
175809
11032
123411
69460
698400
319054
427459
56884
422642
109551
299058
275985
344167
19520
180052
63589
367453
788695
52575
107017
14598
256542
229258
368111
142623
142149
130804
239476
471640
237235
244662
644801
72839
5136
338957
413316
53537
54065
89584
548141
103969
628713
234237
600864
305139
50091
224003
260390
554938
399253
486745
175214
107303
91146
69149
297414
259216
67124
405891
94907
87674
10358
606809
235914
21117
276008
48948
45178
120453
23186
73577
47383
8866
385704
155921
178345
343280
203377
85738
169108
514005
363080
1186
695352
600803
518962
106028
334503
522823
12342
773478
41022
59132
394721
108087
234601
34692
197416
766815
22585
102664
373222
333509
499282
193069
241356
129364
113877
570096
33691
624886
176738
225985
124584
346712
25728
82423
111556
82110
727420
87378
247409
111001
673168
551440
8853
15719
12627
15519
293337
655665
389686
21256
227206
22487
438082
47721
46309
599650
4518
15917
38694
200357
182589
503804
274258
165357
13670
672685
4764
96018
60882
288969
99494
758161
542937
586511
549966
282645
112519
296735
395627
387627
554302
205747
140731
747768
264999
508110
253570
129830
162080
401802
207246
628136
297849
132933
552407
188800
30368
333002
688528
522750
180551
47414
68920
509405
853768
480066
77810
32687
431037
745987
410032
288698
208252
611655
145565
716460
38010
282159
32530
173615
120721
416156
425342
44817
603577
61296
286737
292704
4807
359397
74867
541102
472869
239744
718117
351620
413618
1166
416605
605982
73668
340304
80448
6122
650685
85236
242617
333218
113363
359159
186858
624066
432686
17576
98754
98515
211945
100190
860559
54922
371668
168447
36352
252691
7071
26741
727156
2983
401247
28523
473414
14706
848006
732973
700168
706439
64239
6570
105582
3720
13126
139145
296119
145707
175299
582295
62563
104690
117645
5101
220993
241135
436200
596161
27532
104031
337565
379517
125359
67516
413473
19205
20958
317802
326149
30449
685374
125141
532352
178617
398271
234594
415499
390135
89969
136706
256363
865628
462529
161927
493259
39662
503110
95758
232841
188266
234573
18281
658167
111286
249524
166348
52547
151140
83886
379989
4477
492549
35796
332960
181806
43212
253730
644200
217536
237912
198216
118062
29243
5592
744441
32340
11560
128996
849718
67298
69552
424925
612672
72610
513030
2105
381022
29133
271
665012
627752
259938
182162
39384
45881
292329
118370
28165
211818
282898
752909
513292
187805
350881
293153
161636
209488
8023
204781
270538
301046
69619
117622
146705
138476
183159
352228
64977
294404
222547
28255
101100
162123
487091
160838
43333
97005
74809
188418
55242
467364
197032
264062
108658
969684
555066
177033
511961
284917
270055
49430
204782
103056
767
176428
220250
202283
231180
312089
4224
167708
112337
98384
1657
74150
113441
2573
132179
211230
467936
353707
298762
11654
428747
14495
452275
66112
39842
294684
33278
171574
488452
17973
194366
598370
3902
784323
130878
60681
12969
43391
188569
347649
577920
106102
623841
312166
30880
385972
284118
323125
123258
27151
825055
426153
298419
3287
29648
306865
384517
626274
149339
27535
899
695225
16510
628124
109914
36537
134420
529037
175634
42219
108011
300509
58180
105731
312859
157776
41003
75956
416682
179938
67148
16736
20870
221971
156321
17269
194042
747731
183256
146705
17621
157612
540345
493178
277879
497528
53728
314786
8131
294993
2356
10848
12104
904656
79871
705345
738613
38873
410752
234996
204113
470873
500113
210890
448682
6796
198236
178135
14826
14909
92449
29635
121316
210141
311793
123626
40002
493241
231572
202177
201763
99761
52769
17813
234925
133518
25441
269659
122149
271420
869997
397876
54829
57835
420938
223324
191781
419507
268534
448976
437560
292576
879269
760162
95310
441336
107294
87316
408874
121392
147779
413189
425248
276604
834438
359979
168239
138855
222068
498095
871732
582546
57061
2921
1317
13104
336002
147726
487026
7388
18575
372742
49790
163881
364052
39244
36270
85013
362048
178304
72153
43885
263652
328528
401942
8409
155450
641352
260304
425511
43458
37421
17233
154326
80177
250681
510453
157453
166702
401370
67124
561674
22392
6183
240329
352587
404687
164750
3277
446892
76347
88958
156868
19957
216444
352029
774755
23709
25357
271908
525251
378966
107687
51987
65265
313729
1107
129284
156218
452952
8799
90326
26735
289441
110119
769749
353137
34341
307086
330896
81300
126471
326539
24649
65806
147078
103025
240759
44119
259992
55855
83436
73496
128868
769833
290889
36807
85795
35607
370604
54874
178213
362965
27485
322017
425891
40623
13572
349
13370
166946
366889
229315
559094
34382
38631
335540
215219
314817
1633
300862
98860
2167
24482
27229
722
326646
52781
398888
62634
158484
60618
499598
263155
400106
72779
293944
289244
55553
228750
843587
277693
496846
290
473975
637893
395626
233529
129908
889931
49404
4336
29847
435378
293028
66921
134854
292509
129741
377705
2712
110419
7984
126237
536046
111856
292903
88403
780076
62468
669798
107390
121646
61785
81782
148230
315862
390297
73190
87684
220875
20487
2955
90863
303324
774845
78428
85891
173183
83819
56331
88757
331450
716583
50333
471
44492
13390
218039
3299
34831
527
277404
22264
76191
70268
340851
924326
14995
679372
135583
293313
405266
21418
60466
444823
635787
611497
494532
397798
387312
145904
573592
315081
75783
219934
97037
24290
91195
516623
1170
65442
531254
122760
723087
86977
44453
168661
97782
727772
10675
175596
170771
106045
135551
249860
412437
245059
313970
26158
54964
432521
234470
178488
471788
593568
402680
256691
88983
166720
426881
288508
130376
55616
96934
315615
134821
11034
225094
481858
13921
808311
12911
119667
57884
698505
124517
12735
86798
7491
717908
17755
192958
66354
358784
41505
480908
437828
94102
484348
187612
395938
609873
46009
339714
43401
592127
579407
675166
24422
925888
52219
256021
1217
515524
204315
92767
191974
60406
467911
300829
119489
425673
209020
493115
7577
184838
624152
41124
985933
34016
282911
108336
696864
702358
195792
497090
260800
354008
17271
235772
2704
81049
246001
338471
35262
35414
236782
96504
85523
423660
15394
622766
224323
512862
5003
104798
301311
136139
7771
554530
12990
25733
661413
1067
369964
473349
151674
120759
216076
430864
102912
389104
179576
295149
296108
82753
257488
691213
584538
163786
46508
929
292446
703276
72353
860483
903652
378546
3962
1027
16487
805220
579810
81016
22806
202241
235167
449499
530185
2037
33951
151092
585942
343870
470840
432423
382271
48468
61914
162866
414655
238633
71912
51589
16747
938364
601342
764940
650377
213508
43374
279548
212006
672773
40964
899269
584013
429028
37452
30416
207868
278042
39229
356304
150072
194138
75072
338739
92647
255139
530216
35071
96248
176405
206985
102439
271086
8263
169599
269735
213960
80402
234827
52190
38047
103861
44112
308178
13526
104028
325463
138538
335867
906280
748066
84463
325795
103826
46970
13955
136362
688187
178684
559829
252846
204834
105770
215201
769368
605382
368290
448719
415804
2337
128561
46042
207551
1160
486529
269844
366907
240043
190051
143074
215118
624489
122700
7326
496702
206402
443089
4536
291084
10688
407811
698487
128229
738115
430058
279786
9308
3503
240135
418384
18997
452854
246019
124048
30817
14962
152139
155200
433648
223509
444459
143812
323222
150055
63544
417862
92565
289837
44001
159227
2131
145339
665531
222228
171777
239317
228114
460945
238730
37033
128538
3185
62965
483946
433200
46645
423793
43917
697668
155086
277375
107973
761717
272508
67849
130735
27685
583150
131230
166389
727064
180467
73340
41586
600150
373840
35614
567642
133600
440903
377610
77795
7260
7491
108874
81579
353102
288944
135718
28076
225513
389788
133526
32220
43099
235537
49350
198683
30422
46880
229309
362240
569492
202074
71817
221311
178300
72009
441666
28453
377486
216724
222526
41057
302085
224806
279472
586199
1685
892628
521587
133880
21968
212351
105710
29546
89760
220239
753055
176774
204061
19845
318021
277971
18590
1073
19766
514044
534916
160996
796125
190233
444056
363591
28885
166426
235127
808026
345249
60947
322083
389617
729708
338455
549639
58642
185439
146659
174518
442511
721625
459319
113732
183912
301783
123249
665915
64220
286198
48403
598352
221407
742955
92540
158112
576247
156728
717
74230
3663
87560
304130
439539
122277
167895
532253
55241
254264
220863
12805
224896
940576
16372
703653
609162
166495
19826
453167
198449
28343
313624
340240
80825
250151
65536
5285
147420
236253
6171
154732
60341
317041
686965
70411
166199
60471
216384
175646
16554
140438
203517
366550
297495
60805
280714
251967
335425
54086
221539
469237
249973
46317
364967
32050
120075
81567
510243
266177
33882
163319
109374
143899
429079
29113
326278
509526
427632
45843
9922
30992
89749
172258
80727
338940
260774
916130
126743
390126
308520
937849
343633
594416
86567
70911
250829
154892
154125
641106
861923
129597
87831
328614
32964
203489
814860
468960
49844
103416
194900
241867
181460
704944
278371
496529
439105
265571
131444
276063
153220
252986
252072
119403
105663
195715
941864
203572
509339
126239
70990
244105
172526
173625
31102
549136
520401
357744
218533
8355
50222
80869
514888
703872
317485
415628
53537
213420
88451
3607
105688
900898
46482
108201
120494
537089
600115
606205
12295
425115
11932
722805
13898
152390
529696
280578
2730
16646
9787
186168
33891
299192
2483
121918
678499
731912
491508
747689
369923
151916
254787
300503
16995
15339
435508
81965
8687
148353
143012
8691
271750
5384
193002
86336
249034
427120
302784
412655
10705
360459
56055
450892
267575
159354
367000
48048
47452
341293
308195
63474
65090
172569
468571
127979
287293
87854
109531
600205
224085
113434
48585
320287
132929
762035
499328
291200
71183
119412
6994
233629
11029
126252
38830
250786
379683
787128
493439
573635
386424
47175
38261
173090
582075
41002
48278
183514
191775
37344
172186
142010
139344
23915
32263
397147
105651
279208
38803
180852
34747
17914
75560
37505
216218
130027
215544
47221
390258
25529
310582
19270
14680
446628
11517
155466
48610
522423
45510
235083
99585
438897
15427
509155
225968
88865
499914
131544
2315
274666
598373
238474
75510
389028
55694
63057
587010
482025
60886
111765
377336
302660
270833
113363
242082
69131
9025
929920
353628
352999
114375
847024
225310
160808
691134
352997
204880
245014
258091
445302
163684
129078
555863
505602
103909
378054
518219
705067
663594
328254
22929
398457
532984
250824
14887
31948
250540
28111
292559
73728
566296
13720
58645
704045
306365
470511
3915
280352
213
127138
444726
218443
330045
57148
21381
486448
330904
68980
56432
137719
105462
30648
416908
8711
37244
100677
48874
288707
25375
603007
295548
417706
633057
39375
19211
137013
68943
873645
448043
127520
78474
144197
654362
141768
295282
96332
417001
30660
304668
526893
310025
103299
110689
137168
641792
61654
26413
36968
274100
60390
21618
64647
182423
130665
708284
184370
5876
534196
86221
103663
135239
583396
341543
611697
224638
154562
271164
373805
3127
105566
35597
94456
13751
158343
364891
5847
80240
11767
187373
379891
17016
83303
36827
183062
424059
534896
72550
72946
157944
50322
38338
318202
263453
423221
709882
470229
79553
140934
677131
174134
36172
463900
164638
98093
161237
93822
201413
147487
167440
673429
164721
292444
192165
75847
336577
115781
297164
102847
343751
347471
179118
123286
232023
9249
35472
774611
84211
87465
2873
418579
592146
226811
160744
781447
92859
67968
40736
44365
376167
286665
447485
259021
236113
73953
630320
76643
15530
200743
249079
699521
378054
79025
271901
14781
365217
31234
16488
308411
287954
45782
409017
74777
250941
73440
58347
11314
555856
714476
532384
275
162541
286846
99726
205764
180465
182371
362265
12799
354999
16787
97215
212201
105529
44303
116201
86429
671162
1105
837
43840
569563
35093
504798
165931
14818
464137
649397
490969
99805
372583
264755
172444
90647
37492
3845
564998
412788
504876
494824
27151
423307
251077
289463
254094
332872
44325
591058
108613
235420
1569
489326
744228
42423
107065
725360
542185
302817
9695
391129
66658
33715
239733
553895
62699
37516
6831
467793
25449
175304
282559
477604
33291
145994
78967
310054
10352
554488
90979
68638
229570
690754
104842
166437
20666
193117
174329
415134
108017
151149
766628
344065
568112
241114
502419
93740
400326
134813
944994
115361
143380
58267
102831
81716
8010
934299
2753
828175
371397
231868
124252
11318
572887
128956
683776
235729
307053
346226
261283
364935
3533
17528
43541
396978
27315
194842
29438
16245
285972
386895
75202
148368
85298
795843
81306
50553
830088
327614
9333
626353
2899
136474
642931
415445
9215
169294
639954
415056
87560
215284
68110
264122
104980
165312
6325
116982
44073
22837
508630
382951
297739
16970
28119
78355
122094
6041
152250
578324
207717
463409
556878
241345
232587
187464
150745
274126
239651
37343
242350
119349
603719
29872
39389
3138
55081
253873
287733
39463
752651
191055
172481
1365
236780
687067
177512
282244
285229
137063
540343
137372
612966
345370
645072
399821
23282
467807
434557
551490
141254
74702
442856
53301
123949
123806
124045
595637
137013
88143
336427
31087
67489
154102
26260
453550
531356
10143
57325
216911
113220
428103
1019
116290
257383
623771
533180
365202
234156
849008
276828
55945
121968
335825
27995
332396
293361
50911
96356
512042
326616
930897
251408
79944
633123
427783
714700
634082
256314
526966
46673
113740
107487
527485
39647
906892
3189
232481
20117
2276
341651
124824
374509
394438
1272
31416
185745
23400
725051
135116
200546
79767
28507
213200
103957
255006
12440
172615
105132
682989
66880
424359
170440
61970
144873
21648
122905
451339
82163
139859
560935
29663
183280
176075
81419
18142
11669
518106
200798
810631
7233
274823
39322
273096
96318
1328
188106
142489
18100
126669
27093
139318
97449
382959
259800
18712
80350
679853
260785
399664
418738
388715
383896
218956
558968
733386
322579
344171
32431
35008
63378
127344
211818
27493
523570
141973
403387
605567
300295
437816
264397
866931
395193
2522
603040
191511
589717
156078
292815
59812
246388
545284
167710
57171
194085
385591
218400
20302
86085
456446
426206
228453
50819
11339
30717
71582
318803
68666
311469
55174
13341
25266
12727
390100
332684
44159
358818
340415
346706
306376
47843
693816
122499
75373
440494
251161
157539
169852
865709
92900
35939
265919
10312
529794
48361
164958
220360
101474
168935
278770
90873
445746
45215
5120
711526
746449
132795
640031
418563
163290
122572
232550
155367
38657
70042
185476
229380
581869
101281
41083
162560
461767
238531
358298
628388
575230
4445
198792
51108
96436
146588
119635
3911
101334
67819
683298
218664
239175
191088
9785
68918
16081
271919
12255
112757
286825
745991
162645
578376
537497
658207
105260
74645
1907
291901
407257
68651
185803
603913
209965
282212
23721
362872
21401
224274
139987
254444
345802
376104
35849
52147
574684
432773
688376
112574
134560
328607
203975
469345
42573
200067
92211
63276
232209
122945
5927
618297
199994
411752
444098
12580
18160
13577
528442
33176
189314
11264
40830
419452
234156
41330
336408
210971
14670
211311
591972
125360
12954
451820
440349
70149
47688
7247
420142
539309
567307
9815
147355
904344
105504
268247
288477
128582
195748
112607
437823
5456
323688
308778
387133
13566
87799
349716
508290
105618
370409
595694
243312
298242
745159
2994
134708
503661
268850
160003
230763
54776
52442
151793
30315
160747
426063
103027
425968
690561
164620
57592
23682
30034
11050
67721
95088
123623
4562
103165
194285
447344
306545
199652
41204
224529
280273
75734
249875
379172
346711
318685
129809
554525
96031
753016
389800
24485
57483
730061
26024
688506
248467
643
292445
605291
193217
386954
890766
6036
27897
118539
112721
329952
1372
522896
112306
689448
659962
342688
18851
621621
25820
292269
51262
31594
155738
317117
619940
4255
493597
878783
33886
512492
32200
390958
384058
131256
241574
296113
59945
199341
474656
112115
154694
656457
331264
316936
598785
648751
35871
154591
603673
254802
102669
267598
374185
232714
85536
29687
821829
140514
484660
135423
529239
35751
29209
53792
23269
143112
43762
6257
68359
148250
346
84517
115039
87813
535992
93831
4905
375077
193306
26164
218123
235273
670351
455633
110842
376592
55176
24777
125778
130644
313281
376852
413775
73858
204746
146097
110598
340225
664276
194369
55014
512383
677090
6898
291293
20219
8879
108418
109493
228971
178613
285417
181479
489498
196263
114993
360103
81843
392657
432597
197036
390198
123897
57817
333620
387273
402809
197711
120482
47428
23776
50686
259354
3852
124961
447207
151687
299552
47768
68785
258683
287148
244974
301405
52806
2305
116309
163601
365229
635271
34243
351469
111773
99974
303342
141573
552983
68497
29528
89292
485169
22929
34106
253070
165246
353444
134731
116488
68376
79467
302864
223035
7803
468490
351799
160339
118290
725160
321306
429717
418902
520876
65090
633103
8739
403105
303626
20767
186150
422320
81127
119695
31392
215619
10854
571110
186942
435018
114316
113495
179520
141027
142790
32475
117970
360525
242771
50037
1346
103934
43825
790287
18681
727852
64526
1736
124960
211083
464878
17617
355875
385432
3424
99543
110061
4841
393077
369857
69222
270962
48883
93588
145204
125107
594461
639489
99370
590744
234933
277651
333617
519237
9188
84049
212703
741214
702316
601239
399836
268992
20667
129273
145800
139122
10197
283747
368290
6089
2516
466678
205301
108598
130852
118202
166094
169600
528462
211738
168732
98113
910273
300008
453720
849383
315874
152511
3972
125828
446162
121012
14120
235880
347888
58150
124891
287241
509033
119021
119670
68622
570894
507016
97310
328865
32483
125304
405841
48934
310149
316334
23209
76514
412315
167722
244013
338502
159159
360586
49612
128460
634408
192579
440031
79638
77465
159806
112465
562950
197637
259004
219080
55182
153139
129901
277519
68615
230751
350433
496637
7799
68335
236386
4275
153793
191600
133454
288762
128631
915996
157270
549766
44943
118440
57306
9091
603797
156549
46482
56170
166781
7604
91761
509021
646708
803502
267459
567069
100356
16250
131859
12724
229702
215637
24064
357306
517830
225677
27130
212252
228788
66765
209005
585351
299669
4550
726036
100191
146783
424823
687525
177809
676313
578606
303463
81571
26489
430330
154005
24496
685001
46
40229
376572
125951
178505
196952
226260
223299
2701
370787
255484
98271
131656
589917
128799
83161
529942
69022
434322
301795
380465
720423
267645
181527
369099
249173
64513
75961
37428
227356
400896
271911
331755
27734
3683
109567
202990
82556
622094
24480
17512
466574
66062
28382
131000
31463
623499
487084
95998
836
219954
243485
105611
27152
112275
244481
349948
202025
140356
205072
82408
128985
787721
133524
541486
215986
127371
321581
23015
80077
395937
138662
495749
247870
43542
95629
84959
295279
213328
442384
378799
58851
521667
177302
267054
34261
177782
932
136836
102351
140283
680259
233581
4015
307332
348697
387174
407188
351350
648075
774999
294833
143345
33108
634107
360098
53676
639286
116068
713858
211638
48470
128460
939958
314489
39719
269919
317949
119106
708713
530470
123965
367656
249893
238381
41576
249242
20736
833991
37574
20893
286096
335715
158871
124014
358822
79491
147789
247778
48172
35054
292086
70968
515787
422877
81703
232012
209749
95592
452691
877453
28232
771002
258937
504511
8677
295619
190799
75558
840021
243256
527503
588
669605
132945
36779
108538
36642
25225
560462
46141
13802
102514
77538
133120
364095
865551
4614
55166
85489
340433
47216
258845
52577
238545
45192
696597
71145
178572
296646
41218
1792
44886
31267
16041
602133
52865
492372
609031
84686
283610
505285
215883
638647
4945
310241
13893
110590
101356
470863
634945
594801
2099
212129
47696
220101
196362
517036
217543
341161
208623
619204
8003
280311
2795
185931
185203
55392
107020
149636
38300
699056
152528
603152
206037
144653
190009
113289
219022
179397
38604
22377
152752
288865
25961
140833
123418
248412
680774
211376
142965
437664
731643
199878
248204
351439
53256
263595
103774
16986
504700
321173
886448
162530
76004
515921
44125
80236
278858
125271
182404
660072
789304
4277
402674
161392
77
178473
64098
15544
766856
7160
24805
64275
16182
222668
129878
350960
468639
269003
755713
318488
193639
360778
203536
65496
2658
121135
150912
61170
25870
13761
95016
201611
265426
300483
89882
237955
40545
941238
252766
122408
132508
15258
416718
456122
646272
248350
117720
738053
19708
26635
192649
685658
78178
311123
10711
4545
621712
37039
125552
106521
178246
385991
235719
264607
144846
703605
317481
85381
765765
325297
262591
122559
110722
421355
32917
16077
122817
763498
188689
250940
515879
249971
317064
284809
583909
38820
219005
357850
51578
50209
208902
167377
285401
46737
2311
494412
365017
716778
333598
447988
89781
174397
282479
508463
133905
71492
441162
2232
26927
171680
37798
207247
125943
475416
127018
335109
9022
624723
470826
145609
380211
85363
39554
202350
76717
34334
95940
574217
256331
684882
933179
362471
510447
134254
111135
8079
13678
165409
255242
357892
264270
11526
476653
75101
45609
130442
287541
91866
466420
79517
97680
230172
54007
53466
52208
227250
177850
99868
54187
487548
209458
135931
100301
22722
19421
78404
775585
245518
257251
3304
35862
80188
28798
61623
408056
761729
69666
188359
60546
228739
87625
741850
233638
263244
676203
754024
97372
42577
87932
177106
2247
354503
654668
729182
637373
562917
22978
355367
49848
748671
502897
433338
393953
176701
267133
939903
630089
96726
161102
161217
170246
300511
91950
449248
58603
41283
479680
112527
685888
779855
332645
548010
129776
56897
183550
65221
16795
162124
129089
21492
34555
10130
28520
735874
219453
244337
243120
643853
4123
323718
285955
124395
47088
272700
308287
9914
61564
54412
723801
7180
601424
11119
352064
554784
114288
546105
590710
193265
231404
109672
21073
64865
5169
176230
169515
26360
654
120505
227127
173445
27365
52400
814056
373297
212746
563470
172857
555993
559430
225725
570964
349761
571070
375723
3342
464370
148668
205339
218643
268821
1989
14217
342216
363268
39788
124110
123026
848181
266602
428280
106339
4352
92796
306398
615622
79661
80461
554413
563167
145670
8345
284427
197565
558450
293603
49291
3781
303993
55359
220090
576503
23227
540956
5539
134470
579
9379
348324
211160
230945
345485
316046
41264
234828
513996
3916
468190
383637
184934
3107
86763
456482
528901
341951
582177
266195
71468
177894
582388
23863
29903
376844
188015
1168
57133
36959
433112
22245
305607
90321
149345
257796
304366
310052
184469
177271
312477
926204
39711
25976
426346
488219
217782
65300
11784
363543
5562
172161
566127
52301
41733
264401
83248
309987
84555
66141
151828
735038
398160
294253
6821
107805
225642
231449
7080
113212
474259
35192
43807
17430
458103
189386
398504
3207
95463
120403
91793
162040
65327
72685
332866
342243
212562
293129
415659
573108
33156
51077
262747
509906
151239
164563
419898
205039
102762
618261
352267
19348
226384
545229
275867
156908
114963
359560
152727
90006
20870
281180
265280
55756
42351
257218
67879
111003
707276
373576
8128
112650
634177
312320
351372
733211
83824
278601
521016
110903
437515
99565
408067
627482
793117
477697
615200
158293
583723
574541
839989
300050
469795
121746
102430
366884
360418
243372
79194
34482
432357
92744
109596
242054
283843
105686
23424
174677
111345
396548
162457
116508
474838
129948
181681
33455
145798
230047
397038
7134
114164
439596
18812
72534
259874
960698
429004
515516
385269
458727
195592
772181
7644
178651
107927
397519
163860
502500
28355
281564
69563
136848
215910
798562
481626
400327
97410
552589
269883
765900
230981
71019
124858
91236
171605
393299
95007
77673
616959
82816
252906
573564
429170
12643
387887
408391
61923
45014
549218
859220
233197
191893
48326
58881
658390
11285
475084
378546
148038
344571
12519
72171
473432
487152
280239
430323
110238
178565
403411
40141
46293
31569
46986
206
9278
10445
98012
391884
189469
329456
533279
668464
189537
61001
538171
159263
116649
267622
88742
276871
216709
45408
732035
5950
82213
502237
233334
137185
75995
306050
516519
286145
873633
173231
609561
103969
545225
119029
80313
391628
16504
171299
236
141730
782833
570682
405875
526853
483141
540820
279978
197701
95613
8643
308773
104762
7337
366048
142376
425971
616877
134653
27734
546302
24784
523647
94216
4701
183420
522925
345551
312954
454194
37066
205571
51022
251149
85395
350264
145827
547234
281072
167625
563308
249220
429376
55335
56787
178618
72156
351380
422
323963
184594
761011
46134
3594
172034
61798
56784
394076
448879
286719
82295
199829
141466
875554
79308
424487
382659
530445
258892
211925
509911
232313
105587
301710
300341
17604
389257
191198
330555
284053
550956
1124
177704
116975
900759
130416
16048
284
643724
211918
51496
126861
274110
364364
255395
915902
494310
900386
478101
41271
285778
538509
46847
312321
34147
81078
176496
133575
365848
315490
99743
409504
20060
915976
235957
85067
83926
78783
527660
2336
418835
353429
272187
122307
92079
404118
42813
150947
82380
694253
168748
12642
1547
441903
143333
86183
293372
76563
120494
109115
232211
74291
286493
248202
718874
93654
75685
99340
256715
65963
32412
141878
294300
270350
191854
82818
85140
68020
310669
17113
554893
92979
69870
324749
83770
147670
300277
21593
90035
83182
308839
230819
15252
120703
170133
534027
472746
632753
125233
196821
86979
660100
345190
35102
547850
778624
92077
90723
332816
253090
217185
800298
615372
256138
217302
635921
901765
456592
353888
15338
212287
56751
55433
172065
868617
84087
293976
736588
372933
247701
32549
302862
203711
408639
452419
89567
124431
673939
157067
367842
50476
498349
153224
99000
127422
110394
311439
278084
594910
774104
188075
124653
48168
111785
57787
77079
234381
433831
500339
157194
273268
180127
5559
843844
1180
35383
373658
43547
315671
31639
323482
371600
42535
3988
593164
564901
52495
52689
2501
228754
33692
118131
245793
12888
21201
47747
69842
953980
209077
330619
773470
441541
38402
97771
70726
369016
494467
128220
248933
51283
115249
454819
204962
87845
166936
711917
254773
427514
241990
511725
59981
731929
257085
441054
96109
391623
89361
9969
667174
401442
620049
118200
380830
336137
198605
269124
446005
674867
295908
10441
344312
284686
160769
19244
286019
256338
417919
362176
35949
17976
201180
46097
299817
53368
711140
394568
361214
144615
66376
511466
493151
649510
124341
131620
52195
393191
386073
574198
3012
84074
227662
301115
489275
866456
262682
120469
267755
804345
312491
878212
195784
844361
74883
86091
106886
27723
667953
154406
214046
337574
516801
34973
46100
132345
457955
37614
16534
456185
373286
90869
2494
831927
21301
100024
251225
653627
489320
118449
594139
264082
653296
137994
253526
53423
136309
474489
130951
196575
487491
305605
162141
79094
51085
300406
173444
437675
21522
50586
408
461260
6666
22481
139812
673694
461073
188663
342272
57270
382087
224964
285102
40141
76
314677
497261
8789
582969
206949
372212
54017
202407
671048
49831
39725
671881
10683
61715
820246
78196
251058
315574
499744
202704
20337
422571
529080
57413
866480
23238
209086
43518
452518
251339
7610
158099
258551
69821
386077
325721
17842
237007
529458
550524
29571
39991
164992
99747
145262
27974
124112
116015
12016
458254
835618
550931
882629
297463
314510
501073
128130
89600
174873
96200
62987
191860
77551
352562
110683
36424
247637
146801
69087
353724
66418
291678
5699
74932
271244
174554
128783
37740
535181
23223
275618
396844
449116
272380
14597
321577
148725
383589
269034
9891
404146
610091
983096
118135
37007
28515
631055
152380
99143
57437
734912
156544
38106
28970
512180
497784
259621
19517
253301
289118
12467
240621
261581
194125
328564
73759
45816
94927
270064
666445
385921
424757
4622
239993
593714
19175
3942
156721
349431
462930
11142
799911
358656
852125
676155
575414
204451
7272
401530
204237
102723
20099
88879
357301
258635
139929
464587
150164
17172
546848
49170
159990
51902
282872
418055
24492
310933
560303
380028
260377
577700
20051
103753
82136
309686
267524
8147
34601
23995
28675
145305
100256
81905
105576
101392
454225
349848
131326
70825
249142
191652
5564
25728
484275
128983
203732
852868
563793
185113
9655
81572
129875
431357
186626
393720
310212
164259
388418
261952
538162
445687
9832
227344
223944
117808
133969
35979
583515
539295
364396
477608
280336
304765
140271
254706
370835
720218
122401
2630
505572
577647
208050
253856
316904
731
58834
315801
204429
151672
270648
200664
616574
56936
107623
243002
19610
16794
817973
465966
19505
52718
630231
49365
93622
264539
409225
670075
694341
149393
105539
361290
227545
26755
179316
704725
96924
28185
78466
406367
46130
14048
15713
329148
57903
802414
138067
121939
505931
145935
128812
296838
104237
244245
404845
120448
719955
344773
595657
77312
449093
37533
127939
84683
272219
128563
214707
706000
53494
596672
595126
559027
433219
178942
8123
493608
217502
70390
328855
598886
538083
389858
67804
255755
240068
184894
767579
58679
794132
594249
25676
62745
156143
12103
660448
121047
95465
246542
4312
17706
34901
144731
106770
25871
86231
62894
304074
564200
44503
72
321963
139726
33140
837631
162486
127895
498708
176715
340604
29055
156957
244911
448205
511600
244009
61432
840044
28261
2858
102451
9101
218977
163179
413262
59054
76058
1607
201077
383723
295337
52633
140539
212520
480174
95691
14706
538727
226034
38761
632885
483892
261989
31530
367229
130316
375751
43471
15960
299594
282484
526012
1103
158380
423421
17658
649169
620607
233513
623409
149467
70375
223485
87128
67461
475906
358301
574538
476470
215809
306862
101374
304633
132571
613119
23333
261844
340549
786181
262369
5392
419853
751729
48385
319850
22877
130307
70752
272796
75209
33377
1805
453307
15953
16664
676228
300132
92149
718755
39372
265840
397650
709860
166103
123080
77666
486932
61207
95125
330607
57325
148925
266341
117558
736590
25283
116987
693875
606003
137457
465880
2374
196793
150764
504504
452640
7881
309875
627898
241559
68037
482209
774785
50344
33611
43422
178485
258180
741969
196031
269018
704265
393660
465596
378055
834932
395686
265360
387692
11643
160326
4374
221627
21213
633769
851849
182935
16507
747901
369954
254951
707930
683225
274751
297442
381285
214302
325215
228975
678920
373617
577242
2175
352027
538229
14856
120786
53166
525775
526757
13495
13020
673506
373916
167709
372018
95776
186438
320875
468266
17569
634425
263786
475038
18749
448434
9369
85148
155963
3988
158947
476722
482193
488630
454542
408882
116841
46902
760270
62448
180225
410242
193256
482504
711195
467551
443459
25804
60372
2562
399805
31823
272928
609
427974
271110
424416
23083
268580
267653
97886
137872
18298
93751
151848
512092
94306
268974
61037
83742
462460
302147
927170
382814
578621
126818
480745
823158
93826
297622
14661
929823
206455
292748
164983
71761
212043
580522
13869
162226
46392
14746
240334
257636
213448
573935
969655
64357
170035
40608
187411
72717
369009
7332
30016
21199
63552
303549
259000
603580
240060
365701
394609
59910
75976
98590
772346
282871
227027
71087
191145
177312
360753
123492
550574
66531
413052
65304
212825
316592
323151
26280
75646
146453
599987
607983
16570
175092
361367
38906
409657
586099
502232
230330
335629
285857
91103
565461
30662
292392
138276
617122
48898
313163
763544
165625
308560
504155
302570
2394
175926
83012
125644
768675
364955
40870
262389
12657
307060
691678
374211
10808
69357
236262
147600
78290
94282
479297
462
266467
596488
136022
96075
25729
5622
48039
403254
35028
244846
612882
13093
100944
700103
144197
740290
206662
464721
117967
142977
482037
193667
402412
546981
88406
368103
120516
460736
104703
167090
85931
683428
56763
114858
155218
3776
176527
27525
149899
442539
387990
521347
575995
108593
12944
225978
386932
613985
414011
76607
32315
112355
301155
115890
542571
643805
39093
404603
25322
444398
200270
283307
676473
621105
25717
12043
11170
93044
1750
856441
92507
174934
12635
182822
722679
848941
55911
419402
143917
439032
437192
35799
18112
66880
20929
444093
590751
285076
187063
20863
42954
179749
36242
389526
597986
514528
186032
241793
81434
295112
395927
90325
506571
258396
105590
473732
39331
373711
86811
498597
92912
66732
184840
857374
11714
225666
59930
46585
524498
152126
175385
277989
59431
115359
291614
68286
587910
112574
459095
286866
166056
106724
23966
161791
21778
71138
206934
331457
96101
433748
227747
201124
59497
116706
602925
521198
236604
285596
236082
1215
385008
77428
258546
47330
176209
476173
298968
931597
53909
439768
126417
750050
135160
56599
210333
513356
325574
147528
2859
236278
181913
122061
5500
508507
7904
390151
538513
27596
220676
65401
195885
335941
7028
236013
310114
373084
34828
42738
322487
361216
178450
118425
305539
244020
495568
624333
902054
38001
8564
274707
77482
247032
287038
66974
7951
241074
60455
315897
896432
20960
127891
524968
282441
5181
4733
405343
243761
205607
21281
301857
577187
207422
539362
119166
14325
314495
27236
116645
16415
19937
12508
57491
547391
113293
401135
430941
140797
27249
143824
134877
208333
435167
461828
21315
217862
933463
783359
736970
49605
663
505974
426215
354520
297564
25984
37863
49325
60790
19595
219762
5728
96775
97309
690188
151596
499144
12024
259943
185641
644657
19590
655108
81014
41507
38936
53932
630729
588233
76457
469557
20417
137981
167208
74371
1897
788
457285
8376
162755
44490
544168
416364
107154
155836
488
145416
33732
105414
53420
21447
570874
148437
523429
22721
513730
112893
808227
467952
532452
23634
127428
345427
250349
217581
73325
474592
48480
126058
27306
462215
185523
35898
229648
487359
71881
534662
259076
69153
325295
334997
283308
67017
32566
6722
276740
124268
630425
581836
838153
21387
10617
535188
30393
628375
15057
311159
5358
116216
373029
41906
345631
14996
179111
28055
321457
213557
5448
36232
35787
24446
198750
249312
86109
409751
532316
352201
153738
7336
14368
212191
244670
257147
180068
426177
168848
41503
226909
47880
1949
778391
114254
620667
29237
117756
101635
236518
42964
403188
208356
270287
263619
637469
389835
148876
92476
181351
813500
533525
583736
100254
721570
188222
444082
26996
92718
874314
144402
22763
317430
177040
788801
104592
349982
12109
197216
400417
6646
7774
322439
145603
741362
142661
653595
452082
185398
517453
307410
504832
91941
136424
430006
63429
79278
488341
156188
242423
427338
352188
64977
759637
252367
597806
974505
534467
92758
364941
381105
112119
366538
38057
127151
184655
81381
133350
121645
643727
242910
212192
166227
639020
142045
610038
32347
58184
420308
136259
129580
141028
1391
379811
386057
658438
675296
18736
143996
41656
84631
853888
252826
36359
237008
250525
18843
108153
11169
39360
782672
402919
61784
42218
62633
29599
34763
417690
250083
436402
202252
205579
197279
146951
126510
324681
217607
182849
558241
26308
92407
248258
82817
149919
107454
308963
236550
132380
30020
34892
809711
58451
343144
476162
100854
108499
194027
219124
607572
198471
78708
433316
440251
106989
66377
400846
60636
68067
44258
351138
294151
34707
330742
163113
244284
75037
361275
255990
245407
167445
147340
4206
364584
333300
337273
384132
299334
197859
8025
695546
2716
334642
54489
172658
629632
260456
653673
16061
11174
108636
478147
148526
33822
393294
58358
263371
63382
207167
121108
166176
123467
36009
240471
438907
450969
451126
543924
243389
400442
304662
153792
76059
177100
543312
567199
577812
19076
9623
76057
185231
302130
103039
429695
490856
248290
302120
1471
393873
453375
454341
14591
238066
247743
181201
64045
546080
320774
837373
41179
9377
48951
291772
78936
64747
209237
33879
98109
776721
909133
88725
89575
88222
85348
168435
673027
58948
217893
301232
53237
34858
89766
527
4988
484297
175862
301843
816009
578422
173934
86367
9944
151515
450498
670543
194675
273133
79463
420447
195712
424657
201498
175995
569470
30202
229630
238669
369641
739758
70015
21627
107443
94102
148386
455576
585975
785651
472654
59953
671054
15241
176670
17053
506629
120382
131653
200522
171583
210091
281953
319545
156584
490919
52985
675658
325471
434910
55473
22304
412808
449690
684998
253681
430948
172089
14218
158998
4358
178831
99676
873553
104950
392993
772721
151420
507218
252450
55695
25483
41867
52198
96861
24397
213759
433006
190420
545312
25768
483723
109176
506193
31067
608632
133133
70822
247816
731499
21989
138698
79448
52274
102648
100593
247638
45772
437645
211647
392367
66580
78550
387137
43466
885414
1657
235941
238912
272561
112467
265783
222129
451689
646770
931
118965
294165
247727
38671
455664
55228
34206
227332
723557
311766
412693
557174
19212
5467
245922
251967
732808
195571
402036
242960
10420
148919
200272
207978
628
139608
53955
138112
185688
153186
207966
299458
60965
110562
787200
3110
119023
361672
377536
98623
259975
453078
307692
4177
159475
70845
120137
443703
549507
119617
228083
115827
31131
138482
125552
42471
170395
17220
29329
52297
134881
37068
323900
245817
292153
327401
237958
569296
134460
300109
443945
468093
772559
443781
3380
19386
355116
36624
158304
526075
431285
707847
438371
162076
143253
285883
132477
15475
137628
32323
26446
215617
142015
373168
407162
190352
88994
125503
414607
94694
89690
21964
87709
595141
40712
395015
201228
174170
382306
236181
216511
630332
395953
12250
675529
347552
37544
99891
131396
458128
122956
33393
292353
23754
430105
425079
161332
357639
47612
7009
115413
339539
473831
365934
185127
276441
210098
269028
41476
783465
338856
85831
931769
75135
253423
17727
372077
170367
296035
573348
625009
81034
7795
72689
205098
292342
815360
11076
257704
402104
100962
5689
62698
267528
220781
97992
42957
207770
25676
767643
915184
289527
600441
117
225938
199412
471563
436944
159172
72885
337174
37973
77571
133200
362491
56949
391242
439740
250907
323
2065
183320
137086
510319
621290
311987
9020
166350
124908
225523
509171
46864
165937
524287
323830
42092
212485
13359
478469
774018
375910
1203
72538
238504
6486
452686
136252
48461
366982
75337
544183
567466
74576
542060
690721
828806
33777
392568
20514
2043
174698
577751
348391
177048
617351
676345
172119
82606
238238
330660
303607
109484
175835
84690
525712
78532
6682
60756
21613
283613
408313
76469
32583
312166
111237
734676
475147
4238
144387
294856
46317
20177
46445
207037
437200
106502
54583
435551
162960
275790
424104
62961
30112
78348
259677
159330
66956
476216
661773
132961
437831
477586
32864
28323
77784
161157
357394
265427
235835
51563
123734
728585
77606
222222
285057
50145
120705
27754
34399
210119
125002
42428
82937
83870
81248
156224
113186
451520
76617
160837
77604
590121
121947
178361
40218
670789
9636
32505
691218
429239
215056
258288
3686
97053
449319
543448
227998
25438
49321
103981
320087
81655
636049
2584
682160
203714
462932
347111
356092
47349
23126
238113
850044
195123
466840
112713
936497
288
164736
485473
88515
18393
413725
218547
72519
567990
623232
11047
451217
144918
384743
58738
165319
7481
977751
46866
108107
294474
776059
13526
16884
20400
250335
832211
849361
347405
156948
840733
30161
149326
308645
264289
191796
239570
485662
75039
253636
394273
2129
632209
95900
272931
13029
676799
297480
520794
234773
81716
314595
95982
265574
84497
21518
546269
200092
11426
335062
316110
67712
234529
630411
175201
437859
489899
643159
813531
616862
552675
899276
341960
2566
13483
66373
209182
169216
6969
88438
8641
1447
173459
266286
56833
27057
19049
38485
79847
1394
147140
496504
367382
10152
38730
410850
77069
172899
59515
144112
199270
556734
158917
6909
267862
76405
171180
234899
301100
304925
2329
623270
308521
248518
34206
67035
16899
82310
3337
118936
143004
362453
368469
214753
139986
505776
243751
13537
231403
288021
122090
23163
405132
454364
237836
373220
257654
409712
639158
157265
155703
467604
303771
94551
279025
64528
12231
523038
633769
35034
190647
6763
103744
172825
201744
154745
152761
51136
50569
640879
121831
625372
167386
45830
513510
450662
74663
38996
375417
252108
363312
403139
185354
248879
38888
519543
384720
4124
80448
421574
75387
927032
45455
6161
137641
230166
519935
98072
412462
58519
447221
253395
56464
90520
149464
15811
120035
23127
147036
450357
88915
142611
710624
11488
518332
201615
179438
657229
388705
214828
318893
95424
365454
676242
97177
560756
580196
254418
26027
126541
406141
12254
39279
572502
256291
348662
52738
246077
308332
57206
327732
470134
61466
184784
161054
166639
201232
160004
190485
130050
609938
206577
434840
164676
286492
131167
744479
882024
111369
628171
17017
193749
286667
91238
308876
259594
104200
521777
63485
114994
653505
474497
73099
5301
388414
40818
192163
4548
122478
105155
261289
22503
450403
190319
92671
223193
24557
41404
89156
719734
238611
497147
483454
45286
314841
76980
25877
154689
124
25309
3983
40920
2159
402730
25035
79537
85013
340698
55261
239717
421971
84734
58104
14495
35042
29838
776710
114301
321119
90230
243632
168551
83782
427244
321983
18916
11041
218348
237801
45588
136862
3220
20555
6235
652326
104752
100645
125799
121496
183456
146898
22946
15901
77144
327786
472889
90994
36796
697849
182082
23672
169834
541086
47505
14920
410169
561566
808496
37169
89412
46432
343095
715303
459904
152308
299364
580132
11470
696865
351204
351537
532550
122856
27021
520732
541435
272284
157440
337550
747252
302613
152557
47145
521606
273969
37830
598574
255074
134438
425348
114680
101234
704817
9899
83122
45980
81587
352365
69095
73402
20371
46791
401483
227661
5060
68027
98351
722598
497541
110612
37103
42724
308290
229379
742705
243526
10341
29024
35917
277951
422100
45966
427144
142352
158401
253421
10228
41562
436691
43579
16193
500354
17633
267906
391615
131234
112453
516055
85819
288585
42286
266223
365531
10473
140215
349278
490967
762800
345662
84886
265
59320
363443
2493
257908
333458
176196
217615
405149
138003
414448
541995
149043
315471
97487
105367
329591
324498
623030
207765
607062
375700
104648
39848
26790
367081
17657
184917
98104
118504
358329
493972
123631
460981
124189
351923
848512
347686
28131
388491
378885
126143
349617
437442
19340
154473
538231
660438
220113
546477
227580
255326
52025
795684
682395
456107
870319
109419
266433
6074
70930
98806
213520
314149
207867
128374
160636
131758
66447
411687
13927
11394
23034
543832
132862
488422
85906
153282
690347
825604
91041
331878
567905
202700
166933
180749
103018
576492
84782
500
139362
274234
37751
20592
14703
184185
497336
298800
260540
494617
71711
201055
363127
594591
496241
201919
295196
7748
69970
120524
435711
30059
572774
349027
120314
188437
1988
433534
131727
206211
108478
21487
360331
631542
773995
223259
181027
467625
153835
386584
5013
310483
387508
134734
316389
237572
317444
140
99422
110738
316004
15171
132189
141356
125229
284001
267796
66234
38524
288405
348769
50680
70048
743435
262549
281713
572772
364676
207009
3533
21462
360703
188269
519153
233380
79632
387542
221836
105287
141104
59544
111573
89686
316940
339221
310842
47706
173179
136325
307935
96179
61177
61293
764928
77317
231471
195894
466856
365254
193377
76206
707465
8617
100722
308204
64726
12576
255341
140720
869590
151725
48755
34715
167805
210428
63066
67203
138788
416425
65226
242936
351070
450458
112664
211809
5652
558275
58551
720572
484741
667411
129201
55563
457345
138432
196137
4126
460580
704409
220733
68846
15705
172624
329911
388767
16266
23443
136846
329622
170855
60035
405960
252522
150964
287827
157661
278037
710938
101952
172256
381185
514931
156628
425125
293699
272680
45807
39538
222191
141511
342206
4612
163137
290596
242081
29597
13651
354071
81892
614389
485534
74907
21519
138976
83719
871372
314438
527765
357979
339087
308052
576170
110889
137442
24846
100386
76298
733313
977509
106544
278762
55242
32084
449685
270149
211312
831116
4597
389380
667279
167025
114961
450527
466415
112113
33176
791382
137045
441606
650902
19591
671036
366664
222947
18551
544592
322732
469102
785653
336565
14802
17195
233785
99087
745938
555501
585528
307906
207677
268738
90857
813153
229003
36485
827263
261962
16957
65589
1055
125849
65192
313886
29856
185289
42406
429261
186449
35312
148280
330568
60044
436335
72046
1841
145764
19919
561514
234157
55825
81985
92446
25823
165538
123953
233997
33648
25101
153911
763518
343361
374839
455781
451995
335907
428787
410335
122783
218737
11633
142513
180835
6194
228309
387351
722208
509195
543982
54507
78909
437377
421628
440027
212491
101429
52622
382904
120196
127201
374706
464939
283212
185450
97087
95131
292374
175907
134748
472564
472652
232940
280735
7729
563808
60895
49950
59422
328044
72409
113958
357798
512473
645220
200071
46630
175598
65461
94278
332789
344017
10048
28385
23838
86203
94531
296836
72405
158857
50580
509301
577771
4164
109495
300617
69647
382721
83503
136466
10710
176922
582538
320006
144918
220958
189554
158257
411404
179879
15324
71971
115572
47585
498571
171113
106999
708
14432
120562
31249
114560
283705
401
50638
48257
50038
243826
113358
704993
64916
466741
445653
134209
414400
43630
245762
519297
12856
540403
823407
11347
554361
28202
8906
49267
267138
17915
754334
301651
250321
289737
79597
112122
610533
190527
113377
169591
399799
501354
80450
448774
2470
773581
108698
146808
363098
292407
105868
104145
466877
251385
181970
707717
502398
106080
522140
11308
118467
265057
553303
435449
249819
35877
459465
476705
423420
267330
534587
132192
413162
220436
516304
68184
77466
140160
425192
46098
168940
210913
16648
239491
96949
42335
268344
503515
85167
210455
62071
91524
141686
495628
174916
327986
73531
191071
636426
148620
571736
599095
335150
332363
464804
94799
147670
337596
11315
166248
328135
187185
55645
28522
73846
245306
430974
161591
230133
146147
894229
257007
367712
254691
112097
134840
14193
663334
13457
613371
259372
429457
330448
359247
98244
36491
45529
779043
28853
298407
599405
204678
88044
299574
379084
344448
474823
131751
648617
171296
4298
718388
165790
100972
915930
324206
775652
12806
320543
105841
87068
122205
469290
708611
39653
158468
342159
11371
86219
624582
254606
428306
278481
609031
25013
544160
462680
896412
20053
253560
68783
304259
64897
565439
23484
155522
37245
489148
226002
79945
768092
157182
40072
147308
87075
280814
14634
426721
41000
19985
427768
86895
613394
102284
576606
192510
50885
710004
953617
80544
84476
52523
440914
152617
123651
670201
10119
260240
32930
82755
213366
298753
99788
977017
125090
659912
35439
516554
46855
9191
174940
30616
665673
112287
386152
172994
180743
342447
685909
33246
100494
123002
197454
5879
279841
392849
163547
47835
671022
323315
25255
303044
29625
77375
392806
84717
704335
290193
46082
62765
259439
464233
267477
612294
71946
290057
41877
204260
240219
607196
334594
127526
318907
260519
6475
157577
274123
498791
63649
652180
560382
286486
181245
603427
227642
452064
84822
104422
109073
265740
696230
411134
407289
178973
195213
35558
225339
263364
120989
623469
462073
9671
415339
363199
454138
76857
965233
192037
49937
121283
317479
4966
46407
370426
394195
20171
328900
369495
87824
127631
128754
445020
21901
178329
18776
69038
263883
788434
335864
216616
17084
14966
733689
681537
101585
170138
73464
18324
345019
77711
186377
136349
202829
176669
185340
51998
57536
819897
102206
189567
216214
301444
607266
374361
98667
194374
636093
138890
6948
142172
507793
814833
481755
224630
636486
342572
24998
364270
84163
93718
115801
17072
270998
655648
40025
463624
105071
454234
888310
366454
6763
262611
298500
301921
355098
60064
557785
502587
77457
161736
58134
120345
464979
177420
273322
487377
92088
141349
229722
434641
141492
626
36471
873474
358429
358587
215108
648367
238514
104524
456777
171706
114892
277550
231602
167292
46504
140791
476985
46043
190200
138053
179834
433761
560175
229973
49373
150970
14043
28639
151709
43063
29000
180191
116862
49440
330679
77421
30763
615841
143159
388980
235861
38162
218428
265608
666149
464080
745506
90513
68746
209382
57478
11827
229469
73731
264587
80019
95827
87637
261194
7414
21471
422059
349674
98886
290868
31563
64518
59077
61443
119793
26947
52927
3627
42113
15619
280064
225571
360083
541432
6641
706066
595439
36004
35829
330103
278989
225878
639023
83877
155145
477869
39852
22431
18817
8743
55002
22566
167467
5999
55693
140839
86711
541617
36948
344545
147564
489446
63737
629091
109106
24321
243673
26075
243838
167029
276169
57978
322310
82437
7086
653751
17830
264604
381403
140638
321426
249403
279851
200327
28321
370201
371107
35799
55586
232148
130746
310219
67862
427785
536817
1157
2985
501186
510370
543445
24475
45585
138613
122583
250096
76203
9034
517345
5823
14057
401528
5089
641815
52968
275545
129956
96498
70488
25596
223379
499363
566386
268846
327591
20305
317722
35586
721746
5854
326588
186647
20378
247205
390265
123922
625127
48987
56295
331687
17028
64266
18182
5686
91871
249614
374167
2789
102638
32947
459558
794374
680185
1382
402434
11105
491966
375176
323999
17245
119697
177671
107203
55677
1084
25216
267891
280740
268270
421637
229819
134083
529557
252337
203335
75189
79147
343607
178781
458148
7116
781663
1212
433716
261054
822399
354705
91425
37125
105484
161215
331903
320307
390098
335678
9925
433472
1148
519171
333680
343329
151372
312860
419178
290782
529776
273153
688975
44887
163261
50538
761026
14889
684745
93856
155954
132278
111528
401025
9096
44276
137722
847902
541149
72045
278065
164796
206061
97227
351843
1116
65396
93019
423668
162120
135455
580627
155372
74508
7764
114517
456450
269474
30830
69159
120814
7958
65994
558370
388673
587417
26950
47241
798051
244157
32859
18446
310630
115176
555003
472728
452412
178126
551136
396058
318370
16941
249226
165496
284263
491249
119240
312056
132273
21896
637888
158003
83456
115689
108990
33185
288061
2427
412784
475635
47528
276487
362593
741688
356672
118073
217195
142201
163538
345811
207781
588629
620009
182359
36520
233130
41406
491664
547051
75606
42922
26305
51578
37969
479432
500080
144547
724315
447028
471327
465731
155766
16713
120760
434926
25622
60264
45355
241898
10137
387380
189533
466765
123235
2027
13483
563214
79120
718095
11324
315355
46992
74858
798838
17204
213823
851293
87361
241757
39321
237043
234280
9847
335974
193349
968719
232751
37931
318801
172166
86618
200800
367963
42979
622772
332067
256778
15407
18097
84793
5833
45198
189134
8051
630438
64071
203280
884139
139135
422200
30056
67407
9261
313134
403981
582042
9808
8990
403980
36022
423142
137507
80645
308101
13835
349434
39219
88880
303069
415476
11724
18011
220759
708381
6151
66998
102874
145502
29531
352411
2409
49814
99963
251971
62215
338010
145696
22979
718459
500105
4718
463028
307110
29767
169166
49675
48292
165627
162164
527729
31611
103369
678313
73952
263900
105475
48472
408478
124343
18865
444608
548124
214189
36090
173345
207487
151233
492621
22221
464891
3253
159801
400307
205489
321472
722194
35866
851
71899
174967
203570
484305
386924
31993
6473
480725
57935
28189
345885
351656
39023
63170
336986
561396
208998
308829
772914
13635
19096
49782
453438
6003
55840
239651
328629
286868
80615
312408
440336
585673
29534
255581
9334
21583
148310
259462
27457
424903
346923
396969
130027
135624
9824
486566
96184
541411
290331
172140
54296
71821
39486
197906
539598
17240
178177
13874
126846
255213
136478
348262
86326
22813
65627
130436
148823
203369
696699
21325
110957
296540
290060
601327
477551
521346
250394
103556
129517
117395
196800
161076
157025
2668
318483
145922
223874
84443
37334
11994
137342
58274
19863
319258
287853
31467
26317
282043
240637
508910
509573
313371
287816
833879
104318
338247
83395
416824
153912
64125
855191
1741
179095
24604
200210
263666
488216
352491
304081
36443
802597
682293
6993
423481
119408
757385
100193
4241
336826
281854
756
245351
262182
87725
164201
134786
790320
43880
285479
30404
612593
376119
6254
82781
23857
73766
58338
131094
195420
159103
169803
772268
51238
98274
32798
140385
338065
185845
105374
157220
277316
40423
23557
705309
153770
47723
23542
369250
436022
435734
30311
232892
756568
234085
228965
687941
356586
189398
5843
421742
279355
517715
9092
26141
356704
104548
16988
23265
81437
56479
434316
333411
148165
293998
579485
555972
702690
901073
144492
512648
75985
2395
90573
185852
292945
26956
421366
275572
767079
102045
716424
157644
470111
253497
216084
50864
56908
9941
471033
455115
421484
337867
375504
10710
63140
17282
312774
474129
153153
782406
354245
16276
167238
866027
155341
492602
78480
214042
557069
382108
29710
38358
361337
57021
522384
89021
139546
55900
487151
110934
354733
28886
66054
76444
723196
82307
54481
295105
151271
70291
29094
181087
142
89114
376431
159695
403669
518824
109974
90772
139761
35175
391660
207968
352461
581368
436721
6900
537818
283102
109086
446605
68646
439635
135690
172159
16049
613608
60185
512853
425330
706561
33091
199728
190444
36098
437394
48321
59931
141726
54191
133121
61089
154365
662555
135222
173509
510814
344954
96412
575650
561154
278474
622405
141344
3971
415672
130388
851
165364
204587
6104
10469
112390
251343
410589
313766
485391
806406
153746
182778
35530
56005
10978
866789
173881
11690
168277
1874
406742
128883
293297
5316
155147
312267
185142
78114
370071
346258
64795
280461
137868
35827
10126
108715
190829
46140
521059
620645
278817
476432
385055
106063
21109
363658
270732
283548
142824
95668
89568
588751
33448
113894
54588
540707
106664
671848
12705
172760
650640
153269
21377
70766
188761
260298
94979
45428
490212
183711
419323
77317
159995
79039
367327
477432
341611
27795
158572
236012
632892
385775
41987
162239
206353
169310
98225
6926
235368
686317
92901
3216
434260
192914
104457
7546
25876
674341
139958
307275
12562
425339
161889
316230
6861
180188
808845
139770
170394
45899
107797
39778
341024
150450
146491
181510
3363
27835
148553
841887
438875
118948
145107
683854
365848
490310
306737
17692
13576
6189
332946
381032
76191
117035
477470
374722
526707
3902
145942
101780
243140
499452
202705
105200
167245
843765
264872
103325
146526
713042
91359
155257
186021
188924
72277
257711
141761
103871
26883
360630
120735
76176
607098
420801
923253
364218
2527
702927
453266
414634
56537
784107
309834
455105
148270
554595
140380
15566
47832
13945
796496
370936
90667
384327
137418
353357
30931
54652
315586
398025
117486
320395
20486
126191
114152
54311
176902
851612
36593
556578
142
727118
549114
587595
13633
469092
75750
771807
490189
260956
419081
220317
112631
252428
43515
617803
20608
304519
561675
144884
140230
493322
57349
844881
826099
401627
15440
237196
890669
15536
48198
732497
307230
360634
201862
199078
372626
526193
147913
115996
48305
82065
10499
382128
83524
316767
72269
364109
317230
921453
799228
740842
353194
213394
3555
284844
124115
148004
197645
185252
197941
214295
42198
96604
332745
48008
275647
161160
615533
26903
271291
157239
9786
142551
54285
19815
210627
25265
429003
277228
764431
194660
533300
321630
343255
62620
219895
692256
39822
80724
8763
24524
298019
308468
587080
164266
821171
297624
2996
6468
152040
194957
111920
849974
8133
4796
363090
20977
28205
81967
55449
553337
491096
12883
57517
326016
170742
21128
8079
509753
241530
85794
647892
89710
701660
342621
244198
356399
247585
137464
341859
163875
27864
126088
80399
183572
88681
252505
580046
336380
123879
58858
93015
92610
80626
22693
919121
854091
805735
104883
12322
26597
388102
556207
412614
72089
750161
201491
7551
294840
60026
381071
565676
114473
708816
108002
203884
365940
94154
79528
521741
212928
43249
189330
512437
302844
230289
518473
239559
90767
153437
677010
262217
277517
454938
34941
210104
1110
627582
361
243103
3617
364185
141781
540994
108162
80349
776186
40951
319019
588542
270375
109728
137811
340939
2587
226743
291538
671835
262755
100041
471393
56720
334301
157925
279372
245411
595325
365153
508361
255774
641252
9121
718498
506299
2777
114638
595403
555810
129982
53460
52849
91671
39689
127239
49856
515258
353234
169895
378528
801892
97722
23642
38701
5111
93138
6688
151449
126000
744143
110964
101594
128725
117206
4687
279964
67272
512469
64237
237460
6710
120361
157522
179140
259607
207591
21016
662636
246417
191445
20615
67784
329029
230446
62194
345004
206912
111887
376998
351228
202834
35947
179074
54620
83095
125918
198556
339220
69299
379138
304952
68341
310855
77238
148167
68292
131403
275707
641598
120507
353
354273
479182
160054
42936
90290
3721
296485
844680
156187
35088
21341
15325
379745
34237
555275
98549
766525
20293
131855
100059
674697
346712
367469
183333
299837
561275
179237
519259
499897
75620
600580
304649
219366
389052
234694
167316
729421
35095
582632
9234
25232
408285
193583
213601
689437
296932
323815
54088
177453
26369
36195
8124
443103
126040
693497
352349
8032
292600
35222
67935
726028
497295
28007
758642
24669
69008
65706
28336
134120
364373
723305
246514
258118
293828
310346
729319
472822
647068
9323
267787
110363
4509
618145
197715
160205
422153
23726
30067
535035
150196
44895
690
124510
221865
290070
107968
44002
8782
6966
67303
11383
26121
75882
57859
170076
12509
16594
125711
235234
304956
143442
22412
132736
154043
281128
160551
364257
543526
720044
138110
893748
431154
160958
74498
266588
11570
245307
577097
141061
648673
64593
276832
35728
517001
16252
70235
196166
333360
124021
54159
108097
116612
233993
82705
405601
176483
206956
1470
336216
153964
90467
713294
99269
224492
699229
505448
456822
266497
769528
708123
474891
414916
40680
70334
289916
201597
83187
102656
208380
118515
87989
107390
385704
30028
290349
173553
570467
1905
45105
112387
458281
573573
662262
358877
591433
250158
73842
134557
260282
382373
136568
322920
514033
770519
176774
431130
510207
111427
103588
313192
97323
72682
277369
647358
332614
20038
697845
764361
271844
714027
3372
337981
14286
131920
335067
72845
207227
192172
271
183209
41165
2876
193546
142555
180231
268178
198800
94313
293730
92107
29827
148461
79305
581425
8621
258569
201749
533445
419652
441009
113526
2065
680149
105186
77458
22994
50064
51046
2108
56431
6781
416917
47292
713883
411981
111675
312109
91585
570342
484641
96971
62325
551180
208054
90588
103273
156129
622006
54329
85763
307384
578979
33277
149917
119252
80471
323
210497
808803
46169
23142
462407
36120
3223
477153
6750
180184
99870
12070
179970
266966
97493
848994
430863
188646
608617
534539
218496
45278
168819
731290
67855
420016
259971
631001
10982
6798
291528
23561
26272
1661
297225
24332
257519
17890
452116
263130
446307
219065
117748
249749
17506
10945
8829
148009
13382
246345
65823
76252
23154
104150
24791
102127
107748
299707
783741
106075
20478
162096
100132
180044
297006
194060
356120
248441
25325
14083
239322
84457
334934
61666
300304
309743
322535
140700
178752
25779
217472
385256
119051
176670
657870
384447
502583
901321
588601
443528
114494
451545
185622
947106
156159
29069
15224
96738
394058
35838
117545
4719
383765
123241
171866
9653
327013
528112
122545
515568
119224
301034
92975
514405
454759
232466
60462
532090
217351
449156
186477
111296
498345
618098
45782
359262
236757
61254
428780
57734
646326
368505
1165
117722
53348
55284
235573
389720
28197
91788
293026
244429
183147
467032
18018
10523
49951
65979
440988
11500
397143
99294
593545
366397
36583
492447
186459
231291
12534
79420
335306
142156
13636
44040
137611
83020
121887
305235
4146
864894
239137
392068
49910
460975
118967
166394
78503
3030
431416
291392
3396
121798
445945
70553
180320
330634
3729
165645
128801
566967
56697
337792
220626
599327
5822
767547
147762
287264
244029
34779
316217
367887
513176
467197
871
14824
159669
402
747719
543268
115488
57855
564400
532907
153384
38639
37694
17867
113679
59980
188010
386261
97603
186417
461232
782309
146249
631540
12943
27135
92106
876
535273
356952
2246
688609
693131
549319
5071
46932
14241
93077
21694
429308
695213
235566
19975
7987
164021
719749
328492
28854
503796
23759
43683
21076
348742
394634
5171
456003
155222
186308
203049
585779
40537
292425
70220
163535
182076
606634
600795
806050
68517
343213
282433
293533
96523
16521
237261
202568
439953
2236
487088
302843
95740
51206
17116
190844
170837
103134
269684
68087
52607
133885
3344
26645
87584
279623
172806
145595
486382
293929
66217
200392
363204
107553
6843
321718
429
68715
52777
102400
211851
7809
118336
725985
103307
198557
974
24686
132646
450811
228089
525949
428754
36455
33961
102621
484213
596003
246018
247461
382526
252394
46832
127050
369231
400370
275110
299399
4777
99101
14210
690718
75073
527970
8503
228402
493781
215950
174812
146909
66948
675162
534261
110929
546649
221577
158234
322641
785576
190815
644376
858392
52141
249208
245796
107498
260377
502124
343582
34587
41095
554211
14771
11011
33581
59642
305397
77684
595431
4046
175213
222913
20784
153747
70841
79292
122375
664
91193
42866
417887
4998
191910
202663
358380
33706
265710
8698
234360
362907
301857
32605
457314
12819
99717
296748
368925
140729
27257
205235
705893
10341
44119
213523
426142
480377
528243
120040
75394
63197
492932
187853
49843
67416
27624
221181
231780
56581
558284
171454
77596
80485
236093
90941
34338
83707
262372
93837
194982
73908
117926
3270
147405
283680
140760
634612
165665
392980
89671
270511
62364
83222
192252
29581
79464
35289
302
153170
66514
179211
213565
351125
18792
7496
100437
61236
12264
184010
76272
362230
158241
48043
330724
569992
270097
360665
13458
49952
564327
751883
7700
155011
194622
13542
100542
34036
54546
173809
47307
234537
234935
106042
95857
381193
85157
101455
34029
15330
635403
102486
176036
149071
781436
820095
35146
9299
399026
256357
119202
1468
429357
289419
71985
26830
118646
230597
1330
50300
132136
30815
98132
302105
150245
188379
336282
142444
16812
147848
47477
500020
343082
5712
900
253871
55211
344448
578222
555799
86881
170743
2739
606685
34069
219211
759234
154350
450216
196954
38664
774406
654032
162536
2256
529431
23092
9373
10727
193842
365233
238537
242618
84196
15770
214331
667706
230729
91281
410558
70202
147123
40828
55593
614573
252465
440430
266037
707639
74304
17145
582856
24535
747260
218597
337234
58066
278484
337432
302058
16804
169510
329440
816744
30797
325997
26312
187452
83842
92523
51014
130269
207309
616001
64371
10801
18393
230388
236258
189190
558798
583631
423668
685061
35225
170025
64793
27942
408968
801034
257135
238541
318070
506512
10488
16764
431395
319420
29120
205930
332143
118307
109539
85241
54597
106019
579319
60216
48413
38277
105538
213451
29681
202796
316550
225562
268066
547653
64353
99122
55516
465625
24495
132287
171557
54804
176367
742738
42870
313210
59077
781654
44653
204696
228705
453690
8930
150458
45615
173925
118479
545294
230464
496226
275704
266420
896991
518849
239082
5283
76491
497454
7743
446504
349974
38483
70421
542
71871
13966
3430
491744
11330
356997
382459
15148
854370
19527
146568
295922
124159
230085
325807
32081
16772
458210
428010
6198
23600
226414
184105
895300
47415
392695
662392
73958
247350
416171
351747
25788
38808
422603
67742
721403
58142
108117
286428
637255
589930
135695
359437
116923
112305
792809
86460
483744
459583
51505
93997
82742
101930
324655
49397
5506
522278
100749
394462
506334
368250
340298
336924
213749
97054
75837
373045
399432
557023
113627
34048
168928
133480
216839
28379
17790
50383
66314
209480
364711
9859
446584
489150
169049
72466
447647
383246
33029
288240
167294
425337
235941
270550
499945
307521
528196
49430
627407
670710
379568
413655
415296
654370
617157
70737
307854
175003
605491
264494
2447
18789
626896
56997
154399
307972
428505
353155
468340
923261
315775
84117
232221
13508
30903
227584
86522
263276
172567
210058
864903
260262
833647
85991
549373
3434
279941
174412
533417
227731
174015
10483
36881
437186
736389
36463
283966
30784
6844
314132
21188
149432
241401
32082
22248
382278
451496
537754
390541
68678
797407
76030
569399
300857
50462
222114
42724
79461
114603
143965
91522
556310
56581
260025
232376
6243
42035
568745
304366
244203
21961
368801
20191
222943
721264
578138
426836
62728
737734
456393
25930
177037
272641
142718
27392
443358
174400
66645
520284
705752
455553
27791
100021
21541
55616
133627
734519
106880
289604
445390
191733
63422
710122
77768
436157
415798
630011
601436
82622
41040
640207
103350
813377
284562
511
98869
261958
516129
351349
227438
137759
106768
702789
80666
30946
58721
69123
178401
317075
39262
203348
492567
26718
14865
44684
162699
422172
94392
329692
315209
256906
14510
160077
35728
86273
103113
117228
367107
351868
388070
393851
414327
73061
241515
493652
462982
835385
310177
324784
374300
571094
121945
256003
185120
61751
640889
49159
54004
136565
112355
375094
329628
402200
20072
421545
464530
676762
19691
305863
147546
284657
61177
270030
573273
344529
8557
122156
29015
194383
17721
618489
13369
317807
84774
451034
85774
12376
464785
270889
129300
48479
73245
53303
152109
236147
121724
77221
330723
8591
249218
236773
38100
359732
469539
278377
389669
889501
64470
102114
489712
105429
12902
423226
230084
570509
43575
615066
28722
114596
43192
553345
229269
12607
33905
174879
18920
140349
426906
68243
225340
318815
135693
42836
359907
68885
559568
733737
266642
929339
383942
71780
295252
171224
532478
797929
144941
232515
73488
511144
49232
118074
639538
20968
279578
365386
60156
453686
507850
283974
86201
231879
468778
56535
294956
6440
67088
96425
298562
95714
201468
214586
273184
1410
42990
50974
166576
24888
281926
483550
9973
896185
160214
437108
245223
155928
503890
224447
203360
44249
567531
184702
25182
584907
3680
15806
32055
469267
5170
161815
185829
81994
550419
426762
62281
977339
421771
15401
59650
76283
637610
426633
377005
841305
115185
218670
528980
171775
78822
83155
1226
430298
334779
229408
104367
29733
222404
215024
9040
424921
92843
49086
378954
194398
589156
345744
53193
24808
131678
9433
40164
168819
440966
7328
710823
435934
306269
283255
13602
69095
208563
3429
237882
151624
72986
102496
392908
96943
202041
97326
74470
425846
41767
697191
423390
561739
22282
598548
323532
80478
243486
6803
334842
15562
34245
225267
138617
1593
295060
287776
227878
704123
670503
466006
585516
122982
195862
430570
296793
94525
398175
155743
280039
822544
652462
345920
52763
77350
8131
204564
328787
170821
139289
528974
316777
181119
301300
19999
63402
42766
65120
481184
266945
692053
94072
17241
354384
186053
121448
27803
329120
201578
507866
452445
230895
50287
112100
63537
106298
140558
189218
319664
183320
221026
30685
34747
73087
241891
531870
75966
540057
362433
10648
674233
64694
93663
36902
136138
112827
471057
198775
422252
268861
112802
370806
230253
430583
47836
339596
112848
14582
336888
216183
1814
193687
335834
474956
834727
122421
22293
12485
328387
81752
257489
23167
328009
26199
157742
265693
288738
31489
112377
256293
8485
53051
33771
126824
143460
271470
873173
398832
38967
523582
280224
300956
309864
8414
770191
362791
351510
545551
61043
244681
7848
123199
174261
119388
32733
381887
321172
495695
605405
757964
228550
30179
139682
378071
535424
135435
384222
66945
419400
237624
806461
442968
416960
77931
375342
578048
188287
16966
123286
643176
390589
652608
19667
235667
140279
534180
152417
33662
107809
194781
19501
1657
363110
23936
583671
113150
118082
8379
68379
328946
65195
455143
261995
319252
401528
445640
23252
80451
825033
256734
121650
228107
173975
666151
84633
170272
362112
84098
122220
197926
194489
227416
159858
141345
210593
23884
11782
108444
736139
255121
39317
149075
34466
86489
730526
217702
289871
43755
4581
23310
171542
254982
683285
240547
2269
156210
192482
90393
192283
2735
1574
48898
65415
259801
45867
239343
146627
154137
540703
311281
3489
14724
222790
291108
26769
201263
402110
5881
314244
98645
315351
245684
730424
526097
212302
267553
192996
53252
31490
103778
237097
561556
76616
126711
236190
212611
69146
220835
357900
173879
487982
40037
555875
293890
64068
160808
6752
15853
70696
683238
2079
652793
167937
286108
662879
664586
362191
166049
53709
145241
486910
283526
123185
106650
192805
1323
86420
28727
259701
481
284785
93798
527235
187331
260616
473522
131859
416221
174543
273359
253425
61765
187878
81763
372547
237202
78005
52177
199762
40160
4348
10824
246711
296839
14548
243279
277783
108462
224055
52863
324155
349929
286955
68971
207150
575851
201319
461170
76805
6561
155417
353800
383919
366083
36083
315686
3576
59676
24098
213858
195984
384367
551582
264480
173401
178121
111087
197905
139064
56833
30036
223496
233939
49970
949740
665985
14872
82581
884359
510547
422071
456209
8650
441598
4695
3430
86713
318374
535331
131745
518154
437093
131251
12595
64742
493715
7318
48945
175211
447126
17577
629687
40563
46228
194109
628974
603744
788620
31901
301076
1818
700466
476601
782
900616
739478
491884
329326
199539
55828
138009
504825
352212
568475
603284
61756
39495
473176
208592
132953
568656
230795
17379
462915
328217
470849
161276
51240
90231
55027
10536
391686
593080
62450
291012
223619
43340
630
403274
13808
108433
3422
317593
238710
31630
32553
343381
276869
776886
104397
490345
271892
27232
608491
17555
164248
192707
380021
364052
114639
92065
166211
164168
11446
172949
481933
490871
173188
102958
471130
348653
455142
122358
531807
88216
243832
53764
859
309350
88147
626181
48045
46818
654002
115603
551801
18538
697891
206574
110265
620122
92899
96620
72957
280663
496902
892109
221721
614949
50169
634913
244786
190071
261768
197389
86314
393618
208992
590
543056
423129
10451
18633
211855
13786
171532
440989
95400
127969
679018
90230
252051
299680
18933
25524
162082
108267
22925
347877
621351
37735
187425
212325
297844
92370
61113
397638
63366
202074
468601
497954
22399
184386
112111
20505
160989
380363
59848
75130
396615
319760
220110
94116
586497
238810
245007
55568
298114
27668
215600
125536
471298
89534
37436
725365
282824
347495
79086
3021
170779
142942
356108
356199
43561
266369
857821
192292
233021
68452
657724
424884
501021
17658
184886
394705
42658
214215
50872
342033
24911
31445
7247
187351
339
729562
37590
342952
328529
451183
399072
14020
339440
74321
104753
2370
120
14183
304603
18131
516847
275111
613881
79524
47222
541894
821766
438649
167159
699591
276548
10715
710732
584038
13410
107634
43894
344531
169430
348495
427929
14326
235403
18203
382381
35829
178069
188405
185378
72773
503537
469818
228875
821491
139456
366280
632910
185538
335446
533389
188270
6436
240438
1195
584427
122849
114763
19221
727309
230142
236538
747682
90676
584154
209931
213
298089
139113
180159
156097
332281
696824
507
526262
164339
485
5209
574527
85417
77674
689056
16627
181191
545431
82363
3887
323
600718
469907
299012
343756
171271
41345
39442
616182
676803
73554
91541
275223
393649
358384
15792
20223
488257
76571
210224
115374
197425
256847
344747
28647
285628
383368
576440
35431
665837
464749
145401
133553
375902
737245
575944
210113
232349
512117
225112
159202
657126
287032
251822
266914
13528
643064
93810
182738
345321
528187
220205
519071
16410
2762
361696
92121
1982
15017
173002
622059
22174
125459
308309
88872
47506
142096
667
461328
303395
45068
66648
8170
23282
470910
48150
143774
446430
68158
617422
197944
361840
45761
138948
95551
139219
20577
382143
399081
464209
21800
238435
27641
287299
632170
422647
62397
365797
99406
78658
44823
503826
448856
129119
53468
358415
266834
534268
233733
38977
218304
495593
421959
93301
67115
1455
537196
541195
286508
21201
18792
519765
478154
1005
366335
15871
318451
19049
416463
311813
81289
367867
59463
51226
58360
210632
63552
117595
7259
210823
38450
82239
51188
978871
115187
542683
239636
188147
1296
426298
138646
281760
528917
411418
387829
8875
82958
672977
166435
94088
10851
623708
342226
4445
118081
112866
37411
398298
92341
212905
41135
558295
146230
82821
46954
5262
164645
63656
187508
261006
257696
637348
94412
574452
324593
519990
209101
28719
2305
85314
140499
216541
134807
297837
141721
5560
51859
501059
591307
45431
147653
48915
576247
330353
17145
385076
346939
213473
195233
420328
58409
168134
461785
199603
253921
282349
408416
114453
6021
235038
701025
91392
516408
153972
92954
665297
399548
120080
473609
17716
100590
336875
42844
36246
247583
21817
39631
244238
326058
190726
572043
21633
18589
82105
186360
51935
115820
510093
75297
613826
122325
12788
382677
129946
211647
177622
78305
859778
386085
115958
686424
140191
476154
252430
5978
580350
259488
635509
6680
39372
279327
175846
84308
55475
121104
24293
564935
136379
18288
320885
321614
11693
45570
520493
2295
87494
87642
91490
377211
297311
367139
21489
176133
30795
146821
376780
42137
67326
230864
28341
216334
15430
103533
488828
85620
440585
392390
62958
62564
2470
20236
59894
4293
245309
56640
941
567464
224219
179191
699872
34221
262970
274745
280256
647327
34745
97313
857378
687964
11060
297098
510760
522150
582141
15322
19099
149114
36241
110260
49633
218396
448095
316405
418740
119094
8753
395478
21324
491499
208769
222385
296554
145719
140457
517135
98419
632518
402643
134790
118311
477464
163872
78688
320308
65557
312472
25682
35011
18618
104532
195538
239660
535519
508875
7193
481
192526
820277
238421
33244
115895
494185
503564
301261
5501
207983
74282
510901
168110
21980
244204
722596
673637
585508
225353
13632
457095
18859
76672
297196
214716
252546
32875
719666
167258
88292
19332
49288
363639
59875
59125
35383
483143
294496
103593
346881
103918
184186
53797
616344
255931
359788
165900
16934
48781
668389
322339
885201
373286
445003
396830
11619
20203
122350
51206
476222
618134
445897
338091
198228
203
513265
330763
339916
25787
121772
282799
101467
319970
348871
2531
533477
137304
259158
98643
499408
19830
595481
69607
366697
274033
79014
60358
73022
342898
586799
136785
61047
74290
33017
325099
716883
18485
252671
20400
151533
71563
665456
64503
125477
83793
4189
329632
3696
37916
244602
352552
68698
551864
14116
55073
135416
390568
158068
155261
605591
71916
94695
250052
49228
661638
90373
110131
68700
217956
335172
804911
350270
271952
255486
791189
435822
503546
476876
78401
278739
59285
19921
4481
31280
223918
544197
63032
187541
458655
94022
77185
21214
213080
499075
9095
255323
255654
92523
202367
155621
370927
270956
135420
62487
46299
526303
365060
612452
39266
17185
48613
35905
2461
415164
536588
604937
130461
182350
8505
113623
403173
1043
273538
286169
131115
77064
77422
659021
62926
347986
212282
227818
418587
165991
543124
120008
197942
230504
520803
698880
50711
62543
151648
383314
4616
42949
322335
129839
197682
600086
804651
246525
170086
457244
91289
60572
476008
158590
591044
595049
516462
30682
419940
212803
42226
386642
1645
342039
241986
333544
87057
272367
210355
225507
13403
185702
745590
479679
182000
13925
289677
105824
20878
36023
71770
25008
149270
73252
376666
14906
249569
255102
454742
320467
483735
717452
285341
659455
295761
219459
200677
639358
64553
408278
160846
70561
251982
96945
6544
175166
184966
477683
398825
20577
114526
239490
26337
139673
67889
2504
252717
129628
281265
158256
214018
846525
40176
466129
278538
164474
392506
52125
25416
957067
755048
260403
233823
354930
443794
485461
16152
104832
117794
43259
510661
3634
466979
22705
17636
631213
297403
160169
324412
7392
655082
533195
167715
515861
513210
14144
489553
205394
359114
130451
580427
257243
107479
8324
22491
482364
352248
38391
61129
167346
71709
516574
24539
65159
41822
171153
22380
22772
94754
93794
87221
552957
40217
587132
574412
598568
21660
465216
323798
90920
403421
229349
85314
509741
55997
224516
746145
24118
69579
224021
36795
342963
316689
226441
296557
114365
59050
126059
390876
12732
129749
67159
163103
542523
39485
385358
8277
42918
7442
88655
82513
470
836698
834587
239861
383100
781162
260861
398434
112562
141784
217477
12574
177816
167642
492625
16505
629262
138655
214253
143869
69332
165222
297764
385738
77047
577840
384694
482918
54941
397654
1601
123326
717552
32546
442178
427556
774252
747062
56499
664693
188003
481735
232521
774811
449058
586342
2825
168853
647495
280349
14193
764609
389091
31186
476043
184161
612866
217515
414888
132796
419260
115261
120276
631518
43434
104237
128382
473151
436708
33473
40233
210152
3751
468041
6138
591341
212291
90100
248851
574280
52630
312958
94140
69453
127099
437297
492614
320651
105672
408886
301608
37137
40611
86014
138363
156569
412046
117086
58715
335029
13662
43165
357679
340923
119471
143168
58229
3107
478063
417524
500099
34538
514627
12122
225324
579563
46533
614779
48056
36852
26607
142619
130930
253013
404705
954516
509957
355887
347701
1897
183524
27813
168484
383091
161205
412140
286514
240562
68339
84245
377099
170183
154090
207249
51864
419135
118464
534577
28623
608908
240232
293037
675994
329594
784373
197279
19524
306369
269071
103279
483924
194017
188001
281923
215013
231044
63310
175274
658780
237998
160067
142165
57404
837336
63085
462040
193091
145879
658559
259981
582586
387796
325687
140062
531354
96021
212791
131693
132677
175100
247999
611
656286
73916
609242
52387
343248
75236
70260
163330
22887
110314
702515
446732
214813
208418
3029
104109
312025
276774
189465
529674
119852
289690
879159
28538
56154
114069
41670
78216
47627
499942
10059
307979
6305
103165
57209
121084
346028
570758
194895
581295
293028
317534
54120
794253
149747
214311
223826
355101
595814
119167
645145
19299
209652
36142
115317
158114
531171
392361
152722
175110
8817
100290
35867
115887
107126
197495
30232
197213
694
377692
524922
42862
198816
396606
27032
468657
201499
123159
100057
38193
4192
309133
77748
626550
392262
79597
644086
18092
130037
534375
112309
152989
130376
334492
151853
397240
524228
375774
228382
74560
34011
149352
21195
129447
106913
223209
48123
259446
194354
28957
823387
283955
75794
622681
188951
625128
15817
114884
303758
133243
63053
509163
409172
185664
373286
62830
80128
32654
409503
35328
185294
99235
31969
99504
304591
113632
183868
99428
34451
191247
171629
159971
737534
89828
258631
642627
68405
325400
715851
6852
563555
7618
297626
829759
76889
76
7838
85016
621876
79386
247506
25852
56513
108150
102039
128752
405572
12133
165464
400641
230555
395275
507620
670674
37156
238131
12911
100978
72724
598039
18151
59623
144529
596319
47197
391241
125676
374491
174436
6198
667860
28126
598892
258612
36939
125106
2662
73025
72655
59739
32281
23675
16707
39158
75105
187546
75665
163838
582168
174258
40620
41994
213405
241324
212248
10789
634931
130348
226393
371470
49200
111864
92693
358438
298855
38099
324301
74811
640940
181425
249563
322420
407201
40081
277249
458381
315919
6161
107816
42937
358121
251590
58640
822918
721377
223939
21697
768653
218327
280082
153822
4809
28657
1241
133009
270276
414372
327419
653018
513775
267713
437718
19272
3919
12910
263054
246404
806211
182445
46285
501565
216533
337857
108714
1049
249921
165324
170986
220333
130595
24236
26446
156091
323412
191986
62123
316135
189137
415559
725649
521777
363406
20808
637184
169391
53474
142446
185578
25092
28625
374299
132333
33068
14336
78898
731626
245078
40681
245163
750636
185075
25941
12823
142269
595395
32964
249891
25079
104606
19900
191387
140877
171235
243162
141262
831844
2117
370060
76766
44991
31682
106893
322301
81450
392121
364388
470864
98796
126405
382947
51630
770984
135861
546363
945751
71376
6642
7218
16992
169583
12489
353620
289842
25201
563366
31728
423883
720447
46055
57733
409723
388153
37898
185196
655698
655939
501618
62032
13971
37072
192980
76455
137866
8484
261338
358629
339813
363003
144693
84980
628587
104666
435476
581347
583465
759097
262377
748071
53989
103779
86324
63214
201966
60019
473961
481737
222766
630680
227056
167556
614441
7631
92791
217371
4681
463003
117362
119921
33733
119211
660704
174725
112841
5723
841388
275719
153280
62712
175210
784028
89139
113869
138215
112673
827422
302677
132967
199554
14634
251484
154483
293064
492218
33726
329271
277063
75524
340618
21354
901904
265607
54766
138427
221754
188728
211102
428059
623
431483
240233
2338
19991
523402
156835
680378
237393
496497
862833
572488
10691
260
35564
220995
8512
170513
89823
3284
242695
210623
81394
573230
8997
90594
181738
388721
98328
266348
301734
201641
106936
92933
258533
182981
436099
67943
322898
270119
621883
214261
646443
30131
104199
335100
665006
44045
326506
85252
12905
11492
130577
318182
72311
868571
90357
12269
218356
14146
255922
224455
125680
3879
170066
103458
101104
469603
21633
30239
111614
827972
16962
197369
383016
56932
185254
686880
953422
111010
213020
187308
259922
133912
61048
130740
116143
58390
144961
141540
66550
81628
165670
16972
107874
302557
914622
394129
277752
274763
5166
458439
63272
190999
32818
55806
50017
140717
92863
180011
197446
12526
206658
114210
188606
24351
189721
350864
57830
333602
202776
126343
208844
64078
177733
582810
724842
9386
817611
170349
43413
54417
531223
154223
185352
714120
59956
754986
261138
5282
622873
16113
350747
785478
626007
148853
23289
382372
882621
198223
36512
588108
100872
7160
84595
71431
254409
310938
141939
10951
3558
83430
679210
345156
64143
193804
96278
75354
381606
245532
147537
564393
665917
160340
468276
528175
862833
161280
111803
34044
350599
207886
32001
391013
124600
12893
98275
13427
844527
257445
122923
552595
545090
263229
304046
64955
261493
24519
483192
574155
455490
5163
225884
576344
117807
192797
278348
163399
732879
371525
154169
191903
103599
995
162180
65745
73527
763787
20215
255126
46178
558231
12837
3164
36397
73701
196035
157551
398241
132712
577767
469217
329868
850128
581905
4454
42193
319509
254710
348139
115259
299309
94782
15141
404362
729992
22954
614143
774390
437534
19864
271838
638341
281521
15534
269385
19784
34056
236659
317328
214331
32946
769713
144680
403523
84153
278944
44230
37026
392220
239897
522866
125618
69187
531026
219624
132473
289994
791588
260501
747502
296306
344023
75236
368952
142192
19434
111702
347509
1505
266084
162581
730941
42509
3623
125033
163983
58996
77339
450128
277662
661212
245445
273258
86727
51260
41046
493185
512172
61789
63894
8234
24303
32577
760646
623012
283991
382808
658273
413249
171221
574345
167772
41378
201796
284175
853929
230641
28030
29988
93067
246612
495593
70556
43393
344840
324632
287610
282775
76207
51338
229953
87163
100574
368212
58321
368354
159901
419710
520181
4986
1032
443105
118708
953355
16554
350360
716667
548356
338402
173334
153870
213639
20102
268338
802018
514587
61162
243449
34231
431644
457902
164606
259839
17110
99004
41601
304892
777
180478
683790
55124
435974
4369
298239
66510
161657
164398
147943
138261
272908
173376
211924
342703
564551
299555
184548
136317
256318
36028
18065
92244
57807
64723
184421
474969
30794
317756
155846
121943
21354
391539
48527
85473
145997
3145
680022
118064
449337
45781
619923
806497
639813
28680
3944
216864
555311
79425
46393
10792
615867
5363
188577
16486
106094
42312
150681
260770
134309
216170
595868
459829
175343
9169
261653
51731
43569
230680
496984
24692
241933
104516
453181
534336
404266
179490
54437
16974
30994
145603
127454
746542
587147
8773
401229
540699
210095
113954
235968
124080
5144
38293
25549
150495
118844
125077
8575
97814
937725
211351
29840
130873
4557
316593
346831
428577
544969
149735
481202
719369
396071
708718
170139
30732
179614
382504
64053
210103
406647
465283
322778
217909
206727
353793
7519
104528
203433
449287
37006
398435
670377
68154
546052
369031
69697
687213
477505
21365
428584
185625
185743
17194
32830
410389
240932
39384
70520
191664
650856
403728
11978
169456
3756
519623
584411
94341
170214
378883
121022
112416
390
250786
7535
15342
37121
192501
4791
33349
23822
186459
61430
193732
801888
69479
158304
732714
549453
288315
243178
18872
304923
207489
7116
31994
3934
117752
44021
416870
73174
544718
28875
308660
121324
4535
345110
205110
72457
28269
74610
662594
30800
149911
89711
357745
42668
10054
161355
461067
473567
64820
202193
303694
234022
529816
176548
650367
41196
93031
189678
494506
1271
375834
104362
25332
222220
79242
7191
231290
74143
577374
233794
133461
295146
187346
402118
526115
133806
121283
454104
52172
235943
200550
110226
38697
20725
353074
7420
113722
155137
396916
169725
764337
54559
26195
118266
109272
139998
128364
510627
90170
348955
762838
274302
2310
78626
209076
728551
343134
38451
49033
105814
324775
38918
329337
120122
624960
828248
116232
159187
361275
912962
225281
415553
61156
44553
72622
273935
140875
118508
135344
614120
23264
223915
24039
798164
191
57895
224587
516956
238918
203865
750763
287664
325692
581703
219349
27183
21472
325603
88674
130462
97303
670845
81607
305099
43105
469568
88848
305813
298722
436884
530506
510902
554035
455611
59555
500676
156440
557612
214865
323350
23012
54956
115424
845072
617714
370489
586584
41765
239404
184158
252659
221141
243588
214443
309704
572114
146552
646097
38196
471975
115058
12104
747816
196328
108700
107904
71285
176798
1630
148968
397542
27486
52755
416288
20729
121818
5556
497679
60215
291886
18658
321577
56476
87995
37337
77872
4560
191259
175766
291054
131013
252907
32334
29872
182392
13863
240573
592667
73525
70712
360037
461614
931
125228
157050
108323
19028
105142
202941
640866
69042
83626
550803
398815
614456
416192
24286
87762
162887
427027
716260
220777
28323
293129
741567
639304
215090
96113
119452
42419
266249
84416
58044
175826
80837
379062
519660
38436
514330
341237
793085
141732
185897
62072
72868
38865
11504
268115
34061
237145
847405
25031
633236
231036
527144
139887
498366
226001
75309
51381
165695
381713
327739
428641
606631
644372
180772
142114
670193
241482
258540
62202
182520
126074
17153
274946
267254
865569
222197
241881
86439
135603
153530
33644
395713
84186
369526
322099
6362
228359
102072
419847
18212
82916
62173
166809
5241
352048
32186
110797
138597
111278
120667
205532
13149
596647
16174
171882
161787
229117
322032
320929
317581
223614
242400
158149
5108
25269
2621
738842
266608
306
150081
307495
36482
272033
645082
348284
956318
446661
17503
26731
443702
29301
455618
458059
793335
70879
829301
244757
48542
258451
68234
24284
253341
63061
32486
32048
30759
589936
618209
151229
758990
116862
27182
407292
131499
755095
137272
394643
857462
347009
44635
814
58695
643366
68832
275699
150735
369533
146644
211263
405079
59849
313547
671552
103385
43757
186088
327993
61350
350644
203542
225170
511069
39231
398938
5452
70887
61038
234354
182801
96724
236903
504852
74790
109642
164050
5658
14380
523065
188593
189072
435
203526
408195
115818
169647
593686
644681
402971
343463
313039
225839
360343
286534
8395
353263
165983
243949
297930
870544
736452
25627
69146
362043
141282
252426
461206
134430
365575
70149
391899
442239
26069
76262
280737
92009
474114
337380
116989
379351
4135
4713
145682
300309
767759
22319
738686
464528
47721
290716
465116
414992
47879
23311
7131
60117
101507
31289
514018
30898
4149
84669
120319
56970
20439
196817
60456
170449
4296
137921
468906
378307
83946
173642
517460
1346
115024
390947
315091
466898
109327
467260
311527
120726
276161
73789
520745
462042
240373
90205
103238
226459
13026
72068
238456
89868
164414
57362
175742
17092
31184
226631
108701
410068
53822
110809
17347
173646
295204
264054
241479
64351
52055
72012
269156
204652
68794
125113
9359
521231
4647
362864
273301
309052
493343
159663
36646
220285
42137
208042
46172
78531
34082
50490
194525
579223
194
279142
362245
781892
21909
712022
350950
261151
670397
859297
372728
47756
362262
54090
2713
205185
227951
175118
379650
191555
149293
94222
677204
120419
362984
572803
351109
337567
276284
570760
997
26584
742151
8100
58712
239877
11788
28627
737826
175585
238637
291465
3074
385829
45084
6093
671437
529323
271776
260152
179102
85989
91768
85416
85692
29408
671934
448004
142266
173140
127916
49282
423517
364869
405212
424095
442
121639
699098
24448
516439
743109
341652
62521
170410
694530
3247
253271
195048
524023
47263
218041
161402
151179
81998
248989
371814
15598
19019
38708
159557
32493
760115
144509
670806
156618
682172
196247
153685
116000
10099
13927
646388
184751
173137
412869
255107
16202
178421
1487
258331
214455
26355
474843
270207
239384
447972
55598
499218
701751
131806
257338
25270
16364
1414
813630
165046
205860
28536
14939
208693
20329
60294
278353
41222
95135
303381
282460
336138
10180
147365
133682
276057
190616
381378
920581
173132
228937
542198
11659
483601
32104
386691
41747
14396
172590
376324
522964
31626
91554
384977
140926
436117
70047
252144
268823
234640
247054
554341
620388
60211
63199
65640
164576
134972
881609
44762
210951
661173
30582
168159
55845
21942
517234
292053
89579
179879
184186
212345
344671
937553
561747
34589
54704
11272
110203
12088
114364
725783
32533
106384
89208
93662
71149
242638
351378
146107
36826
1992
270056
423335
268228
166696
460792
282671
53401
35397
830087
9370
216656
870051
102737
5159
3051
562938
699480
27817
368946
33571
950237
534222
241315
374743
243477
272588
281899
216529
344954
763002
385509
109509
761659
327133
209970
127362
571204
76514
57093
230876
131899
204975
795691
188911
153599
378667
24195
437209
236710
419962
271311
180482
305247
621352
42918
87270
550295
15290
135144
73228
28519
95549
626476
191131
371824
157770
40775
256008
106858
130331
122499
160753
124466
20161
425854
163568
61144
610578
75074
300924
103814
36513
69094
17050
314441
122467
386997
8003
179959
442757
79495
277923
146881
278545
228439
165050
272204
589216
536948
180424
593953
145924
322286
135694
381157
102485
141615
295646
40822
659167
548826
50128
220012
55798
380898
80056
271524
127468
782732
497982
34839
78552
538044
79579
319135
45132
32016
133152
171107
50848
44116
706449
89026
861905
613628
14988
527401
398027
17888
24442
453008
86772
887372
98207
84549
357938
57748
185391
715923
63200
66507
162612
161782
645324
42927
317369
253011
113970
230749
232675
109455
32675
3048
234882
169088
274802
421445
267929
163449
316339
30964
440828
525504
477082
361543
58740
128112
42859
374193
556906
50622
287635
68248
154356
36016
434575
44985
56334
728000
89934
505367
881729
815735
30784
5437
402126
125940
137862
283567
764319
776295
309202
154817
363533
50710
355580
384241
12743
697150
52832
274692
35130
279912
151466
174614
142624
514629
419281
109391
702257
22058
388428
488796
775
279480
24846
516849
927127
62184
131938
15929
428878
917239
74971
44424
281943
244876
57888
140603
3068
171195
30669
737739
1168
541129
464329
15945
705294
10889
309806
91306
6909
81613
410959
652991
305005
196971
775859
264446
267426
360554
670617
206544
229112
15000
229798
2493
445857
106669
482378
212147
154140
7794
609979
109576
318576
166000
133984
223760
1501
472030
55717
47799
39054
30179
204491
244050
40750
148920
86483
561835
740335
214361
447159
279216
900538
309900
649983
129608
151483
25200
470672
387872
88205
217447
173383
874831
133161
19334
818102
122876
189056
27933
570335
71215
444853
450483
144571
116373
346586
718098
280714
429355
90462
612315
257127
2963
904786
142145
260872
91489
227419
622341
119449
578732
201807
654659
80397
36415
113959
247315
38883
622262
468256
286669
16736
121679
222156
116396
1258
351339
225950
408869
68580
505424
459191
159817
471578
510509
175723
209276
86634
6084
200916
39406
109796
51903
136833
814316
349795
150189
813236
412049
149949
523234
2401
235096
52390
12248
288620
558747
23355
256636
622870
610877
216588
325332
381769
73772
2181
90675
164005
16662
15233
157290
232579
46379
662089
21645
4887
57849
727346
291874
223495
581753
5624
537643
197484
841563
115220
415738
97199
12772
44931
40178
292108
419656
53595
609035
206765
215803
138675
51517
226787
121269
327011
403402
91450
75470
4575
168573
381510
57371
178810
635239
419564
767815
237687
299601
46085
40688
12831
214396
83396
3825
314020
241344
178304
22817
373339
19933
101314
55695
273045
61502
16904
11995
308614
69079
135168
103744
150534
19580
787060
119190
58852
82181
546299
595246
397280
204952
197018
27412
567237
249717
368817
668118
770648
151751
385387
5797
307347
240949
129120
36738
324987
507384
223464
40918
379513
672249
145529
288434
45390
273682
281527
410678
162576
153609
170627
196283
240409
418167
54843
752984
123070
387639
496352
7210
22670
15939
537677
187297
463214
48752
534959
71840
323097
170914
18874
4327
24555
182501
54311
582816
934238
184632
703237
116581
25213
850681
17984
64448
532419
112045
222833
289398
286911
61694
887390
402723
25740
23778
247798
827384
413194
85660
63656
281057
169545
431303
534462
428614
64865
105637
210437
642628
90141
257967
91488
59412
129701
200875
775736
294853
658055
164928
227993
632155
284881
390048
685887
11506
27862
341244
633453
219214
144453
24901
270480
382248
128471
223252
157649
25388
749042
861896
491903
26996
25584
168865
9928
89629
66994
30819
38639
322824
164470
68708
59936
15407
213227
127844
5902
389870
98270
193657
344614
177285
492946
30501
173401
485888
53882
115375
164683
492889
58324
88537
455248
288537
147671
316252
259012
711766
333297
120502
247510
252804
75563
95289
410434
225354
383939
368000
438807
74638
143864
202681
97346
807518
74311
87267
428694
173800
92784
171364
365149
42368
88292
623534
199908
6408
162609
64383
10922
874053
79754
345266
1390
79272
14335
319311
83922
292473
239915
169175
348803
89442
48796
33265
1094
94004
618306
43352
12879
16462
234460
158208
117
573825
215542
74811
448965
472547
55712
10461
646
712380
548999
56726
175013
20948
217868
260612
230656
65435
202663
629737
215959
677420
53908
442932
59375
232677
72529
113468
127315
100871
392867
32457
443900
511834
582990
40830
168597
98060
482032
64178
285675
48292
310433
439887
140163
276378
179437
27005
169206
75268
610911
218244
244209
233655
422497
291405
4473
260104
173607
927800
269323
239374
31641
1193
26826
454884
59866
24733
243766
204684
249153
153245
138626
442541
600018
485936
27888
134941
442350
212057
451508
229169
830427
33974
555303
123718
245966
389791
65014
238941
205675
455117
121752
125538
6061
505851
491971
66936
609367
142893
29611
242902
149523
373385
27838
25061
280494
66751
171035
86302
142614
444535
84636
220545
14644
33523
695568
9191
282149
170733
369777
815079
91824
555302
95785
205691
579044
266604
443285
24198
718231
130707
30365
33578
493631
58709
327659
558289
26185
544771
85150
268901
160609
257
118052
273882
66645
83231
77491
829881
605703
180880
262903
131762
285105
142915
77286
66044
4997
80090
47530
92254
30799
234
228877
116798
672130
1495
719704
192879
935
116918
95629
168926
20888
683787
464448
68728
227514
61401
168873
266336
62565
18381
468728
61425
190321
770220
19621
9319
527350
35690
403297
185866
42812
34697
390768
82858
313897
373752
255480
25576
36978
903300
31925
193865
413852
26980
9997
170686
78743
61337
278840
73637
93588
19515
5174
177293
73141
128839
593324
105075
461033
605441
215139
42723
687501
390665
671187
123107
304711
1409
440457
334471
120
34735
3047
358509
120594
68879
249065
243983
155055
257875
102029
291447
204413
34445
210961
158625
154354
407679
293426
549193
539685
142192
3249
330337
81158
8811
9978
68944
44597
949
52003
96729
40212
24848
672367
409510
23979
177644
198360
274634
369178
204000
32262
218297
151550
15274
761259
121069
371269
143590
7062
107366
10241
500286
452671
262280
142400
26735
286169
80815
17367
390572
90705
243245
286234
1874
648925
689325
14951
18838
71338
14948
68997
8922
794173
372364
150409
7141
133117
405758
279816
76320
22716
23411
47191
132307
458329
104183
5613
372733
488522
175752
251783
730
17980
825222
493392
132724
36767
1872
172474
608510
9706
604065
157719
406859
94868
72894
144863
477634
473956
113966
178318
204189
79143
44761
61192
35412
238117
111205
202285
55303
379182
4480
291447
415840
261195
707213
14778
162017
20053
63015
376094
283151
169842
78512
334
107359
407159
393169
183867
72250
86635
61472
79520
613598
119645
150914
116871
255687
115776
759290
25073
443474
59654
352404
234654
229547
8623
512216
184012
190527
933756
8002
4187
56574
16785
322490
418561
252532
595201
7644
138851
368817
55424
762205
788286
699818
525028
256366
442987
268064
193421
132539
35680
189977
4954
15852
59200
8354
682997
75306
287422
29691
65671
607783
736154
425064
69297
122658
187002
42641
185176
84333
125008
383565
187407
25466
329912
41814
4883
346880
164772
72387
224963
181463
347967
609287
179682
78518
191931
1024
79476
247974
107839
531304
13311
347236
212999
191346
369157
90063
29834
27458
44950
282285
194079
116381
5625
170538
131200
47086
203866
598009
391837
31605
7244
838623
3294
79859
131445
157827
202926
84911
593585
547467
10140
237321
1111
88806
23595
203750
74284
21812
252741
304045
210374
144603
406542
110015
483564
301695
404646
2427
69283
1266
457640
880244
613649
204601
1798
152560
48944
310850
730641
559266
466695
18397
582251
102581
290881
206749
330044
123807
191769
333939
75701
354561
46036
350393
8992
30897
448321
157985
108863
205411
247275
299603
11525
178069
83500
264640
185919
401828
248164
55572
593319
612950
306250
271720
353507
33566
307099
596966
393623
46224
218766
392559
564552
566284
387024
112746
313061
96924
568489
461113
667847
43641
279132
31650
75875
20779
240765
594745
348793
116330
423993
502006
17337
96486
314408
63053
762502
55194
156534
356477
60222
140275
392465
206636
401495
409734
633159
16763
129366
624860
510784
12680
331335
59366
38756
41218
770654
193327
385960
75039
62456
410918
186869
209935
403831
588530
76243
311992
215603
309929
8473
10643
309436
228416
10208
45810
216075
166624
227184
135018
459284
48745
674135
333701
31998
412180
248146
59028
53217
272764
2023
375643
398260
37488
46352
565219
334949
47027
267915
88873
206908
20078
328628
27379
446634
74485
238801
58790
63691
407483
271911
484572
220244
129529
349059
630098
372
330300
399024
56712
35889
486317
157202
166942
606899
567
474963
52922
477307
248466
360291
34966
398188
279907
176083
48909
219641
15221
67963
95388
97259
305761
128038
334266
60959
198916
7105
27857
416612
171424
127158
229516
438633
174458
22596
283951
246006
40491
566340
77217
20695
159634
57983
78995
209918
740956
488360
306905
341299
136760
449779
426597
654930
82234
334125
3283
334613
284968
271454
208027
37780
12585
189756
459573
179586
308851
111823
520259
25837
266216
664482
563543
92536
63082
212472
348754
452144
452452
442622
515985
248588
753903
83196
146952
465137
180475
161035
224815
98085
483416
505395
193867
13411
4353
600544
273130
589391
5943
404696
36610
20487
469360
178671
2001
325083
144137
336374
159614
5699
538423
133657
64092
3364
339491
221410
241989
210530
306350
14483
295428
488101
46611
27435
415059
301567
175846
199343
89002
368224
125249
14104
215769
279618
20761
61627
293072
112609
718146
240899
53413
162140
574912
76917
138557
145728
170414
605629
256938
332857
492648
89298
7588
246062
38372
81647
144427
39726
8675
181241
587888
568016
2994
216190
302196
168350
303082
12778
486144
945137
373401
452751
367955
152505
296992
128223
514942
637325
25922
500922
185068
8254
7514
128904
179077
127887
469420
199791
171893
365538
376428
828591
6714
564057
130285
15528
262957
707383
353987
29099
243118
269283
158577
150460
435418
68602
423227
627
487373
193611
170747
341303
314155
230439
287152
89909
253925
48571
228316
295310
330403
39288
408870
512861
348350
195443
141995
284021
100185
586398
9733
339459
211670
4266
75713
178856
320113
423032
214240
418810
19688
2227
103826
529799
291289
156626
529681
252357
127861
76012
82811
1003
375505
510811
130810
577353
68695
386234
66057
41166
465517
2889
633483
38315
16548
116309
403407
549301
525816
650259
246670
412612
42457
141801
127005
321763
11401
17511
5132
118233
42678
206935
3938
54057
117094
537471
150928
467746
227833
215821
65731
372763
450157
294298
71534
65301
763409
749412
196924
149318
271630
125056
181757
231742
9470
93107
332221
74278
14671
415842
91291
373063
138604
102311
201377
35116
15580
385
27908
382655
34857
9655
68711
131653
262843
7267
211082
811566
129407
299959
389532
164055
569401
445278
7233
571523
370176
29299
148297
649832
97172
281019
58954
41326
651299
335312
196865
50804
608073
33254
875171
762050
331059
582190
154190
10754
582741
74369
496244
212486
255576
275188
103025
153642
24415
236228
331191
276462
111621
33180
513537
53631
125429
283680
625243
52116
744807
41671
299681
152188
44461
403513
191092
71963
286655
324467
169555
42557
21583
211100
274899
658141
67474
298393
906787
45496
112714
41470
42327
574177
515
291315
8836
16257
209283
314968
130464
127803
37761
404392
26858
38488
103531
706843
161004
154712
1255
276036
107187
640779
77514
59085
608499
408522
930324
431049
429787
84116
496002
174769
2497
60730
709790
100441
485890
143117
205269
403770
117389
536
522421
493767
616527
100040
357316
723482
674153
230950
74081
64006
91756
344551
215414
550142
39757
128321
360743
284893
429616
291630
605117
302065
3409
50318
855466
15712
630198
128650
104771
795164
212240
808498
15017
121194
154527
60988
92279
258099
86489
447160
474895
54026
194624
150576
195938
53057
23984
31723
297034
465498
362591
228434
586078
294034
666276
295813
121632
2441
36487
383674
298059
500190
11466
757807
133979
688604
278659
185976
275484
139613
436348
95214
56439
282697
327992
19921
42463
7471
298487
127045
91828
391221
254054
509997
43521
112188
184871
151314
3613
128420
212131
155162
308869
267549
275008
44267
44783
591610
161802
527825
60651
146046
72253
120319
215022
96605
204489
110412
101105
57326
375727
408432
221320
69139
501459
544285
131292
359406
871109
38759
122284
282543
33308
2611
49939
488346
514682
215777
302753
376447
453881
159692
68543
162062
66958
124271
62788
9026
19611
101834
5726
394866
310094
299415
67689
284302
379723
30731
349190
179110
20112
188549
108982
506281
75471
771313
5642
86750
295136
118395
624458
400753
222647
5213
209403
260175
280632
440742
106186
512240
140776
41086
572260
331613
298913
151365
158541
244410
238421
648
24370
608638
172668
4139
53178
310561
358460
37078
170952
154193
40073
89116
332835
615759
353334
59714
73911
9068
382569
493669
195559
14971
108757
104711
93351
228847
250997
67848
401839
297384
392685
378242
329910
318689
545954
470162
125157
236511
273552
31197
21776
109874
286510
243079
75238
70723
18348
106674
30308
963125
226319
92890
23149
519288
170699
464981
157529
46687
693794
535357
12131
648622
21748
372313
130478
292575
268889
212030
131733
72101
320260
743450
180918
86171
139163
210165
782947
55629
25614
1126
12669
145408
36213
649171
27893
28038
168409
849593
544016
16113
47374
270376
207967
824776
92569
113437
153421
137158
116040
398875
406889
75671
66707
31240
527607
292603
88280
34376
135442
197995
174800
103280
483245
382818
190653
130198
142160
119509
348663
54617
3646
259965
264362
59953
163233
883770
85445
241713
192322
45732
425454
171122
566385
19454
27369
221334
186374
571675
26965
145840
104067
40985
122113
38974
2105
744176
82184
402783
302594
148571
67752
177854
53263
3735
47280
402226
535146
331128
64254
387175
15068
55966
611377
143151
616168
8038
242532
275443
67431
87763
155084
458570
99661
567357
187864
372005
232306
589218
131875
28735
10454
425806
38111
77190
188103
355661
55570
440483
54661
112837
243574
58126
88799
357308
348345
224480
1500
115677
47346
680202
500434
1067
147470
43376
43722
618261
387387
192462
76750
224386
37690
503693
34216
816043
204089
60801
15692
538349
280472
234558
278837
773705
44972
501423
23314
578093
203652
225316
437413
616433
34388
648752
97554
156319
55994
483217
631192
375868
447048
213004
5882
34016
29597
127113
35989
262050
350188
178733
90480
419866
431249
172431
111777
410408
535641
428501
103203
324101
732498
4691
708
151549
60765
86476
176089
110663
144608
164962
924181
689631
31414
3209
86847
150351
362295
264760
606715
494478
88639
92633
153434
93575
166030
200633
819142
144251
312965
793
204365
499875
602808
621361
531669
664588
211736
82439
49800
137782
549552
137005
690092
166710
336456
160424
156765
399942
354165
118878
135224
289507
168424
86955
491642
148359
821689
319722
334575
59349
160974
102134
154510
535259
21596
218631
21736
873152
617175
202193
44587
164630
124539
196573
6034
368014
397669
151916
420627
514595
31962
5242
52512
420459
133008
160445
284896
5419
664428
109051
484750
173369
52239
296712
298877
125046
4076
15116
273712
61059
520196
9487
43490
102758
268309
135466
41034
340423
91059
162914
391264
147849
109156
778945
91449
22496
58227
92551
397831
801454
14469
27527
87877
229238
5108
167638
437935
297747
257613
568358
229295
159388
120179
319074
14004
26682
578484
53417
108112
9371
377886
33095
368607
963
76580
860438
391398
169440
424431
302496
338379
2685
95328
503106
85368
241499
38510
62395
35035
120844
380714
366780
125838
302620
8331
157009
463459
95677
5416
67352
109810
835866
54596
75255
598765
344715
47271
1068
79925
550572
153745
61588
90826
226669
223923
104386
86042
252623
341536
40508
397513
293890
9501
284086
128473
338968
715754
53396
291371
323775
167248
313803
112146
124546
47289
5727
236903
245857
28015
350623
780784
81645
32118
150549
84034
93682
307482
691091
98513
710155
390667
295186
156440
148324
344460
261383
74134
99505
140511
561404
148144
36657
444703
187109
140538
486323
47314
31535
37105
52165
391837
523668
391219
208792
616925
212464
381639
193538
207377
77785
260069
645159
65163
29210
99456
256885
275943
3777
9046
119206
92069
482841
75974
136368
704270
473941
3258
51790
48369
65200
68791
29017
147263
193739
333761
47465
189015
175674
307934
709766
360455
80415
7375
206373
262519
418041
191793
20849
67240
211640
6143
131543
757811
103862
579495
229562
231125
418031
166617
209016
146570
122033
271541
555847
62409
41996
173183
1639
190409
423124
370819
67465
199901
862
2280
130744
104691
702477
17339
30298
440047
208197
248715
466477
253134
535336
70625
22794
11361
29952
88334
232866
3267
444612
72943
171414
344599
26826
89908
99579
99143
31932
169374
220548
765203
241113
235056
786350
118669
30525
40844
47469
459216
421570
661727
245056
11676
614801
196539
513210
281369
639773
76288
2955
8589
43214
220848
68179
656322
107776
275688
63471
332452
311488
172650
101552
251008
29470
64316
262143
63715
662729
170372
411196
12980
257489
376132
331064
143087
262383
530344
519180
162167
282964
184947
61971
270941
414049
42726
54676
95378
671696
41179
107908
5397
49710
91295
302739
41328
119239
59533
2845
141461
53251
113318
77920
255914
16710
148870
396904
68599
24898
128550
315096
735481
66542
49205
331700
4741
68051
124611
318210
73305
317386
430825
122730
30352
127470
3174
499139
181518
269524
387860
37779
128736
69584
13930
142114
181357
17069
104327
327120
73422
284903
55330
3850
240175
74891
11849
805002
138549
114510
223192
494827
9342
104304
223248
2043
57119
140163
522599
36036
247314
1281
313616
2080
255194
554009
67002
125059
319335
314861
464406
122654
566002
281151
56423
314442
36878
90170
5083
310426
139682
911485
22897
596096
113699
279473
423125
276744
13007
348591
259712
271068
46263
496456
13839
478600
76155
185535
431014
3635
241437
636945
106388
84056
694267
318689
61887
86292
40131
357991
272226
131763
6418
324839
236680
14092
99121
34569
614365
13982
225070
385815
101727
463882
6973
221589
145265
191054
25838
222541
302692
25166
803469
324095
367978
487928
588901
141257
727311
615978
38494
258083
11297
530837
112739
23735
147228
240741
38592
45354
202741
325499
207421
1365
448682
448833
125469
450541
337907
118304
54726
40881
50808
22976
173595
176996
684087
88605
274420
450620
587381
539906
702114
145372
195432
360386
580671
248445
25423
174750
138914
346267
271505
333407
6187
232212
174087
86079
127988
161836
388949
520090
62158
387516
718303
162
8313
608547
4246
309661
99846
216766
53384
154925
413102
546167
480148
85
45569
593197
217327
337670
91212
362165
281896
376187
609970
47354
151527
276305
14959
22056
376811
271536
62553
216883
848039
755077
16257
43147
157623
297108
200396
251215
76597
316547
315669
329553
7995
623265
440566
338504
4038
7965
48596
125840
123909
732825
48323
576837
90938
219555
243675
541890
92667
868960
55501
185829
145456
568771
367141
505009
448779
239906
57404
266411
3215
507563
603152
459331
2573
240180
86420
115264
95457
560300
64442
636738
70141
58194
776976
32612
191114
183393
89282
188660
180714
156700
645904
286877
229195
24558
401220
90573
10379
211365
174590
17627
810652
78097
183652
148454
6967
689200
46439
112777
107361
13271
92058
321156
95485
136089
269403
246318
247184
87883
77749
448452
70138
33882
220247
350100
31850
41085
189474
440616
615600
724693
30122
595135
199065
375532
143006
45122
6184
75380
487011
459735
655789
477813
5085
700889
632699
68008
111356
59104
413496
23473
652622
333443
98319
177505
52308
39360
360907
376203
642417
197923
70238
90049
47907
246882
73215
90424
294977
582067
96053
885
65338
321751
210137
11240
455648
159333
140110
369382
306136
124635
403709
300536
48298
148399
369505
328918
94561
128163
261330
730239
205727
268650
448960
26725
124473
92440
244357
96154
128518
670524
184881
267145
52262
157051
216627
182915
309531
172221
12850
4901
608208
53072
255331
131306
149074
12116
325760
437066
215125
442066
115131
116492
513362
440327
13635
5224
54203
17660
536491
714731
117492
320499
393862
226105
149837
33605
64139
4099
276396
716635
297075
79270
431781
196819
938
500313
121748
84939
364701
45190
67635
174675
324298
171886
24818
277168
11297
548826
179230
223819
37599
32645
111876
112323
74625
78763
578757
2817
70928
388188
7271
318749
58593
2302
500256
295499
212028
77828
702252
478482
292743
100115
41658
86812
208268
57159
364211
316019
781249
595687
570834
488082
4620
74603
120809
56192
39423
221640
212920
60264
490644
391528
52122
206671
336968
354930
98270
275551
291
357485
262103
256054
630919
142017
871084
863985
104978
9151
673943
335015
60242
595084
267493
148561
6570
52685
5374
128469
317879
141519
183185
658244
18501
91069
306893
397455
16086
10945
28221
96029
422176
39773
43934
235576
85467
121963
347012
396212
183196
9166
75812
246643
385356
222851
804629
12562
413787
3742
207610
311252
136772
14370
409653
371987
47166
283604
366185
139653
422964
302917
212477
75530
106443
45707
24940
75234
57441
549300
209487
262739
621
161880
134869
14702
9880
304743
279981
534677
111297
671166
399980
38221
22152
239175
216267
213985
50991
167457
817250
304460
262629
437218
7258
158597
21833
224384
351514
5979
329762
19
119660
239513
74212
1429
69056
435299
215782
57566
106520
2124
15724
287326
582938
16872
169790
413200
138013
141115
15813
106145
456724
54715
335402
484323
335161
87906
714392
39561
11522
507863
5317
48024
373705
979491
27651
6427
339454
786825
316346
24972
357956
576249
239777
130321
482824
111621
908948
131293
369746
23958
466232
393401
37179
236125
314711
121025
433767
21909
171404
78425
108325
462423
26781
423946
51499
826029
224171
390515
11894
212977
2065
354543
773708
19921
185877
24441
706482
807308
228200
29039
164837
547600
32459
238451
338209
40366
46266
184181
360792
725077
528726
217621
31456
351093
106524
19890
268574
29600
540186
153002
269300
1977
436681
588895
401957
97648
37793
12608
48963
156990
196878
605443
115948
676784
112173
161550
64788
47525
46318
117249
507454
117108
21166
61219
304061
15896
542968
90982
610430
261672
839695
256539
14539
18388
32775
225624
51850
371052
31548
101986
132368
71663
121029
21817
65953
132231
254330
3204
491250
400718
302252
356881
126391
621513
24462
159298
209460
36853
510141
202426
29789
84944
385540
404642
60812
145067
560742
769419
84811
189676
26001
192388
537878
327606
69650
681533
313846
84838
22112
259756
267292
198164
157667
43541
456050
629318
108173
247622
114611
11685
694872
46303
25190
529561
347810
475595
5720
476190
139725
59759
168751
81150
160558
27843
39298
29193
230042
247814
37568
284589
883978
49352
48187
52874
480772
187052
27525
732067
78970
762252
20654
668658
36157
8276
389777
923890
22751
264768
156303
189389
666590
617994
153424
21251
506369
68207
107376
22615
609976
364596
107638
50168
180183
364261
289816
14849
57184
296971
85403
163562
4730
175865
924327
895934
160513
814933
963874
29814
75721
289996
802077
60246
162947
108541
136498
44713
900904
140975
317678
189342
796555
47968
34820
122087
294975
102076
117625
96373
424767
73705
141287
226820
1115
472200
31139
555363
200466
21471
533135
249034
432999
85830
56105
190088
486521
238264
580933
447561
189172
272142
62114
295872
451421
128302
96898
117618
385833
24954
156213
436484
212984
36611
344352
36184
385181
918695
768195
23952
234092
162761
169427
34127
44288
116795
253631
336731
656705
778101
15165
116168
610525
22964
130676
43262
188842
115892
131969
397826
20280
27230
148238
20037
139830
74997
7221
90859
111220
829445
95814
809870
335370
129759
18559
227606
606612
99646
5930
591130
674153
194497
340060
121034
209703
127043
104871
240329
364039
594071
382254
399992
185362
837994
626329
64132
411786
116320
288963
263430
111850
166398
190805
45907
12745
223122
241068
67116
19242
138151
79308
97720
141582
52959
118480
143269
171039
159876
241470
74892
233631
365821
5597
231
116580
462133
100666
238916
788170
60037
282308
524863
71
415009
754462
351592
244698
179092
150527
545452
247584
481179
96474
104765
37670
642
6494
3101
76520
563250
401137
664698
695886
771577
367932
60277
213865
184702
66327
121724
85
211954
94209
360506
78072
564130
105250
125400
299788
162718
19268
628253
488059
203108
155430
160759
568071
223478
60138
198345
642822
64840
72759
772745
480325
938
21426
172562
56914
104117
25908
667587
255504
384320
303407
2894
4723
49762
420045
161106
254794
280299
44478
7695
144330
35930
90741
355782
908527
313932
130720
92296
509864
15221
16474
409962
545478
136789
115755
59145
554362
395700
96491
217352
185858
85462
70250
40441
1815
251390
35135
65870
204418
586670
113097
119096
542729
626864
91950
239333
88016
22148
83174
46390
400493
41820
155090
750077
19276
430343
4983
577255
443190
63377
4064
81078
864886
547041
146317
85390
735
336275
435194
751993
714136
169671
12419
193648
190216
102454
817025
54912
215971
598175
23480
416686
165810
543907
412820
276618
107397
420571
35956
34615
83954
261273
70469
105862
107694
206900
89328
441967
262777
365715
171694
263601
219161
209292
769876
225047
652445
304186
356725
11690
77046
594095
287194
384568
49562
287879
10104
275462
504160
179831
472923
513170
4214
218319
174505
489167
383938
224882
689352
67169
701350
14413
206758
20899
580396
239361
91209
139737
369066
172862
325785
285040
655115
670660
311134
153816
264597
95996
136271
60846
571430
106650
438665
358449
454051
252715
470355
484080
2435
8129
637216
543726
862459
384319
8890
844160
690402
103546
599500
119397
373891
91396
83591
725687
832776
230590
102625
226106
380861
93225
103442
219379
260603
220945
169618
62396
270092
93993
429726
130622
90579
230535
253546
190869
116478
523785
90067
140615
386842
27593
744939
702923
440287
328310
312449
466946
759720
119626
148397
212487
14923
47450
391828
191518
48747
249956
6847
234002
43825
407435
51013
262884
22638
8114
127698
146622
652908
39786
8897
67392
144540
112051
31595
259211
217224
133623
151194
330931
319850
30770
168940
355975
941
101568
5414
70973
917892
649935
42252
61464
32432
422825
524223
178683
30253
702836
64562
64917
415777
20813
297187
313338
247570
65069
160068
597698
146346
13865
88093
71363
559472
349764
4971
1869
17675
173368
62646
44084
951716
159858
141039
8198
276701
571821
660520
66504
261999
160923
117654
725493
25091
658546
225185
359103
231945
29797
175806
94609
113033
694318
286935
876457
47103
115095
193644
386184
714378
453631
26048
80741
31466
61685
314003
137154
184142
4142
423688
410739
83164
156539
382117
703375
177721
257186
94972
75850
601275
168869
531150
159649
253933
185143
682181
386981
634043
343122
236047
6284
67060
257475
470329
516879
533899
42357
12295
90007
62833
468034
96845
354990
53459
53825
456580
432464
438289
234897
95230
259210
649675
126546
184740
230376
64230
126012
421102
598894
575260
184132
18640
249869
142065
86683
765380
563533
368994
1991
480208
7477
301330
95221
320641
74607
268452
34358
689908
36275
314226
268351
43404
44102
57155
307229
187675
595064
51348
111461
28269
704431
241262
222220
131067
752836
679122
8165
377861
35591
50203
632413
492536
276857
103118
230844
102235
119205
375380
1537
719047
698179
56405
256405
297565
54260
156274
293137
59739
322586
347021
204949
255306
23809
24656
475768
377022
4428
51364
552824
726648
494468
661217
165436
503927
171447
224909
5527
634120
140905
274906
808702
164320
145846
101171
118026
674294
372372
439803
105767
107878
286968
119970
67875
75227
321825
276654
62143
115746
325208
9279
655374
142842
483306
138231
698760
687763
132730
683870
80057
549453
260343
74429
86660
15163
180997
795251
289561
275662
241136
317811
8666
177875
84477
565393
119872
147203
177964
245345
285775
168788
272874
119551
438963
712235
195095
144223
403745
295906
3483
77602
779963
82121
32956
200996
124941
153493
56865
179301
167022
26529
53104
8649
82005
529898
30567
192108
305573
543040
8515
344644
351531
29472
40466
356023
184358
81824
184626
119748
52439
646687
183317
6182
699843
78856
317782
53568
126792
285202
22268
52621
65065
239994
41655
252561
159449
83742
71896
193652
20324
185755
87027
318130
47845
3837
52633
323460
146344
25782
604727
518257
65612
5387
104250
154405
38763
563772
114671
313360
114110
18121
206943
716518
36424
124603
24624
48380
76562
158400
128205
77840
83658
102047
779766
51478
249814
18591
35570
48150
160988
70076
27912
718939
165838
776114
22979
267105
207833
419894
262424
46400
11231
66771
18120
71289
726
101486
490321
89080
453441
195708
322126
385367
97230
24318
41992
233092
248335
54120
52637
442028
151825
46697
111216
43624
156816
74717
188661
498234
525621
567821
13806
528506
184367
269784
52501
59652
801860
651647
430798
624527
249251
108378
62128
527786
14657
534676
104935
228563
24510
179547
21201
63187
609275
144441
384480
261362
114837
739447
482155
273
407929
231797
31265
502041
6554
47129
675331
55068
292195
77495
925
17415
47056
678526
750603
598344
7683
158909
2024
320133
175574
234010
272519
31941
675155
253390
90622
217425
110600
95262
160906
381677
55201
49067
268645
543818
822839
168396
3545
465172
475406
740632
180346
267445
152431
477991
301536
895715
248727
188535
317864
665817
170183
29433
253378
234288
298749
743864
384202
313521
457444
427002
424827
583
119243
304160
232150
395791
511379
74950
407421
485537
238753
257340
194839
387801
101909
36455
62121
236460
303305
372553
540649
100611
790383
606906
196197
93827
9756
35656
37489
71670
494023
505373
26570
1178
293341
314109
417734
213547
563612
80011
78366
206180
529307
674037
33617
20706
39403
46492
490720
64020
284584
236293
195719
115570
624583
174689
117607
145754
35806
261944
29240
102353
304077
553249
1278
127467
19812
541433
451913
16855
299478
571192
480172
115524
158966
206306
240301
137953
29476
110633
16313
257321
316025
78754
101934
294137
560459
202878
5040
91274
258809
335444
328720
126986
59627
346582
265037
532853
12955
183545
677773
382758
303381
318953
58681
672494
53044
216092
92096
229264
2057
158484
197770
95593
14485
163114
163335
13723
475099
737264
405550
172208
99021
686280
143734
330793
78227
151782
38151
381654
332123
106624
141634
582521
383615
47110
220810
394329
72029
59491
52363
261342
224969
374790
553788
280983
188526
664821
433747
1777
55680
13662
747226
214537
415261
60476
20291
18081
285892
136486
98330
100412
476487
11959
35516
63957
249563
67534
141858
757528
142615
259711
16524
214567
275776
108173
80728
621380
24974
619600
238756
340782
296465
188198
52835
206573
145457
26067
647470
794911
247942
194570
91023
109577
345769
290309
409209
357286
283714
221831
38840
225515
142195
77618
211221
302877
98604
68777
564307
51683
13532
222961
157191
822104
335275
178800
368398
540074
327638
263629
771275
135635
180018
496163
289859
33024
65699
145889
87196
203691
760810
218853
647334
91167
346924
153738
55641
193800
806728
2490
678398
254946
166580
438872
419412
70709
115102
81446
499998
223062
248664
516753
258974
60237
21987
387948
167313
998
150186
174536
310328
35888
632233
77098
745437
189658
456518
51031
244848
409671
96730
103014
64825
376719
563744
451574
146139
292078
320373
121738
517168
221076
260102
263008
515833
389982
392360
107981
47119
213818
34122
124463
50313
11124
122981
848254
12671
575587
45633
5667
653016
44453
19778
249838
23521
331861
533959
114111
16070
67714
43870
8241
29808
249895
28355
379495
12969
404914
8980
208126
491133
83795
139384
288601
687166
231635
328920
328886
234635
246812
267773
48164
89250
273755
120850
456425
7234
586298
526512
473719
65568
947
124848
242834
142871
189339
297431
32076
179775
344058
919899
127432
17916
133922
42266
393648
83716
2871
73699
39032
43338
121555
131405
128551
3792
75861
58623
324353
784378
121980
247985
123436
87441
727508
48804
30410
528918
11782
424690
172838
294377
63570
10849
356574
8261
15493
243175
282466
51346
28038
69925
68455
10243
209052
18437
15715
35270
528351
28227
112635
14127
251452
51692
118762
42418
349487
4564
367828
360099
302254
674853
31773
93917
71730
4215
157187
782203
145333
201132
50527
34487
443782
25925
183182
213553
267503
454214
73227
730456
41764
335468
170579
256387
31029
78322
378974
426357
264532
102641
625481
469485
194944
11885
571870
34619
44920
57965
308684
113717
102490
28397
431740
552296
255856
31358
262392
163889
31715
32549
19162
143612
517964
56906
154994
67071
144790
401073
3379
13680
107658
63344
27479
4594
481539
309503
664801
742320
334013
411844
64914
285746
535001
269218
2776
319251
240861
471267
3826
423663
423233
283042
628949
27184
400024
413317
72697
8186
501554
30137
565154
311870
150913
433530
350275
343294
203408
25927
927260
531189
9477
15662
217101
166012
161035
321894
551929
385416
228150
51947
12396
195608
671762
180828
28317
177058
363083
87843
15801
156793
532027
318921
75681
993
6930
313240
4237
190324
313588
115294
404597
69520
407853
968684
77048
207155
199846
256631
862092
73504
679820
298620
31401
45948
223067
219852
10269
122527
432499
10956
150748
48609
213195
340661
517911
28094
864989
6561
53346
396050
61540
22852
75733
126990
90789
15860
386817
2150
108287
533782
233314
424039
205521
338808
121516
22524
556393
493296
120452
169371
469648
514678
549583
137741
85713
189076
387450
16144
245533
244399
58060
292947
40895
619969
263013
142059
530077
59235
70881
164365
509919
513946
7894
554184
65377
38260
894364
222118
52750
33375
11424
206107
300742
589139
408587
361044
576784
682775
431726
116066
246388
98684
30168
73187
757179
12585
78741
1559
177922
691480
445121
583672
320379
185299
357109
108327
409368
93899
9276
476877
30597
140241
289025
25014
94978
710418
40136
719863
36933
238877
560100
294701
668695
525552
481315
36881
8836
606158
725332
19309
32977
316799
106623
6926
77387
310505
19022
221711
33001
45916
281957
209983
3009
342566
35681
646568
214689
24540
175185
20028
418842
197907
373696
21177
59036
27600
250539
145541
375897
116463
54853
480887
764484
397539
656295
179935
167156
146508
46736
75818
290620
146360
6924
46019
291124
279033
415281
557894
24141
60140
150274
251062
724865
88397
126143
53718
15872
138637
14722
8508
222175
106501
114785
295019
47502
47699
361942
232669
573417
120287
33387
15052
568206
145649
233731
110447
899339
155752
192595
420519
83302
4641
411416
91282
194673
14071
545742
70762
347398
444155
411542
47267
291922
283366
24960
345114
550036
753585
343832
776134
228934
393902
411869
303377
730714
496
701408
799947
542650
167489
107783
90840
49252
23485
440058
113834
144196
326337
865920
540082
181336
63786
825380
84490
301219
255686
253457
54823
309571
542201
135194
571008
60981
626033
161790
732625
534547
728496
11960
572966
61295
251315
61971
434740
39097
140670
143219
180233
464610
566
123040
23020
217633
284067
367880
303049
51692
657928
7953
262584
177081
480244
95169
123221
412251
7779
780733
644579
11072
110752
362393
137916
35956
50885
189
375137
164337
738135
265239
301903
266263
798223
50154
337620
19524
53623
538020
494008
210961
363547
91020
287768
18433
78503
113469
12802
25860
598255
292360
529938
577921
252069
70417
487049
119501
118529
32634
69579
38190
4158
240241
178428
462467
7249
396616
367668
38152
133436
146691
133745
39147
35264
577636
509347
272699
137631
233139
157217
441926
16865
515943
525723
883079
69208
176434
166600
358291
499782
446278
424842
316409
505957
5748
6490
528291
6349
386897
673962
184482
502564
135543
25150
138507
92899
79476
13701
182157
157071
319210
106798
835640
613412
250016
18556
197551
333440
658956
348752
350473
43746
81076
331477
540470
40312
251845
324035
463213
714523
264739
59545
50554
648749
149210
142630
23797
737271
60777
69247
237444
330768
306178
138999
22143
520052
469058
64304
161214
201099
198501
218311
32799
59167
419923
516497
461222
64225
589160
458038
17782
52550
50793
25877
2194
432950
536710
23348
179198
83772
538404
465924
105305
43799
140854
413765
354032
190912
477949
28412
601511
86613
27127
177474
95876
25895
191835
463734
585769
3355
140181
20427
133207
188312
213671
183774
36518
236283
377407
151680
97242
42558
201559
53759
9017
160812
306079
386966
362467
394413
121950
112819
75569
49401
183218
213021
177
121942
192373
857303
160172
295877
649
109249
186650
54078
363027
41804
6317
32386
102788
50315
49473
79311
15240
11252
48154
151679
341182
191529
21002
151136
614251
114973
214365
396608
155180
88210
576202
339
49511
16677
117509
241986
39570
72161
392937
337725
50382
230978
12808
35093
291338
630095
67172
227349
249075
283395
568745
305246
209882
360922
245009
156150
467257
55563
128616
11349
201950
584163
113467
292508
720864
206083
406364
734252
64755
13259
304307
12277
37994
453541
211339
11007
186858
103121
127669
415388
127840
93253
145537
481264
109526
2933
262666
87955
638913
2028
227344
517093
111507
147806
22756
79191
16045
646817
6515
76217
629583
149027
324681
222718
289293
142087
10011
178829
243679
92921
159133
366736
425527
91465
88104
76633
38198
738061
98882
527623
391354
189041
8870
258673
245368
576086
156488
441011
438917
72378
71905
261867
53761
749552
440605
742854
562951
96590
370927
104705
32107
136028
499326
358428
30706
62825
69705
23925
282626
438845
6
149696
9060
154297
21150
52978
173292
91517
91500
968
8284
455336
57932
252924
162937
79941
83033
219183
553993
36819
461335
73493
19611
553685
18026
175683
200162
161166
358889
492191
116647
204931
24331
780483
371048
308098
319044
490116
7395
93906
103309
515630
439335
177672
458656
90390
614554
265844
68777
658375
255775
381224
309304
88
72832
13600
22539
109749
365620
586822
91388
132441
22534
30154
424948
3308
445607
21129
390358
249651
70533
664062
323352
5056
316543
334032
23369
140045
131667
19227
622503
306214
416932
372336
268316
197940
67862
263985
74449
55762
761155
148554
580342
155451
68854
67521
203940
483098
520048
475706
598445
49704
165328
610926
3901
76031
236934
594790
901997
198780
397812
333494
399688
238280
173712
53823
289895
526681
39121
454359
114420
494379
519023
70806
51944
21323
24025
67545
13179
283940
435645
340459
25437
898298
338971
418190
84200
291325
114729
7060
166126
77468
779909
30345
444677
237143
573859
417544
374393
183476
24216
163958
327003
168042
187279
121493
185467
171079
408957
357142
745186
441826
69655
5619
16035
41679
24967
935100
64954
77032
526241
2209
446166
80659
486784
63518
582611
248572
224358
173484
428642
202327
252594
250454
17715
125603
848
159287
355379
11146
57996
193469
518191
68483
15410
414606
142452
126989
129583
486696
50266
340580
62231
12022
107849
45039
450873
39201
346490
229819
176776
13818
31163
232741
239228
12910
1808
315954
37816
290657
319428
1291
568417
44524
5023
649921
20589
677968
317084
53276
87314
806731
403992
6890
196796
68676
327961
451911
328415
175120
334772
431502
15166
227202
37183
4391
99296
220908
43251
143953
281115
9956
162775
139454
353178
117649
161549
4011
315576
7234
359608
356714
336413
473541
972956
621722
19926
129693
382596
318988
244199
446543
81135
334057
462700
451863
3977
348527
59689
550203
476926
426286
151578
333109
116021
41958
490627
258148
286834
73498
74079
588042
804936
164649
66600
80076
202865
212039
343981
300299
179026
69977
44822
37745
123261
369002
299750
551491
30427
65288
1324
1085
352917
357927
338897
93623
477433
345370
752769
738768
472003
96595
304937
19832
304580
476886
292642
544389
112714
26525
526508
214375
504928
25281
626200
194154
457265
88330
633051
6664
6747
133226
459759
635428
238422
4592
275310
51659
268833
218438
2573
252807
379216
274635
429721
223966
134034
323180
26835
38622
280907
183535
30245
835
101645
56538
663648
256258
27717
157422
12041
325139
59305
646236
483186
266911
35769
757626
304225
630113
437121
13536
217878
779833
53910
245595
12950
11782
498955
174
299656
92629
297781
107520
457315
526066
14584
11814
391288
38862
141666
477382
418243
368548
409956
27561
894074
33453
197004
4737
500702
64322
155992
41479
98186
259356
604514
115226
192643
57056
226214
539312
418358
223374
221354
818814
84561
196307
105009
16649
363381
369252
74659
274228
187881
224493
266874
498773
109017
217225
666829
481526
68651
383575
426923
55930
226330
221339
554676
8127
454909
332117
107377
687714
13666
237827
72683
201935
606234
583039
361400
7170
112286
400103
811932
45168
282141
316593
210438
766319
198870
343739
547773
454112
100683
6400
538524
712349
34871
162956
33282
3080
210073
205496
388120
7809
31492
118186
85344
114336
126678
64246
124239
89584
408113
640187
138697
16235
386835
131265
110609
96846
289690
286695
129943
22552
388476
134477
136818
4993
274783
703886
281533
597547
336428
106969
684303
4005
181773
341640
21496
396828
61451
74467
260592
308435
59687
41110
245683
11009
35355
62538
230546
139486
317775
7027
110055
479963
81547
329002
378708
323460
105628
308183
366919
247397
34864
13073
918629
595685
473088
241621
110852
169440
355194
480804
676340
360179
75716
401051
132620
734223
29898
709480
64861
279561
470
128286
124130
293679
96140
100770
671631
25957
4101
40885
13799
240632
333209
193558
578002
27017
25266
312252
502048
94573
376087
4885
309015
19779
191217
413530
426719
123086
21194
284448
368121
90410
75129
182103
748025
661358
275883
46883
71576
149262
93310
217546
25983
13366
502607
113977
42091
155384
153893
553763
82167
780329
11888
129465
291777
133360
317534
169234
94690
89279
344698
160847
147321
28215
350273
129340
355759
52632
113227
75022
222500
367556
472064
1492
128745
25327
331713
521256
6245
21326
37237
177935
12681
21941
609329
73124
499069
11901
793153
27173
109985
177279
153982
174314
303169
361471
772449
26405
114979
391460
56946
175988
271342
18509
337062
418394
664268
156224
222641
259955
31275
116612
155726
329736
214767
498414
422147
477971
5305
872631
343895
230952
320998
380646
177407
250208
35589
3533
28009
540260
171378
488952
74673
61053
135882
374596
164037
224135
646377
632814
61200
10638
239387
174943
354099
743989
199549
755691
662945
579340
120737
60468
218412
431816
77143
53668
20663
556254
668973
62842
162671
215420
714314
524688
161731
396490
29314
460950
20686
29235
564609
13401
341757
274345
33246
110086
159407
43081
21935
135136
168295
58092
70040
83800
94249
650498
469786
880588
21659
126974
170467
601816
301849
515108
11421
38200
70094
157968
20304
365897
236109
32833
46976
255688
6451
393917
487627
15102
47495
848114
350289
346447
4207
336725
35326
609951
4119
288691
24885
604060
64636
330070
21461
265240
473144
8706
13293
409981
479646
23647
579593
21503
501929
312190
539411
521124
262025
283943
237327
111806
174761
487663
496119
32589
121517
209003
14351
185649
44037
424953
108886
766439
49952
631406
204895
26622
21974
41130
126751
112968
117359
303377
324948
39966
448951
139602
426605
201414
82407
265977
27141
76348
349377
49321
162446
561841
71354
440505
536198
817711
3845
469988
37662
12011
510266
197244
480944
92986
41913
1776
172213
471800
63912
206944
125978
17440
279027
678275
204677
347454
733987
478432
391735
59524
198016
96394
101766
439441
504655
409337
232378
83239
11100
152677
534920
795102
98722
226365
841156
112835
69413
42390
300267
728645
31109
1113
372682
430848
553884
151962
278299
252885
112940
185095
305451
854696
101956
517610
396131
770960
238364
20296
38481
555051
640019
291774
30245
30062
128468
8647
177941
268885
98122
22486
483925
33054
184836
502669
482649
267799
190607
259580
11998
551175
344024
94516
431197
190994
38977
753104
126427
44723
311504
63396
489787
13547
44652
417694
486045
494019
5446
312712
33032
70925
8062
439724
85054
447612
193632
93192
64986
56381
160481
13117
25027
337479
865023
84164
573124
252286
503762
556242
26352
118421
153849
292134
647179
504569
506426
627568
484741
231692
63238
310629
414271
286967
15070
68951
53804
383604
96117
323456
156760
138886
181212
836764
220805
147522
326549
64723
484306
248144
3049
124646
24059
202820
36441
87201
115186
63698
331345
134212
398188
174578
577572
365015
269594
311275
133420
71892
63435
5475
14804
200986
9943
380290
175458
530049
777962
223484
608248
248404
139116
388235
115835
399718
37341
106174
37600
580414
128567
798851
331598
199588
93376
196843
109045
286655
431654
555015
207248
36134
156989
51109
97679
656484
198356
848373
91830
61830
349270
115109
61149
17965
109487
674824
209775
293020
565357
216439
91707
380390
169495
132698
312925
44315
196032
596827
510352
288607
28345
222454
379747
38512
787267
572532
777964
14797
165480
370994
76785
30418
505568
260136
198877
207996
105172
44320
361966
150387
514078
339822
84387
541006
589702
41286
78476
687235
13902
379979
419979
9343
948472
519541
329598
114912
455739
254746
252814
163593
25814
31707
294017
436433
70567
69444
34811
24905
66767
44063
502586
342674
289824
292692
103910
221793
370508
16881
308754
217305
27992
96344
56161
307701
865782
101951
412713
552803
458105
66901
312189
445968
164074
229862
784528
60564
297789
75231
111554
135752
144589
239664
18641
1356
13458
40629
235575
59148
10015
59194
495168
87269
831307
539378
410802
365414
453992
34850
227556
624882
500057
517121
18011
384274
106148
398103
15695
25911
142165
606771
270229
125063
227568
4006
246823
16754
45555
259653
749792
39563
67787
73869
165588
6720
106427
669624
161175
87294
428437
180624
34931
701862
10799
102127
32681
119628
603512
201595
390722
196874
534427
143299
107777
136203
197550
32726
646423
396538
496174
229022
21032
110604
48621
158748
197335
193660
206460
3361
22549
322534
332420
348642
727173
572541
48125
39274
83783
733892
784620
515094
406267
44037
67767
559408
94271
328640
196966
292715
78459
316152
56086
244052
123090
662084
4374
41491
23345
7626
104359
15388
55551
446439
92033
191093
104998
1996
119127
748557
36991
192424
13381
295964
51152
27939
350094
289554
253391
390161
159789
379194
271254
72847
483396
666425
385557
124759
104702
80313
2360
165827
93294
516703
26551
239072
260397
203383
26111
122484
690849
435948
220730
156256
539003
538827
788859
377369
406737
33701
217052
24605
255698
247808
529707
380939
98412
619165
320941
138926
126669
89305
31529
255212
72994
384924
299864
183865
188911
43534
159149
267256
770957
65760
223966
7613
230226
150343
692676
461666
66972
79457
19594
33298
206973
152505
236524
122187
311809
268060
238239
123128
107618
223661
56349
7329
75272
317193
62056
62823
125529
508906
89126
52030
716935
97458
62424
160338
526520
60339
271366
442991
167042
522066
181461
187379
402590
568304
430832
478828
173936
148558
291916
344896
10336
248061
639648
238400
38436
226382
76598
410206
340776
742129
864332
75091
117665
577209
664464
112086
206179
23096
856116
122222
99505
280485
7330
96456
37564
767714
547051
16223
101323
2767
85624
275601
104155
393800
172080
351375
426963
18549
258916
396875
118123
474078
168194
60720
149132
282177
227225
164463
3157
321836
347407
95203
27115
428521
73243
57480
453346
179330
11020
89894
235312
249227
370692
172333
212836
587878
142825
489516
382496
32406
518278
89663
169954
281142
238352
323792
141491
26701
30552
442223
675834
626975
85101
815801
24036
12047
186149
643014
88545
440407
327887
115993
69727
26989
336113
139549
45618
233590
89929
67665
134777
539230
1332
153951
88983
13165
637461
157278
104713
224735
38378
111083
122223
149347
574589
475566
393746
549061
369728
33630
508964
187516
822210
137612
6099
343907
6413
177394
20756
647575
359997
141486
761619
87540
343659
5289
316507
28686
206393
795727
410961
527374
253191
517780
645890
159825
293542
746504
428007
96008
146631
260779
1204
918584
92917
173554
27539
220246
639576
93284
307988
53961
325582
38239
423134
75778
708744
335306
619284
414902
360216
82009
495630
336538
189534
698428
72849
312433
799051
494934
14418
9392
548131
456876
154428
56257
384904
65219
590781
427139
141453
130114
684438
4
403335
59996
132298
200297
155116
85283
784454
140954
546759
426086
578976
478328
313032
207583
290663
566977
210611
100436
101325
44044
56882
218594
696576
465196
627329
93087
402355
161048
299213
636416
438256
82874
22806
491517
636887
203037
432791
102723
376846
106930
197176
227807
105413
487604
52939
457094
409673
627925
277166
192472
316084
32270
192311
349808
443933
700345
9462
692911
654097
380099
470075
547188
14352
477357
88988
72176
128355
5977
450806
244503
234290
71508
302485
645161
756331
184141
342424
40511
125952
211574
1429
16469
258704
387147
11858
20318
53275
130999
46935
60265
322541
184050
154318
98311
171645
118097
194277
52531
223300
89329
631269
5374
401402
835719
231549
701588
689468
35470
25678
317679
112333
266430
132167
57006
639947
72350
187677
89894
21381
17398
240825
436185
322986
439667
243553
799919
113597
172390
496171
463328
538287
5397
348768
46162
321257
135605
514756
109010
191072
305954
169752
144421
672186
460474
83553
403734
411817
127955
139579
415708
388103
24001
37670
659844
764866
151266
167016
14997
87840
533941
1891
5894
78864
487357
32936
48270
146326
37273
41883
290822
196783
364077
306277
6856
227307
369446
99548
68774
350889
39864
47976
254345
654438
148081
431992
8062
604233
373517
6845
84308
76110
260541
480247
55324
207190
362816
124863
597767
629362
745648
33542
308151
26778
67753
53675
106373
304838
637028
9633
138860
324036
58862
128860
122190
6949
62214
510426
99165
393291
345915
91604
326468
531587
337310
39084
5809
322474
300986
411954
176416
453676
474417
212702
1114
270919
112165
360923
485082
356190
186421
69775
655288
6642
52491
187882
67211
46529
224427
14509
599650
15814
38098
458838
302965
28727
93288
56422
612501
303924
152157
35864
51686
282496
35977
626526
218827
594936
169202
740132
6153
458359
92452
75288
298059
22011
36536
14226
88197
284903
56548
237300
868147
295822
16208
422543
639630
140673
226288
32148
54616
472032
244504
328906
188377
282862
268146
332230
470855
447160
529169
122179
18492
364939
330769
185367
242976
269437
384346
94639
19286
459394
486136
535646
462931
162485
93937
158673
47980
263216
99079
34871
29274
36971
101972
192647
59361
273465
16923
288436
294200
56313
462431
50586
517172
261682
305526
377150
170172
155005
84057
54307
163938
130224
82728
267292
562381
98224
523739
2219
383017
1437
200424
232127
82591
201632
600150
490137
171864
48546
173122
215634
488486
639022
11796
95458
183436
382201
216650
703178
532358
177386
2094
89768
314049
232121
168888
356028
190697
118386
88187
633835
223561
509277
195171
25598
351501
78533
2815
401012
64655
295977
858123
427649
215837
102653
357678
6030
210343
149364
185191
211781
319713
298132
81956
8132
238074
54588
359162
3946
400867
351537
37273
23099
900196
222409
594396
215941
80764
201655
72663
169888
441391
193240
267043
353786
29215
55751
25663
106880
85172
352
79999
281014
576780
639693
41426
187199
82905
412994
249735
56052
426521
88646
501526
130058
74302
201951
8211
32495
214935
140559
38225
902999
782694
123425
215339
42361
514769
270309
128692
20275
144198
29981
196884
79187
10475
10254
72497
587317
58100
28174
206636
290098
734031
798681
426598
273351
71695
765477
506851
8992
47223
1808
341830
26330
60620
302914
9428
349459
260672
207879
71594
11588
75562
195246
377774
170254
18199
82858
449515
20707
199651
227331
719520
213223
45143
23454
386242
50138
197260
39074
105698
136982
73215
127348
40018
666507
384642
59285
74097
65363
120649
583297
380204
2548
134418
700110
448292
5520
20628
817190
327957
268868
112636
37123
16826
27112
154930
424208
96629
71727
594547
502490
6131
229860
61550
163268
48185
210677
158404
331966
142141
25270
12429
111754
72985
330624
611898
67688
894156
11693
41748
339400
135531
774309
76000
380477
105721
5564
143689
153583
31641
316356
191992
44331
853815
670678
180196
184560
7844
61898
681164
113526
8170
750538
121549
18851
239429
357041
56595
400254
622761
118902
415699
55714
72484
292013
5690
19505
169040
62880
825798
679481
330731
264919
125435
304203
41775
263773
91262
64184
157926
185246
2846
104585
258010
4033
38303
379383
836087
96136
216490
405472
408441
545081
137240
67706
574391
145198
340071
842943
1796
149883
446822
504093
84184
620475
80161
249813
59620
462743
2891
7311
22226
112889
52300
82522
684240
488362
45312
509539
171544
33678
153974
73312
391712
648434
864660
694475
31166
676782
48987
393843
117685
421800
971209
372509
115300
199562
219595
78238
754504
102051
501108
69061
90097
553531
137811
113942
212933
479855
662217
6619
169633
71306
522125
295436
303968
444367
195339
410186
309039
7202
39896
402004
71424
92943
435848
92215
646607
204100
3293
5022
229577
24979
149304
377014
193276
304219
611056
116949
21546
28606
606241
247887
127118
56130
510654
587291
450885
387432
30814
89750
162847
170433
38960
332157
69335
123351
556386
173488
582687
79169
20360
569343
93841
241948
174760
939673
169873
681131
274483
785199
218827
84474
169511
94479
47515
320141
479068
15111
6803
537351
984153
20876
717178
164818
109
444318
43327
163008
210193
294854
562370
19749
116047
66917
554634
169114
25464
13503
82244
370860
284765
20492
67737
390167
335561
63164
754427
536558
569780
2695
601103
478627
12401
541860
59666
239329
154055
293055
279250
39346
93242
448309
298039
78862
289016
3721
166984
260880
10756
46049
351558
82855
205092
269190
96339
74734
139860
622010
379889
171346
46098
11618
15087
210604
575196
508220
550880
615902
114765
294590
60811
172480
285926
212933
405787
578146
52388
64522
484719
501899
47813
596111
49566
305827
313960
446219
111608
20684
347700
457778
22036
27687
549929
100247
141227
49032
182718
123682
119107
20475
93850
339659
696323
72027
764091
18189
118538
101311
341133
16383
6155
194799
139917
49680
211441
418437
15564
337690
220451
13898
510240
346573
6105
23734
417926
42107
9802
196285
7251
89865
295558
159377
140015
358152
375184
306741
918905
103415
112415
386900
377505
65769
4665
833597
40371
7221
631126
260782
161420
173409
737721
639444
463812
167136
37206
485203
278953
61416
25584
573320
832824
47546
210824
135260
96732
495377
113738
16953
89146
261903
122305
395398
86790
202448
648371
34439
213952
124696
450413
419949
41966
245939
2278
910978
368123
472296
146549
235858
167590
252463
278486
67873
526309
9363
7099
688136
222826
470291
129318
31078
392174
188735
275990
701335
760
549920
519752
12880
232060
157079
183528
69373
561238
117232
52693
877
33802
30347
51249
148056
28019
170336
135338
70894
337201
65682
128160
260893
122978
97851
758979
694953
15374
16379
160317
491299
539068
652184
247236
186958
802738
332171
250076
29123
112467
383721
156288
216179
63665
747122
233996
325401
77743
568358
4287
81130
185901
34527
90820
39301
219698
180352
564268
234670
148136
479881
163236
143360
14185
80908
675198
91884
111805
5333
54496
473218
697919
122182
262162
342369
14303
38678
637260
32893
157384
126363
150181
4425
238029
122854
95549
680911
175460
161964
250532
15557
16317
477
49865
217130
1967
27779
676
723341
172225
579357
261458
219963
182561
211441
594446
196870
703394
530560
678043
537385
1670
534343
17554
274097
3951
128584
350372
15357
11927
42630
317269
171615
20798
343743
212051
62324
82596
693616
631771
780562
110864
308380
197228
722
177251
334459
84447
315625
23482
227034
50776
605204
217842
206792
338490
48175
582129
52384
192147
721014
37687
14402
21423
122267
67478
260054
289099
82868
203133
40961
165937
317939
233346
33242
3442
159361
153874
399808
24904
108619
166308
798391
15107
494720
360936
69538
162381
66492
70808
384019
601976
122244
624633
26020
62252
73962
543864
219699
408574
785036
282050
47697
62287
273221
114661
14479
68088
99944
533614
732963
152866
361049
403683
867037
28431
52872
265356
163093
757706
277032
869913
592492
121067
377099
836668
377371
825322
370769
145288
44149
90440
305709
30770
34949
43397
281098
129732
17043
146643
678372
26146
18826
227762
44513
402637
284850
245031
68411
127746
150172
121212
132803
184264
65971
87641
187622
170601
5847
129271
643395
103842
2858
222406
137330
595537
525140
131231
340163
641632
274695
38919
54875
32922
283726
172826
319568
50525
647564
419521
250785
7504
328626
24552
31220
619648
99512
842252
14852
203432
59504
206891
149775
72223
103037
471365
49605
60778
87625
298758
506730
233287
780729
11697
533020
527737
444998
102679
99913
10929
222778
102943
127354
340154
1183
82336
158168
28832
223203
297798
232724
292614
135597
18109
405412
26288
150702
42715
333362
234918
757613
112774
238728
560554
186950
5644
449504
22766
114276
472781
60400
609784
175384
31023
153570
209723
523494
118976
341463
197170
151853
180365
158772
54811
65075
154316
30301
49244
81027
233712
288019
122356
435836
204218
24134
182004
84819
261408
30616
356272
300367
263126
367870
119846
758464
395070
96832
962
304508
634746
491768
96668
62135
723506
541402
18650
283780
24884
85323
496093
50534
318871
209587
263472
560148
212856
148149
496344
64558
69108
54644
360488
8581
135121
109602
352543
356126
135903
156520
390805
23463
76475
106112
230035
289263
13929
95368
328188
870952
1278
810629
134690
170207
366680
262390
137432
191122
598849
535342
70240
397646
119030
53816
44145
208575
501784
24517
84523
253846
265524
10008
606718
19438
12783
209382
808358
148799
3058
29099
66032
559255
293249
8945
36594
112496
208367
18194
22813
61367
85738
174068
477559
421750
819061
172501
109464
186333
74324
784906
15325
28710
54939
453013
4776
233191
28895
62206
903826
165679
444274
639437
5013
16344
16197
45397
698805
221924
22995
639983
73402
115566
357487
467949
465640
939600
48973
81425
691283
25484
13956
404594
60280
52070
221295
28644
304035
104867
413659
140751
19474
690099
731645
301041
7698
170717
205509
515279
2376
425520
437157
672319
50795
116248
162263
265772
197411
432406
136989
385311
13643
153121
327790
247928
165993
180315
588705
455027
68240
387376
11597
555277
77808
269444
244986
289002
316497
23554
132824
201648
676995
318049
166297
3638
156591
18451
111103
150828
77058
110396
85439
220917
52527
153814
5544
30556
112123
813843
144958
61314
770533
92872
115332
19508
841685
124609
486390
179124
153517
81913
37698
51792
817712
461236
194851
305799
190867
238916
565432
437751
737505
269928
765443
266435
479576
14663
21624
25666
877536
598769
388838
162287
87336
399747
154119
116192
397466
257222
166684
469085
91277
103711
35834
585023
189987
217181
768564
45864
522597
213277
60046
94607
95389
53369
284059
18235
21138
387532
11082
67477
482142
629318
705088
136143
23986
551659
13967
28017
874
303444
24884
287902
202028
722305
814378
9164
166930
317709
174480
81467
97344
443281
433326
396520
11415
87673
588220
18221
484264
114665
113754
26764
143642
600960
195765
513683
42040
463331
460325
278522
98047
632198
343733
150723
99655
413209
733093
300510
311123
176615
290801
217964
486258
293809
90319
296921
373168
304863
584979
98162
7552
112473
671039
9769
345997
161624
649705
55010
476323
72299
296680
51089
716268
122860
106742
249313
198106
718309
17269
85624
974551
256684
112913
2159
140820
476534
36323
343009
99959
13852
280398
133553
28537
114254
527414
125778
86870
66670
91835
60685
21895
172753
457047
122794
200063
158758
93178
125617
138561
284356
134171
610585
353809
39598
40262
234266
13602
122541
490814
202261
549444
78466
225552
23846
61005
109978
274247
369480
337111
40561
12431
331150
195973
96920
756650
188425
94187
560903
22753
188024
137160
181676
26054
54649
183990
4392
268238
481507
794523
30583
276252
55516
12864
236414
817230
253045
387343
239285
4574
572896
130920
270282
261592
236304
90611
88339
26415
523323
566438
91650
210480
21000
275316
698339
4113
554492
557866
140783
132823
136504
59893
28117
439134
112425
317810
133836
407392
519160
369906
155984
303512
141513
346571
108557
52330
249996
492183
594434
285186
452755
48840
3149
81889
40584
629528
614643
142876
28959
696886
262151
118254
93269
8424
787491
432711
333005
33100
162393
44158
610081
228744
112475
180283
282818
64419
451478
54082
353014
506974
234528
96620
95176
167635
534502
117350
608135
1858
225048
7257
133296
39125
317302
176036
511234
122072
222802
31679
241219
27277
530647
475015
202059
489279
110576
98628
319228
91806
344122
290219
13041
5512
454157
8352
332795
27598
177645
444657
53484
545240
417647
541115
671088
881921
14950
225196
25771
24745
361956
20110
6791
43968
598010
61421
307056
53540
456903
444409
368256
130140
147961
117487
57644
448356
21543
322573
22488
130981
482585
765533
358440
245374
292609
130171
1895
576181
95457
61228
70257
367225
693131
522362
275473
40909
548501
144384
536768
16500
329777
1113
25172
122472
195013
313457
320310
240783
18680
117357
369155
146000
62317
668855
757215
5502
571406
482103
107651
438160
27354
533906
247931
18260
174202
50815
229096
674603
373437
30704
398749
483916
44199
18605
160180
675020
45628
375545
124110
240344
743084
156324
16199
22270
722413
368595
138383
435636
18463
21613
18854
477925
53620
405139
258380
489712
134475
75357
2469
266136
12992
118322
530756
155848
468876
9298
73105
268698
90926
1072
3955
208126
179237
312709
165925
496548
126027
270432
316792
948
301786
442129
552788
115692
27736
206318
76543
663466
119927
118865
660950
356381
189963
3824
252695
201845
433462
158846
3069
44683
289175
52709
27123
396888
318962
133687
135526
23017
114435
133786
156908
48996
240611
576613
3411
684300
239210
82640
136054
695285
256729
554884
21595
119425
153190
401672
57705
103243
866162
889921
276159
468102
505671
50183
116983
14481
383075
560437
123471
290998
60817
249592
342088
84061
94807
12399
47100
48047
262876
486279
323264
125622
156782
124540
160739
1540
315077
731897
129219
47866
367516
29990
408686
293636
237042
58337
132046
60596
123184
195752
22912
499556
367555
3929
48116
253608
215677
696858
690106
652066
63961
666767
337322
120096
234121
512
33876
569668
385122
190771
253622
465738
204073
314811
20709
309589
81138
867675
216964
20047
42871
600634
159634
352218
31407
336694
252394
52510
780961
41093
666673
277394
506264
13962
57016
62487
511264
252341
122945
33921
185838
259216
208293
183017
8076
116671
254796
187835
254882
52238
330805
28846
3523
628395
381503
498443
34655
200956
412215
382999
387037
63790
410464
73098
462391
55583
225237
86574
443703
443199
747799
182335
38656
89055
503253
57872
161125
597494
162772
115471
8461
71215
22034
346154
457212
84289
90273
118090
124904
430655
38543
96455
126375
370712
4799
179334
15448
503199
100162
15290
163837
653418
20369
145258
229576
211024
295068
246811
116471
361142
349781
36213
658284
384871
34910
356896
25971
384261
174004
118888
49559
221349
59249
318418
616364
18130
8132
129003
77411
630231
632977
13290
115300
120814
4926
281285
163523
220238
658239
758232
575606
468885
132644
162620
75860
491295
71676
365879
17865
257453
21517
113124
706393
367883
13903
107788
260038
28612
67797
607533
44511
36968
767035
230203
37754
122332
203814
217816
951677
843469
567861
371094
154986
62305
446060
264
333371
194828
316172
156623
8530
6994
2780
79079
56840
216565
252736
37139
114764
104889
15706
54601
145113
94544
398394
401653
67109
128956
368879
600127
6960
210882
110491
71474
466483
499477
51487
27420
375799
272283
293671
465903
135261
124764
83190
86555
451027
80848
384108
184742
124488
13682
295865
73017
237961
646139
33818
524548
597107
748839
33190
24573
26887
263461
780433
695507
227738
322182
24770
176992
456491
50879
195429
113112
368091
293499
812830
377594
134928
67620
220818
104156
262400
160141
609486
194103
107524
81047
472697
397046
243345
12914
125419
43579
11899
268092
99149
703864
195199
300196
65250
94663
497184
323322
17961
666074
782536
122545
110595
112741
364759
38168
3386
18804
381342
483715
4051
377288
561083
671
259337
928410
28111
13297
147906
147773
34053
740108
36236
140147
448966
92690
211167
759190
618888
308230
393593
146500
39354
329628
754058
407029
523890
254138
1276
658830
163837
6103
109303
266858
76928
50776
46559
265611
303460
414998
68788
247030
679438
28176
401391
118315
110896
39580
108990
270924
171778
38428
153931
186944
89628
120174
267569
140396
173761
314054
12138
70903
520827
115661
704860
104790
44291
638487
179825
338627
318488
242576
683732
352159
252879
234736
180432
164522
819128
451633
507324
22
233802
204720
135248
409830
47754
660654
97354
367269
700537
75683
55312
48300
515031
83174
71598
826619
333104
234169
528105
9099
315387
69274
218259
136698
223006
158987
100803
246984
85646
217233
160699
184920
475307
64668
65925
734421
41461
96966
138004
533862
356054
4194
49170
36262
41641
329573
87581
9921
116496
125909
339201
406200
386095
914727
31684
89338
183398
6169
111826
406114
360024
189469
228986
53279
79704
106242
25232
528290
141382
369627
107696
362759
403272
291333
21740
76731
385338
81986
546677
338629
106976
109523
685780
503426
17805
39668
343895
247
470614
4624
679895
266359
242090
100324
204814
793030
82890
193897
201623
57054
254024
12295
686514
39280
81477
193830
109222
311517
19338
277412
192813
706499
112286
488245
291744
168417
293401
144716
484063
145442
80584
6565
819566
434389
75830
193078
7086
285218
548332
638024
65921
581886
426062
262880
414921
28401
297988
579199
671903
525505
68782
25480
88856
485910
93711
7318
500485
416791
379035
75017
71176
133268
199890
15920
158248
143267
302410
27560
95104
9517
120805
212419
296552
203182
27213
234215
403875
318366
371882
288261
45293
478810
56092
1191
488712
29933
400668
79091
164267
342649
300600
85969
482062
543361
293729
17336
103306
75626
39877
140314
667580
61857
640604
43399
18362
19346
523888
50112
396920
484487
48271
277459
47313
51625
69411
164484
986330
772108
92989
103317
140889
50225
495518
60543
66425
6381
40389
672923
167464
136604
340442
518246
230279
383528
16749
706486
382753
75594
159643
316887
763192
57430
61929
29323
402481
294029
802461
392686
125972
30056
443071
396475
144578
400252
87234
220926
621957
533392
810141
429183
224451
194644
428649
44175
67565
207982
35396
555897
246562
149427
43
717922
332318
65083
162978
267060
64320
198167
94971
155940
57361
134223
126920
31163
18113
40769
168083
204758
70855
161024
28863
771125
62375
52494
132171
418056
208290
119168
62885
254352
567314
703466
142352
243029
97576
36522
415438
227001
9069
297543
37889
210215
73609
230587
469930
25036
317571
180384
280912
17911
420285
84135
40112
8040
213679
75568
416133
120079
204091
1404
97742
337669
14377
124293
187031
393636
146292
141726
3169
56652
70905
108933
14764
35954
19666
144909
144872
373848
609683
487219
568493
1465
132824
203441
486414
26349
64577
547889
718310
487934
253738
225545
179539
306954
806184
305083
110704
756330
570489
58076
430087
227905
32358
462939
74779
227751
328755
21128
86473
158422
332184
199663
447506
475431
47910
222993
111040
785776
94541
149586
4931
396871
37020
45389
95952
65683
646733
138822
82285
476563
497458
391700
23192
365193
15708
885590
171116
112123
276911
91946
324630
170220
606390
937778
79122
240321
213844
894066
194777
361137
52255
2855
238903
120038
63
658315
220411
164111
199863
198502
8143
1857
122188
309591
312819
797314
405253
1207
48661
483703
368053
1219
481204
385347
11454
112657
92426
11912
13599
692882
324982
605049
8813
495861
120441
185374
61061
1482
256429
50279
705799
459953
155747
312395
97116
38059
517296
456836
69092
149607
732387
940918
144496
99597
710570
204209
399937
440928
215636
681132
81052
141875
44483
484835
83428
186251
28874
319618
33577
554181
21618
81810
54169
616123
191786
513594
126072
319649
221602
406353
9337
175669
81327
133333
101532
145600
28291
3315
13288
596664
66212
811838
262497
369749
131322
520867
76277
839235
216126
250221
638029
83076
503163
342646
282386
85341
622031
280693
473995
769108
508789
191827
929206
827816
206388
52575
689266
14989
246625
237065
510206
38500
61820
148358
132961
30880
4575
121842
614480
328411
202349
271840
24482
442990
142745
624029
532264
307058
29130
194379
680456
12934
142680
427307
126416
434726
256982
70621
55497
533432
38540
44993
145908
26239
23460
715128
227452
421661
282098
58619
311119
104207
41022
79637
13863
102497
83091
143142
40436
145261
33097
168490
73474
71364
145832
184507
162157
320288
20131
196800
500609
420542
296515
474686
19280
54340
229794
106323
40973
283099
658913
365789
419035
112304
7739
26674
129392
730660
285282
503301
39846
268109
227627
253814
527954
43399
16846
126220
391201
152906
772303
220688
203725
259503
162242
34121
399249
67697
218141
195518
232690
54804
263139
338694
63963
956286
375854
77597
57488
239638
119678
45709
106909
613129
147660
45347
62021
49912
198728
124997
65873
426265
19655
581306
259126
280767
753377
162606
96101
81700
84524
241147
280122
14810
36748
219569
283974
77542
26433
58115
478169
30563
83987
242772
588351
76264
224381
356424
87888
453722
559162
46887
353883
311979
240027
305490
228616
541811
16227
109927
293899
632418
69395
57299
558876
25209
182094
22494
290811
194015
33452
645791
7931
225279
167781
494885
190124
381011
353101
517586
8270
133704
905930
140776
122923
23057
285550
184621
353
107902
688545
183474
558282
572673
538472
182559
563716
14346
42013
890823
189747
366813
102405
253898
251300
105850
656496
41664
449997
184157
136943
27920
232455
140752
192730
245984
177658
210386
338872
581083
439107
95084
21424
122026
779734
40834
19499
611547
27767
54273
62053
156492
85645
234624
448493
237794
262821
300150
118295
142589
333520
39612
7499
641586
159508
193260
6141
450110
41422
7406
169965
440198
218461
131556
143998
383283
527886
84940
150691
143456
121707
85211
502823
103095
180085
29565
492867
372409
169990
62592
70585
852230
549948
3491
5443
623839
161491
235094
820134
140380
240132
22695
409860
229624
54055
155928
531875
694818
143321
299277
156871
244268
520183
38606
74888
11290
120546
585969
68088
288621
108435
37504
105658
33709
424177
133898
10669
108261
151024
348886
159263
40684
207326
163942
5062
260380
35813
9059
419879
132522
11560
253210
4563
217538
362134
280458
36029
447662
306404
219488
283233
18537
199858
45754
30278
323213
361711
157715
135277
8535
2889
410473
869406
61461
379124
38481
229215
124
6793
132798
366231
25637
60800
222739
598366
100330
127573
613858
94520
57251
78206
700986
322490
402979
116802
189511
241249
412909
193278
507582
14480
182169
491015
65574
271002
129808
57377
77632
14365
521843
68751
215785
176810
110940
337315
21679
70753
296243
613727
201236
2482
376124
367199
107412
14939
744
385
372271
2533
654406
889152
57735
133104
239868
128210
166773
473089
749690
518370
3129
234471
290492
97362
177649
803023
88372
432391
579718
10317
306505
125418
700230
7835
80101
41133
80590
94049
369054
31141
25790
682015
166504
158686
511779
234075
412269
183036
510224
73982
691263
418684
688210
37903
10205
264292
53483
158516
136935
22131
637008
429855
278108
56570
164025
13424
252858
94582
96724
596571
562789
255188
31332
121927
53195
756400
58409
163494
501238
320338
2823
293498
1526
32354
175660
399252
423892
1425
224862
239316
117637
19251
748825
76752
68857
53276
437328
28304
89088
81186
585784
35889
89679
362007
284005
198958
17089
275139
51926
3200
323797
779179
341575
917429
32908
521522
425
10912
99112
185370
106856
848860
163638
396677
62886
361767
462400
206897
165305
66286
54013
273172
455145
510089
64285
521560
454119
136364
138694
187185
909155
3895
178632
87089
30718
500240
109133
477021
40985
86523
195593
147009
203948
105076
699651
569
133380
327035
49284
981647
438851
234970
19663
64144
162482
89545
94001
241549
194647
189489
435724
18321
56895
28972
21792
460578
20502
270010
78845
92803
631618
198142
26621
62970
354695
161470
60045
457589
374133
322482
223543
595005
152131
31858
171453
218295
10557
591589
718475
221651
42412
301386
92098
9344
341267
156925
757718
85637
139686
859440
229917
154635
51002
66511
63268
203152
436219
797952
72608
165531
24372
255410
64817
66570
7657
414627
100610
130684
239137
389522
40818
226128
9536
84074
603981
213168
33854
80786
33504
210481
542214
356731
334502
93306
202606
214817
10381
24839
628833
357548
236435
562902
472952
41248
360562
31144
130170
31132
403891
57205
491247
75138
133450
128977
238089
494598
57757
555806
625885
39963
208076
109619
373785
301448
624894
121647
10489
2037
165041
57499
17152
8065
238131
49636
105951
649201
4751
36194
39530
264227
357244
53979
33234
478494
169028
221497
347591
277424
495484
257294
51778
82622
65505
73697
301779
37651
26802
727286
142600
48746
334774
2048
373477
103206
209211
25284
174380
225459
31749
34265
86546
218696
726986
181508
375278
155088
82813
250168
487020
393378
307783
130341
4960
259786
292338
29719
18685
251296
6923
730353
605299
653052
159445
327727
298813
403417
37224
631135
284258
630178
286631
593633
222582
453800
3904
63484
176611
565012
155221
251723
235378
396112
58073
291223
22926
12209
52154
21131
36020
588604
335591
513220
51915
157543
37274
345237
397298
50872
354352
92074
318311
394353
476788
408443
352975
106051
183617
238801
70086
229338
672799
594658
213738
51891
445748
57430
130447
9059
526384
563075
33013
769691
120903
668395
127265
218058
326634
882967
20709
217921
803663
23023
322115
10607
121415
166915
324782
47379
171494
266219
32597
623845
266079
4599
97768
321161
63732
33604
32861
27440
86725
617165
499899
353150
312486
440797
68984
537074
255665
33786
222864
64176
204274
73028
22267
199083
32689
183004
334152
569432
554786
73485
106078
112904
23394
100494
351085
287942
240444
255478
69194
328737
32981
325847
280157
49470
115655
2137
184094
126057
140119
186711
30853
219261
644088
98600
398153
564292
134548
381952
5341
287692
206254
445376
375522
509432
25854
463875
52793
545694
148345
425582
323168
156088
211849
44773
230415
5754
53096
473248
94269
304466
140273
1174
392941
405271
173696
3440
579375
480795
130017
276651
235653
97984
12966
682
4891
170570
2691
9765
236287
299310
348675
17979
314862
16124
66111
62721
25764
274375
73518
550327
192991
5835
41971
485729
13738
258062
22411
16827
65584
536437
89428
519569
351267
430442
271501
514448
109911
73489
80317
560132
138176
530115
1467
65723
477183
275350
332500
24264
753515
170488
23791
159820
1547
63099
717139
461843
132117
402946
189191
89329
211336
301757
108968
327942
187720
90116
55481
489964
277944
69506
6323
180111
381235
718570
579536
279898
15146
497081
35902
413989
345045
51298
36880
93669
239330
506913
169370
84996
787361
673606
86696
633586
811273
181640
40445
160311
196764
522682
7992
560393
304854
310133
488100
151119
302105
418641
364334
399533
5206
694817
20796
415028
823209
855882
760713
33278
54282
5296
447192
149
254639
77886
106313
157391
967815
324788
54400
530734
97942
45098
271005
135385
348124
6594
134984
352522
869486
74299
228282
240881
174635
28404
473549
218730
636205
500148
96448
332209
897616
434493
25861
46208
5421
19771
452533
308770
129994
837947
157345
28199
93534
29564
280713
269236
88071
355542
273826
389218
772415
421851
32240
5826
36301
107806
59931
17143
663251
108507
357438
174533
104244
533431
528996
422506
492487
101379
245181
236152
728452
100306
333275
122565
106112
226507
517539
463818
308172
619883
92729
81459
180928
549609
548367
569239
351703
208849
152142
24123
178534
714996
477694
266085
393225
243868
47423
162026
96675
135265
14839
115635
84399
701
12083
749
451289
184757
96168
121395
206867
70695
227135
192687
71070
136990
202138
92329
58134
120331
526523
272974
37033
785442
293088
259654
115484
218567
48291
63017
115721
32189
367367
394334
322161
133855
91338
590274
60075
496100
134160
61858
795682
167396
124180
11989
614380
706702
23624
620723
356749
388808
5013
474312
682392
178827
7920
305167
426996
17251
83682
10961
7606
611948
248568
104480
163992
302762
113084
453914
115944
384058
295375
33984
540415
289379
709323
1380
216299
148895
628490
110061
336916
14215
191142
533562
2661
453168
190551
38754
91762
293228
183472
108275
122406
96078
196265
221879
13705
31922
149001
42045
101613
157804
485878
610940
243745
329647
428147
158143
535148
843097
282701
501069
12596
8965
680210
307981
34631
12218
71204
40907
699855
266849
92032
164702
27908
118303
91396
222324
478482
9869
416031
128873
705354
113620
418728
52944
509908
255942
61817
101707
20767
159340
109954
29431
454768
21070
522325
4146
335087
821386
540995
377554
63047
160291
226283
244254
576355
470865
428284
676125
431354
474053
268310
267067
122141
6597
53590
235203
131145
197190
19855
646075
24974
340168
80566
30310
90299
139245
272150
5644
24757
48177
512867
622576
223252
638523
74459
840496
155154
187196
131092
32137
609570
91115
38362
209440
109688
262392
188676
70994
129014
297733
807327
107515
286766
134853
77382
693189
14484
2869
46334
4126
409678
12638
171322
371326
132008
224701
41578
6781
261143
356386
79353
6323
137589
596643
3115
227823
212146
313616
566691
636072
200200
10432
74621
746767
277310
82084
648219
331244
76526
51824
922596
34548
663095
13096
152557
50509
329805
447183
22530
529007
73160
4159
713359
113381
136115
34861
65995
344684
164422
107301
516443
11545
80692
25959
300971
332973
122184
111551
41360
21761
38632
351982
395571
373523
284178
9352
91276
202644
30879
149476
272356
326241
157778
71562
987486
80167
268524
497711
535478
301581
60271
67069
299513
117683
382157
65665
101183
345891
523419
23834
294488
489998
371729
30280
160578
133394
1051
697858
338259
547612
177450
569259
350933
306944
323280
178070
618013
708309
338278
263982
366987
456457
130495
35847
31340
36500
144574
110368
196266
494430
574882
81362
116004
7348
15640
34281
508559
364829
193196
12371
27599
105538
110557
889670
323176
19924
162667
257397
59138
49732
556387
290949
4558
166472
43945
131141
547915
19337
46038
444663
100697
291022
90593
191719
399860
561191
571614
41203
67538
148292
792948
710347
45945
236160
465956
43370
17673
59378
64944
358965
313379
43330
522158
421101
348597
304897
238620
86324
149904
117791
294866
251562
137422
80471
137309
143697
21165
432700
585859
117386
235022
62887
230469
270257
101977
168534
81391
517312
154795
501192
455253
43189
13335
215966
583357
376001
258483
784243
152174
148068
705729
97218
522119
37858
166501
423346
16516
374012
272771
141756
239998
199749
70028
359015
483482
380291
239538
105079
675262
141728
946409
572248
626422
476711
102349
282122
237574
54273
459199
220150
216781
104779
375851
303134
380252
30752
245126
2188
500469
57270
320163
566743
9194
442945
195491
73201
5571
338643
18851
456265
604556
143712
78627
465579
81466
44483
246187
418440
737088
232102
228286
753331
233633
824839
329649
527758
99157
36374
81314
99615
265756
538180
226729
77432
105459
80468
330277
697747
238637
231880
347852
121204
385579
304193
324580
20489
112326
12132
583924
17141
355801
413706
386461
56184
143105
329317
59277
45210
109973
360499
27806
240828
95914
118386
68531
260722
332779
388640
260079
395917
365971
155627
66685
620449
130731
72788
20051
823548
506244
155758
165984
293442
256568
311566
34139
637820
92443
626318
170771
92013
1659
570293
61897
87532
52766
27234
156896
277378
196947
18416
136978
421567
337708
27717
10810
106544
343108
560797
673151
345700
590783
504152
448164
133678
52895
612355
561970
42767
471
107571
280081
126335
127208
325861
124533
220441
19724
44428
47367
36037
31400
280714
200868
421082
223210
381300
168219
700645
145330
674546
34659
296863
53413
36007
222079
173795
134513
380946
147896
467144
61245
63579
361569
103797
261671
266681
143040
459474
13248
159040
231896
553890
21754
61666
40626
621381
175838
234353
74403
83525
127788
205377
262343
934797
14788
353706
101639
17897
203822
27886
524072
546527
18997
135448
360014
70397
432543
266957
20107
39596
14363
15361
33430
935758
283791
21565
725271
192140
118082
124806
9517
841261
593880
129458
41061
205227
133113
384098
112204
290590
410242
270098
198966
295111
365212
323373
83954
16707
444343
257140
76902
92134
252911
112600
32431
83142
656672
238137
11074
8099
16088
9595
76954
803419
64052
168216
621400
414213
11802
337346
283308
411670
186287
555589
407995
106034
21431
575378
699601
133895
532488
231345
319017
143824
8787
359334
706494
121342
42707
147217
68870
397970
238088
64841
20965
43336
438869
783268
122746
94545
183761
197127
173934
199511
15138
389989
213033
148430
8548
805166
368669
256077
540314
75444
218437
67003
42789
562243
133949
546395
14301
204692
11195
181019
271657
112788
151602
154111
84412
343807
19884
61791
380034
80330
8525
772571
188353
494529
244746
43072
36949
53613
23880
210915
86555
268157
89328
519601
121470
18743
353845
21031
86584
246719
50247
126439
160227
619487
224778
45752
85088
258573
375690
121192
168223
525198
386026
95709
421630
86572
38979
66908
114141
302941
609350
193419
181211
43182
106604
873570
6562
516851
35531
74239
41247
91648
9435
620438
474915
35216
40344
140461
107577
63095
92
416388
401484
485522
196623
495828
185114
332630
527837
47067
380719
101782
150682
248484
184662
314150
237505
644358
646232
527104
9810
140449
44006
395176
213100
41147
107839
140156
25137
27734
682260
494914
20629
165683
208046
229332
522276
74967
410514
400588
276284
621522
441149
647922
14120
746231
479179
575236
384293
675037
125188
107224
653948
165721
38547
324856
144874
69470
429692
143437
688938
326019
13120
182262
7823
203415
46617
205888
525814
17409
375767
156044
413199
119688
376696
51003
113551
318532
270263
204893
309052
69812
57298
731962
384256
522982
2476
8819
270104
261451
101183
47307
415055
279164
109470
715522
14434
152826
458193
42200
48376
94646
762039
15699
596975
274529
39477
639931
67499
4411
14145
753585
60206
255797
792973
213730
71514
691751
11567
93778
326195
163563
115549
239352
461408
460739
374661
849501
142968
269379
248250
489730
16503
141683
30078
733658
271438
427313
197225
39185
15203
589508
329317
98585
84686
178402
204803
102277
40157
485208
280480
761501
170323
527577
122392
5581
254378
68063
160243
24877
70628
6923
235149
471830
352964
59370
27694
257814
128900
3680
8200
30520
418312
205116
5520
75890
605551
883783
17532
33276
33618
266352
430
267917
87586
394524
114292
682299
598581
9702
302527
200388
392717
356183
125515
90955
54231
153201
54640
111480
178313
405648
473835
23836
481931
728
169310
214222
627836
162844
91644
23058
579081
74333
850745
289254
323620
309687
77399
86607
374310
33760
61844
540554
343462
71601
356660
117063
520652
17907
153817
250902
21735
36558
25375
134910
551329
255
26596
252880
94698
342269
615180
135450
182043
40787
103994
73631
594422
1754
163900
260187
28128
168336
486092
8758
543239
558076
4528
188783
118639
101921
267639
109167
27068
326641
82515
398782
691978
80587
75126
233209
1274
312892
165837
44696
242312
191801
888735
100609
31297
365846
154917
552285
90270
577639
718643
304747
33194
269995
15131
73113
181510
376214
84366
383308
7075
23912
240024
194598
606715
429287
185320
9886
119013
269259
191649
16870
426057
1184
18759
61607
366291
361428
54620
406452
331700
445610
219
404225
519206
267933
73377
273062
473112
504133
253528
397507
224331
351655
146994
290823
184073
332851
206598
40525
352058
411797
454125
770631
229343
139607
4345
298754
33830
8650
7785
332498
104131
538797
126507
49807
97476
398812
75222
64347
301083
527306
661964
119508
437482
135459
576735
747920
353039
87704
125238
1273
60957
496977
98422
75702
324840
473881
324876
159332
389152
161705
541944
93072
429200
163920
659552
148663
241976
228575
542739
223474
347172
145212
110804
456670
233497
820295
66370
159451
93122
23454
56891
242008
367905
403220
232803
41658
267713
48525
84165
313446
101307
372780
1036
40689
198668
107106
35729
53809
38969
104222
47643
636939
3332
203614
15613
799469
16983
144282
225607
377184
413300
776084
311104
104992
402529
423302
33260
415727
150381
296823
651069
316725
113430
72939
18628
27099
403417
18641
291354
267959
82884
86840
631464
5457
227013
343833
671388
82478
164770
267100
152582
127546
48105
13468
311200
294105
236725
471943
22516
227840
108592
175161
535946
366448
92
114399
403971
150775
79775
18854
649662
466334
9991
84532
129968
139264
136645
74599
276569
13495
295097
64866
30076
20310
22605
132599
109748
409853
212012
16193
696473
463011
394096
114618
411466
105288
409930
942480
27776
265389
357204
368662
26188
135189
493817
166066
111110
195027
666269
36181
365265
286597
105398
376617
180191
556795
12167
361697
671379
297411
342104
188052
238074
236433
66154
201893
390618
390989
30239
127882
140500
501625
512952
30967
51076
20946
55160
103065
195140
185298
186354
12449
248934
317828
178254
153083
490635
193581
761079
99951
240
612327
19396
296549
578082
327809
172654
51648
187567
348749
479146
21478
529306
275301
15937
114126
9140
23452
461
99357
189001
11727
316237
400322
15571
198093
552993
77822
349065
68010
415360
21290
78889
300802
33476
308838
508106
140873
31176
286586
32623
156807
220246
25630
73772
831070
24780
14605
341069
106309
76721
213267
44634
20457
471884
326291
810733
102686
625486
209687
139867
550903
34896
194031
23904
11348
574477
2687
374710
49539
314040
149425
456194
9490
294077
424651
25709
77496
62945
25488
65042
88584
537676
274933
283851
31589
890484
904566
176940
287208
4157
435531
266773
124162
473265
121228
581627
462152
31711
230443
2289
484879
205947
366837
416849
111957
54439
128879
657412
3279
31064
210520
468104
733916
611374
23493
453664
202132
80392
65305
569582
689543
688889
11592
309889
265025
8003
311077
26163
296326
596
50209
265835
191669
227225
482639
172817
146961
157724
151505
66730
796052
112822
509344
248252
782
157470
54977
351874
26532
330599
96780
231573
275785
301426
484176
126417
674258
79662
91241
617968
841106
666937
228818
140576
171926
802766
146544
26086
267082
256549
518427
680133
110390
200359
164192
132365
72622
34167
134223
34071
132888
100808
231892
514295
55016
142563
297513
179171
5180
65605
732287
243404
27011
421428
32117
455701
521126
291799
49856
76708
192980
22139
440036
46046
148350
669573
297168
140383
317633
177746
734368
625003
9024
451100
10124
463456
573000
18467
49289
20250
222767
285149
773191
598922
147414
232639
31405
480393
35841
36089
129157
14467
65146
115162
327975
647587
244495
124944
35651
185114
435587
109932
410394
102749
48367
729467
309129
22985
968218
271018
905431
197412
359268
229200
197019
877417
47133
58939
428386
17062
878307
279279
363297
249911
195274
38850
88532
25066
63723
228263
209159
12781
602608
19313
125964
757291
528347
8265
295579
31819
14003
20735
33249
180118
104415
324353
467413
98357
849082
155844
293992
486590
87989
225165
392205
742816
774924
116656
316306
9041
331573
97450
11745
30227
288606
604507
135800
196530
456315
228145
692373
468298
577596
300982
181796
36523
155924
1753
414227
186097
127103
666449
375617
426036
10366
16748
112982
37057
77366
5922
694883
175753
189579
386539
199164
350530
63630
728963
16087
744352
726777
173063
195723
219274
351124
875983
139101
2230
376077
130267
48391
430364
90972
5814
858746
404998
23180
805847
294638
209207
42475
440939
71686
176056
598424
882
497959
15734
484974
112216
80516
15645
85
4182
288235
14834
493105
143636
432272
73602
80914
27595
194060
148898
170488
311458
30196
259639
366631
181176
192586
215237
23986
298539
1554
686349
8793
26866
231716
316219
55168
166203
176354
328680
4565
431938
180042
228369
510240
93114
250366
72806
112830
76712
161888
10980
211616
469857
141135
507581
248308
286663
4161
313974
96264
2407
25070
727337
26672
542162
558484
218178
74138
70863
661264
518164
489766
311938
208841
60821
52847
6980
184133
295978
6251
408909
686868
431314
323367
207756
365046
23686
15336
202411
234231
127990
27282
487767
177763
542451
471488
94756
73
155798
112888
391102
276079
593592
232801
144082
197725
26133
427734
584174
102314
320460
338965
524640
4443
164134
316312
798509
404266
112461
5118
122017
36280
652115
12761
1733
11464
181621
109041
260115
262047
122728
669849
637151
808366
71121
513637
33706
77908
288799
284804
176623
525251
399392
105259
73758
157252
430529
184434
534298
262153
16266
537030
13347
29656
200326
55377
329663
107680
692356
190522
468846
772
224661
576719
62951
40419
352279
37341
45985
690028
24347
659117
110519
397707
37223
953553
101916
499733
126788
17860
426994
503143
201907
25528
361906
7222
474242
246580
21161
57159
187008
78095
309098
371633
328535
9113
613981
369010
94131
267974
61909
2648
4055
329786
149985
59856
72820
502056
465912
49285
853590
243847
221216
194264
620864
30805
401600
726069
433275
748491
37455
154474
7462
432698
725207
97114
296795
368080
284541
181466
481547
389366
229878
323666
38331
222208
811179
150175
69948
33077
195729
425920
205320
488536
60056
78259
26199
134940
63796
297670
654586
42586
46538
91834
228102
1671
135953
745874
74431
286626
35890
122118
25392
103267
70829
138057
10992
9581
106035
163592
384870
105665
256704
236336
651790
11209
311061
429283
162793
192108
166078
363151
56400
73621
749861
40499
569083
27176
171108
141897
62747
93653
136609
351380
386040
421516
357156
45693
361514
51697
61173
166534
963
72139
249671
420979
17587
164398
459513
432222
370717
481872
168200
196247
76937
580268
54017
269315
156670
316443
347483
552649
84830
140125
49714
609816
754980
253255
134346
354414
22272
279251
169
681533
712494
423400
9633
49789
302275
95256
516183
209185
118342
619360
84758
190501
192682
671955
135357
54039
67052
643114
607153
313719
109229
7959
5273
154027
64386
22567
88911
683490
585024
59746
574321
3117
695
594933
47978
303923
551854
97274
132172
240701
4209
533782
414906
182599
430186
99380
13549
230146
101755
145501
169923
54211
91611
97682
104324
242966
341674
203785
145945
267875
273126
288094
477532
161026
129449
457929
61789
281425
575412
39553
469624
151911
124876
255957
114886
232161
426934
30922
41494
379488
127933
337212
203851
31003
6780
446345
227362
139157
772683
373599
397489
705794
99274
537937
52363
70283
269910
139132
4264
22452
314628
167641
22083
100602
8432
272218
96138
573137
122161
104012
860662
80471
260070
453856
660271
13977
20529
349854
6190
203419
67838
76004
70781
486574
121355
20108
20835
128088
114159
417073
690923
21069
68764
353873
395722
11017
199721
568655
229392
381929
220293
146457
244263
180177
616466
212756
529525
134330
17706
140545
402982
76114
357390
52705
26711
478715
369665
10094
420888
120850
25647
47056
324388
66232
399045
113300
53933
30530
15575
116393
380952
182643
105820
108875
290212
51203
32085
220349
60664
395835
321690
504066
302512
808809
266573
168151
346575
83555
120774
268906
199079
613025
19301
203231
18741
152273
22827
288689
25718
76073
266040
166074
257521
66009
7502
925971
62922
444908
522867
470945
45986
288512
101828
398034
195970
14041
157702
373374
414117
517643
65494
197374
226669
65905
41626
354933
377063
5258
241451
972133
86763
164015
142388
318795
103749
305018
297802
533934
270749
697016
6861
542639
378306
678266
929704
117499
318828
92318
292193
82319
81824
176955
26172
18814
65457
23529
17902
154517
851
134198
287838
34240
853681
21617
150945
435374
204656
729143
522402
17081
351960
56478
788855
725318
18225
516478
248756
242069
4810
151905
123326
564851
314773
179890
136357
376526
342218
28879
7573
707353
295127
145985
728307
257253
291249
55982
70742
559900
447007
4999
54301
71919
6517
164337
104562
234674
411246
86955
214982
59368
35414
309950
450508
233897
23467
291579
92584
409017
189189
186554
238581
50949
763438
572819
48351
341198
126569
154165
275232
69638
21135
199924
306680
182846
210660
383660
917636
349220
869521
685844
22413
257081
210766
330569
207962
65450
337728
183878
434166
165314
930596
676392
59768
766387
459933
399403
202970
296038
74376
326261
217191
176903
78359
150432
607121
440426
675438
75862
878181
299141
85732
632358
899330
47507
76870
117050
500615
89137
215339
222883
82089
643689
92435
176159
379338
551656
252300
117616
692406
25746
167464
39710
579646
199811
31212
204133
104824
567394
245560
101097
342
181227
483955
164839
595458
45624
317925
120828
565877
165041
232293
61278
89462
431533
3286
390372
52603
665603
424649
98666
15890
72322
366793
20572
4906
183922
549440
508399
52342
54176
145636
110140
157301
57675
112058
51765
296197
429940
804178
407349
218052
217997
6034
93816
276681
282849
216762
370677
354930
260045
588060
165917
52906
53253
65143
643326
480
615197
293060
394631
345388
168846
50906
610317
256264
434203
75719
162840
786550
585073
216908
263467
523938
367253
653450
260189
84045
117947
113910
47995
687192
544861
310160
525015
109789
274903
775028
137864
560667
604498
34606
409840
384985
46604
63869
494199
402947
773776
184092
334175
4796
254442
9548
46074
141670
220473
151234
567226
33208
163083
80569
214290
506932
67741
25183
312996
64360
3683
164269
186138
139852
37113
600420
309709
489165
302688
201687
195269
539916
568560
822919
263018
32338
580809
29088
296691
136756
539115
596634
188702
782087
207792
361878
250659
206219
192097
288346
231899
187900
171645
487077
27626
75106
7126
248079
52608
137147
830580
328449
704140
739327
593354
10080
36555
4065
327883
342288
115449
282801
237696
337434
170090
432744
296007
238136
138992
72446
22713
21172
132219
604722
545620
254995
15440
444207
196078
494024
178058
81626
156352
33835
3780
92609
243915
14905
67757
235982
508613
56378
13877
551728
504654
634361
696005
339678
42758
11929
315120
101133
137379
28054
524726
607140
661914
417794
20620
108492
102970
109556
476519
645160
339083
287728
55736
124117
17130
198121
706806
168337
463380
141161
331848
121146
59504
56634
302192
117241
20017
14722
2424
33132
4862
564872
346132
18698
55471
296169
377466
215031
287740
8489
97219
327833
202990
279385
24881
260696
66053
543242
443824
492901
33284
731684
470695
121459
401954
356697
78198
497670
766504
406998
443892
403432
34503
158501
281349
276991
549274
142329
273190
253380
117778
97479
459456
148167
123846
109018
210652
263518
2997
103303
324552
7013
431436
838343
39757
59976
902049
48588
123995
276454
612738
454441
387850
223130
548950
198000
347962
245418
185620
113246
557106
82169
194161
51654
202778
154837
250489
142329
34017
59096
206143
30793
230501
208533
116509
159723
698699
68215
372973
30740
129723
117902
57053
79636
78539
59080
225336
726537
860532
456661
723483
243064
621183
182644
39864
594231
4919
7215
47515
273081
131173
12259
664849
5244
321699
283089
322862
24524
499089
634883
716708
21600
211358
746013
383776
139381
373758
6267
204947
257073
113374
2168
544848
140397
1869
609682
208260
76682
98634
563495
1999
246843
82677
25089
18370
161856
152184
189624
96918
746764
132233
241010
47434
17167
23666
667722
320240
11885
205813
320340
28205
230885
247697
91609
158034
315032
39872
193235
673971
152116
119621
858541
236893
115136
438466
1959
322998
732157
178452
77809
21882
332685
491657
457005
283219
869109
593451
20922
494528
105418
485606
529442
252682
603708
427247
2919
186856
388578
202181
843409
36346
7385
15677
248848
130162
511975
218582
236347
228864
377836
441539
525023
8502
235293
270655
13827
176158
379319
29296
6213
39499
305873
601734
406720
157831
517389
269315
604729
19282
341921
412130
81054
121598
306186
331889
254829
202327
31420
627057
229602
505869
46390
819353
531928
514647
191923
156838
409368
371929
621521
591144
47644
228627
323937
326777
416751
308344
300771
143671
457376
205331
47511
30720
461659
428471
8466
170228
358473
134068
32809
296895
47941
230720
188633
203928
85825
103148
36781
237638
782221
62079
99050
73686
252575
296232
610830
234339
270688
368029
44189
435379
114835
22684
347149
69778
47182
187601
180036
18841
412331
37380
130367
569661
49199
420465
174582
242365
229650
9407
16191
117072
76822
92273
96594
19024
92180
620427
427780
280368
560048
26013
172752
263995
31602
241021
377903
27334
26484
530979
123035
28238
52466
572884
267040
161568
424630
127117
730981
35094
225791
102148
294740
794756
127637
46386
46442
70051
200118
161196
41866
152739
54868
35927
389837
178534
424629
267294
411939
79580
387775
97885
589692
423856
665269
440529
660895
280576
29197
88351
580226
56997
571490
136242
103512
286679
9741
852935
297549
39183
660322
250679
135457
1330
81690
69708
32595
12321
181289
732796
7798
353802
63884
143972
91661
14845
35268
31725
223927
165824
434538
3810
10350
623597
238997
145040
711765
5958
238368
269395
153273
122378
426255
383254
13459
27069
434157
311620
130338
625211
47378
219058
556637
22965
629534
402215
224158
26462
633982
27523
20983
92257
58143
53494
196434
148931
323834
182062
477760
45454
30614
595916
544194
187300
534101
165525
141426
418599
177975
168816
399424
5810
564059
8539
733558
6372
617256
24227
58431
248202
830122
103790
142720
52638
23744
557346
27296
353983
299526
15371
325516
817888
240909
187501
420954
91367
159707
266830
96096
370507
177550
380214
459790
127718
379716
624357
337229
17538
208797
669230
97685
38299
256149
623244
17878
47991
111397
48054
678231
16709
384513
9992
495219
550589
790990
173899
294871
165212
21985
327751
209261
7530
478605
420235
22501
170208
67549
541515
159660
56753
727688
337431
397922
180339
217343
388091
72223
704220
4209
92245
145382
706561
241700
766834
53117
209431
16423
197561
442425
3190
331810
883
151159
133543
542341
96440
112011
12010
232192
136774
39053
26954
603228
227213
768862
82126
959499
228840
85950
24121
305421
78175
44737
647759
112973
571167
12656
3123
58958
167360
71900
71296
120367
435887
467493
397598
53488
312155
105703
497887
265523
284428
26258
690226
396975
13280
27230
23988
130011
69920
119339
243523
10358
620316
102169
50746
14742
137100
725245
567114
502261
116452
74786
620711
127058
424314
85331
525680
151939
364939
64392
63565
174104
232166
99779
7296
144994
568893
166537
174470
379073
69025
440530
145684
34426
509411
416842
172210
789275
138164
14218
588997
4486
116912
440
188877
352206
113958
675747
53071
352000
23291
67889
531071
269752
234312
2376
23601
274521
167382
46331
106366
89927
85970
500799
236115
128522
155830
491133
465178
178652
116319
19156
32390
606049
145479
103027
26579
26762
193683
72117
736
65503
310370
715731
172408
33010
36101
724353
420934
617298
93038
95564
177736
166673
2494
125093
484946
130
396191
310946
579949
133
33898
481247
277759
137432
139610
203
54436
642870
7198
108298
57837
29464
116580
101368
27778
488509
54240
722655
79555
42553
118457
338856
205832
28802
4667
25229
62765
184133
205165
421522
754650
75652
79641
581007
5703
111863
3427
71074
839454
240698
373302
146403
18302
187002
369299
130414
320108
83374
457453
80219
84106
3152
423147
327889
466860
264276
99567
132750
174421
320115
47070
576881
248014
23469
81635
127338
134481
110878
628523
82271
240464
718737
183889
207559
845760
548638
134642
463062
19959
397522
37398
160535
207882
745235
265238
86731
185617
46222
339829
691094
566067
1456
863900
57684
579459
142297
16449
448408
467605
187144
838531
102
670738
910954
148098
625106
347158
4300
56436
137756
94810
39342
342397
1861
396400
58913
338808
33170
333036
266157
436913
209828
322010
177265
6210
200636
24489
18000
73981
4474
107878
208364
15656
82075
476165
101292
498998
425616
215429
115230
199254
155985
535778
42052
75382
83609
39551
548211
164430
51449
60929
218782
104262
59063
200727
80812
50214
504414
562205
490128
245202
647667
247317
185414
260139
502489
124842
7717
267270
60382
74172
94802
5229
133101
67783
92919
31343
115947
31207
324022
141344
40323
69015
56267
158469
289808
64316
25019
38005
377730
317896
238969
137271
30964
303771
21200
177232
245924
90805
47194
369891
681352
93080
199504
55219
3813
676749
89876
2723
386718
181506
435441
414023
