100 1000000 9779 1000
100 1 110
100 112 193
100 195 196
100 198 307
100 309 466
100 468 575
100 577 578
100 580 759
100 761 948
100 950 1081
100 1083 1212
100 1214 1299
100 1301 1398
100 1400 1443
100 1445 1496
100 1498 1635
100 1637 1826
100 1828 1923
100 1925 2098
100 2100 2177
100 2179 2202
100 2204 2283
100 2285 2300
100 2302 2343
100 2345 2512
100 2514 2651
100 2653 2748
100 2750 2771
100 2773 2804
100 2806 2845
100 2847 2868
100 2870 3049
100 3051 3078
100 3080 3263
100 3265 3270
100 3272 3375
100 3377 3406
100 3408 3533
100 3535 3672
100 3674 3825
100 3827 3942
100 3944 4039
100 4041 4166
100 4168 4191
100 4193 4198
100 4200 4255
100 4257 4420
100 4422 4521
100 4523 4700
100 4702 4837
100 4839 4936
100 4938 5035
100 5037 5128
100 5130 5235
100 5237 5256
100 5258 5299
100 5301 5366
100 5368 5495
100 5497 5512
100 5514 5663
100 5665 5800
100 5802 5971
100 5973 6014
100 6016 6037
100 6039 6120
100 6122 6293
100 6295 6328
100 6330 6435
100 6437 6580
100 6582 6611
100 6613 6636
100 6638 6737
100 6739 6808
100 6810 6909
100 6911 6976
100 6978 7159
100 7161 7198
100 7200 7395
100 7397 7520
100 7522 7527
100 7529 7700
100 7702 7703
100 7705 7822
100 7824 7893
100 7895 8036
100 8038 8175
100 8177 8340
100 8342 8385
100 8387 8530
100 8532 8657
100 8659 8830
100 8832 8929
100 8931 8936
100 8938 9045
100 9047 9218
100 9220 9385
100 9387 9568
100 9570 9595
100 9597 9792
100 9794 9975
100 9977 10010
100 10012 10161
100 10163 10236
100 10238 10349
100 10351 10476
100 10478 10545
100 10547 10574
100 10576 10661
100 10663 10790
100 10792 10981
100 10983 11130
100 11132 11331
100 11333 11424
100 11426 11621
100 11623 11736
100 11738 11739
100 11741 11806
100 11808 11843
100 11845 11932
100 11934 12067
100 12069 12094
100 12096 12165
100 12167 12178
100 12180 12331
100 12333 12452
100 12454 12545
100 12547 12698
100 12700 12857
100 12859 12876
100 12878 12997
100 12999 13008
100 13010 13101
100 13103 13232
100 13234 13267
100 13269 13326
100 13328 13353
100 13355 13490
100 13492 13609
100 13611 13784
100 13786 13861
100 13863 13980
100 13982 14043
100 14045 14232
100 14234 14247
100 14249 14402
100 14404 14491
100 14493 14598
100 14600 14725
100 14727 14804
100 14806 14821
100 14823 15020
100 15022 15091
100 15093 15162
100 15164 15223
100 15225 15276
100 15278 15307
100 15309 15312
100 15314 15455
100 15457 15528
100 15530 15551
100 15553 15666
100 15668 15765
100 15767 15944
100 15946 16053
100 16055 16096
100 16098 16191
100 16193 16286
100 16288 16443
100 16445 16502
100 16504 16523
100 16525 16666
100 16668 16841
100 16843 17040
100 17042 17203
100 17205 17370
100 17372 17433
100 17435 17590
100 17592 17595
100 17597 17600
100 17602 17785
100 17787 17912
100 17914 17997
100 17999 18114
100 18116 18225
100 18227 18370
100 18372 18423
100 18425 18508
100 18510 18551
100 18553 18658
100 18660 18711
100 18713 18716
100 18718 18885
100 18887 19044
100 19046 19071
100 19073 19252
100 19254 19291
100 19293 19408
100 19410 19547
100 19549 19726
100 19728 19811
100 19813 19848
100 19850 20011
100 20013 20192
100 20194 20375
100 20377 20448
100 20450 20561
100 20563 20576
100 20578 20705
100 20707 20890
100 20892 20895
100 20897 20930
100 20932 21129
100 21131 21254
100 21256 21441
100 21443 21504
100 21506 21563
100 21565 21716
100 21718 21747
100 21749 21930
100 21932 22083
100 22085 22212
100 22214 22405
100 22407 22516
100 22518 22621
100 22623 22636
100 22638 22779
100 22781 22860
100 22862 22981
100 22983 23132
100 23134 23319
100 23321 23322
100 23324 23489
100 23491 23664
100 23666 23779
100 23781 23938
100 23940 23959
100 23961 24078
100 24080 24165
100 24167 24294
100 24296 24317
100 24319 24400
100 24402 24523
100 24525 24552
100 24554 24739
100 24741 24852
100 24854 24889
100 24891 25034
100 25036 25039
100 25041 25104
100 25106 25275
100 25277 25310
100 25312 25483
100 25485 25612
100 25614 25675
100 25677 25698
100 25700 25707
100 25709 25794
100 25796 25947
100 25949 26092
100 26094 26155
100 26157 26286
100 26288 26465
100 26467 26578
100 26580 26737
100 26739 26838
100 26840 26949
100 26951 27132
100 27134 27245
100 27247 27264
100 27266 27359
100 27361 27544
100 27546 27571
100 27573 27674
100 27676 27835
100 27837 28008
100 28010 28025
100 28027 28150
100 28152 28301
100 28303 28368
100 28370 28565
100 28567 28758
100 28760 28831
100 28833 28966
100 28968 29075
100 29077 29268
100 29270 29375
100 29377 29384
100 29386 29507
100 29509 29522
100 29524 29559
100 29561 29662
100 29664 29757
100 29759 29946
100 29948 29983
100 29985 30066
100 30068 30073
100 30075 30230
100 30232 30427
100 30429 30516
100 30518 30611
100 30613 30640
100 30642 30681
100 30683 30880
100 30882 31009
100 31011 31182
100 31184 31313
100 31315 31368
100 31370 31425
100 31427 31480
100 31482 31599
100 31601 31762
100 31764 31917
100 31919 31932
100 31934 32053
100 32055 32142
100 32144 32179
100 32181 32378
100 32380 32509
100 32511 32646
100 32648 32729
100 32731 32802
100 32804 32959
100 32961 33086
100 33088 33101
100 33103 33128
100 33130 33285
100 33287 33304
100 33306 33417
100 33419 33606
100 33608 33665
100 33667 33716
100 33718 33743
100 33745 33900
100 33902 34057
100 34059 34206
100 34208 34305
100 34307 34402
100 34404 34529
100 34531 34656
100 34658 34789
100 34791 34972
100 34974 34997
100 34999 35036
100 35038 35215
100 35217 35350
100 35352 35391
100 35393 35524
100 35526 35597
100 35599 35776
100 35778 35915
100 35917 36072
100 36074 36101
100 36103 36108
100 36110 36267
100 36269 36408
100 36410 36485
100 36487 36592
100 36594 36639
100 36641 36756
100 36758 36849
100 36851 36934
100 36936 37057
100 37059 37104
100 37106 37129
100 37131 37158
100 37160 37307
100 37309 37462
100 37464 37537
100 37539 37654
100 37656 37743
100 37745 37770
100 37772 37903
100 37905 38004
100 38006 38107
100 38109 38298
100 38300 38355
100 38357 38428
100 38430 38553
100 38555 38678
100 38680 38699
100 38701 38812
100 38814 38953
100 38955 39056
100 39058 39227
100 39229 39398
100 39400 39529
100 39531 39678
100 39680 39737
100 39739 39838
100 39840 39957
100 39959 40020
100 40022 40111
100 40113 40266
100 40268 40381
100 40383 40476
100 40478 40559
100 40561 40654
100 40656 40719
100 40721 40800
100 40802 40981
100 40983 40992
100 40994 41183
100 41185 41294
100 41296 41455
100 41457 41550
100 41552 41641
100 41643 41788
100 41790 41807
100 41809 41926
100 41928 42031
100 42033 42074
100 42076 42109
100 42111 42142
100 42144 42181
100 42183 42352
100 42354 42433
100 42435 42548
100 42550 42713
100 42715 42874
100 42876 43025
100 43027 43196
100 43198 43307
100 43309 43416
100 43418 43425
100 43427 43496
100 43498 43501
100 43503 43672
100 43674 43685
100 43687 43706
100 43708 43903
100 43905 43998
100 44000 44025
100 44027 44034
100 44036 44041
100 44043 44216
100 44218 44289
100 44291 44306
100 44308 44447
100 44449 44478
100 44480 44679
100 44681 44790
100 44792 44801
100 44803 44892
100 44894 44979
100 44981 45022
100 45024 45139
100 45141 45188
100 45190 45363
100 45365 45548
100 45550 45661
100 45663 45726
100 45728 45905
100 45907 45952
100 45954 46087
100 46089 46096
100 46098 46121
100 46123 46278
100 46280 46343
100 46345 46376
100 46378 46573
100 46575 46736
100 46738 46919
100 46921 46942
100 46944 46969
100 46971 47096
100 47098 47289
100 47291 47380
100 47382 47527
100 47529 47704
100 47706 47847
100 47849 48008
100 48010 48161
100 48163 48322
100 48324 48469
100 48471 48618
100 48620 48811
100 48813 49010
100 49012 49169
100 49171 49284
100 49286 49351
100 49353 49428
100 49430 49473
100 49475 49564
100 49566 49617
100 49619 49724
100 49726 49811
100 49813 49850
100 49852 49915
100 49917 49996
100 49998 50195
100 50197 50278
100 50280 50321
100 50323 50380
100 50382 50395
100 50397 50470
100 50472 50651
100 50653 50682
100 50684 50765
100 50767 50768
100 50770 50969
100 50971 51080
100 51082 51253
100 51255 51316
100 51318 51517
100 51519 51658
100 51660 51769
100 51771 51932
100 51934 52127
100 52129 52146
100 52148 52267
100 52269 52390
100 52392 52459
100 52461 52534
100 52536 52667
100 52669 52752
100 52754 52839
100 52841 52858
100 52860 52951
100 52953 53082
100 53084 53103
100 53105 53156
100 53158 53243
100 53245 53414
100 53416 53531
100 53533 53722
100 53724 53889
100 53891 53954
100 53956 54101
100 54103 54258
100 54260 54459
100 54461 54660
100 54662 54849
100 54851 54944
100 54946 55089
100 55091 55130
100 55132 55299
100 55301 55434
100 55436 55565
100 55567 55612
100 55614 55733
100 55735 55914
100 55916 55947
100 55949 56066
100 56068 56187
100 56189 56226
100 56228 56245
100 56247 56300
100 56302 56411
100 56413 56432
100 56434 56619
100 56621 56788
100 56790 56803
100 56805 56966
100 56968 56981
100 56983 57024
100 57026 57195
100 57197 57286
100 57288 57483
100 57485 57522
100 57524 57607
100 57609 57722
100 57724 57733
100 57735 57774
100 57776 57789
100 57791 57986
100 57988 58031
100 58033 58188
100 58190 58251
100 58253 58324
100 58326 58419
100 58421 58590
100 58592 58659
100 58661 58856
100 58858 58923
100 58925 59070
100 59072 59229
100 59231 59334
100 59336 59431
100 59433 59436
100 59438 59467
100 59469 59496
100 59498 59653
100 59655 59800
100 59802 59977
100 59979 60102
100 60104 60303
100 60305 60356
100 60358 60519
100 60521 60548
100 60550 60553
100 60555 60698
100 60700 60825
100 60827 60882
100 60884 61059
100 61061 61168
100 61170 61315
100 61317 61496
100 61498 61531
100 61533 61620
100 61622 61629
100 61631 61734
100 61736 61797
100 61799 61988
100 61990 62135
100 62137 62284
100 62286 62413
100 62415 62576
100 62578 62651
100 62653 62754
100 62756 62941
100 62943 63058
100 63060 63063
100 63065 63234
100 63236 63237
100 63239 63378
100 63380 63401
100 63403 63502
100 63504 63581
100 63583 63652
100 63654 63793
100 63795 63954
100 63956 63971
100 63973 64088
100 64090 64105
100 64107 64168
100 64170 64191
100 64193 64302
100 64304 64491
100 64493 64624
100 64626 64807
100 64809 64824
100 64826 64857
100 64859 64974
100 64976 64989
100 64991 65122
100 65124 65135
100 65137 65264
100 65266 65411
100 65413 65578
100 65580 65711
100 65713 65736
100 65738 65871
100 65873 65902
100 65904 65983
100 65985 66052
100 66054 66095
100 66097 66162
100 66164 66187
100 66189 66220
100 66222 66407
100 66409 66518
100 66520 66681
100 66683 66724
100 66726 66911
100 66913 67082
100 67084 67143
100 67145 67234
100 67236 67255
100 67257 67444
100 67446 67479
100 67481 67482
100 67484 67519
100 67521 67598
100 67600 67667
100 67669 67784
100 67786 67893
100 67895 67932
100 67934 68103
100 68105 68222
100 68224 68333
100 68335 68454
100 68456 68561
100 68563 68598
100 68600 68741
100 68743 68748
100 68750 68849
100 68851 69026
100 69028 69083
100 69085 69104
100 69106 69257
100 69259 69304
100 69306 69447
100 69449 69482
100 69484 69671
100 69673 69822
100 69824 70011
100 70013 70160
100 70162 70329
100 70331 70404
100 70406 70411
100 70413 70444
100 70446 70493
100 70495 70530
100 70532 70697
100 70699 70778
100 70780 70855
100 70857 71004
100 71006 71011
100 71013 71022
100 71024 71067
100 71069 71158
100 71160 71317
100 71319 71358
100 71360 71465
100 71467 71638
100 71640 71649
100 71651 71704
100 71706 71873
100 71875 71994
100 71996 72073
100 72075 72156
100 72158 72219
100 72221 72332
100 72334 72345
100 72347 72406
100 72408 72597
100 72599 72750
100 72752 72893
100 72895 72904
100 72906 72957
100 72959 73136
100 73138 73269
100 73271 73366
100 73368 73481
100 73483 73626
100 73628 73711
100 73713 73778
100 73780 73915
100 73917 74102
100 74104 74275
100 74277 74406
100 74408 74535
100 74537 74716
100 74718 74895
100 74897 74950
100 74952 74991
100 74993 75190
100 75192 75233
100 75235 75386
100 75388 75463
100 75465 75654
100 75656 75753
100 75755 75798
100 75800 75823
100 75825 76018
100 76020 76121
100 76123 76260
100 76262 76281
100 76283 76478
100 76480 76671
100 76673 76864
100 76866 76929
100 76931 76954
100 76956 77141
100 77143 77246
100 77248 77305
100 77307 77420
100 77422 77459
100 77461 77652
100 77654 77703
100 77705 77742
100 77744 77927
100 77929 78104
100 78106 78117
100 78119 78186
100 78188 78227
100 78229 78332
100 78334 78511
100 78513 78558
100 78560 78599
100 78601 78760
100 78762 78871
100 78873 79068
100 79070 79161
100 79163 79204
100 79206 79311
100 79313 79450
100 79452 79503
100 79505 79596
100 79598 79681
100 79683 79874
100 79876 80047
100 80049 80094
100 80096 80217
100 80219 80276
100 80278 80413
100 80415 80454
100 80456 80481
100 80483 80680
100 80682 80773
100 80775 80870
100 80872 81055
100 81057 81070
100 81072 81265
100 81267 81450
100 81452 81573
100 81575 81768
100 81770 81857
100 81859 81912
100 81914 81933
100 81935 82096
100 82098 82167
100 82169 82284
100 82286 82481
100 82483 82594
100 82596 82769
100 82771 82948
100 82950 83065
100 83067 83196
100 83198 83289
100 83291 83370
100 83372 83435
100 83437 83528
100 83530 83623
100 83625 83662
100 83664 83749
100 83751 83778
100 83780 83803
100 83805 83906
100 83908 84065
100 84067 84226
100 84228 84279
100 84281 84414
100 84416 84597
100 84599 84772
100 84774 84853
100 84855 85002
100 85004 85169
100 85171 85188
100 85190 85281
100 85283 85296
100 85298 85439
100 85441 85466
100 85468 85539
100 85541 85642
100 85644 85723
100 85725 85848
100 85850 85907
100 85909 86024
100 86026 86169
100 86171 86200
100 86202 86247
100 86249 86360
100 86362 86473
100 86475 86650
100 86652 86671
100 86673 86706
100 86708 86795
100 86797 86842
100 86844 87011
100 87013 87210
100 87212 87283
100 87285 87476
100 87478 87531
100 87533 87610
100 87612 87723
100 87725 87908
100 87910 88059
100 88061 88210
100 88212 88247
100 88249 88438
100 88440 88517
100 88519 88594
100 88596 88691
100 88693 88704
100 88706 88885
100 88887 88900
100 88902 88943
100 88945 89038
100 89040 89097
100 89099 89266
100 89268 89361
100 89363 89454
100 89456 89505
100 89507 89592
100 89594 89701
100 89703 89794
100 89796 89957
100 89959 90026
100 90028 90033
100 90035 90142
100 90144 90263
100 90265 90382
100 90384 90389
100 90391 90570
100 90572 90609
100 90611 90772
100 90774 90781
100 90783 90886
100 90888 90939
100 90941 91126
100 91128 91187
100 91189 91218
100 91220 91369
100 91371 91564
100 91566 91661
100 91663 91706
100 91708 91753
100 91755 91902
100 91904 91989
100 91991 92000
100 92002 92157
100 92159 92278
100 92280 92423
100 92425 92456
100 92458 92609
100 92611 92782
100 92784 92823
100 92825 92990
100 92992 93061
100 93063 93230
100 93232 93269
100 93271 93274
100 93276 93333
100 93335 93424
100 93426 93537
100 93539 93660
100 93662 93739
100 93741 93904
100 93906 93999
100 94001 94152
100 94154 94331
100 94333 94430
100 94432 94619
100 94621 94788
100 94790 94947
100 94949 94974
100 94976 94987
100 94989 95086
100 95088 95211
100 95213 95248
100 95250 95281
100 95283 95404
100 95406 95467
100 95469 95598
100 95600 95739
100 95741 95778
100 95780 95915
100 95917 96022
100 96024 96105
100 96107 96202
100 96204 96335
100 96337 96348
100 96350 96401
100 96403 96594
100 96596 96739
100 96741 96768
100 96770 96787
100 96789 96816
100 96818 97003
100 97005 97066
100 97068 97159
100 97161 97180
100 97182 97301
100 97303 97426
100 97428 97581
100 97583 97642
100 97644 97807
100 97809 97972
100 97974 98125
100 98127 98326
100 98328 98373
100 98375 98564
100 98566 98597
100 98599 98610
100 98612 98693
100 98695 98794
100 98796 98981
100 98983 99116
100 99118 99163
100 99165 99224
100 99226 99267
100 99269 99376
100 99378 99529
100 99531 99556
100 99558 99737
100 99739 99832
100 99834 99979
100 99981 100028
100 100030 100153
100 100155 100266
100 100268 100451
100 100453 100556
100 100558 100587
100 100589 100702
100 100704 100747
100 100749 100784
100 100786 100931
100 100933 101090
100 101092 101283
100 101285 101336
100 101338 101445
100 101447 101458
100 101460 101479
100 101481 101572
100 101574 101739
100 101741 101916
100 101918 102001
100 102003 102080
100 102082 102189
100 102191 102246
100 102248 102309
100 102311 102470
100 102472 102549
100 102551 102714
100 102716 102751
100 102753 102798
100 102800 102903
100 102905 102932
100 102934 103025
100 103027 103118
100 103120 103311
100 103313 103418
100 103420 103573
100 103575 103750
100 103752 103925
100 103927 104122
100 104124 104155
100 104157 104344
100 104346 104425
100 104427 104478
100 104480 104615
100 104617 104800
100 104802 104977
100 104979 105140
100 105142 105255
100 105257 105418
100 105420 105429
100 105431 105524
100 105526 105649
100 105651 105816
100 105818 105979
100 105981 106138
100 106140 106331
100 106333 106484
100 106486 106547
100 106549 106568
100 106570 106717
100 106719 106912
100 106914 106979
100 106981 107098
100 107100 107259
100 107261 107282
100 107284 107431
100 107433 107480
100 107482 107641
100 107643 107824
100 107826 107875
100 107877 108032
100 108034 108211
100 108213 108322
100 108324 108455
100 108457 108618
100 108620 108649
100 108651 108680
100 108682 108783
100 108785 108878
100 108880 109057
100 109059 109064
100 109066 109107
100 109109 109258
100 109260 109281
100 109283 109312
100 109314 109341
100 109343 109458
100 109460 109655
100 109657 109680
100 109682 109867
100 109869 110010
100 110012 110105
100 110107 110138
100 110140 110163
100 110165 110292
100 110294 110423
100 110425 110436
100 110438 110469
100 110471 110482
100 110484 110533
100 110535 110602
100 110604 110641
100 110643 110812
100 110814 110939
100 110941 111022
100 111024 111109
100 111111 111254
100 111256 111453
100 111455 111558
100 111560 111651
100 111653 111752
100 111754 111779
100 111781 111844
100 111846 111897
100 111899 111908
100 111910 112047
100 112049 112080
100 112082 112141
100 112143 112226
100 112228 112329
100 112331 112426
100 112428 112583
100 112585 112646
100 112648 112679
100 112681 112880
100 112882 113015
100 113017 113046
100 113048 113065
100 113067 113242
100 113244 113267
100 113269 113360
100 113362 113555
100 113557 113740
100 113742 113941
100 113943 114064
100 114066 114235
100 114237 114292
100 114294 114477
100 114479 114494
100 114496 114669
100 114671 114790
100 114792 114931
100 114933 115104
100 115106 115291
100 115293 115390
100 115392 115401
100 115403 115586
100 115588 115739
100 115741 115788
100 115790 115911
100 115913 116084
100 116086 116163
100 116165 116210
100 116212 116243
100 116245 116282
100 116284 116447
100 116449 116632
100 116634 116827
100 116829 117000
100 117002 117041
100 117043 117058
100 117060 117133
100 117135 117152
100 117154 117275
100 117277 117396
100 117398 117513
100 117515 117614
100 117616 117795
100 117797 117940
100 117942 118137
100 118139 118262
100 118264 118451
100 118453 118532
100 118534 118551
100 118553 118714
100 118716 118887
100 118889 118894
100 118896 119017
100 119019 119160
100 119162 119297
100 119299 119384
100 119386 119441
100 119443 119614
100 119616 119637
100 119639 119652
100 119654 119759
100 119761 119908
100 119910 119923
100 119925 120118
100 120120 120207
100 120209 120270
100 120272 120371
100 120373 120540
100 120542 120671
100 120673 120764
100 120766 120941
100 120943 121068
100 121070 121185
100 121187 121374
100 121376 121421
100 121423 121436
100 121438 121495
100 121497 121656
100 121658 121851
100 121853 121926
100 121928 121973
100 121975 121998
100 122000 122107
100 122109 122164
100 122166 122201
100 122203 122334
100 122336 122375
100 122377 122442
100 122444 122445
100 122447 122572
100 122574 122741
100 122743 122858
100 122860 123041
100 123043 123100
100 123102 123211
100 123213 123290
100 123292 123405
100 123407 123492
100 123494 123691
100 123693 123700
100 123702 123847
100 123849 123958
100 123960 123979
100 123981 124060
100 124062 124179
100 124181 124260
100 124262 124439
100 124441 124508
100 124510 124601
100 124603 124654
100 124656 124717
100 124719 124730
100 124732 124751
100 124753 124768
100 124770 124851
100 124853 124966
100 124968 125155
100 125157 125170
100 125172 125237
100 125239 125420
100 125422 125453
100 125455 125630
100 125632 125741
100 125743 125938
100 125940 126085
100 126087 126120
100 126122 126277
100 126279 126462
100 126464 126547
100 126549 126678
100 126680 126851
100 126853 126896
100 126898 126967
100 126969 127150
100 127152 127227
100 127229 127308
100 127310 127445
100 127447 127468
100 127470 127539
100 127541 127678
100 127680 127809
100 127811 127842
100 127844 127993
100 127995 128016
100 128018 128091
100 128093 128238
100 128240 128431
100 128433 128464
100 128466 128495
100 128497 128668
100 128670 128695
100 128697 128740
100 128742 128921
100 128923 129118
100 129120 129191
100 129193 129280
100 129282 129345
100 129347 129424
100 129426 129605
100 129607 129666
100 129668 129751
100 129753 129832
100 129834 129969
100 129971 130138
100 130140 130197
100 130199 130372
100 130374 130447
100 130449 130556
100 130558 130647
100 130649 130798
100 130800 130919
100 130921 130928
100 130930 131063
100 131065 131164
100 131166 131169
100 131171 131214
100 131216 131265
100 131267 131466
100 131468 131609
100 131611 131700
100 131702 131837
100 131839 131886
100 131888 132003
100 132005 132026
100 132028 132037
100 132039 132154
100 132156 132177
100 132179 132192
100 132194 132383
100 132385 132468
100 132470 132649
100 132651 132766
100 132768 132801
100 132803 132966
100 132968 133037
100 133039 133040
100 133042 133187
100 133189 133350
100 133352 133541
100 133543 133560
100 133562 133761
100 133763 133926
100 133928 134007
100 134009 134020
100 134022 134075
100 134077 134182
100 134184 134267
100 134269 134280
100 134282 134339
100 134341 134414
100 134416 134437
100 134439 134580
100 134582 134671
100 134673 134816
100 134818 134977
100 134979 135134
100 135136 135249
100 135251 135412
100 135414 135419
100 135421 135442
100 135444 135545
100 135547 135740
100 135742 135763
100 135765 135850
100 135852 135893
100 135895 135904
100 135906 135969
100 135971 136156
100 136158 136249
100 136251 136386
100 136388 136479
100 136481 136578
100 136580 136585
100 136587 136710
100 136712 136845
100 136847 136962
100 136964 137059
100 137061 137204
100 137206 137385
100 137387 137538
100 137540 137685
100 137687 137802
100 137804 138001
100 138003 138038
100 138040 138189
100 138191 138322
100 138324 138493
100 138495 138650
100 138652 138691
100 138693 138738
100 138740 138917
100 138919 138962
100 138964 139029
100 139031 139148
100 139150 139215
100 139217 139288
100 139290 139445
100 139447 139554
100 139556 139669
100 139671 139850
100 139852 140021
100 140023 140196
100 140198 140231
100 140233 140410
100 140412 140497
100 140499 140572
100 140574 140635
100 140637 140790
100 140792 140809
100 140811 140822
100 140824 140877
100 140879 141060
100 141062 141203
100 141205 141218
100 141220 141249
100 141251 141252
100 141254 141381
100 141383 141436
100 141438 141537
100 141539 141594
100 141596 141743
100 141745 141936
100 141938 142011
100 142013 142114
100 142116 142225
100 142227 142422
100 142424 142605
100 142607 142792
100 142794 142871
100 142873 142886
100 142888 142911
100 142913 143036
100 143038 143163
100 143165 143210
100 143212 143237
100 143239 143340
100 143342 143437
100 143439 143636
100 143638 143765
100 143767 143782
100 143784 143941
100 143943 144056
100 144058 144247
100 144249 144302
100 144304 144331
100 144333 144342
100 144344 144529
100 144531 144556
100 144558 144645
100 144647 144654
100 144656 144719
100 144721 144884
100 144886 145035
100 145037 145174
100 145176 145251
100 145253 145398
100 145400 145547
100 145549 145616
100 145618 145751
100 145753 145804
100 145806 145825
100 145827 145990
100 145992 146111
100 146113 146140
100 146142 146197
100 146199 146218
100 146220 146237
100 146239 146308
100 146310 146395
100 146397 146494
100 146496 146551
100 146553 146646
100 146648 146787
100 146789 146864
100 146866 146981
100 146983 147142
100 147144 147267
100 147269 147328
100 147330 147513
100 147515 147578
100 147580 147683
100 147685 147740
100 147742 147769
100 147771 147854
100 147856 147975
100 147977 148142
100 148144 148255
100 148257 148422
100 148424 148537
100 148539 148566
100 148568 148611
100 148613 148674
100 148676 148709
100 148711 148736
100 148738 148885
100 148887 149002
100 149004 149093
100 149095 149218
100 149220 149221
100 149223 149368
100 149370 149395
100 149397 149550
100 149552 149743
100 149745 149834
100 149836 150015
100 150017 150086
100 150088 150145
100 150147 150240
100 150242 150329
100 150331 150412
100 150414 150503
100 150505 150636
100 150638 150651
100 150653 150838
100 150840 150943
100 150945 151122
100 151124 151231
100 151233 151304
100 151306 151367
100 151369 151496
100 151498 151625
100 151627 151700
100 151702 151871
100 151873 151902
100 151904 152095
100 152097 152236
100 152238 152363
100 152365 152564
100 152566 152647
100 152649 152756
100 152758 152931
100 152933 152964
100 152966 153013
100 153015 153062
100 153064 153099
100 153101 153200
100 153202 153253
100 153255 153416
100 153418 153593
100 153595 153690
100 153692 153793
100 153795 153912
100 153914 154073
100 154075 154142
100 154144 154241
100 154243 154352
100 154354 154483
100 154485 154682
100 154684 154883
100 154885 154950
100 154952 155133
100 155135 155288
100 155290 155345
100 155347 155352
100 155354 155385
100 155387 155508
100 155510 155525
100 155527 155670
100 155672 155821
100 155823 155914
100 155916 156103
100 156105 156194
100 156196 156309
100 156311 156370
100 156372 156493
100 156495 156572
100 156574 156631
100 156633 156798
100 156800 156839
100 156841 156886
100 156888 157021
100 157023 157184
100 157186 157283
100 157285 157286
100 157288 157399
100 157401 157424
100 157426 157475
100 157477 157538
100 157540 157665
100 157667 157704
100 157706 157715
100 157717 157786
100 157788 157913
100 157915 158012
100 158014 158067
100 158069 158124
100 158126 158281
100 158283 158336
100 158338 158425
100 158427 158498
100 158500 158599
100 158601 158718
100 158720 158903
100 158905 158962
100 158964 159039
100 159041 159164
100 159166 159271
100 159273 159450
100 159452 159495
100 159497 159578
100 159580 159777
100 159779 159830
100 159832 159931
100 159933 159954
100 159956 160099
100 160101 160284
100 160286 160307
100 160309 160440
100 160442 160527
100 160529 160610
100 160612 160689
100 160691 160854
100 160856 161025
100 161027 161200
100 161202 161367
100 161369 161552
100 161554 161691
100 161693 161802
100 161804 161883
100 161885 162018
100 162020 162169
100 162171 162348
100 162350 162457
100 162459 162622
100 162624 162635
100 162637 162806
100 162808 162839
100 162841 162914
100 162916 162929
100 162931 162956
100 162958 162973
100 162975 162992
100 162994 163183
100 163185 163248
100 163250 163283
100 163285 163464
100 163466 163623
100 163625 163786
100 163788 163791
100 163793 163872
100 163874 163979
100 163981 164130
100 164132 164227
100 164229 164292
100 164294 164345
100 164347 164390
100 164392 164455
100 164457 164490
100 164492 164643
100 164645 164818
100 164820 164861
100 164863 164868
100 164870 165061
100 165063 165078
100 165080 165135
100 165137 165202
100 165204 165223
100 165225 165304
100 165306 165413
100 165415 165542
100 165544 165587
100 165589 165688
100 165690 165823
100 165825 165830
100 165832 165993
100 165995 166088
100 166090 166261
100 166263 166302
100 166304 166327
100 166329 166402
100 166404 166539
100 166541 166600
100 166602 166677
100 166679 166734
100 166736 166861
100 166863 166882
100 166884 166903
100 166905 167008
100 167010 167189
100 167191 167250
100 167252 167253
100 167255 167282
100 167284 167461
100 167463 167616
100 167618 167809
100 167811 167990
100 167992 168075
100 168077 168100
100 168102 168169
100 168171 168326
100 168328 168351
100 168353 168530
100 168532 168643
100 168645 168824
100 168826 168893
100 168895 168982
100 168984 169073
100 169075 169182
100 169184 169311
100 169313 169350
100 169352 169413
100 169415 169574
100 169576 169653
100 169655 169732
100 169734 169741
100 169743 169904
100 169906 169983
100 169985 170146
100 170148 170319
100 170321 170386
100 170388 170435
100 170437 170472
100 170474 170539
100 170541 170614
100 170616 170783
100 170785 170812
100 170814 170925
100 170927 171038
100 171040 171123
100 171125 171310
100 171312 171355
100 171357 171382
100 171384 171469
100 171471 171612
100 171614 171811
100 171813 171962
100 171964 172011
100 172013 172058
100 172060 172107
100 172109 172174
100 172176 172207
100 172209 172294
100 172296 172301
100 172303 172326
100 172328 172497
100 172499 172594
100 172596 172769
100 172771 172854
100 172856 173053
100 173055 173182
100 173184 173377
100 173379 173526
100 173528 173583
100 173585 173744
100 173746 173875
100 173877 174010
100 174012 174093
100 174095 174178
100 174180 174279
100 174281 174292
100 174294 174473
100 174475 174500
100 174502 174629
100 174631 174724
100 174726 174803
100 174805 174836
100 174838 174935
100 174937 174958
100 174960 175055
100 175057 175100
100 175102 175175
100 175177 175360
100 175362 175441
100 175443 175546
100 175548 175647
100 175649 175848
100 175850 175871
100 175873 175892
100 175894 176075
100 176077 176106
100 176108 176291
100 176293 176376
100 176378 176539
100 176541 176662
100 176664 176725
100 176727 176904
100 176906 176967
100 176969 177142
100 177144 177307
100 177309 177336
100 177338 177529
100 177531 177628
100 177630 177763
100 177765 177888
100 177890 178069
100 178071 178138
100 178140 178145
100 178147 178198
100 178200 178301
100 178303 178390
100 178392 178431
100 178433 178504
100 178506 178687
100 178689 178838
100 178840 179013
100 179015 179016
100 179018 179053
100 179055 179158
100 179160 179301
100 179303 179364
100 179366 179457
100 179459 179628
100 179630 179761
100 179763 179942
100 179944 180025
100 180027 180102
100 180104 180209
100 180211 180372
100 180374 180431
100 180433 180504
100 180506 180561
100 180563 180742
100 180744 180857
100 180859 181020
100 181022 181177
100 181179 181316
100 181318 181513
100 181515 181686
100 181688 181805
100 181807 182004
100 182006 182189
100 182191 182342
100 182344 182535
100 182537 182706
100 182708 182903
100 182905 182912
100 182914 183099
100 183101 183276
100 183278 183351
100 183353 183476
100 183478 183479
100 183481 183548
100 183550 183585
100 183587 183692
100 183694 183751
100 183753 183776
100 183778 183943
100 183945 184102
100 184104 184253
100 184255 184268
100 184270 184329
100 184331 184484
100 184486 184521
100 184523 184684
100 184686 184753
100 184755 184794
100 184796 184887
100 184889 184922
100 184924 185103
100 185105 185260
100 185262 185387
100 185389 185430
100 185432 185473
100 185475 185528
100 185530 185715
100 185717 185784
100 185786 185913
100 185915 186052
100 186054 186149
100 186151 186186
100 186188 186207
100 186209 186232
100 186234 186319
100 186321 186390
100 186392 186409
100 186411 186606
100 186608 186705
100 186707 186802
100 186804 186939
100 186941 187110
100 187112 187191
100 187193 187244
100 187246 187303
100 187305 187338
100 187340 187435
100 187437 187594
100 187596 187715
100 187717 187852
100 187854 187979
100 187981 188164
100 188166 188173
100 188175 188198
100 188200 188345
100 188347 188414
100 188416 188419
100 188421 188610
100 188612 188679
100 188681 188700
100 188702 188871
100 188873 188986
100 188988 189119
100 189121 189232
100 189234 189383
100 189385 189560
100 189562 189625
100 189627 189814
100 189816 189913
100 189915 190094
100 190096 190111
100 190113 190238
100 190240 190437
100 190439 190580
100 190582 190627
100 190629 190818
100 190820 190965
100 190967 191006
100 191008 191087
100 191089 191212
100 191214 191377
100 191379 191406
100 191408 191465
100 191467 191544
100 191546 191621
100 191623 191650
100 191652 191661
100 191663 191686
100 191688 191823
100 191825 191900
100 191902 191969
100 191971 192032
100 192034 192143
100 192145 192230
100 192232 192333
100 192335 192500
100 192502 192585
100 192587 192764
100 192766 192815
100 192817 192924
100 192926 193065
100 193067 193070
100 193072 193191
100 193193 193254
100 193256 193429
100 193431 193458
100 193460 193631
100 193633 193744
100 193746 193825
100 193827 193868
100 193870 194015
100 194017 194206
100 194208 194301
100 194303 194352
100 194354 194461
100 194463 194510
100 194512 194543
100 194545 194692
100 194694 194777
100 194779 194804
100 194806 194997
100 194999 195086
100 195088 195151
100 195153 195244
100 195246 195405
100 195407 195430
100 195432 195461
100 195463 195530
100 195532 195701
100 195703 195862
100 195864 195973
100 195975 195984
100 195986 195999
100 196001 196166
100 196168 196213
100 196215 196352
100 196354 196433
100 196435 196568
100 196570 196703
100 196705 196896
100 196898 196995
100 196997 197062
100 197064 197191
100 197193 197330
100 197332 197411
100 197413 197576
100 197578 197761
100 197763 197894
100 197896 197897
100 197899 197948
100 197950 198043
100 198045 198084
100 198086 198123
100 198125 198270
100 198272 198459
100 198461 198656
100 198658 198853
100 198855 198936
100 198938 198971
100 198973 198992
100 198994 199075
100 199077 199172
100 199174 199317
100 199319 199502
100 199504 199511
100 199513 199524
100 199526 199589
100 199591 199622
100 199624 199763
100 199765 199936
100 199938 200071
100 200073 200114
100 200116 200179
100 200181 200202
100 200204 200279
100 200281 200436
100 200438 200537
100 200539 200656
100 200658 200693
100 200695 200702
100 200704 200797
100 200799 200814
100 200816 201001
100 201003 201104
100 201106 201191
100 201193 201318
100 201320 201509
100 201511 201680
100 201682 201725
100 201727 201774
100 201776 201899
100 201901 202026
100 202028 202065
100 202067 202150
100 202152 202195
100 202197 202310
100 202312 202359
100 202361 202450
100 202452 202595
100 202597 202742
100 202744 202909
100 202911 203044
100 203046 203059
100 203061 203066
100 203068 203191
100 203193 203270
100 203272 203367
100 203369 203440
100 203442 203515
100 203517 203604
100 203606 203667
100 203669 203692
100 203694 203711
100 203713 203906
100 203908 204007
100 204009 204130
100 204132 204295
100 204297 204300
100 204302 204307
100 204309 204444
100 204446 204629
100 204631 204736
100 204738 204917
100 204919 205088
100 205090 205221
100 205223 205344
100 205346 205519
100 205521 205672
100 205674 205743
100 205745 205854
100 205856 206051
100 206053 206084
100 206086 206283
100 206285 206360
100 206362 206437
100 206439 206498
100 206500 206561
100 206563 206644
100 206646 206703
100 206705 206726
100 206728 206865
100 206867 206940
100 206942 207017
100 207019 207168
100 207170 207347
100 207349 207464
100 207466 207551
100 207553 207726
100 207728 207921
100 207923 207928
100 207930 208025
100 208027 208160
100 208162 208221
100 208223 208380
100 208382 208469
100 208471 208564
100 208566 208685
100 208687 208768
100 208770 208929
100 208931 209114
100 209116 209181
100 209183 209256
100 209258 209349
100 209351 209484
100 209486 209641
100 209643 209652
100 209654 209799
100 209801 209820
100 209822 209911
100 209913 210044
100 210046 210209
100 210211 210344
100 210346 210499
100 210501 210608
100 210610 210697
100 210699 210708
100 210710 210897
100 210899 211014
100 211016 211169
100 211171 211188
100 211190 211361
100 211363 211370
100 211372 211561
100 211563 211662
100 211664 211741
100 211743 211896
100 211898 212027
100 212029 212092
100 212094 212221
100 212223 212400
100 212402 212485
100 212487 212500
100 212502 212541
100 212543 212724
100 212726 212885
100 212887 212890
100 212892 212947
100 212949 212978
100 212980 213111
100 213113 213224
100 213226 213335
100 213337 213366
100 213368 213447
100 213449 213472
100 213474 213531
100 213533 213636
100 213638 213739
100 213741 213894
100 213896 214075
100 214077 214122
100 214124 214271
100 214273 214280
100 214282 214413
100 214415 214516
100 214518 214561
100 214563 214720
100 214722 214873
100 214875 215032
100 215034 215075
100 215077 215138
100 215140 215199
100 215201 215306
100 215308 215371
100 215373 215540
100 215542 215627
100 215629 215676
100 215678 215737
100 215739 215806
100 215808 215835
100 215837 215876
100 215878 215891
100 215893 216056
100 216058 216157
100 216159 216242
100 216244 216385
100 216387 216526
100 216528 216693
100 216695 216720
100 216722 216801
100 216803 216940
100 216942 217133
100 217135 217170
100 217172 217255
100 217257 217352
100 217354 217421
100 217423 217560
100 217562 217591
100 217593 217760
100 217762 217853
100 217855 217936
100 217938 218127
100 218129 218264
100 218266 218455
100 218457 218630
100 218632 218781
100 218783 218802
100 218804 218915
100 218917 219066
100 219068 219201
100 219203 219290
100 219292 219433
100 219435 219614
100 219616 219731
100 219733 219814
100 219816 219945
100 219947 220146
100 220148 220245
100 220247 220274
100 220276 220375
100 220377 220542
100 220544 220603
100 220605 220668
100 220670 220691
100 220693 220840
100 220842 220843
100 220845 220880
100 220882 220991
100 220993 221020
100 221022 221177
100 221179 221304
100 221306 221437
100 221439 221610
100 221612 221657
100 221659 221756
100 221758 221917
100 221919 222052
100 222054 222061
100 222063 222158
100 222160 222167
100 222169 222358
100 222360 222491
100 222493 222692
100 222694 222743
100 222745 222794
100 222796 222823
100 222825 222872
100 222874 222913
100 222915 223064
100 223066 223233
100 223235 223360
100 223362 223505
100 223507 223654
100 223656 223839
100 223841 224026
100 224028 224081
100 224083 224200
100 224202 224269
100 224271 224284
100 224286 224333
100 224335 224392
100 224394 224589
100 224591 224720
100 224722 224883
100 224885 225038
100 225040 225237
100 225239 225358
100 225360 225469
100 225471 225626
100 225628 225827
100 225829 225946
100 225948 226135
100 226137 226248
100 226250 226397
100 226399 226448
100 226450 226545
100 226547 226636
100 226638 226767
100 226769 226904
100 226906 227007
100 227009 227030
100 227032 227197
100 227199 227276
100 227278 227279
100 227281 227286
100 227288 227463
100 227465 227558
100 227560 227721
100 227723 227786
100 227788 227985
100 227987 228062
100 228064 228093
100 228095 228142
100 228144 228253
100 228255 228378
100 228380 228547
100 228549 228696
100 228698 228855
100 228857 228974
100 228976 229097
100 229099 229264
100 229266 229443
100 229445 229628
100 229630 229655
100 229657 229696
100 229698 229815
100 229817 229898
100 229900 229969
100 229971 230014
100 230016 230095
100 230097 230150
100 230152 230227
100 230229 230362
100 230364 230449
100 230451 230488
100 230490 230509
100 230511 230682
100 230684 230763
100 230765 230788
100 230790 230947
100 230949 230978
100 230980 231031
100 231033 231102
100 231104 231201
100 231203 231384
100 231386 231561
100 231563 231682
100 231684 231797
100 231799 231824
100 231826 231983
100 231985 232060
100 232062 232177
100 232179 232322
100 232324 232409
100 232411 232566
100 232568 232611
100 232613 232742
100 232744 232897
100 232899 232942
100 232944 232957
100 232959 233140
100 233142 233293
100 233295 233436
100 233438 233501
100 233503 233662
100 233664 233845
100 233847 234042
100 234044 234215
100 234217 234242
100 234244 234323
100 234325 234338
100 234340 234449
100 234451 234536
100 234538 234635
100 234637 234812
100 234814 234975
100 234977 235100
100 235102 235271
100 235273 235414
100 235416 235575
100 235577 235622
100 235624 235797
100 235799 235858
100 235860 235871
100 235873 235962
100 235964 236113
100 236115 236212
100 236214 236295
100 236297 236416
100 236418 236511
100 236513 236642
100 236644 236841
100 236843 236918
100 236920 236991
100 236993 237144
100 237146 237227
100 237229 237362
100 237364 237453
100 237455 237520
100 237522 237527
100 237529 237608
100 237610 237745
100 237747 237888
100 237890 238079
100 238081 238132
100 238134 238201
100 238203 238222
100 238224 238245
100 238247 238406
100 238408 238593
100 238595 238694
100 238696 238721
100 238723 238906
100 238908 239007
100 239009 239052
100 239054 239057
100 239059 239148
100 239150 239211
100 239213 239308
100 239310 239469
100 239471 239598
100 239600 239683
100 239685 239850
100 239852 239905
100 239907 240052
100 240054 240055
100 240057 240148
100 240150 240303
100 240305 240454
100 240456 240585
100 240587 240744
100 240746 240811
100 240813 240992
100 240994 241131
100 241133 241208
100 241210 241263
100 241265 241266
100 241268 241379
100 241381 241440
100 241442 241503
100 241505 241560
100 241562 241599
100 241601 241634
100 241636 241721
100 241723 241836
100 241838 242033
100 242035 242116
100 242118 242267
100 242269 242408
100 242410 242433
100 242435 242464
100 242466 242469
100 242471 242490
100 242492 242669
100 242671 242750
100 242752 242785
100 242787 242928
100 242930 243123
100 243125 243284
100 243286 243301
100 243303 243312
100 243314 243433
100 243435 243500
100 243502 243511
100 243513 243688
100 243690 243845
100 243847 243932
100 243934 244051
100 244053 244098
100 244100 244181
100 244183 244322
100 244324 244345
100 244347 244532
100 244534 244541
100 244543 244564
100 244566 244619
100 244621 244778
100 244780 244883
100 244885 244902
100 244904 245097
100 245099 245286
100 245288 245311
100 245313 245340
100 245342 245525
100 245527 245546
100 245548 245571
100 245573 245766
100 245768 245885
100 245887 245908
100 245910 245971
100 245973 246008
100 246010 246133
100 246135 246200
100 246202 246313
100 246315 246358
100 246360 246537
100 246539 246562
100 246564 246691
100 246693 246802
100 246804 246879
100 246881 246938
100 246940 247005
100 247007 247114
100 247116 247233
100 247235 247306
100 247308 247411
100 247413 247538
100 247540 247681
100 247683 247736
100 247738 247799
100 247801 247968
100 247970 248023
100 248025 248124
100 248126 248223
100 248225 248364
100 248366 248453
100 248455 248628
100 248630 248821
100 248823 248972
100 248974 249091
100 249093 249278
100 249280 249451
100 249453 249522
100 249524 249663
100 249665 249698
100 249700 249775
100 249777 249972
100 249974 250091
100 250093 250142
100 250144 250171
100 250173 250324
100 250326 250471
100 250473 250608
100 250610 250793
100 250795 250894
100 250896 251019
100 251021 251122
100 251124 251189
100 251191 251210
100 251212 251405
100 251407 251594
100 251596 251623
100 251625 251686
100 251688 251803
100 251805 251842
100 251844 251999
100 252001 252006
100 252008 252083
100 252085 252102
100 252104 252285
100 252287 252342
100 252344 252463
100 252465 252550
100 252552 252701
100 252703 252790
100 252792 252973
100 252975 253016
100 253018 253093
100 253095 253246
100 253248 253447
100 253449 253636
100 253638 253683
100 253685 253862
100 253864 254025
100 254027 254080
100 254082 254265
100 254267 254458
100 254460 254547
100 254549 254554
100 254556 254623
100 254625 254668
100 254670 254821
100 254823 255018
100 255020 255217
100 255219 255280
100 255282 255477
100 255479 255502
100 255504 255683
100 255685 255782
100 255784 255847
100 255849 255852
100 255854 256005
100 256007 256090
100 256092 256133
100 256135 256152
100 256154 256259
100 256261 256322
100 256324 256443
100 256445 256598
100 256600 256611
100 256613 256756
100 256758 256949
100 256951 256968
100 256970 256999
100 257001 257056
100 257058 257149
100 257151 257206
100 257208 257353
100 257355 257552
100 257554 257657
100 257659 257676
100 257678 257865
100 257867 258046
100 258048 258213
100 258215 258382
100 258384 258457
100 258459 258464
100 258466 258525
100 258527 258532
100 258534 258553
100 258555 258604
100 258606 258693
100 258695 258806
100 258808 258927
100 258929 259128
100 259130 259139
100 259141 259214
100 259216 259321
100 259323 259390
100 259392 259513
100 259515 259592
100 259594 259791
100 259793 259992
100 259994 260179
100 260181 260280
100 260282 260339
100 260341 260372
100 260374 260547
100 260549 260616
100 260618 260771
100 260773 260812
100 260814 260841
100 260843 260980
100 260982 260983
100 260985 260992
100 260994 261037
100 261039 261072
100 261074 261093
100 261095 261286
100 261288 261373
100 261375 261480
100 261482 261593
100 261595 261786
100 261788 261973
100 261975 262138
100 262140 262289
100 262291 262466
100 262468 262495
100 262497 262554
100 262556 262599
100 262601 262644
100 262646 262723
100 262725 262804
100 262806 262975
100 262977 262986
100 262988 263053
100 263055 263166
100 263168 263335
100 263337 263428
100 263430 263525
100 263527 263712
100 263714 263745
100 263747 263874
100 263876 263941
100 263943 263958
100 263960 264063
100 264065 264192
100 264194 264339
100 264341 264526
100 264528 264581
100 264583 264732
100 264734 264747
100 264749 264860
100 264862 264993
100 264995 265166
100 265168 265183
100 265185 265336
100 265338 265349
100 265351 265546
100 265548 265707
100 265709 265894
100 265896 265997
100 265999 266086
100 266088 266213
100 266215 266356
100 266358 266475
100 266477 266540
100 266542 266623
100 266625 266696
100 266698 266817
100 266819 266956
100 266958 267119
100 267121 267204
100 267206 267331
100 267333 267506
100 267508 267567
100 267569 267588
100 267590 267703
100 267705 267804
100 267806 267961
100 267963 268160
100 268162 268339
100 268341 268414
100 268416 268539
100 268541 268708
100 268710 268909
100 268911 269040
100 269042 269235
100 269237 269404
100 269406 269417
100 269419 269590
100 269592 269631
100 269633 269786
100 269788 269791
100 269793 269842
100 269844 269873
100 269875 269950
100 269952 270017
100 270019 270136
100 270138 270185
100 270187 270326
100 270328 270399
100 270401 270592
100 270594 270755
100 270757 270862
100 270864 271043
100 271045 271074
100 271076 271137
100 271139 271220
100 271222 271409
100 271411 271598
100 271600 271669
100 271671 271832
100 271834 271931
100 271933 272012
100 272014 272141
100 272143 272180
100 272182 272351
100 272353 272374
100 272376 272381
100 272383 272420
100 272422 272611
100 272613 272654
100 272656 272719
100 272721 272770
100 272772 272793
100 272795 272916
100 272918 273025
100 273027 273092
100 273094 273121
100 273123 273306
100 273308 273473
100 273475 273478
100 273480 273669
100 273671 273814
100 273816 273925
100 273927 273928
100 273930 274075
100 274077 274160
100 274162 274329
100 274331 274346
100 274348 274455
100 274457 274564
100 274566 274635
100 274637 274718
100 274720 274849
100 274851 274886
100 274888 274951
100 274953 275068
100 275070 275139
100 275141 275264
100 275266 275373
100 275375 275564
100 275566 275615
100 275617 275742
100 275744 275943
100 275945 276088
100 276090 276125
100 276127 276270
100 276272 276421
100 276423 276590
100 276592 276685
100 276687 276730
100 276732 276867
100 276869 276950
100 276952 277075
100 277077 277126
100 277128 277269
100 277271 277338
100 277340 277455
100 277457 277512
100 277514 277615
100 277617 277756
100 277758 277903
100 277905 277944
100 277946 278033
100 278035 278164
100 278166 278345
100 278347 278368
100 278370 278513
100 278515 278574
100 278576 278661
100 278663 278706
100 278708 278877
100 278879 279030
100 279032 279205
100 279207 279278
100 279280 279309
100 279311 279414
100 279416 279503
100 279505 279624
100 279626 279635
100 279637 279654
100 279656 279827
100 279829 279944
100 279946 280027
100 280029 280042
100 280044 280175
100 280177 280258
100 280260 280293
100 280295 280416
100 280418 280547
100 280549 280632
100 280634 280709
100 280711 280790
100 280792 280911
100 280913 280942
100 280944 280971
100 280973 281054
100 281056 281173
100 281175 281344
100 281346 281509
100 281511 281698
100 281700 281833
100 281835 281960
100 281962 282029
100 282031 282110
100 282112 282299
100 282301 282324
100 282326 282483
100 282485 282546
100 282548 282611
100 282613 282636
100 282638 282657
100 282659 282776
100 282778 282907
100 282909 283018
100 283020 283045
100 283047 283134
100 283136 283139
100 283141 283216
100 283218 283235
100 283237 283330
100 283332 283391
100 283393 283494
100 283496 283515
100 283517 283594
100 283596 283637
100 283639 283820
100 283822 283867
100 283869 284004
100 284006 284139
100 284141 284196
100 284198 284245
100 284247 284308
100 284310 284339
100 284341 284480
100 284482 284585
100 284587 284768
100 284770 284931
100 284933 285030
100 285032 285049
100 285051 285138
100 285140 285177
100 285179 285350
100 285352 285445
100 285447 285476
100 285478 285599
100 285601 285608
100 285610 285751
100 285753 285760
100 285762 285795
100 285797 285822
100 285824 285931
100 285933 285938
100 285940 286071
100 286073 286136
100 286138 286275
100 286277 286282
100 286284 286381
100 286383 286556
100 286558 286615
100 286617 286672
100 286674 286767
100 286769 286822
100 286824 286875
100 286877 286982
100 286984 287177
100 287179 287320
100 287322 287369
100 287371 287392
100 287394 287417
100 287419 287460
100 287462 287649
100 287651 287670
100 287672 287743
100 287745 287770
100 287772 287911
100 287913 287968
100 287970 288043
100 288045 288210
100 288212 288239
100 288241 288392
100 288394 288469
100 288471 288476
100 288478 288517
100 288519 288636
100 288638 288665
100 288667 288860
100 288862 289015
100 289017 289060
100 289062 289193
100 289195 289318
100 289320 289321
100 289323 289448
100 289450 289483
100 289485 289554
100 289556 289749
100 289751 289910
100 289912 289951
100 289953 290134
100 290136 290293
100 290295 290398
100 290400 290597
100 290599 290732
100 290734 290879
100 290881 290964
100 290966 291127
100 291129 291148
100 291150 291159
100 291161 291206
100 291208 291333
100 291335 291510
100 291512 291605
100 291607 291632
100 291634 291765
100 291767 291952
100 291954 292113
100 292115 292304
100 292306 292425
100 292427 292568
100 292570 292599
100 292601 292706
100 292708 292785
100 292787 292846
100 292848 293007
100 293009 293044
100 293046 293053
100 293055 293150
100 293152 293261
100 293263 293390
100 293392 293441
100 293443 293444
100 293446 293463
100 293465 293520
100 293522 293625
100 293627 293640
100 293642 293799
100 293801 293812
100 293814 293969
100 293971 294072
100 294074 294265
100 294267 294394
100 294396 294433
100 294435 294628
100 294630 294649
100 294651 294678
100 294680 294733
100 294735 294786
100 294788 294797
100 294799 294914
100 294916 294985
100 294987 295142
100 295144 295149
100 295151 295342
100 295344 295461
100 295463 295590
100 295592 295645
100 295647 295682
100 295684 295781
100 295783 295906
100 295908 295981
100 295983 296156
100 296158 296159
100 296161 296348
100 296350 296459
100 296461 296576
100 296578 296693
100 296695 296810
100 296812 296841
100 296843 296984
100 296986 297053
100 297055 297220
100 297222 297289
100 297291 297450
100 297452 297503
100 297505 297516
100 297518 297643
100 297645 297744
100 297746 297889
100 297891 298004
100 298006 298137
100 298139 298276
100 298278 298299
100 298301 298346
100 298348 298487
100 298489 298496
100 298498 298557
100 298559 298612
100 298614 298743
100 298745 298792
100 298794 298987
100 298989 299032
100 299034 299213
100 299215 299404
100 299406 299453
100 299455 299528
100 299530 299561
100 299563 299674
100 299676 299679
100 299681 299738
100 299740 299797
100 299799 299852
100 299854 299881
100 299883 300056
100 300058 300141
100 300143 300272
100 300274 300341
100 300343 300538
100 300540 300685
100 300687 300698
100 300700 300801
100 300803 300930
100 300932 301125
100 301127 301292
100 301294 301407
100 301409 301440
100 301442 301499
100 301501 301592
100 301594 301655
100 301657 301840
100 301842 301961
100 301963 301982
100 301984 302177
100 302179 302364
100 302366 302483
100 302485 302644
100 302646 302715
100 302717 302906
100 302908 302915
100 302917 302972
100 302974 303161
100 303163 303336
100 303338 303445
100 303447 303588
100 303590 303635
100 303637 303802
100 303804 303915
100 303917 304024
100 304026 304063
100 304065 304068
100 304070 304089
100 304091 304174
100 304176 304291
100 304293 304384
100 304386 304517
100 304519 304600
100 304602 304787
100 304789 304808
100 304810 304861
100 304863 305048
100 305050 305149
100 305151 305162
100 305164 305281
100 305283 305430
100 305432 305445
100 305447 305488
100 305490 305551
100 305553 305622
100 305624 305679
100 305681 305862
100 305864 306017
100 306019 306188
100 306190 306311
100 306313 306500
100 306502 306535
100 306537 306572
100 306574 306613
100 306615 306778
100 306780 306793
100 306795 306948
100 306950 306975
100 306977 306984
100 306986 307115
100 307117 307200
100 307202 307339
100 307341 307396
100 307398 307477
100 307479 307666
100 307668 307737
100 307739 307788
100 307790 307983
100 307985 308104
100 308106 308109
100 308111 308266
100 308268 308283
100 308285 308408
100 308410 308529
100 308531 308558
100 308560 308567
100 308569 308662
100 308664 308711
100 308713 308788
100 308790 308943
100 308945 309016
100 309018 309177
100 309179 309358
100 309360 309525
100 309527 309680
100 309682 309849
100 309851 309902
100 309904 309965
100 309967 310164
100 310166 310319
100 310321 310466
100 310468 310595
100 310597 310734
100 310736 310747
100 310749 310918
100 310920 311035
100 311037 311202
100 311204 311207
100 311209 311384
100 311386 311419
100 311421 311602
100 311604 311733
100 311735 311892
100 311894 312073
100 312075 312124
100 312126 312311
100 312313 312320
100 312322 312493
100 312495 312680
100 312682 312783
100 312785 312862
100 312864 313011
100 313013 313092
100 313094 313205
100 313207 313236
100 313238 313379
100 313381 313406
100 313408 313559
100 313561 313590
100 313592 313733
100 313735 313788
100 313790 313943
100 313945 314058
100 314060 314137
100 314139 314330
100 314332 314517
100 314519 314584
100 314586 314691
100 314693 314828
100 314830 314905
100 314907 315072
100 315074 315187
100 315189 315220
100 315222 315325
100 315327 315500
100 315502 315531
100 315533 315608
100 315610 315707
100 315709 315896
100 315898 316093
100 316095 316264
100 316266 316447
100 316449 316480
100 316482 316591
100 316593 316720
100 316722 316739
100 316741 316822
100 316824 316847
100 316849 316922
100 316924 316967
100 316969 316970
100 316972 317069
100 317071 317096
100 317098 317179
100 317181 317242
100 317244 317393
100 317395 317428
100 317430 317453
100 317455 317642
100 317644 317837
100 317839 318000
100 318002 318113
100 318115 318160
100 318162 318283
100 318285 318406
100 318408 318459
100 318461 318500
100 318502 318641
100 318643 318818
100 318820 318825
100 318827 318896
100 318898 318957
100 318959 318966
100 318968 319043
100 319045 319232
100 319234 319413
100 319415 319478
100 319480 319549
100 319551 319740
100 319742 319801
100 319803 319848
100 319850 320019
100 320021 320064
100 320066 320179
100 320181 320296
100 320298 320361
100 320363 320386
100 320388 320389
100 320391 320550
100 320552 320665
100 320667 320732
100 320734 320797
100 320799 320834
100 320836 321027
100 321029 321042
100 321044 321181
100 321183 321330
100 321332 321513
100 321515 321540
100 321542 321701
100 321703 321706
100 321708 321827
100 321829 321964
100 321966 321991
100 321993 322102
100 322104 322251
100 322253 322334
100 322336 322359
100 322361 322498
100 322500 322585
100 322587 322772
100 322774 322939
100 322941 323032
100 323034 323159
100 323161 323354
100 323356 323423
100 323425 323488
100 323490 323621
100 323623 323696
100 323698 323717
100 323719 323750
100 323752 323947
100 323949 324028
100 324030 324227
100 324229 324408
100 324410 324451
100 324453 324556
100 324558 324681
100 324683 324824
100 324826 325013
100 325015 325024
100 325026 325063
100 325065 325162
100 325164 325193
100 325195 325388
100 325390 325553
100 325555 325686
100 325688 325751
100 325753 325810
100 325812 325833
100 325835 325988
100 325990 326017
100 326019 326056
100 326058 326203
100 326205 326400
100 326402 326465
100 326467 326580
100 326582 326741
100 326743 326848
100 326850 326949
100 326951 327090
100 327092 327209
100 327211 327266
100 327268 327335
100 327337 327474
100 327476 327515
100 327517 327570
100 327572 327681
100 327683 327724
100 327726 327879
100 327881 327964
100 327966 328135
100 328137 328214
100 328216 328261
100 328263 328308
100 328310 328323
100 328325 328440
100 328442 328455
100 328457 328540
100 328542 328681
100 328683 328824
100 328826 328891
100 328893 328998
100 329000 329077
100 329079 329250
100 329252 329277
100 329279 329436
100 329438 329593
100 329595 329700
100 329702 329765
100 329767 329826
100 329828 330015
100 330017 330080
100 330082 330143
100 330145 330298
100 330300 330343
100 330345 330458
100 330460 330527
100 330529 330546
100 330548 330573
100 330575 330702
100 330704 330827
100 330829 330848
100 330850 331017
100 331019 331076
100 331078 331215
100 331217 331392
100 331394 331525
100 331527 331658
100 331660 331817
100 331819 331822
100 331824 331947
100 331949 332050
100 332052 332243
100 332245 332386
100 332388 332493
100 332495 332540
100 332542 332713
100 332715 332834
100 332836 333011
100 333013 333198
100 333200 333325
100 333327 333472
100 333474 333587
100 333589 333642
100 333644 333841
100 333843 333908
100 333910 333951
100 333953 334120
100 334122 334235
100 334237 334342
100 334344 334439
100 334441 334534
100 334536 334563
100 334565 334678
100 334680 334701
100 334703 334770
100 334772 334773
100 334775 334850
100 334852 335049
100 335051 335224
100 335226 335353
100 335355 335522
100 335524 335681
100 335683 335784
100 335786 335907
100 335909 336082
100 336084 336275
100 336277 336450
100 336452 336455
100 336457 336474
100 336476 336535
100 336537 336570
100 336572 336667
100 336669 336750
100 336752 336773
100 336775 336938
100 336940 337119
100 337121 337194
100 337196 337349
100 337351 337536
100 337538 337709
100 337711 337894
100 337896 337979
100 337981 338008
100 338010 338141
100 338143 338260
100 338262 338381
100 338383 338540
100 338542 338669
100 338671 338864
100 338866 338965
100 338967 339042
100 339044 339091
100 339093 339176
100 339178 339217
100 339219 339366
100 339368 339453
100 339455 339568
100 339570 339765
100 339767 339790
100 339792 339847
100 339849 339998
100 340000 340105
100 340107 340152
100 340154 340301
100 340303 340470
100 340472 340477
100 340479 340594
100 340596 340755
100 340757 340886
100 340888 341017
100 341019 341072
100 341074 341233
100 341235 341290
100 341292 341371
100 341373 341474
100 341476 341629
100 341631 341792
100 341794 341887
100 341889 342004
100 342006 342205
100 342207 342308
100 342310 342467
100 342469 342654
100 342656 342755
100 342757 342762
100 342764 342927
100 342929 343116
100 343118 343153
100 343155 343326
100 343328 343421
100 343423 343576
100 343578 343659
100 343661 343664
100 343666 343667
100 343669 343724
100 343726 343785
100 343787 343814
100 343816 343885
100 343887 343922
100 343924 344065
100 344067 344108
100 344110 344281
100 344283 344426
100 344428 344479
100 344481 344568
100 344570 344711
100 344713 344754
100 344756 344907
100 344909 344970
100 344972 345083
100 345085 345254
100 345256 345259
100 345261 345416
100 345418 345597
100 345599 345778
100 345780 345877
100 345879 346004
100 346006 346143
100 346145 346266
100 346268 346333
100 346335 346338
100 346340 346419
100 346421 346488
100 346490 346567
100 346569 346698
100 346700 346715
100 346717 346788
100 346790 346823
100 346825 346838
100 346840 347027
100 347029 347150
100 347152 347167
100 347169 347216
100 347218 347399
100 347401 347510
100 347512 347537
100 347539 347712
100 347714 347741
100 347743 347824
100 347826 347871
100 347873 347992
100 347994 348105
100 348107 348112
100 348114 348185
100 348187 348376
100 348378 348519
100 348521 348690
100 348692 348807
100 348809 349006
100 349008 349009
100 349011 349030
100 349032 349211
100 349213 349234
100 349236 349335
100 349337 349346
100 349348 349379
100 349381 349478
100 349480 349595
100 349597 349710
100 349712 349797
100 349799 349846
100 349848 349905
100 349907 350104
100 350106 350301
100 350303 350376
100 350378 350407
100 350409 350584
100 350586 350621
100 350623 350690
100 350692 350789
100 350791 350816
100 350818 350911
100 350913 350976
100 350978 351065
100 351067 351078
100 351080 351263
100 351265 351280
100 351282 351421
100 351423 351620
100 351622 351815
100 351817 351882
100 351884 351931
100 351933 352010
100 352012 352179
100 352181 352280
100 352282 352285
100 352287 352388
100 352390 352403
100 352405 352528
100 352530 352711
100 352713 352724
100 352726 352757
100 352759 352814
100 352816 352857
100 352859 352892
100 352894 353087
100 353089 353112
100 353114 353203
100 353205 353362
100 353364 353509
100 353511 353514
100 353516 353701
100 353703 353794
100 353796 353981
100 353983 354024
100 354026 354195
100 354197 354322
100 354324 354375
100 354377 354428
100 354430 354597
100 354599 354754
100 354756 354953
100 354955 355008
100 355010 355163
100 355165 355252
100 355254 355433
100 355435 355624
100 355626 355717
100 355719 355912
100 355914 356035
100 356037 356096
100 356098 356183
100 356185 356252
100 356254 356447
100 356449 356554
100 356556 356623
100 356625 356804
100 356806 356853
100 356855 356922
100 356924 357119
100 357121 357318
100 357320 357333
100 357335 357492
100 357494 357547
100 357549 357738
100 357740 357885
100 357887 358006
100 358008 358165
100 358167 358240
100 358242 358423
100 358425 358548
100 358550 358643
100 358645 358710
100 358712 358841
100 358843 358932
100 358934 359119
100 359121 359268
100 359270 359347
100 359349 359408
100 359410 359593
100 359595 359626
100 359628 359763
100 359765 359848
100 359850 359877
100 359879 359936
100 359938 360113
100 360115 360216
100 360218 360391
100 360393 360420
100 360422 360609
100 360611 360632
100 360634 360639
100 360641 360836
100 360838 360979
100 360981 360992
100 360994 361079
100 361081 361184
100 361186 361283
100 361285 361480
100 361482 361605
100 361607 361646
100 361648 361737
100 361739 361840
100 361842 361903
100 361905 361952
100 361954 362149
100 362151 362158
100 362160 362217
100 362219 362414
100 362416 362421
100 362423 362606
100 362608 362615
100 362617 362808
100 362810 362969
100 362971 363060
100 363062 363233
100 363235 363422
100 363424 363553
100 363555 363630
100 363632 363801
100 363803 363958
100 363960 364003
100 364005 364196
100 364198 364381
100 364383 364428
100 364430 364571
100 364573 364670
100 364672 364715
100 364717 364914
100 364916 364953
100 364955 365030
100 365032 365129
100 365131 365228
100 365230 365361
100 365363 365468
100 365470 365579
100 365581 365738
100 365740 365879
100 365881 366000
100 366002 366161
100 366163 366164
100 366166 366233
100 366235 366268
100 366270 366373
100 366375 366434
100 366436 366539
100 366541 366630
100 366632 366725
100 366727 366782
100 366784 366981
100 366983 367142
100 367144 367159
100 367161 367216
100 367218 367383
100 367385 367516
100 367518 367705
100 367707 367736
100 367738 367907
100 367909 367954
100 367956 368129
100 368131 368144
100 368146 368217
100 368219 368256
100 368258 368293
100 368295 368442
100 368444 368539
100 368541 368590
100 368592 368701
100 368703 368806
100 368808 368981
100 368983 368984
100 368986 369015
100 369017 369168
100 369170 369179
100 369181 369284
100 369286 369327
100 369329 369484
100 369486 369619
100 369621 369622
100 369624 369803
100 369805 369848
100 369850 369893
100 369895 369972
100 369974 370029
100 370031 370214
100 370216 370263
100 370265 370378
100 370380 370417
100 370419 370536
100 370538 370617
100 370619 370650
100 370652 370781
100 370783 370818
100 370820 371015
100 371017 371028
100 371030 371127
100 371129 371258
100 371260 371437
100 371439 371450
100 371452 371633
100 371635 371800
100 371802 371999
100 372001 372078
100 372080 372179
100 372181 372194
100 372196 372393
100 372395 372426
100 372428 372523
100 372525 372716
100 372718 372843
100 372845 372968
100 372970 372973
100 372975 373078
100 373080 373239
100 373241 373336
100 373338 373505
100 373507 373564
100 373566 373677
100 373679 373846
100 373848 373869
100 373871 374062
100 374064 374263
100 374265 374362
100 374364 374437
100 374439 374588
100 374590 374703
100 374705 374774
100 374776 374935
100 374937 375012
100 375014 375045
100 375047 375158
100 375160 375201
100 375203 375260
100 375262 375387
100 375389 375500
100 375502 375591
100 375593 375752
100 375754 375769
100 375771 375866
100 375868 376031
100 376033 376204
100 376206 376275
100 376277 376400
100 376402 376529
100 376531 376698
100 376700 376779
100 376781 376826
100 376828 376859
100 376861 377002
100 377004 377079
100 377081 377096
100 377098 377249
100 377251 377440
100 377442 377485
100 377487 377522
100 377524 377635
100 377637 377682
100 377684 377769
100 377771 377814
100 377816 378007
100 378009 378096
100 378098 378121
100 378123 378142
100 378144 378255
100 378257 378408
100 378410 378473
100 378475 378536
100 378538 378715
100 378717 378752
100 378754 378875
100 378877 378914
100 378916 378935
100 378937 379100
100 379102 379167
100 379169 379330
100 379332 379527
100 379529 379714
100 379716 379867
100 379869 380054
100 380056 380237
100 380239 380282
100 380284 380427
100 380429 380546
100 380548 380579
100 380581 380628
100 380630 380805
100 380807 380968
100 380970 381143
100 381145 381294
100 381296 381395
100 381397 381502
100 381504 381545
100 381547 381610
100 381612 381649
100 381651 381674
100 381676 381797
100 381799 381806
100 381808 381995
100 381997 382140
100 382142 382147
100 382149 382266
100 382268 382421
100 382423 382470
100 382472 382475
100 382477 382554
100 382556 382681
100 382683 382800
100 382802 382813
100 382815 382852
100 382854 382961
100 382963 382974
100 382976 383071
100 383073 383122
100 383124 383243
100 383245 383432
100 383434 383497
100 383499 383630
100 383632 383813
100 383815 383986
100 383988 384149
100 384151 384192
100 384194 384357
100 384359 384466
100 384468 384529
100 384531 384584
100 384586 384639
100 384641 384740
100 384742 384805
100 384807 385002
100 385004 385115
100 385117 385220
100 385222 385233
100 385235 385418
100 385420 385457
100 385459 385558
100 385560 385699
100 385701 385754
100 385756 385867
100 385869 386016
100 386018 386175
100 386177 386322
100 386324 386419
100 386421 386610
100 386612 386739
100 386741 386794
100 386796 386873
100 386875 387074
100 387076 387179
100 387181 387360
100 387362 387549
100 387551 387714
100 387716 387891
100 387893 387916
100 387918 387973
100 387975 388124
100 388126 388319
100 388321 388432
100 388434 388579
100 388581 388612
100 388614 388677
100 388679 388694
100 388696 388733
100 388735 388806
100 388808 388949
100 388951 389036
100 389038 389221
100 389223 389230
100 389232 389375
100 389377 389452
100 389454 389537
100 389539 389652
100 389654 389699
100 389701 389866
100 389868 389901
100 389903 390012
100 390014 390135
100 390137 390218
100 390220 390411
100 390413 390588
100 390590 390727
100 390729 390902
100 390904 390997
100 390999 391142
100 391144 391273
100 391275 391448
100 391450 391639
100 391641 391710
100 391712 391881
100 391883 392038
100 392040 392135
100 392137 392190
100 392192 392253
100 392255 392324
100 392326 392463
100 392465 392628
100 392630 392825
100 392827 393012
100 393014 393097
100 393099 393104
100 393106 393297
100 393299 393442
100 393444 393457
100 393459 393550
100 393552 393683
100 393685 393776
100 393778 393877
100 393879 394042
100 394044 394145
100 394147 394260
100 394262 394361
100 394363 394464
100 394466 394521
100 394523 394682
100 394684 394797
100 394799 394880
100 394882 394967
100 394969 395012
100 395014 395189
100 395191 395264
100 395266 395425
100 395427 395622
100 395624 395711
100 395713 395792
100 395794 395955
100 395957 396138
100 396140 396281
100 396283 396478
100 396480 396579
100 396581 396598
100 396600 396649
100 396651 396704
100 396706 396765
100 396767 396902
100 396904 397031
100 397033 397184
100 397186 397373
100 397375 397568
100 397570 397691
100 397693 397788
100 397790 397947
100 397949 398138
100 398140 398261
100 398263 398380
100 398382 398433
100 398435 398596
100 398598 398601
100 398603 398748
100 398750 398817
100 398819 398960
100 398962 399161
100 399163 399330
100 399332 399495
100 399497 399574
100 399576 399685
100 399687 399846
100 399848 399931
100 399933 400002
100 400004 400189
100 400191 400340
100 400342 400529
100 400531 400608
100 400610 400701
100 400703 400856
100 400858 400877
100 400879 400880
100 400882 400933
100 400935 401086
100 401088 401259
100 401261 401276
100 401278 401301
100 401303 401500
100 401502 401673
100 401675 401772
100 401774 401811
100 401813 401872
100 401874 402039
100 402041 402234
100 402236 402411
100 402413 402482
100 402484 402549
100 402551 402630
100 402632 402711
100 402713 402864
100 402866 402947
100 402949 403136
100 403138 403329
100 403331 403472
100 403474 403491
100 403493 403682
100 403684 403763
100 403765 403902
100 403904 404055
100 404057 404182
100 404184 404313
100 404315 404416
100 404418 404499
100 404501 404512
100 404514 404655
100 404657 404832
100 404834 404859
100 404861 404882
100 404884 404913
100 404915 405068
100 405070 405111
100 405113 405176
100 405178 405367
100 405369 405496
100 405498 405611
100 405613 405774
100 405776 405959
100 405961 406050
100 406052 406065
100 406067 406220
100 406222 406249
100 406251 406340
100 406342 406395
100 406397 406536
100 406538 406657
100 406659 406692
100 406694 406877
100 406879 407016
100 407018 407175
100 407177 407184
100 407186 407223
100 407225 407270
100 407272 407301
100 407303 407490
100 407492 407669
100 407671 407868
100 407870 407911
100 407913 408016
100 408018 408175
100 408177 408242
100 408244 408307
100 408309 408442
100 408444 408461
100 408463 408534
100 408536 408681
100 408683 408880
100 408882 409033
100 409035 409114
100 409116 409139
100 409141 409154
100 409156 409313
100 409315 409406
100 409408 409429
100 409431 409556
100 409558 409683
100 409685 409800
100 409802 409833
100 409835 410018
100 410020 410105
100 410107 410260
100 410262 410341
100 410343 410494
100 410496 410519
100 410521 410634
100 410636 410659
100 410661 410788
100 410790 410947
100 410949 411024
100 411026 411213
100 411215 411404
100 411406 411573
100 411575 411684
100 411686 411853
100 411855 411960
100 411962 412073
100 412075 412262
100 412264 412283
100 412285 412392
100 412394 412455
100 412457 412468
100 412470 412535
100 412537 412716
100 412718 412843
100 412845 412946
100 412948 413093
100 413095 413290
100 413292 413479
100 413481 413544
100 413546 413685
100 413687 413694
100 413696 413787
100 413789 413852
100 413854 414037
100 414039 414158
100 414160 414187
100 414189 414298
100 414300 414495
100 414497 414560
100 414562 414663
100 414665 414810
100 414812 414887
100 414889 414924
100 414926 414969
100 414971 414972
100 414974 415013
100 415015 415136
100 415138 415207
100 415209 415260
100 415262 415331
100 415333 415388
100 415390 415465
100 415467 415528
100 415530 415653
100 415655 415698
100 415700 415869
100 415871 415914
100 415916 415929
100 415931 416092
100 416094 416103
100 416105 416216
100 416218 416315
100 416317 416486
100 416488 416611
100 416613 416808
100 416810 416923
100 416925 417030
100 417032 417207
100 417209 417294
100 417296 417493
100 417495 417512
100 417514 417597
100 417599 417672
100 417674 417839
100 417841 417960
100 417962 418077
100 418079 418162
100 418164 418215
100 418217 418408
100 418410 418519
100 418521 418632
100 418634 418825
100 418827 418918
100 418920 418951
100 418953 419094
100 419096 419139
100 419141 419160
100 419162 419309
100 419311 419414
100 419416 419535
100 419537 419730
100 419732 419881
100 419883 420000
100 420002 420043
100 420045 420180
100 420182 420241
100 420243 420384
100 420386 420443
100 420445 420580
100 420582 420635
100 420637 420770
100 420772 420793
100 420795 420896
100 420898 420971
100 420973 421038
100 421040 421211
100 421213 421400
100 421402 421509
100 421511 421576
100 421578 421727
100 421729 421898
100 421900 422045
100 422047 422150
100 422152 422235
100 422237 422410
100 422412 422417
100 422419 422590
100 422592 422645
100 422647 422816
100 422818 422879
100 422881 422936
100 422938 423099
100 423101 423294
100 423296 423419
100 423421 423570
100 423572 423655
100 423657 423810
100 423812 423903
100 423905 424048
100 424050 424125
100 424127 424170
100 424172 424193
100 424195 424242
100 424244 424277
100 424279 424358
100 424360 424525
100 424527 424678
100 424680 424849
100 424851 424922
100 424924 425111
100 425113 425186
100 425188 425257
100 425259 425294
100 425296 425313
100 425315 425404
100 425406 425585
100 425587 425764
100 425766 425923
100 425925 426118
100 426120 426181
100 426183 426238
100 426240 426385
100 426387 426404
100 426406 426583
100 426585 426780
100 426782 426959
100 426961 427002
100 427004 427035
100 427037 427140
100 427142 427247
100 427249 427426
100 427428 427495
100 427497 427552
100 427554 427607
100 427609 427626
100 427628 427723
100 427725 427918
100 427920 427947
100 427949 428048
100 428050 428223
100 428225 428254
100 428256 428297
100 428299 428388
100 428390 428529
100 428531 428682
100 428684 428717
100 428719 428884
100 428886 428993
100 428995 429012
100 429014 429201
100 429203 429274
100 429276 429363
100 429365 429372
100 429374 429477
100 429479 429528
100 429530 429729
100 429731 429736
100 429738 429739
100 429741 429868
100 429870 430033
100 430035 430080
100 430082 430095
100 430097 430226
100 430228 430371
100 430373 430460
100 430462 430517
100 430519 430574
100 430576 430707
100 430709 430882
100 430884 430923
100 430925 431078
100 431080 431233
100 431235 431410
100 431412 431557
100 431559 431590
100 431592 431711
100 431713 431862
100 431864 431999
100 432001 432184
100 432186 432227
100 432229 432350
100 432352 432379
100 432381 432394
100 432396 432539
100 432541 432586
100 432588 432593
100 432595 432618
100 432620 432653
100 432655 432682
100 432684 432879
100 432881 433002
100 433004 433027
100 433029 433030
100 433032 433171
100 433173 433258
100 433260 433383
100 433385 433396
100 433398 433467
100 433469 433470
100 433472 433553
100 433555 433720
100 433722 433819
100 433821 433916
100 433918 434077
100 434079 434088
100 434090 434175
100 434177 434308
100 434310 434459
100 434461 434552
100 434554 434663
100 434665 434684
100 434686 434813
100 434815 434926
100 434928 434969
100 434971 434986
100 434988 435071
100 435073 435222
100 435224 435283
100 435285 435450
100 435452 435559
100 435561 435624
100 435626 435815
100 435817 435894
100 435896 436029
100 436031 436164
100 436166 436317
100 436319 436406
100 436408 436607
100 436609 436726
100 436728 436913
100 436915 437092
100 437094 437277
100 437279 437328
100 437330 437449
100 437451 437550
100 437552 437587
100 437589 437736
100 437738 437875
100 437877 437942
100 437944 438099
100 438101 438246
100 438248 438333
100 438335 438400
100 438402 438427
100 438429 438462
100 438464 438571
100 438573 438730
100 438732 438821
100 438823 438884
100 438886 438991
100 438993 439096
100 439098 439203
100 439205 439366
100 439368 439499
100 439501 439588
100 439590 439687
100 439689 439864
100 439866 439883
100 439885 439972
100 439974 440073
100 440075 440242
100 440244 440439
100 440441 440518
100 440520 440619
100 440621 440680
100 440682 440871
100 440873 440914
100 440916 441031
100 441033 441052
100 441054 441109
100 441111 441286
100 441288 441403
100 441405 441450
100 441452 441581
100 441583 441632
100 441634 441737
100 441739 441884
100 441886 442041
100 442043 442212
100 442214 442257
100 442259 442344
100 442346 442439
100 442441 442516
100 442518 442637
100 442639 442704
100 442706 442883
100 442885 442910
100 442912 443093
100 443095 443278
100 443280 443451
100 443453 443594
100 443596 443609
100 443611 443698
100 443700 443757
100 443759 443890
100 443892 444047
100 444049 444088
100 444090 444133
100 444135 444148
100 444150 444343
100 444345 444368
100 444370 444489
100 444491 444686
100 444688 444845
100 444847 444894
100 444896 444903
100 444905 444934
100 444936 444967
100 444969 445108
100 445110 445217
100 445219 445268
100 445270 445275
100 445277 445328
100 445330 445371
100 445373 445434
100 445436 445579
100 445581 445762
100 445764 445891
100 445893 446008
100 446010 446083
100 446085 446182
100 446184 446213
100 446215 446274
100 446276 446303
100 446305 446452
100 446454 446479
100 446481 446482
100 446484 446547
100 446549 446552
100 446554 446619
100 446621 446776
100 446778 446823
100 446825 446978
100 446980 447165
100 447167 447236
100 447238 447285
100 447287 447326
100 447328 447437
100 447439 447598
100 447600 447727
100 447729 447806
100 447808 448003
100 448005 448140
100 448142 448159
100 448161 448318
100 448320 448487
100 448489 448518
100 448520 448601
100 448603 448762
100 448764 448831
100 448833 448962
100 448964 449037
100 449039 449214
100 449216 449307
100 449309 449350
100 449352 449519
100 449521 449698
100 449700 449783
100 449785 449834
100 449836 449883
100 449885 450020
100 450022 450023
100 450025 450146
100 450148 450213
100 450215 450272
100 450274 450377
100 450379 450466
100 450468 450491
100 450493 450592
100 450594 450663
100 450665 450682
100 450684 450757
100 450759 450800
100 450802 450925
100 450927 451120
100 451122 451185
100 451187 451256
100 451258 451279
100 451281 451426
100 451428 451587
100 451589 451734
100 451736 451767
100 451769 451782
100 451784 451931
100 451933 452084
100 452086 452269
100 452271 452300
100 452302 452347
100 452349 452398
100 452400 452443
100 452445 452460
100 452462 452495
100 452497 452614
100 452616 452635
100 452637 452808
100 452810 452979
100 452981 453136
100 453138 453317
100 453319 453444
100 453446 453479
100 453481 453550
100 453552 453579
100 453581 453644
100 453646 453751
100 453753 453844
100 453846 454031
100 454033 454052
100 454054 454245
100 454247 454376
100 454378 454575
100 454577 454758
100 454760 454941
100 454943 455012
100 455014 455033
100 455035 455222
100 455224 455403
100 455405 455570
100 455572 455651
100 455653 455756
100 455758 455883
100 455885 455984
100 455986 456119
100 456121 456206
100 456208 456329
100 456331 456484
100 456486 456521
100 456523 456548
100 456550 456745
100 456747 456908
100 456910 457099
100 457101 457180
100 457182 457377
100 457379 457434
100 457436 457463
100 457465 457498
100 457500 457543
100 457545 457724
100 457726 457733
100 457735 457792
100 457794 457849
100 457851 458010
100 458012 458131
100 458133 458246
100 458248 458269
100 458271 458296
100 458298 458475
100 458477 458618
100 458620 458699
100 458701 458728
100 458730 458777
100 458779 458918
100 458920 459103
100 459105 459186
100 459188 459299
100 459301 459346
100 459348 459499
100 459501 459624
100 459626 459631
100 459633 459748
100 459750 459847
100 459849 459966
100 459968 460113
100 460115 460164
100 460166 460239
100 460241 460312
100 460314 460419
100 460421 460454
100 460456 460537
100 460539 460736
100 460738 460789
100 460791 460926
100 460928 461109
100 461111 461184
100 461186 461369
100 461371 461456
100 461458 461481
100 461483 461648
100 461650 461835
100 461837 461842
100 461844 461991
100 461993 462014
100 462016 462073
100 462075 462086
100 462088 462115
100 462117 462180
100 462182 462231
100 462233 462344
100 462346 462463
100 462465 462496
100 462498 462539
100 462541 462730
100 462732 462797
100 462799 462866
100 462868 462987
100 462989 463160
100 463162 463317
100 463319 463406
100 463408 463471
100 463473 463658
100 463660 463805
100 463807 463832
100 463834 464009
100 464011 464150
100 464152 464303
100 464305 464430
100 464432 464605
100 464607 464616
100 464618 464725
100 464727 464802
100 464804 464819
100 464821 465000
100 465002 465151
100 465153 465204
100 465206 465229
100 465231 465412
100 465414 465529
100 465531 465598
100 465600 465603
100 465605 465784
100 465786 465827
100 465829 465836
100 465838 465871
100 465873 465990
100 465992 466057
100 466059 466076
100 466078 466253
100 466255 466454
100 466456 466467
100 466469 466498
100 466500 466523
100 466525 466594
100 466596 466665
100 466667 466804
100 466806 466815
100 466817 466884
100 466886 466945
100 466947 467018
100 467020 467073
100 467075 467268
100 467270 467459
100 467461 467502
100 467504 467647
100 467649 467746
100 467748 467837
100 467839 467938
100 467940 467977
100 467979 468090
100 468092 468265
100 468267 468436
100 468438 468481
100 468483 468632
100 468634 468707
100 468709 468814
100 468816 468897
100 468899 468996
100 468998 469009
100 469011 469142
100 469144 469183
100 469185 469196
100 469198 469277
100 469279 469348
100 469350 469409
100 469411 469470
100 469472 469543
100 469545 469732
100 469734 469743
100 469745 469884
100 469886 470085
100 470087 470098
100 470100 470227
100 470229 470354
100 470356 470433
100 470435 470512
100 470514 470655
100 470657 470666
100 470668 470831
100 470833 470854
100 470856 471017
100 471019 471096
100 471098 471245
100 471247 471328
100 471330 471523
100 471525 471618
100 471620 471747
100 471749 471848
100 471850 471963
100 471965 472044
100 472046 472155
100 472157 472318
100 472320 472465
100 472467 472562
100 472564 472633
100 472635 472796
100 472798 472853
100 472855 472946
100 472948 473105
100 473107 473258
100 473260 473265
100 473267 473376
100 473378 473569
100 473571 473610
100 473612 473725
100 473727 473824
100 473826 473853
100 473855 474000
100 474002 474141
100 474143 474174
100 474176 474177
100 474179 474198
100 474200 474395
100 474397 474444
100 474446 474479
100 474481 474606
100 474608 474803
100 474805 474986
100 474988 474999
100 475001 475080
100 475082 475117
100 475119 475262
100 475264 475399
100 475401 475406
100 475408 475489
100 475491 475588
100 475590 475595
100 475597 475720
100 475722 475903
100 475905 476062
100 476064 476235
100 476237 476340
100 476342 476417
100 476419 476570
100 476572 476649
100 476651 476792
100 476794 476905
100 476907 477022
100 477024 477113
100 477115 477266
100 477268 477355
100 477357 477398
100 477400 477539
100 477541 477668
100 477670 477851
100 477853 477954
100 477956 478051
100 478053 478238
100 478240 478383
100 478385 478440
100 478442 478497
100 478499 478636
100 478638 478755
100 478757 478822
100 478824 478961
100 478963 479042
100 479044 479149
100 479151 479306
100 479308 479311
100 479313 479376
100 479378 479489
100 479491 479512
100 479514 479617
100 479619 479720
100 479722 479757
100 479759 479938
100 479940 480063
100 480065 480100
100 480102 480183
100 480185 480314
100 480316 480511
100 480513 480576
100 480578 480743
100 480745 480930
100 480932 481005
100 481007 481074
100 481076 481203
100 481205 481238
100 481240 481415
100 481417 481546
100 481548 481651
100 481653 481802
100 481804 481985
100 481987 482176
100 482178 482243
100 482245 482338
100 482340 482415
100 482417 482454
100 482456 482617
100 482619 482640
100 482642 482819
100 482821 482850
100 482852 482911
100 482913 482954
100 482956 483129
100 483131 483208
100 483210 483273
100 483275 483374
100 483376 483467
100 483469 483482
100 483484 483647
100 483649 483772
100 483774 483855
100 483857 483870
100 483872 484009
100 484011 484040
100 484042 484073
100 484075 484178
100 484180 484251
100 484253 484384
100 484386 484419
100 484421 484458
100 484460 484655
100 484657 484692
100 484694 484719
100 484721 484768
100 484770 484917
100 484919 485020
100 485022 485201
100 485203 485390
100 485392 485543
100 485545 485674
100 485676 485799
100 485801 485980
100 485982 486059
100 486061 486106
100 486108 486113
100 486115 486246
100 486248 486337
100 486339 486412
100 486414 486445
100 486447 486642
100 486644 486759
100 486761 486910
100 486912 487017
100 487019 487044
100 487046 487107
100 487109 487250
100 487252 487443
100 487445 487586
100 487588 487667
100 487669 487680
100 487682 487719
100 487721 487778
100 487780 487815
100 487817 487840
100 487842 487943
100 487945 488090
100 488092 488171
100 488173 488352
100 488354 488363
100 488365 488498
100 488500 488571
100 488573 488660
100 488662 488851
100 488853 488942
100 488944 489083
100 489085 489114
100 489116 489299
100 489301 489366
100 489368 489515
100 489517 489526
100 489528 489529
100 489531 489672
100 489674 489729
100 489731 489780
100 489782 489841
100 489843 489852
100 489854 489869
100 489871 489986
100 489988 490009
100 490011 490098
100 490100 490123
100 490125 490308
100 490310 490359
100 490361 490420
100 490422 490601
100 490603 490692
100 490694 490739
100 490741 490860
100 490862 490879
100 490881 491006
100 491008 491111
100 491113 491284
100 491286 491477
100 491479 491676
100 491678 491813
100 491815 491962
100 491964 492045
100 492047 492168
100 492170 492187
100 492189 492352
100 492354 492359
100 492361 492546
100 492548 492593
100 492595 492664
100 492666 492837
100 492839 492882
100 492884 493067
100 493069 493206
100 493208 493375
100 493377 493470
100 493472 493575
100 493577 493764
100 493766 493903
100 493905 494080
100 494082 494203
100 494205 494244
100 494246 494349
100 494351 494356
100 494358 494453
100 494455 494572
100 494574 494713
100 494715 494820
100 494822 495009
100 495011 495174
100 495176 495207
100 495209 495376
100 495378 495515
100 495517 495680
100 495682 495691
100 495693 495832
100 495834 495981
100 495983 496176
100 496178 496285
100 496287 496464
100 496466 496611
100 496613 496718
100 496720 496789
100 496791 496916
100 496918 497093
100 497095 497288
100 497290 497387
100 497389 497510
100 497512 497637
100 497639 497644
100 497646 497781
100 497783 497948
100 497950 498103
100 498105 498198
100 498200 498291
100 498293 498468
100 498470 498603
100 498605 498608
100 498610 498743
100 498745 498878
100 498880 499065
100 499067 499094
100 499096 499145
100 499147 499244
100 499246 499421
100 499423 499570
100 499572 499711
100 499713 499840
100 499842 499931
100 499933 500044
100 500046 500225
100 500227 500356
100 500358 500507
100 500509 500650
100 500652 500653
100 500655 500686
100 500688 500727
100 500729 500800
100 500802 500817
100 500819 500978
100 500980 501025
100 501027 501208
100 501210 501319
100 501321 501516
100 501518 501709
100 501711 501850
100 501852 501887
100 501889 502064
100 502066 502115
100 502117 502166
100 502168 502197
100 502199 502306
100 502308 502407
100 502409 502568
100 502570 502681
100 502683 502686
100 502688 502739
100 502741 502794
100 502796 502961
100 502963 503080
100 503082 503159
100 503161 503188
100 503190 503251
100 503253 503260
100 503262 503339
100 503341 503472
100 503474 503673
100 503675 503728
100 503730 503773
100 503775 503906
100 503908 504031
100 504033 504054
100 504056 504111
100 504113 504156
100 504158 504209
100 504211 504388
100 504390 504549
100 504551 504686
100 504688 504835
100 504837 504910
100 504912 504985
100 504987 505068
100 505070 505083
100 505085 505192
100 505194 505347
100 505349 505542
100 505544 505713
100 505715 505838
100 505840 505851
100 505853 506018
100 506020 506161
100 506163 506284
100 506286 506399
100 506401 506560
100 506562 506711
100 506713 506772
100 506774 506907
100 506909 507020
100 507022 507165
100 507167 507226
100 507228 507279
100 507281 507474
100 507476 507629
100 507631 507758
100 507760 507885
100 507887 507968
100 507970 508107
100 508109 508296
100 508298 508409
100 508411 508500
100 508502 508631
100 508633 508700
100 508702 508773
100 508775 508850
100 508852 509047
100 509049 509098
100 509100 509223
100 509225 509296
100 509298 509451
100 509453 509594
100 509596 509613
100 509615 509712
100 509714 509797
100 509799 509894
100 509896 510085
100 510087 510102
100 510104 510217
100 510219 510344
100 510346 510411
100 510413 510562
100 510564 510739
100 510741 510756
100 510758 510761
100 510763 510880
100 510882 510891
100 510893 511070
100 511072 511099
100 511101 511210
100 511212 511357
100 511359 511388
100 511390 511393
100 511395 511418
100 511420 511617
100 511619 511798
100 511800 511935
100 511937 512080
100 512082 512143
100 512145 512306
100 512308 512505
100 512507 512678
100 512680 512709
100 512711 512806
100 512808 512915
100 512917 512996
100 512998 513147
100 513149 513238
100 513240 513407
100 513409 513518
100 513520 513569
100 513571 513578
100 513580 513633
100 513635 513656
100 513658 513807
100 513809 513980
100 513982 514059
100 514061 514122
100 514124 514187
100 514189 514242
100 514244 514329
100 514331 514396
100 514398 514501
100 514503 514568
100 514570 514673
100 514675 514816
100 514818 514965
100 514967 515106
100 515108 515255
100 515257 515294
100 515296 515301
100 515303 515340
100 515342 515459
100 515461 515562
100 515564 515663
100 515665 515732
100 515734 515929
100 515931 515976
100 515978 516041
100 516043 516130
100 516132 516281
100 516283 516338
100 516340 516351
100 516353 516478
100 516480 516561
100 516563 516590
100 516592 516691
100 516693 516794
100 516796 516877
100 516879 516922
100 516924 517093
100 517095 517224
100 517226 517249
100 517251 517266
100 517268 517359
100 517361 517506
100 517508 517633
100 517635 517646
100 517648 517777
100 517779 517860
100 517862 517871
100 517873 517900
100 517902 518083
100 518085 518156
100 518158 518195
100 518197 518364
100 518366 518443
100 518445 518578
100 518580 518669
100 518671 518768
100 518770 518869
100 518871 519002
100 519004 519167
100 519169 519170
100 519172 519267
100 519269 519304
100 519306 519307
100 519309 519378
100 519380 519571
100 519573 519748
100 519750 519785
100 519787 519890
100 519892 520029
100 520031 520102
100 520104 520165
100 520167 520328
100 520330 520453
100 520455 520590
100 520592 520675
100 520677 520848
100 520850 520995
100 520997 521162
100 521164 521353
100 521355 521484
100 521486 521567
100 521569 521608
100 521610 521617
100 521619 521652
100 521654 521731
100 521733 521916
100 521918 522057
100 522059 522126
100 522128 522317
100 522319 522406
100 522408 522487
100 522489 522490
100 522492 522631
100 522633 522752
100 522754 522905
100 522907 523022
100 523024 523151
100 523153 523298
100 523300 523357
100 523359 523404
100 523406 523505
100 523507 523556
100 523558 523747
100 523749 523886
100 523888 523921
100 523923 523936
100 523938 524075
100 524077 524220
100 524222 524259
100 524261 524366
100 524368 524551
100 524553 524610
100 524612 524761
100 524763 524928
100 524930 525099
100 525101 525232
100 525234 525273
100 525275 525474
100 525476 525527
100 525529 525658
100 525660 525769
100 525771 525960
100 525962 526005
100 526007 526028
100 526030 526047
100 526049 526052
100 526054 526187
100 526189 526304
100 526306 526497
100 526499 526534
100 526536 526547
100 526549 526590
100 526592 526727
100 526729 526732
100 526734 526931
100 526933 527120
100 527122 527237
100 527239 527290
100 527292 527357
100 527359 527488
100 527490 527599
100 527601 527776
100 527778 527803
100 527805 527886
100 527888 528077
100 528079 528098
100 528100 528143
100 528145 528268
100 528270 528425
100 528427 528616
100 528618 528735
100 528737 528896
100 528898 529079
100 529081 529178
100 529180 529289
100 529291 529384
100 529386 529401
100 529403 529418
100 529420 529615
100 529617 529618
100 529620 529815
100 529817 529838
100 529840 529885
100 529887 530004
100 530006 530119
100 530121 530300
100 530302 530439
100 530441 530586
100 530588 530589
100 530591 530788
100 530790 530809
100 530811 530968
100 530970 531119
100 531121 531206
100 531208 531229
100 531231 531246
100 531248 531253
100 531255 531312
100 531314 531315
100 531317 531492
100 531494 531595
100 531597 531758
100 531760 531789
100 531791 531802
100 531804 531949
100 531951 532082
100 532084 532161
100 532163 532320
100 532322 532381
100 532383 532566
100 532568 532685
100 532687 532710
100 532712 532801
100 532803 532854
100 532856 533021
100 533023 533184
100 533186 533207
100 533209 533394
100 533396 533561
100 533563 533700
100 533702 533747
100 533749 533904
100 533906 533947
100 533949 533990
100 533992 534145
100 534147 534238
100 534240 534433
100 534435 534470
100 534472 534545
100 534547 534704
100 534706 534865
100 534867 534998
100 535000 535181
100 535183 535226
100 535228 535423
100 535425 535550
100 535552 535747
100 535749 535810
100 535812 535989
100 535991 536022
100 536024 536041
100 536043 536134
100 536136 536217
100 536219 536374
100 536376 536481
100 536483 536548
100 536550 536637
100 536639 536724
100 536726 536895
100 536897 536988
100 536990 537105
100 537107 537206
100 537208 537225
100 537227 537368
100 537370 537399
100 537401 537510
100 537512 537643
100 537645 537780
100 537782 537795
100 537797 537956
100 537958 537991
100 537993 538148
100 538150 538179
100 538181 538294
100 538296 538449
100 538451 538546
100 538548 538571
100 538573 538632
100 538634 538677
100 538679 538850
100 538852 538893
100 538895 539006
100 539008 539085
100 539087 539278
100 539280 539359
100 539361 539362
100 539364 539423
100 539425 539540
100 539542 539607
100 539609 539772
100 539774 539839
100 539841 539972
100 539974 539993
100 539995 540176
100 540178 540295
100 540297 540356
100 540358 540461
100 540463 540548
100 540550 540633
100 540635 540650
100 540652 540745
100 540747 540822
100 540824 540955
100 540957 541136
100 541138 541315
100 541317 541324
100 541326 541447
100 541449 541634
100 541636 541769
100 541771 541824
100 541826 541889
100 541891 542028
100 542030 542225
100 542227 542332
100 542334 542335
100 542337 542508
100 542510 542619
100 542621 542780
100 542782 542795
100 542797 542884
100 542886 542899
100 542901 543046
100 543048 543089
100 543091 543172
100 543174 543229
100 543231 543280
100 543282 543477
100 543479 543538
100 543540 543659
100 543661 543734
100 543736 543761
100 543763 543932
100 543934 544063
100 544065 544182
100 544184 544243
100 544245 544300
100 544302 544307
100 544309 544314
100 544316 544325
100 544327 544388
100 544390 544531
100 544533 544684
100 544686 544785
100 544787 544830
100 544832 544935
100 544937 545006
100 545008 545057
100 545059 545082
100 545084 545143
100 545145 545160
100 545162 545265
100 545267 545396
100 545398 545431
100 545433 545442
100 545444 545461
100 545463 545468
100 545470 545511
100 545513 545566
100 545568 545713
100 545715 545892
100 545894 545901
100 545903 546062
100 546064 546107
100 546109 546214
100 546216 546237
100 546239 546252
100 546254 546393
100 546395 546402
100 546404 546551
100 546553 546560
100 546562 546619
100 546621 546688
100 546690 546695
100 546697 546834
100 546836 546893
100 546895 546964
100 546966 547013
100 547015 547104
100 547106 547163
100 547165 547212
100 547214 547365
100 547367 547554
100 547556 547741
100 547743 547922
100 547924 547965
100 547967 547982
100 547984 548101
100 548103 548146
100 548148 548295
100 548297 548388
100 548390 548561
100 548563 548580
100 548582 548613
100 548615 548782
100 548784 548877
100 548879 548970
100 548972 548981
100 548983 549148
100 549150 549327
100 549329 549360
100 549362 549535
100 549537 549584
100 549586 549719
100 549721 549828
100 549830 549919
100 549921 549956
100 549958 550129
100 550131 550282
100 550284 550453
100 550455 550480
100 550482 550613
100 550615 550624
100 550626 550735
100 550737 550862
100 550864 550883
100 550885 551054
100 551056 551169
100 551171 551184
100 551186 551343
100 551345 551370
100 551372 551409
100 551411 551526
100 551528 551715
100 551717 551738
100 551740 551927
100 551929 552030
100 552032 552175
100 552177 552344
100 552346 552353
100 552355 552474
100 552476 552539
100 552541 552694
100 552696 552787
100 552789 552978
100 552980 553009
100 553011 553044
100 553046 553085
100 553087 553160
100 553162 553223
100 553225 553260
100 553262 553443
100 553445 553578
100 553580 553597
100 553599 553620
100 553622 553801
100 553803 553896
100 553898 553907
100 553909 554054
100 554056 554153
100 554155 554300
100 554302 554421
100 554423 554478
100 554480 554579
100 554581 554602
100 554604 554787
100 554789 554964
100 554966 555119
100 555121 555314
100 555316 555483
100 555485 555492
100 555494 555625
100 555627 555756
100 555758 555947
100 555949 556106
100 556108 556227
100 556229 556408
100 556410 556491
100 556493 556660
100 556662 556667
100 556669 556686
100 556688 556885
100 556887 556948
100 556950 556983
100 556985 557090
100 557092 557287
100 557289 557298
100 557300 557349
100 557351 557550
100 557552 557657
100 557659 557680
100 557682 557769
100 557771 557848
100 557850 558007
100 558009 558162
100 558164 558181
100 558183 558268
100 558270 558385
100 558387 558426
100 558428 558601
100 558603 558634
100 558636 558807
100 558809 558858
100 558860 559031
100 559033 559064
100 559066 559253
100 559255 559414
100 559416 559615
100 559617 559680
100 559682 559823
100 559825 559952
100 559954 560011
100 560013 560078
100 560080 560087
100 560089 560276
100 560278 560385
100 560387 560430
100 560432 560519
100 560521 560630
100 560632 560717
100 560719 560818
100 560820 560969
100 560971 561164
100 561166 561245
100 561247 561384
100 561386 561557
100 561559 561638
100 561640 561659
100 561661 561816
100 561818 561909
100 561911 561914
100 561916 561917
100 561919 562012
100 562014 562129
100 562131 562184
100 562186 562383
100 562385 562436
100 562438 562571
100 562573 562610
100 562612 562745
100 562747 562894
100 562896 563065
100 563067 563236
100 563238 563249
100 563251 563264
100 563266 563423
100 563425 563580
100 563582 563715
100 563717 563756
100 563758 563875
100 563877 564032
100 564034 564135
100 564137 564312
100 564314 564429
100 564431 564528
100 564530 564621
100 564623 564662
100 564664 564721
100 564723 564796
100 564798 564933
100 564935 565126
100 565128 565135
100 565137 565160
100 565162 565327
100 565329 565428
100 565430 565447
100 565449 565598
100 565600 565765
100 565767 565846
100 565848 565917
100 565919 566024
100 566026 566145
100 566147 566192
100 566194 566345
100 566347 566374
100 566376 566473
100 566475 566518
100 566520 566671
100 566673 566730
100 566732 566885
100 566887 566892
100 566894 566971
100 566973 567052
100 567054 567217
100 567219 567322
100 567324 567327
100 567329 567422
100 567424 567427
100 567429 567460
100 567462 567489
100 567491 567686
100 567688 567821
100 567823 567840
100 567842 568023
100 568025 568052
100 568054 568165
100 568167 568176
100 568178 568359
100 568361 568368
100 568370 568529
100 568531 568646
100 568648 568769
100 568771 568906
100 568908 568957
100 568959 569096
100 569098 569127
100 569129 569216
100 569218 569367
100 569369 569482
100 569484 569679
100 569681 569854
100 569856 569867
100 569869 569908
100 569910 570017
100 570019 570170
100 570172 570283
100 570285 570310
100 570312 570375
100 570377 570402
100 570404 570573
100 570575 570586
100 570588 570683
100 570685 570804
100 570806 570843
100 570845 571032
100 571034 571181
100 571183 571318
100 571320 571391
100 571393 571408
100 571410 571433
100 571435 571626
100 571628 571745
100 571747 571774
100 571776 571913
100 571915 572044
100 572046 572225
100 572227 572374
100 572376 572487
100 572489 572520
100 572522 572709
100 572711 572888
100 572890 572933
100 572935 573108
100 573110 573289
100 573291 573416
100 573418 573609
100 573611 573778
100 573780 573923
100 573925 573938
100 573940 574049
100 574051 574070
100 574072 574153
100 574155 574312
100 574314 574479
100 574481 574522
100 574524 574611
100 574613 574616
100 574618 574645
100 574647 574734
100 574736 574795
100 574797 574816
100 574818 574959
100 574961 575130
100 575132 575259
100 575261 575416
100 575418 575507
100 575509 575636
100 575638 575815
100 575817 575932
100 575934 575971
100 575973 576104
100 576106 576253
100 576255 576294
100 576296 576395
100 576397 576582
100 576584 576601
100 576603 576736
100 576738 576845
100 576847 576954
100 576956 577111
100 577113 577206
100 577208 577371
100 577373 577410
100 577412 577447
100 577449 577552
100 577554 577741
100 577743 577776
100 577778 577915
100 577917 578066
100 578068 578139
100 578141 578192
100 578194 578221
100 578223 578334
100 578336 578471
100 578473 578538
100 578540 578581
100 578583 578744
100 578746 578755
100 578757 578786
100 578788 578871
100 578873 578908
100 578910 578995
100 578997 579034
100 579036 579221
100 579223 579332
100 579334 579387
100 579389 579564
100 579566 579713
100 579715 579718
100 579720 579875
100 579877 579962
100 579964 580007
100 580009 580100
100 580102 580163
100 580165 580176
100 580178 580257
100 580259 580438
100 580440 580597
100 580599 580652
100 580654 580765
100 580767 580850
100 580852 580935
100 580937 581086
100 581088 581281
100 581283 581400
100 581402 581449
100 581451 581480
100 581482 581541
100 581543 581606
100 581608 581687
100 581689 581726
100 581728 581763
100 581765 581934
100 581936 581945
100 581947 581962
100 581964 581973
100 581975 581986
100 581988 582175
100 582177 582298
100 582300 582317
100 582319 582366
100 582368 582445
100 582447 582546
100 582548 582637
100 582639 582804
100 582806 582843
100 582845 583020
100 583022 583175
100 583177 583204
100 583206 583307
100 583309 583318
100 583320 583399
100 583401 583546
100 583548 583695
100 583697 583892
100 583894 583933
100 583935 583966
100 583968 583995
100 583997 584054
100 584056 584145
100 584147 584210
100 584212 584307
100 584309 584408
100 584410 584567
100 584569 584666
100 584668 584713
100 584715 584894
100 584896 584909
100 584911 585002
100 585004 585127
100 585129 585242
100 585244 585269
100 585271 585300
100 585302 585417
100 585419 585498
100 585500 585585
100 585587 585704
100 585706 585809
100 585811 585914
100 585916 586055
100 586057 586202
100 586204 586293
100 586295 586412
100 586414 586443
100 586445 586572
100 586574 586577
100 586579 586658
100 586660 586741
100 586743 586822
100 586824 586923
100 586925 587044
100 587046 587183
100 587185 587330
100 587332 587517
100 587519 587552
100 587554 587573
100 587575 587666
100 587668 587795
100 587797 587972
100 587974 588023
100 588025 588118
100 588120 588207
100 588209 588258
100 588260 588379
100 588381 588514
100 588516 588549
100 588551 588674
100 588676 588769
100 588771 588888
100 588890 589047
100 589049 589158
100 589160 589253
100 589255 589348
100 589350 589401
100 589403 589424
100 589426 589465
100 589467 589498
100 589500 589637
100 589639 589748
100 589750 589865
100 589867 590000
100 590002 590169
100 590171 590178
100 590180 590293
100 590295 590448
100 590450 590593
100 590595 590726
100 590728 590805
100 590807 590836
100 590838 590991
100 590993 591070
100 591072 591225
100 591227 591336
100 591338 591361
100 591363 591558
100 591560 591599
100 591601 591614
100 591616 591637
100 591639 591706
100 591708 591871
100 591873 592070
100 592072 592099
100 592101 592272
100 592274 592429
100 592431 592524
100 592526 592645
100 592647 592678
100 592680 592855
100 592857 592948
100 592950 592975
100 592977 593002
100 593004 593019
100 593021 593062
100 593064 593161
100 593163 593256
100 593258 593303
100 593305 593386
100 593388 593513
100 593515 593526
100 593528 593725
100 593727 593736
100 593738 593783
100 593785 593906
100 593908 593971
100 593973 594094
100 594096 594295
100 594297 594400
100 594402 594571
100 594573 594708
100 594710 594717
100 594719 594740
100 594742 594925
100 594927 594988
100 594990 595135
100 595137 595334
100 595336 595445
100 595447 595594
100 595596 595749
100 595751 595852
100 595854 595983
100 595985 596056
100 596058 596073
100 596075 596198
100 596200 596265
100 596267 596438
100 596440 596579
100 596581 596742
100 596744 596805
100 596807 596986
100 596988 597063
100 597065 597180
100 597182 597225
100 597227 597304
100 597306 597323
100 597325 597338
100 597340 597363
100 597365 597420
100 597422 597459
100 597461 597574
100 597576 597709
100 597711 597758
100 597760 597809
100 597811 597852
100 597854 597917
100 597919 597994
100 597996 598155
100 598157 598320
100 598322 598483
100 598485 598618
100 598620 598801
100 598803 598962
100 598964 599001
100 599003 599080
100 599082 599187
100 599189 599384
100 599386 599489
100 599491 599526
100 599528 599677
100 599679 599732
100 599734 599867
100 599869 599980
100 599982 600073
100 600075 600222
100 600224 600289
100 600291 600476
100 600478 600513
100 600515 600632
100 600634 600825
100 600827 600966
100 600968 601127
100 601129 601214
100 601216 601305
100 601307 601506
100 601508 601693
100 601695 601832
100 601834 601855
100 601857 601934
100 601936 602095
100 602097 602152
100 602154 602171
100 602173 602310
100 602312 602351
100 602353 602548
100 602550 602615
100 602617 602676
100 602678 602707
100 602709 602788
100 602790 602915
100 602917 602990
100 602992 603045
100 603047 603088
100 603090 603265
100 603267 603306
100 603308 603359
100 603361 603484
100 603486 603667
100 603669 603710
100 603712 603821
100 603823 603988
100 603990 604031
100 604033 604196
100 604198 604389
100 604391 604472
100 604474 604657
100 604659 604664
100 604666 604765
100 604767 604828
100 604830 604877
100 604879 605076
100 605078 605273
100 605275 605276
100 605278 605381
100 605383 605508
100 605510 605573
100 605575 605708
100 605710 605871
100 605873 605980
100 605982 606011
100 606013 606122
100 606124 606197
100 606199 606306
100 606308 606391
100 606393 606446
100 606448 606503
100 606505 606634
100 606636 606649
100 606651 606698
100 606700 606763
100 606765 606888
100 606890 607067
100 607069 607144
100 607146 607197
100 607199 607260
100 607262 607267
100 607269 607410
100 607412 607479
100 607481 607546
100 607548 607715
100 607717 607862
100 607864 608057
100 608059 608150
100 608152 608337
100 608339 608340
100 608342 608455
100 608457 608504
100 608506 608619
100 608621 608692
100 608694 608741
100 608743 608858
100 608860 608965
100 608967 609020
100 609022 609159
100 609161 609218
100 609220 609305
100 609307 609428
100 609430 609605
100 609607 609742
100 609744 609845
100 609847 610036
100 610038 610225
100 610227 610394
100 610396 610533
100 610535 610704
100 610706 610845
100 610847 610946
100 610948 610979
100 610981 611124
100 611126 611261
100 611263 611424
100 611426 611565
100 611567 611668
100 611670 611709
100 611711 611852
100 611854 611967
100 611969 611976
100 611978 612013
100 612015 612130
100 612132 612183
100 612185 612242
100 612244 612327
100 612329 612438
100 612440 612535
100 612537 612714
100 612716 612905
100 612907 612988
100 612990 613047
100 613049 613088
100 613090 613267
100 613269 613270
100 613272 613273
100 613275 613280
100 613282 613293
100 613295 613348
100 613350 613453
100 613455 613594
100 613596 613633
100 613635 613684
100 613686 613817
100 613819 613984
100 613986 614035
100 614037 614216
100 614218 614253
100 614255 614402
100 614404 614573
100 614575 614632
100 614634 614695
100 614697 614830
100 614832 614929
100 614931 615002
100 615004 615119
100 615121 615234
100 615236 615359
100 615361 615458
100 615460 615619
100 615621 615688
100 615690 615703
100 615705 615772
100 615774 615859
100 615861 616032
100 616034 616229
100 616231 616278
100 616280 616311
100 616313 616418
100 616420 616447
100 616449 616492
100 616494 616549
100 616551 616560
100 616562 616713
100 616715 616742
100 616744 616793
100 616795 616880
100 616882 616979
100 616981 617010
100 617012 617207
100 617209 617336
100 617338 617481
100 617483 617596
100 617598 617721
100 617723 617724
100 617726 617923
100 617925 618090
100 618092 618093
100 618095 618196
100 618198 618233
100 618235 618276
100 618278 618311
100 618313 618342
100 618344 618489
100 618491 618578
100 618580 618683
100 618685 618712
100 618714 618781
100 618783 618788
100 618790 618963
100 618965 619056
100 619058 619117
100 619119 619250
100 619252 619255
100 619257 619258
100 619260 619383
100 619385 619466
100 619468 619519
100 619521 619588
100 619590 619619
100 619621 619758
100 619760 619797
100 619799 619816
100 619818 619985
100 619987 620070
100 620072 620157
100 620159 620354
100 620356 620449
100 620451 620518
100 620520 620719
100 620721 620916
100 620918 620961
100 620963 621094
100 621096 621277
100 621279 621286
100 621288 621315
100 621317 621472
100 621474 621591
100 621593 621750
100 621752 621909
100 621911 622024
100 622026 622183
100 622185 622188
100 622190 622273
100 622275 622384
100 622386 622399
100 622401 622564
100 622566 622583
100 622585 622768
100 622770 622933
100 622935 622942
100 622944 623081
100 623083 623242
100 623244 623389
100 623391 623584
100 623586 623715
100 623717 623766
100 623768 623843
100 623845 623850
100 623852 623923
100 623925 624074
100 624076 624213
100 624215 624382
100 624384 624505
100 624507 624510
100 624512 624651
100 624653 624688
100 624690 624799
100 624801 624892
100 624894 624935
100 624937 625106
100 625108 625293
100 625295 625434
100 625436 625535
100 625537 625580
100 625582 625663
100 625665 625854
100 625856 626033
100 626035 626040
100 626042 626189
100 626191 626236
100 626238 626317
100 626319 626328
100 626330 626359
100 626361 626552
100 626554 626709
100 626711 626760
100 626762 626787
100 626789 626898
100 626900 627083
100 627085 627134
100 627136 627273
100 627275 627286
100 627288 627363
100 627365 627452
100 627454 627619
100 627621 627684
100 627686 627873
100 627875 628020
100 628022 628139
100 628141 628286
100 628288 628367
100 628369 628374
100 628376 628397
100 628399 628524
100 628526 628661
100 628663 628842
100 628844 628957
100 628959 629116
100 629118 629255
100 629257 629370
100 629372 629429
100 629431 629466
100 629468 629619
100 629621 629702
100 629704 629867
100 629869 629904
100 629906 630055
100 630057 630178
100 630180 630219
100 630221 630394
100 630396 630551
100 630553 630616
100 630618 630717
100 630719 630730
100 630732 630899
100 630901 630998
100 631000 631075
100 631077 631086
100 631088 631125
100 631127 631318
100 631320 631489
100 631491 631550
100 631552 631685
100 631687 631862
100 631864 631943
100 631945 632100
100 632102 632223
100 632225 632350
100 632352 632421
100 632423 632522
100 632524 632633
100 632635 632670
100 632672 632745
100 632747 632870
100 632872 633033
100 633035 633204
100 633206 633229
100 633231 633380
100 633382 633513
100 633515 633522
100 633524 633557
100 633559 633578
100 633580 633757
100 633759 633914
100 633916 633967
100 633969 634036
100 634038 634089
100 634091 634120
100 634122 634137
100 634139 634154
100 634156 634199
100 634201 634384
100 634386 634577
100 634579 634666
100 634668 634851
100 634853 634934
100 634936 635087
100 635089 635282
100 635284 635445
100 635447 635636
100 635638 635723
100 635725 635858
100 635860 635875
100 635877 635906
100 635908 636059
100 636061 636124
100 636126 636199
100 636201 636314
100 636316 636361
100 636363 636432
100 636434 636507
100 636509 636696
100 636698 636855
100 636857 636982
100 636984 637177
100 637179 637222
100 637224 637409
100 637411 637474
100 637476 637489
100 637491 637526
100 637528 637579
100 637581 637618
100 637620 637775
100 637777 637784
100 637786 637923
100 637925 638042
100 638044 638125
100 638127 638144
100 638146 638211
100 638213 638352
100 638354 638435
100 638437 638446
100 638448 638471
100 638473 638540
100 638542 638601
100 638603 638798
100 638800 638993
100 638995 639078
100 639080 639209
100 639211 639336
100 639338 639445
100 639447 639470
100 639472 639667
100 639669 639778
100 639780 639929
100 639931 640128
100 640130 640257
100 640259 640438
100 640440 640581
100 640583 640774
100 640776 640937
100 640939 641080
100 641082 641201
100 641203 641304
100 641306 641391
100 641393 641528
100 641530 641565
100 641567 641594
100 641596 641763
100 641765 641900
100 641902 642067
100 642069 642188
100 642190 642351
100 642353 642440
100 642442 642603
100 642605 642776
100 642778 642925
100 642927 643108
100 643110 643135
100 643137 643182
100 643184 643283
100 643285 643296
100 643298 643487
100 643489 643662
100 643664 643689
100 643691 643816
100 643818 643999
100 644001 644050
100 644052 644185
100 644187 644216
100 644218 644369
100 644371 644522
100 644524 644571
100 644573 644648
100 644650 644659
100 644661 644740
100 644742 644809
100 644811 644816
100 644818 644891
100 644893 645090
100 645092 645135
100 645137 645298
100 645300 645411
100 645413 645522
100 645524 645583
100 645585 645748
100 645750 645853
100 645855 646030
100 646032 646167
100 646169 646248
100 646250 646285
100 646287 646364
100 646366 646533
100 646535 646718
100 646720 646837
100 646839 647000
100 647002 647037
100 647039 647190
100 647192 647365
100 647367 647484
100 647486 647645
100 647647 647718
100 647720 647739
100 647741 647912
100 647914 647979
100 647981 648148
100 648150 648243
100 648245 648374
100 648376 648547
100 648549 648698
100 648700 648893
100 648895 648900
100 648902 648919
100 648921 649096
100 649098 649161
100 649163 649272
100 649274 649321
100 649323 649454
100 649456 649587
100 649589 649666
100 649668 649821
100 649823 649928
100 649930 650013
100 650015 650056
100 650058 650079
100 650081 650176
100 650178 650193
100 650195 650360
100 650362 650391
100 650393 650564
100 650566 650687
100 650689 650792
100 650794 650891
100 650893 650948
100 650950 651099
100 651101 651132
100 651134 651313
100 651315 651504
100 651506 651669
100 651671 651802
100 651804 651999
100 652001 652164
100 652166 652291
100 652293 652338
100 652340 652409
100 652411 652560
100 652562 652629
100 652631 652642
100 652644 652681
100 652683 652854
100 652856 653035
100 653037 653166
100 653168 653355
100 653357 653484
100 653486 653489
100 653491 653594
100 653596 653629
100 653631 653814
100 653816 654001
100 654003 654094
100 654096 654163
100 654165 654170
100 654172 654181
100 654183 654248
100 654250 654391
100 654393 654486
100 654488 654663
100 654665 654806
100 654808 654893
100 654895 654944
100 654946 655117
100 655119 655142
100 655144 655263
100 655265 655382
100 655384 655521
100 655523 655688
100 655690 655835
100 655837 656028
100 656030 656123
100 656125 656216
100 656218 656267
100 656269 656308
100 656310 656383
100 656385 656538
100 656540 656549
100 656551 656730
100 656732 656927
100 656929 656944
100 656946 657029
100 657031 657208
100 657210 657255
100 657257 657286
100 657288 657307
100 657309 657450
100 657452 657531
100 657533 657712
100 657714 657863
100 657865 657894
100 657896 657995
100 657997 658132
100 658134 658185
100 658187 658364
100 658366 658403
100 658405 658532
100 658534 658669
100 658671 658806
100 658808 658873
100 658875 659074
100 659076 659271
100 659273 659406
100 659408 659563
100 659565 659756
100 659758 659773
100 659775 659788
100 659790 659957
100 659959 660008
100 660010 660195
100 660197 660246
100 660248 660261
100 660263 660402
100 660404 660531
100 660533 660542
100 660544 660671
100 660673 660832
100 660834 660971
100 660973 661006
100 661008 661093
100 661095 661238
100 661240 661401
100 661403 661448
100 661450 661597
100 661599 661742
100 661744 661757
100 661759 661842
100 661844 661867
100 661869 662040
100 662042 662175
100 662177 662190
100 662192 662349
100 662351 662416
100 662418 662547
100 662549 662696
100 662698 662881
100 662883 663048
100 663050 663101
100 663103 663150
100 663152 663277
100 663279 663422
100 663424 663477
100 663479 663664
100 663666 663743
100 663745 663922
100 663924 664027
100 664029 664122
100 664124 664293
100 664295 664406
100 664408 664483
100 664485 664490
100 664492 664585
100 664587 664692
100 664694 664889
100 664891 664928
100 664930 665129
100 665131 665250
100 665252 665419
100 665421 665474
100 665476 665663
100 665665 665798
100 665800 665931
100 665933 666098
100 666100 666285
100 666287 666386
100 666388 666437
100 666439 666464
100 666466 666607
100 666609 666762
100 666764 666813
100 666815 666942
100 666944 666975
100 666977 667172
100 667174 667359
100 667361 667380
100 667382 667475
100 667477 667650
100 667652 667735
100 667737 667748
100 667750 667865
100 667867 667880
100 667882 668053
100 668055 668056
100 668058 668253
100 668255 668318
100 668320 668435
100 668437 668564
100 668566 668629
100 668631 668742
100 668744 668795
100 668797 668810
100 668812 668895
100 668897 668906
100 668908 669033
100 669035 669100
100 669102 669239
100 669241 669282
100 669284 669387
100 669389 669396
100 669398 669429
100 669431 669602
100 669604 669651
100 669653 669786
100 669788 669921
100 669923 670018
100 670020 670055
100 670057 670226
100 670228 670397
100 670399 670400
100 670402 670471
100 670473 670496
100 670498 670691
100 670693 670794
100 670796 670977
100 670979 671130
100 671132 671283
100 671285 671346
100 671348 671505
100 671507 671564
100 671566 671681
100 671683 671836
100 671838 672037
100 672039 672130
100 672132 672153
100 672155 672278
100 672280 672383
100 672385 672440
100 672442 672449
100 672451 672494
100 672496 672653
100 672655 672794
100 672796 672883
100 672885 672902
100 672904 672981
100 672983 673054
100 673056 673187
100 673189 673294
100 673296 673301
100 673303 673388
100 673390 673519
100 673521 673582
100 673584 673781
100 673783 673922
100 673924 674055
100 674057 674238
100 674240 674307
100 674309 674476
100 674478 674573
100 674575 674674
100 674676 674727
100 674729 674918
100 674920 675069
100 675071 675072
100 675074 675151
100 675153 675284
100 675286 675323
100 675325 675496
100 675498 675583
100 675585 675712
100 675714 675895
100 675897 675972
100 675974 676011
100 676013 676024
100 676026 676089
100 676091 676104
100 676106 676269
100 676271 676314
100 676316 676417
100 676419 676490
100 676492 676529
100 676531 676672
100 676674 676805
100 676807 676820
100 676822 676883
100 676885 676940
100 676942 677103
100 677105 677164
100 677166 677179
100 677181 677320
100 677322 677469
100 677471 677558
100 677560 677671
100 677673 677698
100 677700 677895
100 677897 677938
100 677940 678013
100 678015 678114
100 678116 678311
100 678313 678316
100 678318 678475
100 678477 678536
100 678538 678631
100 678633 678682
100 678684 678779
100 678781 678978
100 678980 679159
100 679161 679184
100 679186 679375
100 679377 679538
100 679540 679699
100 679701 679740
100 679742 679845
100 679847 679900
100 679902 680063
100 680065 680104
100 680106 680195
100 680197 680274
100 680276 680461
100 680463 680636
100 680638 680675
100 680677 680698
100 680700 680861
100 680863 681036
100 681038 681101
100 681103 681220
100 681222 681271
100 681273 681356
100 681358 681377
100 681379 681406
100 681408 681533
100 681535 681630
100 681632 681815
100 681817 681916
100 681918 681991
100 681993 682052
100 682054 682135
100 682137 682242
100 682244 682319
100 682321 682348
100 682350 682459
100 682461 682648
100 682650 682783
100 682785 682902
100 682904 683027
100 683029 683166
100 683168 683357
100 683359 683512
100 683514 683611
100 683613 683750
100 683752 683889
100 683891 683946
100 683948 684083
100 684085 684094
100 684096 684141
100 684143 684218
100 684220 684333
100 684335 684342
100 684344 684361
100 684363 684468
100 684470 684647
100 684649 684726
100 684728 684763
100 684765 684882
100 684884 685025
100 685027 685120
100 685122 685221
100 685223 685320
100 685322 685505
100 685507 685656
100 685658 685819
100 685821 686014
100 686016 686129
100 686131 686262
100 686264 686407
100 686409 686458
100 686460 686501
100 686503 686584
100 686586 686781
100 686783 686950
100 686952 687041
100 687043 687202
100 687204 687347
100 687349 687382
100 687384 687531
100 687533 687640
100 687642 687703
100 687705 687724
100 687726 687859
100 687861 687900
100 687902 687945
100 687947 688026
100 688028 688157
100 688159 688202
100 688204 688283
100 688285 688474
100 688476 688591
100 688593 688656
100 688658 688845
100 688847 688858
100 688860 688945
100 688947 688956
100 688958 689019
100 689021 689206
100 689208 689401
100 689403 689480
100 689482 689615
100 689617 689670
100 689672 689705
100 689707 689808
100 689810 689817
100 689819 689866
100 689868 689941
100 689943 689986
100 689988 689993
100 689995 690122
100 690124 690211
100 690213 690272
100 690274 690303
100 690305 690476
100 690478 690607
100 690609 690712
100 690714 690723
100 690725 690736
100 690738 690843
100 690845 690966
100 690968 691109
100 691111 691196
100 691198 691267
100 691269 691332
100 691334 691517
100 691519 691544
100 691546 691633
100 691635 691640
100 691642 691667
100 691669 691806
100 691808 691857
100 691859 691998
100 692000 692051
100 692053 692246
100 692248 692297
100 692299 692480
100 692482 692669
100 692671 692704
100 692706 692753
100 692755 692812
100 692814 692921
100 692923 692968
100 692970 693057
100 693059 693146
100 693148 693263
100 693265 693386
100 693388 693435
100 693437 693520
100 693522 693675
100 693677 693824
100 693826 694003
100 694005 694142
100 694144 694213
100 694215 694388
100 694390 694507
100 694509 694522
100 694524 694693
100 694695 694722
100 694724 694897
100 694899 694986
100 694988 695095
100 695097 695196
100 695198 695341
100 695343 695360
100 695362 695525
100 695527 695632
100 695634 695813
100 695815 695946
100 695948 696003
100 696005 696066
100 696068 696081
100 696083 696154
100 696156 696223
100 696225 696322
100 696324 696339
100 696341 696360
100 696362 696505
100 696507 696598
100 696600 696613
100 696615 696744
100 696746 696829
100 696831 696944
100 696946 696957
100 696959 697146
100 697148 697219
100 697221 697276
100 697278 697383
100 697385 697576
100 697578 697701
100 697703 697846
100 697848 697965
100 697967 698012
100 698014 698165
100 698167 698276
100 698278 698427
100 698429 698484
100 698486 698667
100 698669 698792
100 698794 698887
100 698889 698916
100 698918 699043
100 699045 699118
100 699120 699215
100 699217 699332
100 699334 699355
100 699357 699358
100 699360 699467
100 699469 699494
100 699496 699635
100 699637 699686
100 699688 699691
100 699693 699866
100 699868 699973
100 699975 700096
100 700098 700183
100 700185 700288
100 700290 700323
100 700325 700498
100 700500 700611
100 700613 700756
100 700758 700807
100 700809 700940
100 700942 701109
100 701111 701154
100 701156 701289
100 701291 701320
100 701322 701365
100 701367 701380
100 701382 701471
100 701473 701622
100 701624 701739
100 701741 701786
100 701788 701963
100 701965 702068
100 702070 702209
100 702211 702364
100 702366 702417
100 702419 702464
100 702466 702549
100 702551 702714
100 702716 702821
100 702823 702948
100 702950 703099
100 703101 703266
100 703268 703465
100 703467 703530
100 703532 703701
100 703703 703724
100 703726 703867
100 703869 704004
100 704006 704185
100 704187 704330
100 704332 704383
100 704385 704406
100 704408 704523
100 704525 704612
100 704614 704801
100 704803 704854
100 704856 704991
100 704993 705140
100 705142 705161
100 705163 705198
100 705200 705301
100 705303 705480
100 705482 705507
100 705509 705512
100 705514 705703
100 705705 705850
100 705852 705933
100 705935 706080
100 706082 706189
100 706191 706314
100 706316 706409
100 706411 706528
100 706530 706647
100 706649 706818
100 706820 706995
100 706997 707126
100 707128 707159
100 707161 707322
100 707324 707369
100 707371 707476
100 707478 707513
100 707515 707704
100 707706 707837
100 707839 708004
100 708006 708185
100 708187 708316
100 708318 708375
100 708377 708394
100 708396 708591
100 708593 708716
100 708718 708797
100 708799 708916
100 708918 709095
100 709097 709194
100 709196 709223
100 709225 709272
100 709274 709413
100 709415 709480
100 709482 709515
100 709517 709624
100 709626 709811
100 709813 709974
100 709976 710051
100 710053 710110
100 710112 710147
100 710149 710194
100 710196 710205
100 710207 710352
100 710354 710425
100 710427 710536
100 710538 710539
100 710541 710554
100 710556 710727
100 710729 710784
100 710786 710949
100 710951 711040
100 711042 711107
100 711109 711228
100 711230 711275
100 711277 711344
100 711346 711489
100 711491 711612
100 711614 711629
100 711631 711786
100 711788 711897
100 711899 712076
100 712078 712275
100 712277 712338
100 712340 712511
100 712513 712710
100 712712 712843
100 712845 712922
100 712924 712983
100 712985 713072
100 713074 713231
100 713233 713286
100 713288 713399
100 713401 713468
100 713470 713533
100 713535 713652
100 713654 713711
100 713713 713834
100 713836 713881
100 713883 714048
100 714050 714223
100 714225 714260
100 714262 714307
100 714309 714368
100 714370 714539
100 714541 714554
100 714556 714613
100 714615 714806
100 714808 714833
100 714835 714936
100 714938 715103
100 715105 715168
100 715170 715201
100 715203 715294
100 715296 715439
100 715441 715520
100 715522 715633
100 715635 715758
100 715760 715947
100 715949 716004
100 716006 716189
100 716191 716346
100 716348 716429
100 716431 716498
100 716500 716651
100 716653 716794
100 716796 716953
100 716955 716964
100 716966 717005
100 717007 717066
100 717068 717201
100 717203 717282
100 717284 717439
100 717441 717512
100 717514 717663
100 717665 717710
100 717712 717885
100 717887 718070
100 718072 718163
100 718165 718314
100 718316 718339
100 718341 718508
100 718510 718585
100 718587 718772
100 718774 718901
100 718903 718912
100 718914 719031
100 719033 719164
100 719166 719265
100 719267 719368
100 719370 719371
100 719373 719568
100 719570 719743
100 719745 719846
100 719848 719941
100 719943 720056
100 720058 720185
100 720187 720246
100 720248 720369
100 720371 720450
100 720452 720541
100 720543 720696
100 720698 720757
100 720759 720826
100 720828 721005
100 721007 721114
100 721116 721273
100 721275 721384
100 721386 721525
100 721527 721698
100 721700 721867
100 721869 721982
100 721984 722119
100 722121 722180
100 722182 722283
100 722285 722482
100 722484 722605
100 722607 722626
100 722628 722695
100 722697 722706
100 722708 722763
100 722765 722886
100 722888 723001
100 723003 723150
100 723152 723289
100 723291 723304
100 723306 723453
100 723455 723524
100 723526 723579
100 723581 723702
100 723704 723711
100 723713 723874
100 723876 724037
100 724039 724186
100 724188 724243
100 724245 724294
100 724296 724329
100 724331 724494
100 724496 724617
100 724619 724798
100 724800 724991
100 724993 725090
100 725092 725275
100 725277 725440
100 725442 725469
100 725471 725486
100 725488 725629
100 725631 725800
100 725802 725937
100 725939 726098
100 726100 726265
100 726267 726268
100 726270 726445
100 726447 726622
100 726624 726761
100 726763 726794
100 726796 726861
100 726863 727030
100 727032 727193
100 727195 727264
100 727266 727409
100 727411 727502
100 727504 727621
100 727623 727730
100 727732 727805
100 727807 727868
100 727870 728037
100 728039 728114
100 728116 728281
100 728283 728374
100 728376 728461
100 728463 728540
100 728542 728687
100 728689 728840
100 728842 728967
100 728969 728990
100 728992 729189
100 729191 729382
100 729384 729515
100 729517 729666
100 729668 729693
100 729695 729840
100 729842 729941
100 729943 729996
100 729998 730105
100 730107 730166
100 730168 730223
100 730225 730370
100 730372 730557
100 730559 730670
100 730672 730839
100 730841 731028
100 731030 731085
100 731087 731186
100 731188 731281
100 731283 731448
100 731450 731459
100 731461 731646
100 731648 731653
100 731655 731822
100 731824 731923
100 731925 731960
100 731962 732099
100 732101 732276
100 732278 732411
100 732413 732538
100 732540 732573
100 732575 732722
100 732724 732829
100 732831 732948
100 732950 733031
100 733033 733074
100 733076 733203
100 733205 733384
100 733386 733531
100 733533 733612
100 733614 733639
100 733641 733776
100 733778 733791
100 733793 733830
100 733832 733989
100 733991 734120
100 734122 734295
100 734297 734428
100 734430 734571
100 734573 734682
100 734684 734795
100 734797 734994
100 734996 735027
100 735029 735226
100 735228 735251
100 735253 735404
100 735406 735423
100 735425 735458
100 735460 735517
100 735519 735572
100 735574 735745
100 735747 735822
100 735824 735971
100 735973 736158
100 736160 736301
100 736303 736462
100 736464 736609
100 736611 736682
100 736684 736747
100 736749 736836
100 736838 736857
100 736859 736952
100 736954 737021
100 737023 737150
100 737152 737313
100 737315 737442
100 737444 737481
100 737483 737594
100 737596 737637
100 737639 737804
100 737806 737971
100 737973 737994
100 737996 738081
100 738083 738086
100 738088 738209
100 738211 738352
100 738354 738485
100 738487 738548
100 738550 738717
100 738719 738894
100 738896 739077
100 739079 739230
100 739232 739245
100 739247 739368
100 739370 739553
100 739555 739598
100 739600 739745
100 739747 739928
100 739930 740045
100 740047 740164
100 740166 740295
100 740297 740330
100 740332 740489
100 740491 740502
100 740504 740691
100 740693 740778
100 740780 740931
100 740933 740956
100 740958 741135
100 741137 741154
100 741156 741301
100 741303 741368
100 741370 741521
100 741523 741680
100 741682 741687
100 741689 741826
100 741828 741873
100 741875 741944
100 741946 742143
100 742145 742308
100 742310 742325
100 742327 742480
100 742482 742589
100 742591 742658
100 742660 742855
100 742857 742962
100 742964 743153
100 743155 743184
100 743186 743301
100 743303 743310
100 743312 743317
100 743319 743334
100 743336 743485
100 743487 743530
100 743532 743627
100 743629 743714
100 743716 743903
100 743905 743916
100 743918 743929
100 743931 743976
100 743978 744039
100 744041 744234
100 744236 744399
100 744401 744426
100 744428 744611
100 744613 744796
100 744798 744913
100 744915 744990
100 744992 745057
100 745059 745140
100 745142 745311
100 745313 745502
100 745504 745521
100 745523 745580
100 745582 745749
100 745751 745776
100 745778 745801
100 745803 745938
100 745940 746053
100 746055 746130
100 746132 746237
100 746239 746314
100 746316 746405
100 746407 746486
100 746488 746531
100 746533 746584
100 746586 746733
100 746735 746900
100 746902 746971
100 746973 747134
100 747136 747155
100 747157 747328
100 747330 747485
100 747487 747634
100 747636 747771
100 747773 747966
100 747968 748087
100 748089 748162
100 748164 748243
100 748245 748318
100 748320 748509
100 748511 748676
100 748678 748721
100 748723 748762
100 748764 748847
100 748849 748910
100 748912 748973
100 748975 749120
100 749122 749211
100 749213 749386
100 749388 749457
100 749459 749558
100 749560 749599
100 749601 749642
100 749644 749761
100 749763 749834
100 749836 749993
100 749995 750164
100 750166 750319
100 750321 750434
100 750436 750563
100 750565 750730
100 750732 750777
100 750779 750978
100 750980 751053
100 751055 751058
100 751060 751087
100 751089 751150
100 751152 751291
100 751293 751418
100 751420 751567
100 751569 751700
100 751702 751729
100 751731 751786
100 751788 751873
100 751875 752002
100 752004 752127
100 752129 752188
100 752190 752273
100 752275 752408
100 752410 752425
100 752427 752436
100 752438 752477
100 752479 752672
100 752674 752683
100 752685 752692
100 752694 752791
100 752793 752960
100 752962 753117
100 753119 753308
100 753310 753459
100 753461 753584
100 753586 753645
100 753647 753718
100 753720 753899
100 753901 754004
100 754006 754061
100 754063 754066
100 754068 754133
100 754135 754298
100 754300 754473
100 754475 754518
100 754520 754563
100 754565 754642
100 754644 754815
100 754817 754992
100 754994 755063
100 755065 755256
100 755258 755353
100 755355 755552
100 755554 755743
100 755745 755784
100 755786 755933
100 755935 756118
100 756120 756153
100 756155 756166
100 756168 756243
100 756245 756404
100 756406 756463
100 756465 756466
100 756468 756605
100 756607 756670
100 756672 756855
100 756857 756878
100 756880 757033
100 757035 757040
100 757042 757133
100 757135 757238
100 757240 757379
100 757381 757564
100 757566 757583
100 757585 757634
100 757636 757701
100 757703 757816
100 757818 757999
100 758001 758074
100 758076 758123
100 758125 758268
100 758270 758427
100 758429 758592
100 758594 758785
100 758787 758924
100 758926 759035
100 759037 759090
100 759092 759283
100 759285 759332
100 759334 759453
100 759455 759648
100 759650 759685
100 759687 759828
100 759830 759891
100 759893 760076
100 760078 760209
100 760211 760364
100 760366 760467
100 760469 760536
100 760538 760645
100 760647 760824
100 760826 760899
100 760901 761014
100 761016 761191
100 761193 761340
100 761342 761365
100 761367 761440
100 761442 761517
100 761519 761570
100 761572 761637
100 761639 761754
100 761756 761829
100 761831 761974
100 761976 762145
100 762147 762320
100 762322 762333
100 762335 762430
100 762432 762503
100 762505 762670
100 762672 762773
100 762775 762954
100 762956 763029
100 763031 763112
100 763114 763303
100 763305 763390
100 763392 763559
100 763561 763696
100 763698 763781
100 763783 763874
100 763876 764021
100 764023 764220
100 764222 764319
100 764321 764474
100 764476 764489
100 764491 764556
100 764558 764683
100 764685 764764
100 764766 764851
100 764853 765008
100 765010 765169
100 765171 765180
100 765182 765327
100 765329 765490
100 765492 765613
100 765615 765646
100 765648 765843
100 765845 765886
100 765888 766051
100 766053 766132
100 766134 766203
100 766205 766296
100 766298 766493
100 766495 766524
100 766526 766605
100 766607 766672
100 766674 766699
100 766701 766746
100 766748 766837
100 766839 766924
100 766926 766947
100 766949 767030
100 767032 767157
100 767159 767176
100 767178 767355
100 767357 767452
100 767454 767629
100 767631 767656
100 767658 767759
100 767761 767898
100 767900 768021
100 768023 768188
100 768190 768319
100 768321 768462
100 768464 768631
100 768633 768652
100 768654 768845
100 768847 769040
100 769042 769055
100 769057 769180
100 769182 769313
100 769315 769370
100 769372 769507
100 769509 769672
100 769674 769743
100 769745 769938
100 769940 769977
100 769979 770152
100 770154 770205
100 770207 770320
100 770322 770427
100 770429 770566
100 770568 770705
100 770707 770742
100 770744 770755
100 770757 770868
100 770870 770919
100 770921 770944
100 770946 771065
100 771067 771172
100 771174 771369
100 771371 771396
100 771398 771399
100 771401 771422
100 771424 771455
100 771457 771480
100 771482 771547
100 771549 771676
100 771678 771735
100 771737 771756
100 771758 771935
100 771937 772022
100 772024 772203
100 772205 772300
100 772302 772449
100 772451 772612
100 772614 772695
100 772697 772836
100 772838 772955
100 772957 773102
100 773104 773187
100 773189 773386
100 773388 773491
100 773493 773496
100 773498 773549
100 773551 773612
100 773614 773755
100 773757 773848
100 773850 773975
100 773977 774104
100 774106 774205
100 774207 774340
100 774342 774483
100 774485 774538
100 774540 774695
100 774697 774892
100 774894 774901
100 774903 774916
100 774918 775023
100 775025 775108
100 775110 775135
100 775137 775230
100 775232 775393
100 775395 775548
100 775550 775711
100 775713 775892
100 775894 775961
100 775963 776136
100 776138 776315
100 776317 776328
100 776330 776413
100 776415 776500
100 776502 776597
100 776599 776706
100 776708 776763
100 776765 776806
100 776808 776835
100 776837 777010
100 777012 777083
100 777085 777218
100 777220 777383
100 777385 777528
100 777530 777675
100 777677 777790
100 777792 777929
100 777931 778090
100 778092 778225
100 778227 778336
100 778338 778381
100 778383 778520
100 778522 778539
100 778541 778662
100 778664 778807
100 778809 778932
100 778934 778971
100 778973 778994
100 778996 779061
100 779063 779122
100 779124 779179
100 779181 779186
100 779188 779317
100 779319 779470
100 779472 779551
100 779553 779718
100 779720 779875
100 779877 779938
100 779940 780101
100 780103 780180
100 780182 780261
100 780263 780396
100 780398 780449
100 780451 780570
100 780572 780737
100 780739 780838
100 780840 780891
100 780893 780996
100 780998 781111
100 781113 781192
100 781194 781195
100 781197 781348
100 781350 781383
100 781385 781462
100 781464 781527
100 781529 781694
100 781696 781869
100 781871 781882
100 781884 781931
100 781933 782054
100 782056 782227
100 782229 782284
100 782286 782351
100 782353 782516
100 782518 782583
100 782585 782714
100 782716 782863
100 782865 783046
100 783048 783181
100 783183 783242
100 783244 783353
100 783355 783520
100 783522 783631
100 783633 783720
100 783722 783797
100 783799 783996
100 783998 784075
100 784077 784160
100 784162 784293
100 784295 784430
100 784432 784467
100 784469 784576
100 784578 784715
100 784717 784906
100 784908 785039
100 785041 785132
100 785134 785247
100 785249 785440
100 785442 785515
100 785517 785556
100 785558 785587
100 785589 785624
100 785626 785781
100 785783 785794
100 785796 785863
100 785865 786044
100 786046 786181
100 786183 786372
100 786374 786503
100 786505 786512
100 786514 786687
100 786689 786734
100 786736 786905
100 786907 787084
100 787086 787183
100 787185 787234
100 787236 787305
100 787307 787314
100 787316 787355
100 787357 787432
100 787434 787497
100 787499 787696
100 787698 787731
100 787733 787906
100 787908 787979
100 787981 788158
100 788160 788285
100 788287 788420
100 788422 788445
100 788447 788474
100 788476 788545
100 788547 788556
100 788558 788583
100 788585 788628
100 788630 788743
100 788745 788938
100 788940 789033
100 789035 789234
100 789236 789405
100 789407 789414
100 789416 789609
100 789611 789732
100 789734 789749
100 789751 789788
100 789790 789889
100 789891 789964
100 789966 790061
100 790063 790068
100 790070 790255
100 790257 790258
100 790260 790403
100 790405 790534
100 790536 790703
100 790705 790858
100 790860 790899
100 790901 791074
100 791076 791235
100 791237 791358
100 791360 791383
100 791385 791426
100 791428 791609
100 791611 791664
100 791666 791789
100 791791 791960
100 791962 792041
100 792043 792210
100 792212 792271
100 792273 792342
100 792344 792529
100 792531 792644
100 792646 792777
100 792779 792850
100 792852 792877
100 792879 793044
100 793046 793063
100 793065 793176
100 793178 793315
100 793317 793506
100 793508 793591
100 793593 793764
100 793766 793785
100 793787 793974
100 793976 794087
100 794089 794140
100 794142 794285
100 794287 794296
100 794298 794333
100 794335 794366
100 794368 794381
100 794383 794406
100 794408 794519
100 794521 794596
100 794598 794631
100 794633 794750
100 794752 794917
100 794919 794962
100 794964 795157
100 795159 795246
100 795248 795265
100 795267 795296
100 795298 795481
100 795483 795660
100 795662 795827
100 795829 796024
100 796026 796117
100 796119 796184
100 796186 796343
100 796345 796522
100 796524 796687
100 796689 796812
100 796814 796901
100 796903 797052
100 797054 797189
100 797191 797366
100 797368 797429
100 797431 797538
100 797540 797589
100 797591 797698
100 797700 797823
100 797825 797892
100 797894 798023
100 798025 798156
100 798158 798335
100 798337 798370
100 798372 798505
100 798507 798672
100 798674 798737
100 798739 798826
100 798828 798951
100 798953 798998
100 799000 799125
100 799127 799216
100 799218 799257
100 799259 799298
100 799300 799465
100 799467 799550
100 799552 799683
100 799685 799866
100 799868 799887
100 799889 800022
100 800024 800077
100 800079 800174
100 800176 800285
100 800287 800402
100 800404 800591
100 800593 800754
100 800756 800813
100 800815 800838
100 800840 800963
100 800965 801124
100 801126 801255
100 801257 801428
100 801430 801497
100 801499 801538
100 801540 801575
100 801577 801682
100 801684 801849
100 801851 801914
100 801916 802013
100 802015 802122
100 802124 802287
100 802289 802322
100 802324 802395
100 802397 802404
100 802406 802469
100 802471 802552
100 802554 802637
100 802639 802836
100 802838 802967
100 802969 803100
100 803102 803251
100 803253 803318
100 803320 803347
100 803349 803522
100 803524 803529
100 803531 803572
100 803574 803691
100 803693 803758
100 803760 803949
100 803951 804060
100 804062 804161
100 804163 804258
100 804260 804353
100 804355 804404
100 804406 804525
100 804527 804592
100 804594 804627
100 804629 804784
100 804786 804831
100 804833 804892
100 804894 805063
100 805065 805084
100 805086 805221
100 805223 805330
100 805332 805355
100 805357 805516
100 805518 805523
100 805525 805680
100 805682 805725
100 805727 805920
100 805922 806067
100 806069 806238
100 806240 806275
100 806277 806358
100 806360 806459
100 806461 806604
100 806606 806673
100 806675 806698
100 806700 806813
100 806815 806816
100 806818 806879
100 806881 806882
100 806884 806961
100 806963 807074
100 807076 807215
100 807217 807322
100 807324 807411
100 807413 807510
100 807512 807665
100 807667 807718
100 807720 807901
100 807903 808036
100 808038 808205
100 808207 808208
100 808210 808387
100 808389 808498
100 808500 808563
100 808565 808618
100 808620 808633
100 808635 808806
100 808808 808847
100 808849 808900
100 808902 808989
100 808991 809126
100 809128 809313
100 809315 809424
100 809426 809477
100 809479 809668
100 809670 809793
100 809795 809942
100 809944 809965
100 809967 810108
100 810110 810153
100 810155 810318
100 810320 810467
100 810469 810522
100 810524 810623
100 810625 810718
100 810720 810863
100 810865 810986
100 810988 811169
100 811171 811266
100 811268 811331
100 811333 811342
100 811344 811451
100 811453 811570
100 811572 811587
100 811589 811596
100 811598 811653
100 811655 811662
100 811664 811831
100 811833 811862
100 811864 812001
100 812003 812028
100 812030 812217
100 812219 812392
100 812394 812539
100 812541 812664
100 812666 812793
100 812795 812912
100 812914 813087
100 813089 813250
100 813252 813343
100 813345 813530
100 813532 813647
100 813649 813662
100 813664 813781
100 813783 813866
100 813868 813961
100 813963 814050
100 814052 814233
100 814235 814384
100 814386 814429
100 814431 814570
100 814572 814725
100 814727 814880
100 814882 815005
100 815007 815026
100 815028 815111
100 815113 815196
100 815198 815293
100 815295 815390
100 815392 815493
100 815495 815620
100 815622 815759
100 815761 815910
100 815912 816099
100 816101 816294
100 816296 816321
100 816323 816438
100 816440 816451
100 816453 816520
100 816522 816635
100 816637 816652
100 816654 816817
100 816819 816866
100 816868 816875
100 816877 817022
100 817024 817073
100 817075 817126
100 817128 817233
100 817235 817318
100 817320 817439
100 817441 817626
100 817628 817787
100 817789 817910
100 817912 818017
100 818019 818116
100 818118 818243
100 818245 818304
100 818306 818387
100 818389 818504
100 818506 818579
100 818581 818714
100 818716 818897
100 818899 819002
100 819004 819181
100 819183 819368
100 819370 819529
100 819531 819648
100 819650 819679
100 819681 819700
100 819702 819861
100 819863 820058
100 820060 820199
100 820201 820394
100 820396 820431
100 820433 820604
100 820606 820801
100 820803 820992
100 820994 821045
100 821047 821234
100 821236 821391
100 821393 821412
100 821414 821557
100 821559 821634
100 821636 821675
100 821677 821700
100 821702 821763
100 821765 821800
100 821802 821887
100 821889 821904
100 821906 822095
100 822097 822126
100 822128 822207
100 822209 822278
100 822280 822363
100 822365 822538
100 822540 822733
100 822735 822916
100 822918 823101
100 823103 823252
100 823254 823451
100 823453 823488
100 823490 823669
100 823671 823712
100 823714 823909
100 823911 824002
100 824004 824129
100 824131 824150
100 824152 824153
100 824155 824206
100 824208 824253
100 824255 824422
100 824424 824517
100 824519 824686
100 824688 824725
100 824727 824788
100 824790 824821
100 824823 824920
100 824922 825021
100 825023 825036
100 825038 825129
100 825131 825212
100 825214 825351
100 825353 825540
100 825542 825645
100 825647 825748
100 825750 825803
100 825805 825886
100 825888 826053
100 826055 826236
100 826238 826303
100 826305 826406
100 826408 826425
100 826427 826552
100 826554 826719
100 826721 826894
100 826896 827079
100 827081 827244
100 827246 827315
100 827317 827452
100 827454 827549
100 827551 827728
100 827730 827843
100 827845 827880
100 827882 827967
100 827969 828142
100 828144 828343
100 828345 828534
100 828536 828689
100 828691 828796
100 828798 828929
100 828931 828938
100 828940 829037
100 829039 829126
100 829128 829201
100 829203 829286
100 829288 829393
100 829395 829408
100 829410 829463
100 829465 829512
100 829514 829687
100 829689 829810
100 829812 829973
100 829975 830108
100 830110 830149
100 830151 830276
100 830278 830411
100 830413 830428
100 830430 830467
100 830469 830554
100 830556 830605
100 830607 830712
100 830714 830839
100 830841 830994
100 830996 831139
100 831141 831200
100 831202 831377
100 831379 831396
100 831398 831403
100 831405 831476
100 831478 831495
100 831497 831644
100 831646 831833
100 831835 831938
100 831940 832067
100 832069 832228
100 832230 832247
100 832249 832392
100 832394 832583
100 832585 832648
100 832650 832719
100 832721 832866
100 832868 832909
100 832911 832930
100 832932 833113
100 833115 833308
100 833310 833457
100 833459 833484
100 833486 833635
100 833637 833720
100 833722 833763
100 833765 833850
100 833852 833867
100 833869 834034
100 834036 834079
100 834081 834090
100 834092 834169
100 834171 834294
100 834296 834311
100 834313 834488
100 834490 834597
100 834599 834760
100 834762 834813
100 834815 834876
100 834878 834949
100 834951 834972
100 834974 835059
100 835061 835256
100 835258 835301
100 835303 835382
100 835384 835507
100 835509 835610
100 835612 835671
100 835673 835718
100 835720 835785
100 835787 835970
100 835972 836031
100 836033 836074
100 836076 836239
100 836241 836350
100 836352 836375
100 836377 836516
100 836518 836545
100 836547 836648
100 836650 836799
100 836801 836950
100 836952 836971
100 836973 837066
100 837068 837141
100 837143 837184
100 837186 837293
100 837295 837454
100 837456 837471
100 837473 837640
100 837642 837689
100 837691 837746
100 837748 837819
100 837821 837856
100 837858 838037
100 838039 838190
100 838192 838269
100 838271 838422
100 838424 838549
100 838551 838562
100 838564 838731
100 838733 838816
100 838818 838983
100 838985 839066
100 839068 839179
100 839181 839228
100 839230 839299
100 839301 839370
100 839372 839513
100 839515 839710
100 839712 839907
100 839909 839992
100 839994 840025
100 840027 840146
100 840148 840325
100 840327 840526
100 840528 840543
100 840545 840594
100 840596 840619
100 840621 840662
100 840664 840785
100 840787 840980
100 840982 841011
100 841013 841020
100 841022 841101
100 841103 841178
100 841180 841303
100 841305 841332
100 841334 841501
100 841503 841604
100 841606 841673
100 841675 841686
100 841688 841817
100 841819 841874
100 841876 842037
100 842039 842214
100 842216 842321
100 842323 842394
100 842396 842501
100 842503 842648
100 842650 842833
100 842835 842866
100 842868 843045
100 843047 843196
100 843198 843245
100 843247 843278
100 843280 843313
100 843315 843324
100 843326 843407
100 843409 843482
100 843484 843491
100 843493 843640
100 843642 843659
100 843661 843692
100 843694 843893
100 843895 843944
100 843946 844127
100 844129 844204
100 844206 844335
100 844337 844522
100 844524 844621
100 844623 844674
100 844676 844819
100 844821 844924
100 844926 845077
100 845079 845218
100 845220 845257
100 845259 845456
100 845458 845625
100 845627 845806
100 845808 845875
100 845877 846060
100 846062 846079
100 846081 846196
100 846198 846281
100 846283 846476
100 846478 846555
100 846557 846710
100 846712 846769
100 846771 846916
100 846918 846947
100 846949 847082
100 847084 847181
100 847183 847374
100 847376 847465
100 847467 847634
100 847636 847679
100 847681 847856
100 847858 848003
100 848005 848078
100 848080 848235
100 848237 848320
100 848322 848465
100 848467 848564
100 848566 848731
100 848733 848804
100 848806 848897
100 848899 848968
100 848970 849145
100 849147 849242
100 849244 849427
100 849429 849524
100 849526 849565
100 849567 849678
100 849680 849773
100 849775 849816
100 849818 849863
100 849865 849998
100 850000 850109
100 850111 850178
100 850180 850313
100 850315 850434
100 850436 850555
100 850557 850620
100 850622 850781
100 850783 850834
100 850836 850905
100 850907 850920
100 850922 850973
100 850975 851152
100 851154 851177
100 851179 851188
100 851190 851351
100 851353 851548
100 851550 851719
100 851721 851846
100 851848 851907
100 851909 852020
100 852022 852195
100 852197 852290
100 852292 852293
100 852295 852374
100 852376 852393
100 852395 852430
100 852432 852519
100 852521 852644
100 852646 852791
100 852793 852892
100 852894 853027
100 853029 853136
100 853138 853267
100 853269 853400
100 853402 853453
100 853455 853556
100 853558 853731
100 853733 853902
100 853904 854057
100 854059 854100
100 854102 854125
100 854127 854230
100 854232 854243
100 854245 854314
100 854316 854411
100 854413 854474
100 854476 854545
100 854547 854562
100 854564 854577
100 854579 854750
100 854752 854777
100 854779 854826
100 854828 854831
100 854833 854886
100 854888 854925
100 854927 855094
100 855096 855127
100 855129 855264
100 855266 855369
100 855371 855416
100 855418 855535
100 855537 855676
100 855678 855799
100 855801 855858
100 855860 855915
100 855917 855962
100 855964 856073
100 856075 856168
100 856170 856299
100 856301 856448
100 856450 856559
100 856561 856632
100 856634 856823
100 856825 856996
100 856998 857159
100 857161 857308
100 857310 857457
100 857459 857494
100 857496 857499
100 857501 857636
100 857638 857777
100 857779 857792
100 857794 857981
100 857983 858098
100 858100 858105
100 858107 858208
100 858210 858247
100 858249 858332
100 858334 858337
100 858339 858508
100 858510 858599
100 858601 858734
100 858736 858801
100 858803 858984
100 858986 859085
100 859087 859208
100 859210 859295
100 859297 859402
100 859404 859475
100 859477 859666
100 859668 859787
100 859789 859942
100 859944 859997
100 859999 860110
100 860112 860139
100 860141 860288
100 860290 860463
100 860465 860562
100 860564 860735
100 860737 860864
100 860866 860939
100 860941 861062
100 861064 861203
100 861205 861234
100 861236 861331
100 861333 861464
100 861466 861573
100 861575 861618
100 861620 861641
100 861643 861768
100 861770 861805
100 861807 861892
100 861894 861993
100 861995 862052
100 862054 862225
100 862227 862336
100 862338 862357
100 862359 862364
100 862366 862561
100 862563 862634
100 862636 862793
100 862795 862994
100 862996 863001
100 863003 863140
100 863142 863187
100 863189 863348
100 863350 863377
100 863379 863400
100 863402 863499
100 863501 863674
100 863676 863681
100 863683 863748
100 863750 863887
100 863889 864074
100 864076 864099
100 864101 864158
100 864160 864167
100 864169 864228
100 864230 864353
100 864355 864442
100 864444 864557
100 864559 864642
100 864644 864727
100 864729 864756
100 864758 864885
100 864887 864984
100 864986 865153
100 865155 865190
100 865192 865293
100 865295 865414
100 865416 865539
100 865541 865636
100 865638 865673
100 865675 865860
100 865862 866045
100 866047 866230
100 866232 866277
100 866279 866344
100 866346 866505
100 866507 866686
100 866688 866791
100 866793 866820
100 866822 866851
100 866853 866880
100 866882 867005
100 867007 867058
100 867060 867137
100 867139 867226
100 867228 867271
100 867273 867282
100 867284 867289
100 867291 867344
100 867346 867543
100 867545 867712
100 867714 867901
100 867903 868078
100 868080 868229
100 868231 868284
100 868286 868375
100 868377 868530
100 868532 868659
100 868661 868846
100 868848 868989
100 868991 869000
100 869002 869147
100 869149 869192
100 869194 869385
100 869387 869434
100 869436 869453
100 869455 869548
100 869550 869631
100 869633 869746
100 869748 869867
100 869869 869980
100 869982 869995
100 869997 870078
100 870080 870181
100 870183 870236
100 870238 870295
100 870297 870486
100 870488 870555
100 870557 870646
100 870648 870739
100 870741 870906
100 870908 870919
100 870921 871116
100 871118 871209
100 871211 871322
100 871324 871335
100 871337 871486
100 871488 871545
100 871547 871664
100 871666 871815
100 871817 871864
100 871866 871989
100 871991 872132
100 872134 872151
100 872153 872312
100 872314 872433
100 872435 872590
100 872592 872731
100 872733 872910
100 872912 873037
100 873039 873088
100 873090 873165
100 873167 873286
100 873288 873361
100 873363 873528
100 873530 873597
100 873599 873606
100 873608 873623
100 873625 873728
100 873730 873889
100 873891 874048
100 874050 874223
100 874225 874410
100 874412 874521
100 874523 874654
100 874656 874767
100 874769 874960
100 874962 875011
100 875013 875204
100 875206 875301
100 875303 875392
100 875394 875417
100 875419 875510
100 875512 875643
100 875645 875830
100 875832 875857
100 875859 875866
100 875868 876041
100 876043 876058
100 876060 876205
100 876207 876224
100 876226 876421
100 876423 876540
100 876542 876737
100 876739 876860
100 876862 877051
100 877053 877210
100 877212 877375
100 877377 877544
100 877546 877663
100 877665 877750
100 877752 877763
100 877765 877942
100 877944 878099
100 878101 878108
100 878110 878163
100 878165 878236
100 878238 878245
100 878247 878298
100 878300 878337
100 878339 878430
100 878432 878493
100 878495 878656
100 878658 878693
100 878695 878816
100 878818 878985
100 878987 879036
100 879038 879221
100 879223 879258
100 879260 879329
100 879331 879356
100 879358 879375
100 879377 879516
100 879518 879681
100 879683 879742
100 879744 879817
100 879819 879868
100 879870 879913
100 879915 880046
100 880048 880131
100 880133 880320
100 880322 880351
100 880353 880426
100 880428 880545
100 880547 880610
100 880612 880761
100 880763 880792
100 880794 880805
100 880807 880896
100 880898 880937
100 880939 881050
100 881052 881079
100 881081 881086
100 881088 881211
100 881213 881362
100 881364 881477
100 881479 881670
100 881672 881841
100 881843 881972
100 881974 882137
100 882139 882250
100 882252 882371
100 882373 882448
100 882450 882593
100 882595 882734
100 882736 882891
100 882893 883030
100 883032 883189
100 883191 883318
100 883320 883517
100 883519 883646
100 883648 883655
100 883657 883704
100 883706 883809
100 883811 884006
100 884008 884079
100 884081 884124
100 884126 884263
100 884265 884384
100 884386 884457
100 884459 884608
100 884610 884655
100 884657 884674
100 884676 884871
100 884873 885012
100 885014 885213
100 885215 885244
100 885246 885391
100 885393 885544
100 885546 885597
100 885599 885780
100 885782 885911
100 885913 885942
100 885944 886019
100 886021 886186
100 886188 886343
100 886345 886424
100 886426 886473
100 886475 886508
100 886510 886575
100 886577 886692
100 886694 886743
100 886745 886786
100 886788 886929
100 886931 887124
100 887126 887253
100 887255 887310
100 887312 887473
100 887475 887538
100 887540 887703
100 887705 887774
100 887776 887827
100 887829 887978
100 887980 888095
100 888097 888128
100 888130 888157
100 888159 888262
100 888264 888279
100 888281 888422
100 888424 888581
100 888583 888774
100 888776 888831
100 888833 889032
100 889034 889073
100 889075 889166
100 889168 889277
100 889279 889398
100 889400 889501
100 889503 889660
100 889662 889781
100 889783 889940
100 889942 890047
100 890049 890130
100 890132 890177
100 890179 890322
100 890324 890343
100 890345 890500
100 890502 890625
100 890627 890750
100 890752 890911
100 890913 890920
100 890922 891035
100 891037 891060
100 891062 891225
100 891227 891396
100 891398 891529
100 891531 891566
100 891568 891699
100 891701 891866
100 891868 892023
100 892025 892122
100 892124 892321
100 892323 892468
100 892470 892575
100 892577 892712
100 892714 892765
100 892767 892884
100 892886 892895
100 892897 893026
100 893028 893199
100 893201 893254
100 893256 893293
100 893295 893330
100 893332 893461
100 893463 893654
100 893656 893825
100 893827 893856
100 893858 894041
100 894043 894138
100 894140 894165
100 894167 894186
100 894188 894357
100 894359 894372
100 894374 894527
100 894529 894722
100 894724 894843
100 894845 895014
100 895016 895109
100 895111 895192
100 895194 895253
100 895255 895290
100 895292 895335
100 895337 895388
100 895390 895449
100 895451 895586
100 895588 895673
100 895675 895844
100 895846 896039
100 896041 896062
100 896064 896219
100 896221 896294
100 896296 896391
100 896393 896578
100 896580 896629
100 896631 896654
100 896656 896827
100 896829 896958
100 896960 897051
100 897053 897222
100 897224 897291
100 897293 897350
100 897352 897415
100 897417 897558
100 897560 897753
100 897755 897778
100 897780 897891
100 897893 898038
100 898040 898151
100 898153 898258
100 898260 898423
100 898425 898600
100 898602 898747
100 898749 898822
100 898824 898905
100 898907 898946
100 898948 899033
100 899035 899176
100 899178 899195
100 899197 899382
100 899384 899411
100 899413 899500
100 899502 899689
100 899691 899804
100 899806 899897
100 899899 900074
100 900076 900235
100 900237 900418
100 900420 900509
100 900511 900568
100 900570 900603
100 900605 900776
100 900778 900975
100 900977 901058
100 901060 901227
100 901229 901412
100 901414 901595
100 901597 901762
100 901764 901899
100 901901 901920
100 901922 902091
100 902093 902222
100 902224 902299
100 902301 902344
100 902346 902375
100 902377 902420
100 902422 902579
100 902581 902664
100 902666 902667
100 902669 902696
100 902698 902803
100 902805 902882
100 902884 903053
100 903055 903242
100 903244 903381
100 903383 903546
100 903548 903549
100 903551 903698
100 903700 903759
100 903761 903900
100 903902 903921
100 903923 904092
100 904094 904109
100 904111 904230
100 904232 904297
100 904299 904420
100 904422 904525
100 904527 904698
100 904700 904789
100 904791 904966
100 904968 905011
100 905013 905138
100 905140 905227
100 905229 905234
100 905236 905367
100 905369 905566
100 905568 905701
100 905703 905732
100 905734 905753
100 905755 905860
100 905862 905945
100 905947 905972
100 905974 906115
100 906117 906190
100 906192 906215
100 906217 906380
100 906382 906453
100 906455 906490
100 906492 906609
100 906611 906644
100 906646 906801
100 906803 906902
100 906904 907025
100 907027 907062
100 907064 907069
100 907071 907188
100 907190 907273
100 907275 907402
100 907404 907477
100 907479 907578
100 907580 907769
100 907771 907830
100 907832 907833
100 907835 907970
100 907972 908025
100 908027 908164
100 908166 908273
100 908275 908434
100 908436 908577
100 908579 908708
100 908710 908825
100 908827 909000
100 909002 909059
100 909061 909162
100 909164 909257
100 909259 909350
100 909352 909463
100 909465 909624
100 909626 909681
100 909683 909712
100 909714 909791
100 909793 909972
100 909974 910065
100 910067 910140
100 910142 910203
100 910205 910218
100 910220 910365
100 910367 910520
100 910522 910535
100 910537 910716
100 910718 910757
100 910759 910916
100 910918 910981
100 910983 911152
100 911154 911167
100 911169 911244
100 911246 911421
100 911423 911564
100 911566 911665
100 911667 911808
100 911810 911875
100 911877 912032
100 912034 912193
100 912195 912200
100 912202 912349
100 912351 912404
100 912406 912501
100 912503 912628
100 912630 912719
100 912721 912912
100 912914 913067
100 913069 913094
100 913096 913107
100 913109 913148
100 913150 913231
100 913233 913280
100 913282 913453
100 913455 913600
100 913602 913705
100 913707 913896
100 913898 913973
100 913975 914024
100 914026 914193
100 914195 914308
100 914310 914389
100 914391 914420
100 914422 914513
100 914515 914636
100 914638 914813
100 914815 914916
100 914918 914973
100 914975 915134
100 915136 915247
100 915249 915302
100 915304 915335
100 915337 915418
100 915420 915617
100 915619 915814
100 915816 915993
100 915995 916090
100 916092 916177
100 916179 916248
100 916250 916293
100 916295 916454
100 916456 916635
100 916637 916710
100 916712 916867
100 916869 917048
100 917050 917163
100 917165 917232
100 917234 917409
100 917411 917604
100 917606 917657
100 917659 917684
100 917686 917795
100 917797 917990
100 917992 918105
100 918107 918222
100 918224 918249
100 918251 918330
100 918332 918447
100 918449 918594
100 918596 918723
100 918725 918892
100 918894 918903
100 918905 918982
100 918984 919005
100 919007 919084
100 919086 919171
100 919173 919290
100 919292 919439
100 919441 919632
100 919634 919801
100 919803 919808
100 919810 919817
100 919819 920010
100 920012 920065
100 920067 920250
100 920252 920301
100 920303 920308
100 920310 920405
100 920407 920540
100 920542 920717
100 920719 920820
100 920822 920961
100 920963 921028
100 921030 921175
100 921177 921374
100 921376 921455
100 921457 921470
100 921472 921607
100 921609 921700
100 921702 921853
100 921855 921904
100 921906 921935
100 921937 922114
100 922116 922289
100 922291 922294
100 922296 922325
100 922327 922488
100 922490 922553
100 922555 922714
100 922716 922885
100 922887 922984
100 922986 923019
100 923021 923186
100 923188 923293
100 923295 923384
100 923386 923425
100 923427 923558
100 923560 923623
100 923625 923658
100 923660 923797
100 923799 923902
100 923904 923963
100 923965 924148
100 924150 924315
100 924317 924454
100 924456 924473
100 924475 924504
100 924506 924553
100 924555 924748
100 924750 924831
100 924833 924872
100 924874 924963
100 924965 925106
100 925108 925153
100 925155 925178
100 925180 925277
100 925279 925430
100 925432 925601
100 925603 925792
100 925794 925799
100 925801 925826
100 925828 925871
100 925873 926022
100 926024 926125
100 926127 926318
100 926320 926499
100 926501 926564
100 926566 926567
100 926569 926692
100 926694 926811
100 926813 926948
100 926950 927097
100 927099 927132
100 927134 927237
100 927239 927334
100 927336 927341
100 927343 927364
100 927366 927537
100 927539 927552
100 927554 927751
100 927753 927888
100 927890 927951
100 927953 928116
100 928118 928247
100 928249 928322
100 928324 928503
100 928505 928630
100 928632 928717
100 928719 928904
100 928906 928933
100 928935 929006
100 929008 929187
100 929189 929340
100 929342 929355
100 929357 929378
100 929380 929435
100 929437 929632
100 929634 929763
100 929765 929786
100 929788 929903
100 929905 930076
100 930078 930263
100 930265 930412
100 930414 930511
100 930513 930690
100 930692 930865
100 930867 930934
100 930936 931075
100 931077 931216
100 931218 931281
100 931283 931284
100 931286 931339
100 931341 931494
100 931496 931647
100 931649 931724
100 931726 931839
100 931841 932010
100 932012 932183
100 932185 932226
100 932228 932389
100 932391 932484
100 932486 932653
100 932655 932738
100 932740 932771
100 932773 932804
100 932806 932939
100 932941 932964
100 932966 933035
100 933037 933116
100 933118 933269
100 933271 933348
100 933350 933471
100 933473 933638
100 933640 933657
100 933659 933794
100 933796 933851
100 933853 933934
100 933936 933969
100 933971 933988
100 933990 934169
100 934171 934310
100 934312 934353
100 934355 934500
100 934502 934531
100 934533 934706
100 934708 934815
100 934817 935006
100 935008 935191
100 935193 935384
100 935386 935499
100 935501 935606
100 935608 935689
100 935691 935772
100 935774 935867
100 935869 936036
100 936038 936045
100 936047 936186
100 936188 936263
100 936265 936272
100 936274 936445
100 936447 936490
100 936492 936501
100 936503 936518
100 936520 936659
100 936661 936836
100 936838 936883
100 936885 936968
100 936970 936971
100 936973 937172
100 937174 937271
100 937273 937286
100 937288 937435
100 937437 937544
100 937546 937571
100 937573 937720
100 937722 937797
100 937799 937910
100 937912 938067
100 938069 938146
100 938148 938311
100 938313 938376
100 938378 938447
100 938449 938510
100 938512 938555
100 938557 938560
100 938562 938585
100 938587 938730
100 938732 938735
100 938737 938792
100 938794 938903
100 938905 938976
100 938978 939143
100 939145 939254
100 939256 939437
100 939439 939558
100 939560 939637
100 939639 939712
100 939714 939887
100 939889 939922
100 939924 939989
100 939991 940088
100 940090 940223
100 940225 940348
100 940350 940399
100 940401 940492
100 940494 940519
100 940521 940546
100 940548 940745
100 940747 940820
100 940822 940875
100 940877 940960
100 940962 940995
100 940997 941086
100 941088 941223
100 941225 941312
100 941314 941389
100 941391 941506
100 941508 941597
100 941599 941788
100 941790 941949
100 941951 942026
100 942028 942129
100 942131 942148
100 942150 942237
100 942239 942340
100 942342 942387
100 942389 942402
100 942404 942411
100 942413 942594
100 942596 942629
100 942631 942752
100 942754 942807
100 942809 942956
100 942958 943079
100 943081 943266
100 943268 943403
100 943405 943580
100 943582 943601
100 943603 943788
100 943790 943931
100 943933 944012
100 944014 944037
100 944039 944200
100 944202 944253
100 944255 944306
100 944308 944389
100 944391 944502
100 944504 944531
100 944533 944728
100 944730 944855
100 944857 945024
100 945026 945111
100 945113 945280
100 945282 945311
100 945313 945380
100 945382 945495
100 945497 945532
100 945534 945661
100 945663 945800
100 945802 945967
100 945969 946028
100 946030 946227
100 946229 946408
100 946410 946517
100 946519 946678
100 946680 946717
100 946719 946794
100 946796 946801
100 946803 946984
100 946986 947147
100 947149 947170
100 947172 947201
100 947203 947382
100 947384 947449
100 947451 947600
100 947602 947705
100 947707 947744
100 947746 947813
100 947815 947862
100 947864 947875
100 947877 947960
100 947962 948139
100 948141 948200
100 948202 948399
100 948401 948476
100 948478 948595
100 948597 948746
100 948748 948935
100 948937 949040
100 949042 949219
100 949221 949318
100 949320 949341
100 949343 949358
100 949360 949501
100 949503 949576
100 949578 949629
100 949631 949706
100 949708 949801
100 949803 949904
100 949906 950029
100 950031 950208
100 950210 950325
100 950327 950482
100 950484 950655
100 950657 950690
100 950692 950789
100 950791 950926
100 950928 950937
100 950939 951040
100 951042 951229
100 951231 951368
100 951370 951505
100 951507 951596
100 951598 951603
100 951605 951652
100 951654 951747
100 951749 951886
100 951888 952061
100 952063 952182
100 952184 952321
100 952323 952376
100 952378 952539
100 952541 952650
100 952652 952729
100 952731 952878
100 952880 952931
100 952933 952944
100 952946 952967
100 952969 953088
100 953090 953259
100 953261 953400
100 953402 953481
100 953483 953568
100 953570 953613
100 953615 953786
100 953788 953891
100 953893 954078
100 954080 954203
100 954205 954216
100 954218 954409
100 954411 954598
100 954600 954607
100 954609 954690
100 954692 954873
100 954875 954986
100 954988 955081
100 955083 955088
100 955090 955091
100 955093 955278
100 955280 955467
100 955469 955512
100 955514 955687
100 955689 955736
100 955738 955873
100 955875 955922
100 955924 956021
100 956023 956178
100 956180 956271
100 956273 956340
100 956342 956477
100 956479 956556
100 956558 956573
100 956575 956630
100 956632 956655
100 956657 956716
100 956718 956803
100 956805 956850
100 956852 956891
100 956893 956896
100 956898 957013
100 957015 957100
100 957102 957123
100 957125 957260
100 957262 957267
100 957269 957444
100 957446 957473
100 957475 957556
100 957558 957739
100 957741 957936
100 957938 958041
100 958043 958178
100 958180 958185
100 958187 958314
100 958316 958423
100 958425 958518
100 958520 958687
100 958689 958798
100 958800 958861
100 958863 959036
100 959038 959227
100 959229 959250
100 959252 959325
100 959327 959380
100 959382 959451
100 959453 959512
100 959514 959533
100 959535 959566
100 959568 959711
100 959713 959796
100 959798 959841
100 959843 959964
100 959966 959981
100 959983 960150
100 960152 960295
100 960297 960436
100 960438 960587
100 960589 960688
100 960690 960693
100 960695 960848
100 960850 960975
100 960977 961116
100 961118 961317
100 961319 961328
100 961330 961357
100 961359 961440
100 961442 961457
100 961459 961476
100 961478 961611
100 961613 961794
100 961796 961837
100 961839 961924
100 961926 962035
100 962037 962162
100 962164 962199
100 962201 962234
100 962236 962413
100 962415 962572
100 962574 962639
100 962641 962688
100 962690 962839
100 962841 963000
100 963002 963185
100 963187 963224
100 963226 963411
100 963413 963590
100 963592 963779
100 963781 963884
100 963886 964015
100 964017 964026
100 964028 964209
100 964211 964390
100 964392 964507
100 964509 964646
100 964648 964701
100 964703 964802
100 964804 964969
100 964971 965022
100 965024 965141
100 965143 965306
100 965308 965491
100 965493 965546
100 965548 965609
100 965611 965642
100 965644 965663
100 965665 965776
100 965778 965801
100 965803 965988
100 965990 966167
100 966169 966232
100 966234 966427
100 966429 966484
100 966486 966613
100 966615 966802
100 966804 966995
100 966997 967150
100 967152 967241
100 967243 967402
100 967404 967469
100 967471 967578
100 967580 967609
100 967611 967784
100 967786 967911
100 967913 967914
100 967916 967995
100 967997 968166
100 968168 968225
100 968227 968270
100 968272 968411
100 968413 968492
100 968494 968585
100 968587 968614
100 968616 968767
100 968769 968900
100 968902 969067
100 969069 969248
100 969250 969267
100 969269 969432
100 969434 969461
100 969463 969486
100 969488 969597
100 969599 969618
100 969620 969785
100 969787 969878
100 969880 969977
100 969979 970006
100 970008 970053
100 970055 970158
100 970160 970239
100 970241 970314
100 970316 970467
100 970469 970594
100 970596 970649
100 970651 970710
100 970712 970813
100 970815 970912
100 970914 970989
100 970991 971138
100 971140 971259
100 971261 971264
100 971266 971459
100 971461 971622
100 971624 971657
100 971659 971716
100 971718 971811
100 971813 971880
100 971882 971903
100 971905 971956
100 971958 972053
100 972055 972176
100 972178 972217
100 972219 972382
100 972384 972501
100 972503 972604
100 972606 972657
100 972659 972690
100 972692 972883
100 972885 973012
100 973014 973103
100 973105 973210
100 973212 973289
100 973291 973390
100 973392 973463
100 973465 973564
100 973566 973733
100 973735 973914
100 973916 974089
100 974091 974270
100 974272 974375
100 974377 974548
100 974550 974739
100 974741 974922
100 974924 975107
100 975109 975164
100 975166 975241
100 975243 975256
100 975258 975345
100 975347 975366
100 975368 975489
100 975491 975512
100 975514 975661
100 975663 975850
100 975852 976045
100 976047 976056
100 976058 976161
100 976163 976200
100 976202 976287
100 976289 976400
100 976402 976467
100 976469 976592
100 976594 976617
100 976619 976716
100 976718 976817
100 976819 976930
100 976932 977021
100 977023 977168
100 977170 977339
100 977341 977450
100 977452 977623
100 977625 977818
100 977820 977823
100 977825 977844
100 977846 977859
100 977861 978050
100 978052 978195
100 978197 978230
100 978232 978393
100 978395 978566
100 978568 978595
100 978597 978786
100 978788 978951
100 978953 979080
100 979082 979099
100 979101 979300
100 979302 979307
100 979309 979444
100 979446 979617
100 979619 979710
100 979712 979863
100 979865 979874
100 979876 980061
100 980063 980216
100 980218 980359
100 980361 980558
100 980560 980589
100 980591 980766
100 980768 980813
100 980815 980932
100 980934 981053
100 981055 981198
100 981200 981315
100 981317 981472
100 981474 981605
100 981607 981628
100 981630 981785
100 981787 981884
100 981886 981905
100 981907 981938
100 981940 982121
100 982123 982170
100 982172 982317
100 982319 982492
100 982494 982639
100 982641 982722
100 982724 982729
100 982731 982902
100 982904 982929
100 982931 983016
100 983018 983095
100 983097 983262
100 983264 983387
100 983389 983420
100 983422 983453
100 983455 983604
100 983606 983777
100 983779 983910
100 983912 984013
100 984015 984134
100 984136 984285
100 984287 984330
100 984332 984457
100 984459 984528
100 984530 984691
100 984693 984712
100 984714 984785
100 984787 984964
100 984966 985107
100 985109 985138
100 985140 985305
100 985307 985312
100 985314 985451
100 985453 985504
100 985506 985597
100 985599 985754
100 985756 985905
100 985907 986044
100 986046 986229
100 986231 986368
100 986370 986493
100 986495 986646
100 986648 986703
100 986705 986854
100 986856 986997
100 986999 987190
100 987192 987259
100 987261 987452
100 987454 987505
100 987507 987536
100 987538 987599
100 987601 987770
100 987772 987823
100 987825 987940
100 987942 988035
100 988037 988038
100 988040 988075
100 988077 988122
100 988124 988169
100 988171 988202
100 988204 988223
100 988225 988322
100 988324 988387
100 988389 988450
100 988452 988523
100 988525 988574
100 988576 988669
100 988671 988694
100 988696 988803
100 988805 988936
100 988938 989103
100 989105 989216
100 989218 989343
100 989345 989402
100 989404 989411
100 989413 989578
100 989580 989691
100 989693 989722
100 989724 989891
100 989893 990014
100 990016 990129
100 990131 990300
100 990302 990393
100 990395 990546
100 990548 990685
100 990687 990782
100 990784 990791
100 990793 990902
100 990904 990951
100 990953 991062
100 991064 991069
100 991071 991102
100 991104 991271
100 991273 991288
100 991290 991381
100 991383 991422
100 991424 991467
100 991469 991510
100 991512 991593
100 991595 991776
100 991778 991873
100 991875 991976
100 991978 992157
100 992159 992170
100 992172 992197
100 992199 992294
100 992296 992379
100 992381 992412
100 992414 992529
100 992531 992646
100 992648 992689
100 992691 992762
100 992764 992797
100 992799 992924
100 992926 992927
100 992929 992976
100 992978 993015
100 993017 993132
100 993134 993201
100 993203 993362
100 993364 993473
100 993475 993518
100 993520 993549
100 993551 993572
100 993574 993583
100 993585 993754
100 993756 993823
100 993825 993894
100 993896 993987
100 993989 994008
100 994010 994123
100 994125 994136
100 994138 994237
100 994239 994342
100 994344 994425
100 994427 994512
100 994514 994529
100 994531 994622
100 994624 994761
100 994763 994940
100 994942 995033
100 995035 995190
100 995192 995333
100 995335 995366
100 995368 995531
100 995533 995638
100 995640 995725
100 995727 995830
100 995832 995875
100 995877 996076
100 996078 996165
100 996167 996196
100 996198 996391
100 996393 996410
100 996412 996447
100 996449 996458
100 996460 996573
100 996575 996682
100 996684 996863
100 996865 996950
100 996952 997081
100 997083 997130
100 997132 997225
100 997227 997388
100 997390 997479
100 997481 997660
100 997662 997763
100 997765 997786
100 997788 997961
100 997963 998044
100 998046 998153
100 998155 998182
100 998184 998361
100 998363 998368
100 998370 998469
100 998471 998590
100 998592 998593
100 998595 998778
100 998780 998895
100 998897 998922
100 998924 998933
100 998935 998982
100 998984 999147
100 999149 999192
100 999194 999225
100 999227 999366
100 999368 999465
100 999467 999518
100 999520 999693
100 999695 999790
100 999792 999807
100 999809 999866
100 999868 999907
100 999909 999928
100 999930 999951
100 999953 999986
100 999988 999995
100 999997 999998
268636 535583
901619 980868
288226 602583
313821 654934
184484 684316
980214 992690
581360 811390
291079 492216
113913 879693
897469 997938
832420 931256
666609 875686
11181 601634
809444 838063
755134 978898
373636 438810
37761 191743
311420 774888
558619 622973
792755 810234
217620 761761
899289 899370
73485 782121
236489 558566
590143 863674
833529 994092
812453 928177
873209 930926
179023 275440
90495 196658
795551 859892
27019 218411
810335 849622
883182 953136
908630 914976
14110 235475
470497 707614
463182 787413
42044 240843
253484 934606
158225 676952
773669 838526
389885 750115
976510 999240
942732 947222
470013 950839
947120 987152
139111 522693
853185 909533
442679 646485
526932 796175
983252 993897
820408 822491
258145 873873
558089 865602
397754 962164
573650 646258
248894 415742
321926 834044
176145 723089
450424 628205
375090 398196
915553 998325
667703 832835
790936 857381
890430 973563
451536 579355
556499 817644
718300 806855
112449 679643
42151 425471
669046 791756
939699 999375
604345 804525
447855 587475
784946 837972
875499 995063
545612 587781
660776 687400
414574 509537
101813 591486
416487 645570
660376 664791
901279 913633
748593 835351
640119 723838
18491 704547
735284 972697
496593 709156
190976 852872
727420 905678
61516 533292
638584 921871
400840 985601
43725 605424
654542 793838
267479 301311
93975 170960
407126 508266
863925 948275
111239 202470
76395 704509
699056 915957
358501 617686
464903 939197
307724 754294
766943 911649
106566 847856
482489 710505
695569 810356
321328 816985
971473 991269
92949 402456
701952 856114
637130 953969
426731 897992
772209 895887
768931 977134
555239 944932
647280 955433
125158 542578
420013 715230
851062 972129
76156 189382
596251 927809
996258 998237
236269 394581
655259 917211
587540 792650
718228 955594
921669 925722
888251 955045
41219 201711
446117 657946
589996 729730
159751 539412
964679 981854
963492 971689
136769 225860
290928 888344
514830 547902
12300 921400
137712 488332
856799 969122
993220 996863
354350 867960
945562 988625
415136 545982
813682 884869
396098 791818
86122 838875
113745 131639
772070 929748
807448 944221
908882 924512
23626 69120
898475 943344
888664 923917
338559 643985
347253 929008
799046 960157
876402 888733
175857 389553
234017 996758
146699 274157
17879 692560
77889 726680
860382 982035
883540 957851
65488 592410
944479 947760
983426 999167
413500 526558
297036 831086
884164 926204
621947 940591
346359 827517
569469 633632
719342 856505
4983 158963
75224 456480
565148 780949
908738 933770
173687 953784
966642 967645
364213 526492
249340 300232
258540 337986
500701 714685
899190 937009
787274 980579
830453 906451
217981 595691
433058 993862
961487 972817
37803 312752
289072 998873
986905 998701
749452 917763
494434 719150
309182 430322
453543 914266
266503 724482
493396 711872
253439 994530
507882 936410
159765 659385
940703 958033
309855 851450
955096 961917
707965 772738
223588 310140
752970 777619
673871 908604
711609 863093
952891 957341
333257 833200
206857 336691
769044 846050
879431 989473
581280 856696
136967 185174
732898 830983
548261 724961
877883 956295
639411 972454
196760 397069
56811 151435
357617 535220
601955 983862
757019 788089
893079 916086
605624 639333
327803 451870
671513 759999
13940 211432
675079 972110
898500 937968
783464 919465
962293 990911
166459 231109
802447 987538
914235 939167
970769 977882
467947 536203
297612 470299
204802 761354
373428 584817
534222 636458
338409 445746
858852 975016
856699 958562
600242 803315
330638 640437
820335 897118
396942 745865
950700 999543
836698 935272
436978 765485
244937 824014
964043 967601
858543 938546
282390 905106
648279 977305
129958 669229
150327 942112
857573 873036
364207 392550
935465 998550
924151 934423
756428 859787
237928 653344
825070 879917
782297 850242
446556 707229
967442 986773
561484 880532
191397 900273
189954 465471
829447 848405
890690 898456
661111 872936
748835 905524
684688 930586
490757 762254
623027 789229
883409 912954
695294 731418
792554 944987
710311 844551
179772 811037
191416 988706
169975 531066
858076 895039
661229 779995
728160 880747
993619 994056
724209 916827
572547 969393
552497 643625
546889 762483
277061 791115
56538 893617
869207 879455
29247 231821
961407 996640
809242 922102
545794 844206
983303 993806
764529 809436
32357 867631
669801 974436
141825 736771
222282 418045
749092 799279
956254 977633
248036 890716
650330 721976
628574 976323
973454 978197
273850 398102
80121 959779
822290 922298
946983 982300
132253 444742
356510 385793
631996 997660
421833 977595
618247 868101
750871 883083
991633 998793
414024 746686
918296 963812
727674 827834
761245 952841
628827 727113
309505 511417
165103 643768
406814 700732
126489 427549
226262 904448
985409 990611
939519 958576
412409 870769
858995 914212
662955 671303
116343 135925
18880 496751
753201 819503
921850 974089
493415 715812
643595 965903
635546 960836
912489 947466
965227 973600
266807 516624
980103 996269
908308 991279
591098 607254
508446 987814
891796 990674
675959 699354
710700 846857
717198 972360
861606 883798
197519 343060
737635 800241
596295 805825
575830 747245
652983 923889
401007 481228
394066 638695
92127 171499
10206 540249
979593 983337
23074 77755
610731 957580
564008 805596
237508 363478
763797 772467
761347 794123
901614 913270
799039 846054
688842 750181
446644 594611
413282 417214
636584 653291
521634 917868
432719 591118
496613 580253
445091 678487
806564 896828
778830 949649
257276 784904
261510 859070
292977 976303
786749 898595
483636 653546
438217 934367
506722 567700
740289 798625
174850 340891
338310 553791
132148 139437
858311 957118
171583 710684
187165 369954
153123 688719
692853 787183
562146 795462
949647 992545
393244 904568
601693 730742
536350 810926
714794 951750
920453 948455
481928 798082
623679 846011
4435 440278
745875 987246
214664 262936
791078 801965
718296 821021
745378 899420
259853 610710
850596 871806
832709 988274
765892 864558
520881 798488
374893 982941
835903 892985
266168 266278
677680 944726
267173 688581
444978 904216
346792 634904
144266 203988
659101 771619
273506 449367
315031 692735
999686 999723
209137 228409
876296 924975
27015 471102
490615 717692
186871 672257
468571 909190
440369 604677
561141 791970
569581 711618
72377 336218
675997 983980
714571 902629
804315 876226
252840 760607
549568 782041
604114 739949
778389 843045
209474 654287
514420 982676
589108 812544
682091 714827
260041 521358
156257 296748
975067 990175
638741 729901
343368 818414
397844 538644
708132 879385
950825 990420
623096 713918
454970 470454
380177 393190
452586 799096
34227 330435
787978 954671
999895 999925
449820 475413
43322 137051
382058 385536
885830 989864
255894 466686
584719 860490
723008 939487
423998 645008
826635 896051
723453 862957
737770 789992
506070 837923
794939 818708
816277 978266
46471 563491
997951 999927
377686 911824
509619 758440
820931 831594
814682 905681
570181 805396
807424 899351
525727 598341
439633 608343
86169 366464
7361 401056
825436 867734
795938 931564
799898 921795
368120 645536
962467 998532
833198 923918
421718 847352
825171 920349
962453 998616
662957 790330
875098 928499
347071 853881
591270 691931
930843 963214
995576 999744
125658 184898
654548 996510
397515 809002
669785 815505
376831 858757
260200 765256
915 114841
620757 634995
205026 452665
493598 627756
976362 992223
606952 702332
790304 919858
336669 498279
641637 810961
438181 718885
705332 884321
559197 607967
51275 343972
46939 996851
776623 897356
243260 458164
919092 983728
365064 836155
907516 911129
462673 858229
3577 748797
819208 982130
492081 809897
599101 867451
222058 542020
642969 978747
22959 523806
415223 825707
886964 987929
991034 996436
757411 935944
163931 645255
13283 194317
971211 982690
341897 660079
178393 770103
18838 470320
763185 847409
804028 867708
374579 916688
172664 360354
952175 974215
611907 689913
145480 185923
868939 938397
232401 961151
657726 814578
306747 584234
634363 889283
745797 860758
214380 676556
248210 676234
889547 962150
528151 812127
100854 711027
628941 695590
790260 825783
114311 950112
151719 174349
591310 946887
341348 979467
240273 704201
205987 338437
214205 830588
332166 774892
506875 608172
793095 892586
898916 908813
59256 943727
918627 993066
446382 774704
647691 910376
96112 313337
47883 409366
584571 626117
488210 582521
482203 653249
172728 264677
800724 854758
487645 571821
794031 992744
495316 748935
771282 996051
653237 987389
196662 569225
40410 408036
704611 788676
567835 630716
659211 943050
950341 962826
795077 997097
194807 962538
555424 714956
232520 815982
35378 171186
346187 766435
278813 807907
848627 958836
892387 903648
159559 451290
783263 786051
275382 691490
129142 571345
706646 881504
901658 973125
767846 936255
897253 904212
63415 605007
303514 912690
598142 977241
9049 619229
368165 431298
106462 151116
344414 365653
953612 973021
808777 897559
333440 342634
783703 827845
233143 397407
449081 926543
206401 865310
905886 922370
202593 909856
957382 987451
959368 998890
665852 822981
209759 311431
170100 482892
494078 583128
584398 866521
542332 802110
239596 821966
720383 766385
116494 855396
562859 738557
113951 148871
458715 815877
447303 596762
360437 565164
103168 342673
556250 898828
870230 989841
141503 773380
937546 993591
131613 688114
421875 663344
924746 996371
170890 174861
165218 940291
721383 807855
870192 882065
932558 965819
534405 725831
366902 716905
302360 364326
612387 715851
464942 592055
747105 890874
964297 974360
400558 912720
771433 981517
763359 953636
71509 674706
468038 726410
423261 675463
592264 952761
300832 893313
666898 718143
144388 741763
464611 730523
613154 643559
363636 543899
197850 264523
500159 741619
997101 997156
478354 660179
664661 986376
331890 735020
28388 274468
830793 883264
546259 866783
215604 591813
177955 914980
864826 944046
567219 895516
623060 649817
950245 992862
568430 778281
584446 698535
129606 566536
24576 770227
527597 630186
588041 984202
868264 917944
397016 406504
407077 604503
224123 412637
876077 885678
240435 752327
378137 680166
810441 906849
636244 758311
412258 641232
115327 424169
585770 897519
383300 997258
645746 935498
62233 170044
793885 870062
232636 331623
99950 633782
340178 795558
810389 987297
747893 813271
603106 686928
631494 758038
540830 639720
92543 365710
822835 892502
550756 917577
622533 700803
334014 973907
830328 881509
485197 941960
424915 593327
809324 910729
220420 785435
98793 717151
8580 696360
396274 836168
98923 153379
397320 618549
182250 257655
972716 973594
495042 656549
52835 199507
17366 803766
190178 326042
744565 978901
719826 880401
997658 998763
380451 556914
425152 693123
801081 810807
155187 685030
390119 789147
790159 832984
221562 307158
556106 616692
329579 709080
231084 485008
448962 569067
339419 814798
605775 777378
274263 665263
499934 791306
726426 882187
728701 815686
804444 994343
766406 808130
842415 943109
727269 955284
605787 679344
963147 981479
321722 518493
496122 589211
426771 980736
210499 580681
528901 669059
776723 867667
598684 922917
489486 791960
771819 832779
327395 778430
477301 903853
297646 359643
27555 806183
164057 588297
307498 373212
430221 931121
507801 629575
172511 741672
18881 735310
96061 725872
710801 913380
262851 847490
838485 937091
766482 819018
593064 649819
603485 699128
267216 900927
252069 291345
72757 849578
242009 890242
358070 385703
895589 924099
168587 224217
756286 804303
77029 329051
86686 547990
72010 222011
613 576171
17222 363756
468017 699730
423846 709213
62569 493007
953913 962654
159694 792084
686043 865324
874450 978818
162751 690248
527352 740017
597878 624819
839542 982269
341849 886011
438983 806334
121872 269215
792546 795788
591972 603394
422364 446122
386843 735088
25619 229817
786277 943165
806178 997080
170364 253147
123189 143125
551592 688417
64246 140097
796427 902118
73237 168978
967026 999561
945826 964013
932796 962009
369171 886990
478146 584682
141064 318521
988286 992797
347250 839068
940789 960500
932610 984328
586253 586677
686332 882761
848161 954028
612662 825193
436160 967755
33699 269067
894317 911422
318473 557560
681042 694146
803307 990847
998892 999146
821402 921685
607850 767384
684374 896446
291113 309545
806565 813638
20214 845109
717415 949875
663229 714727
274118 450644
116113 995225
74984 121170
240385 489654
405221 623564
698872 928536
912218 952729
853062 985639
710633 808583
901105 903712
453944 795109
80521 895639
359349 687498
499355 825117
674902 689713
189071 788528
782501 824850
228292 551444
480367 709325
364578 646975
553104 554922
906209 922433
24025 336368
649678 749182
51601 250586
391110 507456
984092 994777
112929 897380
594807 676645
705272 889675
641739 946469
311720 995844
113145 750239
396735 958663
499072 500064
457707 571688
885628 930318
86660 380280
121316 533242
989664 991890
725910 848210
355348 982966
599680 755271
699964 972209
397476 516709
761316 982501
504452 652428
581210 746971
607585 670803
996333 997872
45550 177580
617312 619228
633510 696444
514481 553193
809271 883918
153079 635619
505373 533322
914678 958968
725060 970761
266773 410455
127678 366825
538629 666064
968731 991038
351017 466665
612885 947249
500217 842773
51977 195120
799266 972786
949064 950088
788038 984428
26725 276401
826000 858414
746624 772480
684846 824152
593144 815620
66768 337039
52723 330184
4415 360535
786031 909196
400145 742646
547929 856810
604596 637091
715639 750166
848168 891887
549291 848812
186069 963172
519870 636898
913197 980678
43216 219964
986819 990458
591167 681480
140155 735664
976937 994068
65522 220899
253790 487096
967778 999326
995285 997923
373886 482647
348174 645544
711857 820071
535845 687932
412804 990963
400655 994903
177226 410140
474681 615423
542419 591372
107939 783963
391717 840696
132363 381385
55180 978583
179136 564341
915065 949943
718048 912149
774802 962791
440189 676689
519819 819452
436822 902406
