100 1000000 10000 1000
84 1 34
84 36 135
84 137 232
84 234 253
84 255 348
84 350 419
84 421 498
84 500 567
84 569 656
84 658 753
84 755 780
84 782 789
84 791 812
84 814 855
84 857 950
84 952 1037
84 1039 1118
84 1120 1207
84 1209 1276
84 1278 1291
84 1293 1352
84 1354 1369
84 1371 1394
84 1396 1461
84 1463 1506
84 1508 1519
84 1521 1596
84 1598 1619
84 1621 1642
84 1644 1679
84 1681 1712
84 1714 1727
84 1729 1818
84 1820 1865
84 1867 1928
84 1930 2027
84 2029 2100
84 2102 2153
84 2155 2168
84 2170 2189
84 2191 2284
84 2286 2293
84 2295 2306
84 2308 2397
84 2399 2426
84 2428 2473
84 2475 2516
84 2518 2581
84 2583 2598
84 2600 2629
84 2631 2714
84 2716 2719
84 2721 2726
84 2728 2745
84 2747 2762
84 2764 2765
84 2767 2804
84 2806 2819
84 2821 2912
84 2914 2971
84 2973 2974
84 2976 3023
84 3025 3092
84 3094 3183
84 3185 3242
84 3244 3341
84 3343 3428
84 3430 3499
84 3501 3534
84 3536 3581
84 3583 3658
84 3660 3693
84 3695 3776
84 3778 3829
84 3831 3854
84 3856 3897
84 3899 3984
84 3986 4013
84 4015 4046
84 4048 4111
84 4113 4202
84 4204 4271
84 4273 4282
84 4284 4295
84 4297 4322
84 4324 4421
84 4423 4476
84 4478 4499
84 4501 4520
84 4522 4579
84 4581 4602
84 4604 4661
84 4663 4728
84 4730 4737
84 4739 4792
84 4794 4845
84 4847 4884
84 4886 4949
84 4951 5050
11 1 86
11 88 117
11 119 204
11 206 213
11 215 244
11 246 333
11 335 402
11 404 409
11 411 486
11 488 583
11 585 660
11 662 743
11 745 770
11 772 789
11 791 860
11 862 929
11 931 934
11 936 967
11 969 1054
11 1056 1153
11 1155 1156
11 1158 1223
11 1225 1286
11 1288 1375
11 1377 1454
11 1456 1517
11 1519 1540
11 1542 1619
11 1621 1670
11 1672 1719
11 1721 1798
11 1800 1805
11 1807 1868
11 1870 1933
11 1935 1986
11 1988 2051
11 2053 2116
11 2118 2133
11 2135 2178
11 2180 2231
11 2233 2306
11 2308 2399
11 2401 2490
11 2492 2557
11 2559 2580
11 2582 2599
11 2601 2666
11 2668 2725
11 2727 2788
11 2790 2821
11 2823 2880
11 2882 2943
11 2945 2964
11 2966 2977
11 2979 3028
11 3030 3099
11 3101 3154
11 3156 3163
11 3165 3232
11 3234 3331
11 3333 3418
11 3420 3481
11 3483 3564
11 3566 3637
11 3639 3664
11 3666 3693
11 3695 3754
11 3756 3833
11 3835 3852
11 3854 3891
11 3893 3972
11 3974 4013
11 4015 4078
11 4080 4101
11 4103 4174
11 4176 4187
11 4189 4288
11 4290 4303
11 4305 4314
11 4316 4323
11 4325 4384
11 4386 4463
11 4465 4544
11 4546 4633
11 4635 4694
11 4696 4747
11 4749 4822
11 4824 4879
11 4881 4960
11 4962 4975
11 4977 5048
11 5050 5081
11 5083 5158
11 5160 5251
11 5253 5342
11 5344 5401
11 5403 5436
11 5438 5499
11 5501 5556
11 5558 5571
11 5573 5650
52 1 92
52 94 99
52 101 194
52 196 203
52 205 226
52 228 251
52 253 336
52 338 431
52 433 448
52 450 537
52 539 594
52 596 669
52 671 682
52 684 747
52 749 794
52 796 853
52 855 912
52 914 915
52 917 924
52 926 1003
52 1005 1100
52 1102 1149
52 1151 1168
52 1170 1179
52 1181 1218
52 1220 1311
52 1313 1320
52 1322 1403
52 1405 1426
52 1428 1469
52 1471 1566
52 1568 1601
52 1603 1624
52 1626 1677
52 1679 1682
52 1684 1777
52 1779 1856
52 1858 1889
52 1891 1932
52 1934 1983
52 1985 1990
52 1992 1997
52 1999 2030
52 2032 2045
52 2047 2086
52 2088 2119
52 2121 2218
52 2220 2237
52 2239 2320
52 2322 2369
52 2371 2442
52 2444 2487
52 2489 2502
52 2504 2517
52 2519 2614
52 2616 2681
52 2683 2724
52 2726 2815
52 2817 2852
52 2854 2873
52 2875 2894
52 2896 2941
52 2943 3028
52 3030 3049
52 3051 3054
52 3056 3133
52 3135 3170
52 3172 3265
52 3267 3276
52 3278 3335
52 3337 3422
52 3424 3503
52 3505 3588
52 3590 3601
52 3603 3670
52 3672 3765
52 3767 3858
52 3860 3877
52 3879 3966
52 3968 3985
52 3987 4074
52 4076 4103
52 4105 4128
52 4130 4139
52 4141 4176
52 4178 4185
52 4187 4278
52 4280 4331
56 1 70
56 72 73
56 75 134
56 136 177
56 179 190
56 192 241
56 243 246
56 248 297
56 299 348
56 350 435
56 437 530
56 532 537
56 539 592
56 594 625
56 627 642
56 644 707
56 709 770
56 772 865
56 867 868
56 870 909
56 911 990
56 992 1091
56 1093 1136
56 1138 1209
56 1211 1252
56 1254 1303
56 1305 1362
56 1364 1391
56 1393 1486
56 1488 1543
56 1545 1602
56 1604 1671
56 1673 1684
56 1686 1709
56 1711 1732
56 1734 1765
56 1767 1844
56 1846 1923
56 1925 1970
56 1972 1995
56 1997 2058
56 2060 2129
56 2131 2142
56 2144 2219
56 2221 2246
56 2248 2343
56 2345 2366
56 2368 2447
56 2449 2514
56 2516 2533
56 2535 2612
56 2614 2637
56 2639 2722
56 2724 2809
56 2811 2858
56 2860 2925
56 2927 2942
56 2944 2999
56 3001 3054
56 3056 3153
56 3155 3230
56 3232 3295
56 3297 3318
56 3320 3389
56 3391 3404
56 3406 3463
56 3465 3512
56 3514 3577
56 3579 3610
56 3612 3693
56 3695 3746
56 3748 3773
56 3775 3786
56 3788 3821
56 3823 3854
56 3856 3955
56 3957 3966
56 3968 3995
56 3997 4024
56 4026 4029
56 4031 4052
56 4054 4059
56 4061 4134
56 4136 4235
56 4237 4308
56 4310 4325
56 4327 4364
56 4366 4419
56 4421 4464
56 4466 4493
56 4495 4556
56 4558 4603
56 4605 4642
56 4644 4739
56 4741 4758
56 4760 4777
56 4779 4872
56 4874 4879
56 4881 4976
56 4978 4989
56 4991 5014
56 5016 5049
96 1 72
96 74 155
96 157 174
96 176 201
96 203 298
96 300 351
96 353 382
96 384 461
96 463 556
96 558 611
96 613 618
96 620 645
96 647 712
96 714 763
96 765 794
96 796 819
96 821 918
96 920 975
96 977 1002
96 1004 1071
96 1073 1076
96 1078 1131
96 1133 1176
96 1178 1259
96 1261 1334
96 1336 1415
96 1417 1426
96 1428 1477
96 1479 1494
96 1496 1553
96 1555 1592
96 1594 1645
96 1647 1706
96 1708 1769
96 1771 1780
96 1782 1811
96 1813 1900
96 1902 1977
96 1979 2078
96 2080 2107
96 2109 2192
96 2194 2219
96 2221 2242
96 2244 2317
96 2319 2376
96 2378 2447
96 2449 2522
96 2524 2621
96 2623 2630
96 2632 2695
96 2697 2698
96 2700 2759
96 2761 2774
96 2776 2853
96 2855 2952
96 2954 3039
96 3041 3078
96 3080 3155
96 3157 3216
96 3218 3303
96 3305 3366
96 3368 3389
96 3391 3416
96 3418 3425
96 3427 3524
96 3526 3529
96 3531 3622
96 3624 3659
96 3661 3664
96 3666 3675
96 3677 3690
96 3692 3727
96 3729 3804
96 3806 3815
96 3817 3906
96 3908 3997
96 3999 4050
96 4052 4145
96 4147 4200
96 4202 4257
96 4259 4324
96 4326 4415
96 4417 4470
96 4472 4559
96 4561 4602
96 4604 4637
96 4639 4714
96 4716 4721
96 4723 4768
96 4770 4847
96 4849 4920
96 4922 4999
96 5001 5084
96 5086 5121
96 5123 5168
96 5170 5257
96 5259 5262
96 5264 5309
96 5311 5320
96 5322 5363
96 5365 5390
96 5392 5479
96 5481 5526
96 5528 5601
96 5603 5626
96 5628 5659
96 5661 5712
96 5714 5789
81 1 68
81 70 143
81 145 150
81 152 229
81 231 300
81 302 327
81 329 408
81 410 455
81 457 488
81 490 495
81 497 566
81 568 603
81 605 670
81 672 711
81 713 724
81 726 731
81 733 770
81 772 831
81 833 842
81 844 873
81 875 888
81 890 925
81 927 932
81 934 1013
81 1015 1072
81 1074 1089
81 1091 1108
81 1110 1131
81 1133 1168
81 1170 1231
81 1233 1258
81 1260 1299
81 1301 1366
81 1368 1381
81 1383 1426
81 1428 1429
81 1431 1516
81 1518 1535
81 1537 1538
81 1540 1565
81 1567 1618
81 1620 1665
81 1667 1708
81 1710 1761
81 1763 1852
81 1854 1919
81 1921 1932
81 1934 2025
81 2027 2044
81 2046 2085
81 2087 2152
81 2154 2233
81 2235 2314
81 2316 2359
81 2361 2402
81 2404 2437
81 2439 2486
81 2488 2569
81 2571 2642
81 2644 2717
81 2719 2766
81 2768 2837
81 2839 2856
81 2858 2891
81 2893 2898
81 2900 2987
81 2989 3054
81 3056 3113
81 3115 3162
81 3164 3179
81 3181 3212
81 3214 3253
81 3255 3318
81 3320 3411
81 3413 3488
81 3490 3537
81 3539 3612
81 3614 3687
81 3689 3762
81 3764 3839
81 3841 3894
78 1 82
78 84 103
78 105 188
78 190 275
78 277 344
78 346 425
78 427 470
78 472 485
78 487 560
78 562 595
78 597 690
78 692 755
78 757 816
78 818 827
78 829 914
78 916 923
78 925 984
78 986 1001
78 1003 1070
78 1072 1155
78 1157 1218
78 1220 1301
78 1303 1400
78 1402 1429
78 1431 1438
78 1440 1465
78 1467 1538
78 1540 1619
78 1621 1648
78 1650 1719
78 1721 1816
78 1818 1909
78 1911 1940
78 1942 1969
78 1971 2060
78 2062 2145
78 2147 2180
78 2182 2247
78 2249 2302
78 2304 2399
78 2401 2424
78 2426 2455
78 2457 2512
78 2514 2545
78 2547 2630
78 2632 2715
78 2717 2814
78 2816 2819
78 2821 2834
78 2836 2935
78 2937 2946
78 2948 3025
78 3027 3096
78 3098 3153
78 3155 3192
78 3194 3281
78 3283 3366
78 3368 3435
78 3437 3512
78 3514 3587
78 3589 3652
78 3654 3739
78 3741 3752
78 3754 3781
78 3783 3872
78 3874 3969
78 3971 3986
78 3988 4081
78 4083 4136
78 4138 4169
78 4171 4230
78 4232 4279
78 4281 4292
78 4294 4357
78 4359 4426
78 4428 4433
78 4435 4488
78 4490 4521
78 4523 4576
78 4578 4605
78 4607 4662
78 4664 4749
78 4751 4820
78 4822 4885
78 4887 4934
78 4936 4985
78 4987 5030
78 5032 5109
78 5111 5208
78 5210 5253
78 5255 5336
78 5338 5405
78 5407 5408
78 5410 5425
78 5427 5510
78 5512 5605
78 5607 5666
78 5668 5741
78 5743 5832
78 5834 5841
78 5843 5870
78 5872 5883
79 1 76
79 78 113
79 115 168
79 170 195
79 197 242
79 244 315
79 317 338
79 340 353
79 355 360
79 362 377
79 379 442
79 444 467
79 469 550
79 552 565
79 567 646
79 648 713
79 715 800
79 802 841
79 843 924
79 926 967
79 969 1012
79 1014 1015
79 1017 1052
79 1054 1135
79 1137 1232
79 1234 1281
79 1283 1336
79 1338 1353
79 1355 1448
79 1450 1481
79 1483 1528
79 1530 1535
79 1537 1618
79 1620 1711
79 1713 1738
79 1740 1769
79 1771 1848
79 1850 1945
79 1947 1956
79 1958 2007
79 2009 2072
79 2074 2173
79 2175 2262
79 2264 2287
79 2289 2380
79 2382 2439
79 2441 2494
79 2496 2501
79 2503 2582
79 2584 2625
79 2627 2712
79 2714 2771
79 2773 2814
79 2816 2885
79 2887 2976
79 2978 3041
79 3043 3110
79 3112 3209
79 3211 3212
79 3214 3243
79 3245 3250
79 3252 3289
79 3291 3292
79 3294 3357
79 3359 3454
79 3456 3519
79 3521 3560
79 3562 3657
79 3659 3678
79 3680 3745
79 3747 3840
79 3842 3855
79 3857 3896
79 3898 3939
79 3941 4016
79 4018 4047
79 4049 4098
79 4100 4143
79 4145 4166
79 4168 4193
79 4195 4260
79 4262 4343
79 4345 4374
79 4376 4473
79 4475 4500
79 4502 4505
79 4507 4604
79 4606 4649
79 4651 4682
79 4684 4745
79 4747 4810
79 4812 4821
79 4823 4886
79 4888 4941
79 4943 4992
79 4994 5047
79 5049 5078
100 1 62
100 64 161
100 163 198
100 200 237
100 239 280
100 282 355
100 357 440
100 442 449
100 451 526
100 528 537
100 539 580
100 582 641
100 643 712
100 714 789
100 791 878
100 880 927
100 929 1008
100 1010 1041
100 1043 1106
100 1108 1123
100 1125 1130
100 1132 1155
100 1157 1222
100 1224 1267
100 1269 1316
100 1318 1393
100 1395 1428
100 1430 1467
100 1469 1534
100 1536 1593
100 1595 1644
100 1646 1707
100 1709 1730
100 1732 1795
100 1797 1800
100 1802 1815
100 1817 1912
100 1914 2005
100 2007 2018
100 2020 2051
100 2053 2100
100 2102 2153
100 2155 2230
100 2232 2247
100 2249 2282
100 2284 2333
100 2335 2410
100 2412 2465
100 2467 2542
100 2544 2603
100 2605 2622
100 2624 2695
100 2697 2702
100 2704 2795
100 2797 2848
100 2850 2923
100 2925 2928
100 2930 3009
100 3011 3058
100 3060 3117
100 3119 3176
100 3178 3201
100 3203 3240
100 3242 3333
100 3335 3412
100 3414 3473
100 3475 3568
100 3570 3643
100 3645 3692
100 3694 3753
100 3755 3766
100 3768 3833
100 3835 3840
100 3842 3851
100 3853 3946
100 3948 3997
100 3999 4026
100 4028 4105
100 4107 4122
100 4124 4157
100 4159 4226
100 4228 4283
100 4285 4326
100 4328 4397
100 4399 4446
100 4448 4451
100 4453 4464
100 4466 4533
100 4535 4568
100 4570 4631
100 4633 4658
100 4660 4733
100 4735 4776
100 4778 4843
41 1 40
41 42 67
41 69 166
41 168 257
41 259 332
41 334 389
41 391 442
41 444 525
41 527 596
41 598 635
41 637 714
41 716 795
41 797 838
41 840 929
41 931 958
41 960 1019
41 1021 1086
41 1088 1097
41 1099 1148
41 1150 1159
41 1161 1172
41 1174 1227
41 1229 1292
41 1294 1373
41 1375 1418
41 1420 1465
41 1467 1546
41 1548 1551
41 1553 1598
41 1600 1643
41 1645 1650
41 1652 1685
41 1687 1692
41 1694 1771
41 1773 1866
41 1868 1913
41 1915 1988
41 1990 2081
41 2083 2168
41 2170 2237
41 2239 2288
41 2290 2341
41 2343 2440
41 2442 2447
41 2449 2462
41 2464 2535
41 2537 2580
41 2582 2649
41 2651 2746
41 2748 2769
41 2771 2782
41 2784 2835
41 2837 2898
41 2900 2915
41 2917 2940
41 2942 3023
41 3025 3112
41 3114 3211
41 3213 3232
41 3234 3263
41 3265 3298
41 3300 3347
41 3349 3350
41 3352 3397
41 3399 3456
41 3458 3547
41 3549 3622
41 3624 3699
41 3701 3782
41 3784 3863
41 3865 3920
41 3922 3985
41 3987 4028
41 4030 4063
41 4065 4090
41 4092 4165
41 4167 4178
41 4180 4259
41 4261 4340
41 4342 4359
41 4361 4410
41 4412 4469
41 4471 4552
41 4554 4631
41 4633 4716
41 4718 4729
41 4731 4818
41 4820 4835
41 4837 4898
3 1 50
3 52 125
3 127 202
3 204 299
3 301 362
3 364 393
3 395 456
3 458 541
3 543 598
3 600 625
3 627 682
3 684 719
3 721 730
3 732 761
3 763 820
3 822 847
3 849 916
3 918 1001
3 1003 1062
3 1064 1075
3 1077 1092
3 1094 1137
3 1139 1216
3 1218 1225
3 1227 1308
3 1310 1381
3 1383 1458
3 1460 1543
3 1545 1546
3 1548 1573
3 1575 1580
3 1582 1583
3 1585 1620
3 1622 1663
3 1665 1682
3 1684 1737
3 1739 1812
3 1814 1889
3 1891 1904
3 1906 1971
3 1973 2000
3 2002 2097
3 2099 2196
3 2198 2291
3 2293 2352
3 2354 2387
3 2389 2406
3 2408 2477
3 2479 2552
3 2554 2645
3 2647 2678
3 2680 2731
3 2733 2828
3 2830 2883
3 2885 2940
3 2942 3037
3 3039 3126
3 3128 3197
3 3199 3238
3 3240 3247
3 3249 3258
3 3260 3289
3 3291 3362
3 3364 3425
3 3427 3434
3 3436 3445
3 3447 3470
3 3472 3497
3 3499 3556
3 3558 3651
3 3653 3680
3 3682 3695
3 3697 3782
3 3784 3837
3 3839 3900
3 3902 3947
3 3949 4004
3 4006 4013
3 4015 4076
3 4078 4121
3 4123 4142
3 4144 4195
3 4197 4260
3 4262 4305
3 4307 4376
3 4378 4429
3 4431 4450
3 4452 4473
3 4475 4506
3 4508 4565
3 4567 4588
3 4590 4597
3 4599 4648
3 4650 4721
3 4723 4746
3 4748 4837
3 4839 4880
3 4882 4901
3 4903 4914
3 4916 5015
3 5017 5116
3 5118 5123
3 5125 5214
3 5216 5257
3 5259 5280
3 5282 5287
3 5289 5316
3 5318 5341
3 5343 5390
3 5392 5457
3 5459 5528
3 5530 5535
3 5537 5616
3 5618 5633
3 5635 5708
3 5710 5753
94 1 26
94 28 127
94 129 190
94 192 195
94 197 270
94 272 335
94 337 348
94 350 361
94 363 418
94 420 431
94 433 474
94 476 543
94 545 568
94 570 639
94 641 678
94 680 771
94 773 790
94 792 837
94 839 890
94 892 901
94 903 972
94 974 1029
94 1031 1050
94 1052 1053
94 1055 1084
94 1086 1165
94 1167 1190
94 1192 1253
94 1255 1352
94 1354 1441
94 1443 1518
94 1520 1559
94 1561 1612
94 1614 1625
94 1627 1668
94 1670 1747
94 1749 1752
94 1754 1819
94 1821 1918
94 1920 1939
94 1941 1968
94 1970 2059
94 2061 2144
94 2146 2171
94 2173 2234
94 2236 2301
94 2303 2382
94 2384 2395
94 2397 2464
94 2466 2511
94 2513 2608
94 2610 2669
94 2671 2694
94 2696 2729
94 2731 2742
94 2744 2795
94 2797 2852
94 2854 2889
94 2891 2926
94 2928 2945
94 2947 3032
94 3034 3043
94 3045 3128
94 3130 3225
94 3227 3234
94 3236 3277
94 3279 3376
94 3378 3419
94 3421 3518
94 3520 3583
94 3585 3612
94 3614 3683
94 3685 3722
94 3724 3759
94 3761 3858
94 3860 3921
94 3923 3962
94 3964 3971
94 3973 4032
94 4034 4099
94 4101 4140
94 4142 4175
94 4177 4212
94 4214 4243
94 4245 4282
94 4284 4285
94 4287 4296
94 4298 4345
94 4347 4394
94 4396 4475
94 4477 4556
94 4558 4611
94 4613 4682
94 4684 4739
94 4741 4750
94 4752 4809
94 4811 4862
94 4864 4885
94 4887 4946
94 4948 5045
94 5047 5050
94 5052 5145
94 5147 5178
94 5180 5217
94 5219 5290
94 5292 5295
23 1 92
23 94 159
23 161 194
23 196 203
23 205 206
23 208 217
23 219 288
23 290 345
23 347 444
23 446 521
23 523 552
23 554 565
23 567 608
23 610 657
23 659 722
23 724 815
23 817 862
23 864 939
23 941 988
23 990 1015
23 1017 1100
23 1102 1149
23 1151 1164
23 1166 1195
23 1197 1200
23 1202 1257
23 1259 1260
23 1262 1315
23 1317 1380
23 1382 1403
23 1405 1420
23 1422 1463
23 1465 1560
23 1562 1661
23 1663 1668
23 1670 1729
23 1731 1762
23 1764 1813
23 1815 1862
23 1864 1947
23 1949 2018
23 2020 2103
23 2105 2122
23 2124 2163
23 2165 2166
23 2168 2187
23 2189 2214
23 2216 2305
23 2307 2314
23 2316 2371
23 2373 2396
23 2398 2431
23 2433 2492
23 2494 2501
23 2503 2596
23 2598 2599
23 2601 2646
23 2648 2669
23 2671 2730
23 2732 2827
23 2829 2924
23 2926 2981
23 2983 3070
23 3072 3169
23 3171 3198
23 3200 3267
23 3269 3332
23 3334 3403
23 3405 3472
23 3474 3493
23 3495 3538
23 3540 3587
23 3589 3676
23 3678 3753
23 3755 3806
23 3808 3813
23 3815 3820
23 3822 3871
23 3873 3964
23 3966 3969
23 3971 4038
23 4040 4071
23 4073 4102
23 4104 4121
23 4123 4206
23 4208 4223
23 4225 4230
23 4232 4235
23 4237 4274
23 4276 4285
23 4287 4316
23 4318 4415
23 4417 4446
23 4448 4533
23 4535 4562
23 4564 4627
4 1 60
4 62 105
4 107 162
4 164 171
4 173 208
4 210 221
4 223 320
4 322 391
4 393 432
4 434 517
4 519 590
4 592 635
4 637 724
4 726 789
4 791 840
4 842 881
4 883 928
4 930 977
4 979 1064
4 1066 1119
4 1121 1220
4 1222 1313
4 1315 1348
4 1350 1373
4 1375 1454
4 1456 1487
4 1489 1490
4 1492 1503
4 1505 1602
4 1604 1697
4 1699 1776
4 1778 1871
4 1873 1892
4 1894 1991
4 1993 2052
4 2054 2055
4 2057 2076
4 2078 2159
4 2161 2236
4 2238 2319
4 2321 2420
4 2422 2447
4 2449 2450
4 2452 2503
4 2505 2572
4 2574 2661
4 2663 2740
4 2742 2783
4 2785 2876
4 2878 2915
4 2917 2970
4 2972 2977
4 2979 3032
4 3034 3061
4 3063 3064
4 3066 3091
4 3093 3110
4 3112 3145
4 3147 3188
4 3190 3205
4 3207 3276
4 3278 3337
4 3339 3372
4 3374 3389
4 3391 3412
4 3414 3443
4 3445 3472
4 3474 3501
4 3503 3542
4 3544 3627
4 3629 3688
4 3690 3703
4 3705 3802
4 3804 3887
4 3889 3986
4 3988 4063
4 4065 4152
4 4154 4175
4 4177 4238
4 4240 4313
4 4315 4372
4 4374 4441
4 4443 4532
4 4534 4565
4 4567 4656
4 4658 4751
4 4753 4826
4 4828 4831
4 4833 4916
4 4918 4953
4 4955 5004
4 5006 5061
4 5063 5070
4 5072 5165
4 5167 5248
4 5250 5279
4 5281 5302
4 5304 5363
4 5365 5462
4 5464 5507
4 5509 5598
4 5600 5693
4 5695 5704
4 5706 5785
4 5787 5882
4 5884 5955
4 5957 5996
4 5998 6009
4 6011 6104
4 6106 6155
4 6157 6240
4 6242 6319
47 1 62
47 64 131
47 133 204
47 206 207
47 209 306
47 308 351
47 353 408
47 410 471
47 473 566
47 568 653
47 655 726
47 728 765
47 767 854
47 856 925
47 927 950
47 952 965
47 967 1024
47 1026 1067
47 1069 1156
47 1158 1181
47 1183 1236
47 1238 1329
47 1331 1362
47 1364 1413
47 1415 1440
47 1442 1517
47 1519 1538
47 1540 1631
47 1633 1732
47 1734 1765
47 1767 1790
47 1792 1867
47 1869 1906
47 1908 1989
47 1991 2024
47 2026 2035
47 2037 2092
47 2094 2191
47 2193 2194
47 2196 2237
47 2239 2254
47 2256 2353
47 2355 2390
47 2392 2479
47 2481 2502
47 2504 2599
47 2601 2668
47 2670 2733
47 2735 2758
47 2760 2857
47 2859 2944
47 2946 2969
47 2971 3058
47 3060 3063
47 3065 3146
47 3148 3195
47 3197 3268
47 3270 3351
47 3353 3400
47 3402 3421
47 3423 3434
47 3436 3495
47 3497 3502
47 3504 3555
47 3557 3562
47 3564 3637
47 3639 3654
47 3656 3729
47 3731 3762
47 3764 3793
47 3795 3834
47 3836 3931
47 3933 3944
47 3946 3997
47 3999 4060
47 4062 4063
47 4065 4102
47 4104 4199
47 4201 4238
47 4240 4321
47 4323 4332
47 4334 4369
47 4371 4412
47 4414 4483
47 4485 4556
47 4558 4589
47 4591 4608
47 4610 4643
47 4645 4714
47 4716 4797
47 4799 4860
47 4862 4933
47 4935 4998
47 5000 5063
14 1 92
14 94 151
14 153 230
14 232 299
14 301 314
14 316 335
14 337 360
14 362 413
14 415 442
14 444 447
14 449 494
14 496 577
14 579 630
14 632 703
14 705 768
14 770 833
14 835 918
14 920 971
14 973 1020
14 1022 1101
14 1103 1186
14 1188 1235
14 1237 1334
14 1336 1357
14 1359 1422
14 1424 1471
14 1473 1494
14 1496 1505
14 1507 1574
14 1576 1619
14 1621 1672
14 1674 1769
14 1771 1844
14 1846 1891
14 1893 1902
14 1904 1985
14 1987 2052
14 2054 2097
14 2099 2168
14 2170 2219
14 2221 2306
14 2308 2375
14 2377 2416
14 2418 2507
14 2509 2524
14 2526 2613
14 2615 2644
14 2646 2681
14 2683 2698
14 2700 2761
14 2763 2826
14 2828 2881
14 2883 2898
14 2900 2903
14 2905 2908
14 2910 2935
14 2937 2962
14 2964 3049
14 3051 3090
14 3092 3187
14 3189 3206
14 3208 3247
14 3249 3326
14 3328 3367
14 3369 3450
14 3452 3503
14 3505 3550
14 3552 3587
14 3589 3680
14 3682 3691
14 3693 3776
14 3778 3789
14 3791 3872
14 3874 3877
14 3879 3882
14 3884 3931
14 3933 3940
14 3942 3983
14 3985 3994
14 3996 4001
14 4003 4096
14 4098 4121
14 4123 4152
14 4154 4193
14 4195 4232
14 4234 4275
14 4277 4338
14 4340 4395
14 4397 4414
14 4416 4423
14 4425 4460
14 4462 4475
14 4477 4536
14 4538 4625
14 4627 4722
14 4724 4741
14 4743 4762
14 4764 4801
14 4803 4814
14 4816 4875
14 4877 4958
14 4960 4987
14 4989 5058
14 5060 5103
14 5105 5118
14 5120 5145
14 5147 5158
14 5160 5207
14 5209 5300
14 5302 5307
14 5309 5324
14 5326 5411
14 5413 5484
14 5486 5487
38 1 30
38 32 45
38 47 116
38 118 175
38 177 248
38 250 277
38 279 294
38 296 377
38 379 406
38 408 411
38 413 460
38 462 533
38 535 608
38 610 655
38 657 678
38 680 695
38 697 746
38 748 799
38 801 842
38 844 853
38 855 878
38 880 941
38 943 944
38 946 1039
38 1041 1066
38 1068 1113
38 1115 1174
38 1176 1219
38 1221 1294
38 1296 1375
38 1377 1456
38 1458 1513
38 1515 1586
38 1588 1661
38 1663 1732
38 1734 1739
38 1741 1774
38 1776 1797
38 1799 1814
38 1816 1845
38 1847 1906
38 1908 1937
38 1939 1998
38 2000 2033
38 2035 2092
38 2094 2101
38 2103 2198
38 2200 2249
38 2251 2294
38 2296 2317
38 2319 2346
38 2348 2417
38 2419 2444
38 2446 2539
38 2541 2592
38 2594 2627
38 2629 2656
38 2658 2677
38 2679 2744
38 2746 2751
38 2753 2756
38 2758 2821
38 2823 2832
38 2834 2929
38 2931 3004
38 3006 3047
38 3049 3096
38 3098 3129
38 3131 3182
38 3184 3221
38 3223 3244
38 3246 3281
38 3283 3336
38 3338 3357
38 3359 3432
38 3434 3435
38 3437 3464
38 3466 3549
38 3551 3610
38 3612 3683
38 3685 3776
38 3778 3869
38 3871 3896
38 3898 3945
38 3947 3952
38 3954 4005
38 4007 4030
38 4032 4051
38 4053 4056
38 4058 4089
38 4091 4174
38 4176 4199
38 4201 4234
38 4236 4299
38 4301 4354
38 4356 4407
38 4409 4472
38 4474 4533
38 4535 4598
38 4600 4651
38 4653 4680
38 4682 4735
38 4737 4790
38 4792 4797
38 4799 4848
38 4850 4947
38 4949 4974
31 1 46
31 48 83
31 85 114
31 116 203
31 205 260
31 262 351
31 353 382
31 384 469
31 471 532
31 534 583
31 585 684
31 686 731
31 733 802
31 804 857
31 859 928
31 930 937
31 939 1000
31 1002 1057
31 1059 1104
31 1106 1183
31 1185 1232
31 1234 1287
31 1289 1320
31 1322 1335
31 1337 1404
31 1406 1491
31 1493 1572
31 1574 1579
31 1581 1654
31 1656 1669
31 1671 1720
31 1722 1779
31 1781 1862
31 1864 1907
31 1909 1976
31 1978 2043
31 2045 2126
31 2128 2217
31 2219 2236
31 2238 2321
31 2323 2346
31 2348 2351
31 2353 2356
31 2358 2455
31 2457 2524
31 2526 2589
31 2591 2608
31 2610 2667
31 2669 2696
31 2698 2701
31 2703 2770
31 2772 2841
31 2843 2936
31 2938 2997
31 2999 3028
31 3030 3093
31 3095 3170
31 3172 3247
31 3249 3276
31 3278 3311
31 3313 3352
31 3354 3411
31 3413 3502
31 3504 3531
31 3533 3590
31 3592 3605
31 3607 3698
31 3700 3747
31 3749 3766
31 3768 3843
31 3845 3920
31 3922 4015
31 4017 4064
31 4066 4107
31 4109 4130
31 4132 4137
31 4139 4220
31 4222 4267
31 4269 4358
31 4360 4431
31 4433 4446
31 4448 4493
31 4495 4578
31 4580 4633
31 4635 4714
31 4716 4753
31 4755 4842
31 4844 4891
31 4893 4972
31 4974 5001
31 5003 5014
31 5016 5063
31 5065 5108
31 5110 5183
31 5185 5224
31 5226 5323
31 5325 5376
31 5378 5421
49 1 24
49 26 69
49 71 122
49 124 173
49 175 192
49 194 289
49 291 322
49 324 355
49 357 412
49 414 447
49 449 464
49 466 511
49 513 516
49 518 553
49 555 576
49 578 619
49 621 678
49 680 775
49 777 846
49 848 921
49 923 962
49 964 1009
49 1011 1032
49 1034 1101
49 1103 1136
49 1138 1207
49 1209 1220
49 1222 1231
49 1233 1242
49 1244 1247
49 1249 1322
49 1324 1377
49 1379 1452
49 1454 1481
49 1483 1500
49 1502 1507
49 1509 1570
49 1572 1641
49 1643 1706
49 1708 1713
49 1715 1768
49 1770 1781
49 1783 1828
49 1830 1907
49 1909 1996
49 1998 1999
49 2001 2080
49 2082 2145
49 2147 2224
49 2226 2265
49 2267 2312
49 2314 2379
49 2381 2432
49 2434 2455
49 2457 2472
49 2474 2515
49 2517 2590
49 2592 2645
49 2647 2668
49 2670 2721
49 2723 2818
49 2820 2863
49 2865 2884
49 2886 2963
49 2965 2974
49 2976 3001
49 3003 3014
49 3016 3061
49 3063 3144
49 3146 3239
49 3241 3338
49 3340 3375
49 3377 3450
49 3452 3485
49 3487 3488
49 3490 3565
49 3567 3648
49 3650 3703
49 3705 3800
49 3802 3855
49 3857 3918
49 3920 3957
49 3959 3960
49 3962 4045
49 4047 4050
49 4052 4151
49 4153 4204
49 4206 4297
49 4299 4336
49 4338 4419
49 4421 4494
49 4496 4521
49 4523 4542
49 4544 4583
49 4585 4588
49 4590 4595
49 4597 4686
49 4688 4715
49 4717 4772
49 4774 4779
49 4781 4872
49 4874 4941
49 4943 4986
49 4988 5043
49 5045 5068
49 5070 5161
49 5163 5164
49 5166 5193
49 5195 5196
49 5198 5217
49 5219 5292
49 5294 5295
49 5297 5306
49 5308 5361
49 5363 5388
49 5390 5409
49 5411 5486
49 5488 5547
49 5549 5624
83 1 68
83 70 99
83 101 160
83 162 247
83 249 306
83 308 327
83 329 362
83 364 411
83 413 508
83 510 531
83 533 624
83 626 689
83 691 766
83 768 849
83 851 896
83 898 913
83 915 1008
83 1010 1087
83 1089 1172
83 1174 1255
83 1257 1316
83 1318 1383
83 1385 1406
83 1408 1427
83 1429 1468
83 1470 1501
83 1503 1568
83 1570 1585
83 1587 1684
83 1686 1693
83 1695 1792
83 1794 1859
83 1861 1956
83 1958 2021
83 2023 2096
83 2098 2183
83 2185 2200
83 2202 2293
83 2295 2372
83 2374 2457
83 2459 2492
83 2494 2539
83 2541 2612
83 2614 2651
83 2653 2728
83 2730 2807
83 2809 2892
83 2894 2905
83 2907 3006
83 3008 3099
83 3101 3110
83 3112 3195
83 3197 3236
83 3238 3325
83 3327 3394
83 3396 3437
83 3439 3476
83 3478 3571
83 3573 3600
83 3602 3661
83 3663 3726
83 3728 3739
83 3741 3764
83 3766 3777
83 3779 3830
83 3832 3893
83 3895 3942
83 3944 4037
83 4039 4082
83 4084 4135
83 4137 4186
83 4188 4195
83 4197 4218
83 4220 4223
83 4225 4302
83 4304 4343
83 4345 4404
83 4406 4411
83 4413 4444
83 4446 4529
83 4531 4596
83 4598 4647
83 4649 4676
83 4678 4745
83 4747 4778
83 4780 4797
83 4799 4834
83 4836 4923
83 4925 4998
83 5000 5091
83 5093 5108
83 5110 5195
83 5197 5206
83 5208 5263
83 5265 5282
83 5284 5285
83 5287 5304
83 5306 5393
83 5395 5434
83 5436 5481
83 5483 5550
83 5552 5645
83 5647 5652
83 5654 5731
83 5733 5816
83 5818 5913
83 5915 5976
83 5978 6027
83 6029 6110
83 6112 6167
83 6169 6188
83 6190 6231
13 1 56
13 58 143
13 145 220
13 222 231
13 233 288
13 290 381
13 383 464
13 466 531
13 533 572
13 574 579
13 581 664
13 666 765
13 767 836
13 838 903
13 905 916
13 918 929
13 931 984
13 986 1015
13 1017 1110
13 1112 1203
13 1205 1282
13 1284 1369
13 1371 1380
13 1382 1429
13 1431 1492
13 1494 1563
13 1565 1642
13 1644 1671
13 1673 1720
13 1722 1729
13 1731 1778
13 1780 1831
13 1833 1866
13 1868 1883
13 1885 1978
13 1980 2011
13 2013 2098
13 2100 2177
13 2179 2260
13 2262 2277
13 2279 2296
13 2298 2329
13 2331 2424
13 2426 2485
13 2487 2534
13 2536 2603
13 2605 2624
13 2626 2693
13 2695 2788
13 2790 2815
13 2817 2910
13 2912 2917
13 2919 2964
13 2966 2993
13 2995 3022
13 3024 3069
13 3071 3162
13 3164 3223
13 3225 3264
13 3266 3325
13 3327 3388
13 3390 3449
13 3451 3460
13 3462 3541
13 3543 3596
13 3598 3685
13 3687 3712
13 3714 3805
13 3807 3836
13 3838 3839
13 3841 3908
13 3910 3941
13 3943 3988
13 3990 4083
13 4085 4166
13 4168 4191
13 4193 4278
13 4280 4289
13 4291 4338
13 4340 4383
13 4385 4410
13 4412 4425
13 4427 4440
13 4442 4469
13 4471 4540
13 4542 4639
13 4641 4642
13 4644 4681
13 4683 4698
13 4700 4743
13 4745 4816
13 4818 4885
13 4887 4890
13 4892 4949
13 4951 4956
58 1 94
58 96 115
58 117 130
58 132 145
58 147 154
58 156 209
58 211 214
58 216 253
58 255 312
58 314 413
58 415 436
58 438 499
58 501 568
58 570 593
58 595 692
58 694 695
58 697 784
58 786 839
58 841 932
58 934 1001
58 1003 1014
58 1016 1077
58 1079 1094
58 1096 1189
58 1191 1252
58 1254 1325
58 1327 1366
58 1368 1461
58 1463 1534
58 1536 1595
58 1597 1650
58 1652 1749
58 1751 1778
58 1780 1805
58 1807 1884
58 1886 1909
58 1911 2002
58 2004 2025
58 2027 2102
58 2104 2135
58 2137 2168
58 2170 2227
58 2229 2306
58 2308 2325
58 2327 2340
58 2342 2381
58 2383 2432
58 2434 2515
58 2517 2614
58 2616 2653
58 2655 2752
58 2754 2809
58 2811 2816
58 2818 2835
58 2837 2896
58 2898 2915
58 2917 2980
58 2982 3055
58 3057 3138
58 3140 3201
58 3203 3268
58 3270 3361
58 3363 3456
58 3458 3551
58 3553 3628
58 3630 3683
58 3685 3688
58 3690 3707
58 3709 3728
58 3730 3735
58 3737 3772
58 3774 3797
58 3799 3836
58 3838 3903
58 3905 3940
58 3942 4011
58 4013 4060
58 4062 4105
58 4107 4186
58 4188 4211
58 4213 4250
58 4252 4347
58 4349 4364
58 4366 4401
58 4403 4416
58 4418 4423
58 4425 4512
58 4514 4607
58 4609 4626
58 4628 4667
58 4669 4694
58 4696 4775
58 4777 4860
58 4862 4895
58 4897 4952
58 4954 4979
58 4981 5034
58 5036 5133
58 5135 5164
58 5166 5197
58 5199 5210
58 5212 5253
58 5255 5270
58 5272 5351
2 1 46
2 48 55
2 57 96
2 98 101
2 103 144
2 146 213
2 215 302
2 304 395
2 397 436
2 438 531
2 533 582
2 584 661
2 663 720
2 722 773
2 775 854
2 856 935
2 937 1012
2 1014 1079
2 1081 1136
2 1138 1205
2 1207 1268
2 1270 1285
2 1287 1354
2 1356 1421
2 1423 1436
2 1438 1463
2 1465 1482
2 1484 1545
2 1547 1604
2 1606 1615
2 1617 1630
2 1632 1647
2 1649 1718
2 1720 1745
2 1747 1804
2 1806 1853
2 1855 1870
2 1872 1879
2 1881 1948
2 1950 1955
2 1957 1994
2 1996 2079
2 2081 2082
2 2084 2097
2 2099 2166
2 2168 2171
2 2173 2250
2 2252 2277
2 2279 2306
2 2308 2343
2 2345 2374
2 2376 2435
2 2437 2438
2 2440 2451
2 2453 2540
2 2542 2635
2 2637 2682
2 2684 2749
2 2751 2832
2 2834 2861
2 2863 2958
2 2960 2981
2 2983 3032
2 3034 3059
2 3061 3064
2 3066 3149
2 3151 3184
2 3186 3217
2 3219 3268
2 3270 3295
2 3297 3348
2 3350 3409
2 3411 3476
2 3478 3567
2 3569 3592
2 3594 3631
2 3633 3704
2 3706 3773
2 3775 3844
2 3846 3889
2 3891 3930
2 3932 3987
2 3989 4056
2 4058 4149
2 4151 4218
2 4220 4247
2 4249 4292
2 4294 4367
2 4369 4390
2 4392 4467
2 4469 4532
2 4534 4539
2 4541 4612
2 4614 4635
2 4637 4646
2 4648 4669
2 4671 4694
2 4696 4793
2 4795 4856
16 1 74
16 76 91
16 93 130
16 132 197
16 199 272
16 274 345
16 347 416
16 418 499
16 501 566
16 568 617
16 619 636
16 638 725
16 727 748
16 750 799
16 801 820
16 822 871
16 873 922
16 924 981
16 983 1018
16 1020 1081
16 1083 1148
16 1150 1221
16 1223 1320
16 1322 1387
16 1389 1486
16 1488 1531
16 1533 1630
16 1632 1727
16 1729 1806
16 1808 1837
16 1839 1860
16 1862 1885
16 1887 1888
16 1890 1933
16 1935 2008
16 2010 2043
16 2045 2130
16 2132 2165
16 2167 2228
16 2230 2247
16 2249 2264
16 2266 2275
16 2277 2350
16 2352 2369
16 2371 2438
16 2440 2467
16 2469 2538
16 2540 2583
16 2585 2680
16 2682 2773
16 2775 2800
16 2802 2827
16 2829 2910
16 2912 2959
16 2961 2988
16 2990 3079
16 3081 3174
16 3176 3209
16 3211 3310
16 3312 3387
16 3389 3486
16 3488 3567
16 3569 3590
16 3592 3609
16 3611 3696
16 3698 3791
16 3793 3870
16 3872 3945
16 3947 4024
16 4026 4121
16 4123 4132
16 4134 4139
16 4141 4222
16 4224 4287
16 4289 4370
16 4372 4447
16 4449 4498
16 4500 4557
16 4559 4562
16 4564 4647
16 4649 4710
16 4712 4799
16 4801 4840
16 4842 4875
16 4877 4880
16 4882 4919
16 4921 4936
16 4938 4941
16 4943 5018
16 5020 5049
16 5051 5068
16 5070 5087
16 5089 5118
16 5120 5213
16 5215 5280
16 5282 5285
16 5287 5370
16 5372 5427
16 5429 5468
16 5470 5473
16 5475 5570
16 5572 5615
16 5617 5692
16 5694 5747
16 5749 5762
16 5764 5781
97 1 14
97 16 93
97 95 192
97 194 285
97 287 300
97 302 377
97 379 468
97 470 525
97 527 548
97 550 553
97 555 632
97 634 673
97 675 724
97 726 763
97 765 834
97 836 933
97 935 1016
97 1018 1035
97 1037 1100
97 1102 1139
97 1141 1150
97 1152 1217
97 1219 1266
97 1268 1365
97 1367 1374
97 1376 1429
97 1431 1504
97 1506 1549
97 1551 1562
97 1564 1577
97 1579 1670
97 1672 1717
97 1719 1814
97 1816 1845
97 1847 1856
97 1858 1895
97 1897 1994
97 1996 2077
97 2079 2116
97 2118 2207
97 2209 2210
97 2212 2213
97 2215 2256
97 2258 2327
97 2329 2342
97 2344 2395
97 2397 2424
97 2426 2503
97 2505 2550
97 2552 2637
97 2639 2708
97 2710 2765
97 2767 2794
97 2796 2803
97 2805 2834
97 2836 2863
97 2865 2886
97 2888 2967
97 2969 3046
97 3048 3121
97 3123 3184
97 3186 3233
97 3235 3276
97 3278 3329
97 3331 3364
97 3366 3377
97 3379 3454
97 3456 3547
97 3549 3626
97 3628 3651
97 3653 3698
97 3700 3783
97 3785 3824
97 3826 3889
97 3891 3948
97 3950 3965
97 3967 4012
97 4014 4079
19 1 34
19 36 115
19 117 206
19 208 283
19 285 332
19 334 415
19 417 422
19 424 437
19 439 446
19 448 511
19 513 566
19 568 639
19 641 678
19 680 693
19 695 766
19 768 837
19 839 900
19 902 939
19 941 1030
19 1032 1117
19 1119 1194
19 1196 1201
19 1203 1246
19 1248 1273
19 1275 1362
19 1364 1365
19 1367 1392
19 1394 1401
19 1403 1454
19 1456 1535
19 1537 1582
19 1584 1665
19 1667 1720
19 1722 1779
19 1781 1828
19 1830 1911
19 1913 1914
19 1916 2009
19 2011 2096
19 2098 2107
19 2109 2186
19 2188 2245
19 2247 2306
19 2308 2323
19 2325 2400
19 2402 2439
19 2441 2528
19 2530 2531
19 2533 2576
19 2578 2619
19 2621 2708
19 2710 2731
19 2733 2808
19 2810 2813
19 2815 2830
19 2832 2887
19 2889 2962
19 2964 2985
19 2987 3040
19 3042 3077
19 3079 3176
19 3178 3181
19 3183 3244
19 3246 3337
19 3339 3344
19 3346 3439
19 3441 3456
19 3458 3545
19 3547 3618
19 3620 3715
19 3717 3762
19 3764 3839
19 3841 3900
19 3902 3983
19 3985 3992
19 3994 3997
19 3999 4084
19 4086 4133
19 4135 4148
19 4150 4165
19 4167 4214
19 4216 4227
19 4229 4258
19 4260 4297
19 4299 4364
19 4366 4391
19 4393 4398
19 4400 4487
19 4489 4580
19 4582 4605
19 4607 4632
19 4634 4707
19 4709 4788
19 4790 4841
19 4843 4912
19 4914 5007
19 5009 5012
19 5014 5029
19 5031 5088
19 5090 5159
19 5161 5232
19 5234 5327
19 5329 5370
19 5372 5439
19 5441 5534
71 1 98
71 100 175
71 177 268
71 270 319
71 321 400
71 402 447
71 449 486
71 488 495
71 497 528
71 530 607
71 609 628
71 630 719
71 721 802
71 804 807
71 809 854
71 856 915
71 917 950
71 952 1015
71 1017 1094
71 1096 1131
71 1133 1198
71 1200 1219
71 1221 1246
71 1248 1301
71 1303 1358
71 1360 1427
71 1429 1510
71 1512 1531
71 1533 1560
71 1562 1569
71 1571 1656
71 1658 1725
71 1727 1814
71 1816 1893
71 1895 1904
71 1906 1989
71 1991 2050
71 2052 2125
71 2127 2186
71 2188 2203
71 2205 2228
71 2230 2253
71 2255 2342
71 2344 2353
71 2355 2452
71 2454 2537
71 2539 2554
71 2556 2577
71 2579 2606
71 2608 2651
71 2653 2720
71 2722 2773
71 2775 2870
71 2872 2931
71 2933 2954
71 2956 2985
71 2987 3076
71 3078 3101
71 3103 3162
71 3164 3215
71 3217 3314
71 3316 3327
71 3329 3378
71 3380 3407
71 3409 3478
71 3480 3565
71 3567 3608
71 3610 3631
71 3633 3662
71 3664 3675
71 3677 3700
71 3702 3721
71 3723 3748
71 3750 3781
71 3783 3802
71 3804 3859
71 3861 3950
71 3952 3977
71 3979 4072
71 4074 4171
71 4173 4266
71 4268 4277
71 4279 4352
71 4354 4449
71 4451 4484
71 4486 4489
71 4491 4566
71 4568 4629
71 4631 4690
71 4692 4781
71 4783 4878
71 4880 4885
71 4887 4942
71 4944 5013
71 5015 5030
71 5032 5105
71 5107 5110
71 5112 5197
71 5199 5220
71 5222 5267
71 5269 5352
71 5354 5381
71 5383 5482
71 5484 5547
71 5549 5566
71 5568 5611
71 5613 5672
15 1 60
15 62 65
15 67 72
15 74 159
15 161 182
15 184 279
15 281 328
15 330 393
15 395 458
15 460 479
15 481 512
15 514 537
15 539 620
15 622 675
15 677 760
15 762 767
15 769 814
15 816 889
15 891 920
15 922 963
15 965 972
15 974 995
15 997 1030
15 1032 1085
15 1087 1088
15 1090 1161
15 1163 1200
15 1202 1219
15 1221 1288
15 1290 1307
15 1309 1358
15 1360 1413
15 1415 1422
15 1424 1459
15 1461 1506
15 1508 1589
15 1591 1686
15 1688 1695
15 1697 1764
15 1766 1813
15 1815 1844
15 1846 1915
15 1917 1936
15 1938 1975
15 1977 2048
15 2050 2051
15 2053 2092
15 2094 2135
15 2137 2138
15 2140 2237
15 2239 2270
15 2272 2291
15 2293 2300
15 2302 2377
15 2379 2428
15 2430 2491
15 2493 2560
15 2562 2629
15 2631 2676
15 2678 2741
15 2743 2774
15 2776 2855
15 2857 2900
15 2902 2935
15 2937 2978
15 2980 3065
15 3067 3106
15 3108 3193
15 3195 3262
15 3264 3331
15 3333 3382
15 3384 3435
15 3437 3462
15 3464 3537
15 3539 3564
15 3566 3633
15 3635 3636
15 3638 3733
15 3735 3764
15 3766 3783
15 3785 3816
15 3818 3915
15 3917 3964
15 3966 4039
15 4041 4078
15 4080 4133
15 4135 4224
15 4226 4297
15 4299 4314
15 4316 4345
15 4347 4442
15 4444 4485
15 4487 4534
15 4536 4561
15 4563 4618
15 4620 4671
15 4673 4720
15 4722 4819
15 4821 4838
15 4840 4841
15 4843 4874
15 4876 4905
15 4907 4974
15 4976 4993
15 4995 5074
15 5076 5151
15 5153 5216
15 5218 5309
15 5311 5388
15 5390 5407
15 5409 5502
15 5504 5533
72 1 62
72 64 85
72 87 140
72 142 175
72 177 188
72 190 191
72 193 276
72 278 365
72 367 436
72 438 461
72 463 544
72 546 597
72 599 684
72 686 751
72 753 774
72 776 825
72 827 894
72 896 947
72 949 1038
72 1040 1047
72 1049 1112
72 1114 1143
72 1145 1148
72 1150 1151
72 1153 1230
72 1232 1309
72 1311 1364
72 1366 1369
72 1371 1402
72 1404 1433
72 1435 1442
72 1444 1481
72 1483 1564
72 1566 1581
72 1583 1658
72 1660 1755
72 1757 1830
72 1832 1929
72 1931 2002
72 2004 2029
72 2031 2032
72 2034 2057
72 2059 2062
72 2064 2123
72 2125 2204
72 2206 2231
72 2233 2262
72 2264 2345
72 2347 2386
72 2388 2437
72 2439 2440
72 2442 2521
72 2523 2590
72 2592 2593
72 2595 2672
72 2674 2721
72 2723 2794
72 2796 2805
72 2807 2892
72 2894 2933
72 2935 3008
72 3010 3041
72 3043 3082
72 3084 3141
72 3143 3218
72 3220 3283
72 3285 3348
72 3350 3397
72 3399 3402
72 3404 3425
72 3427 3496
72 3498 3509
72 3511 3562
72 3564 3579
72 3581 3586
72 3588 3631
72 3633 3702
72 3704 3713
72 3715 3734
72 3736 3821
72 3823 3880
72 3882 3965
72 3967 3970
72 3972 3997
72 3999 4046
72 4048 4109
72 4111 4140
72 4142 4219
72 4221 4282
72 4284 4331
72 4333 4354
72 4356 4381
72 4383 4470
72 4472 4537
72 4539 4580
72 4582 4589
72 4591 4600
72 4602 4631
72 4633 4652
25 1 4
25 6 75
25 77 166
25 168 223
25 225 272
25 274 313
25 315 350
25 352 375
25 377 428
25 430 455
25 457 472
25 474 525
25 527 580
25 582 615
25 617 636
25 638 685
25 687 690
25 692 785
25 787 804
25 806 827
25 829 874
25 876 961
25 963 972
25 974 1063
25 1065 1162
25 1164 1165
25 1167 1224
25 1226 1301
25 1303 1308
25 1310 1393
25 1395 1470
25 1472 1543
25 1545 1622
25 1624 1699
25 1701 1726
25 1728 1759
25 1761 1808
25 1810 1865
25 1867 1962
25 1964 2061
25 2063 2076
25 2078 2165
25 2167 2216
25 2218 2315
25 2317 2328
25 2330 2419
25 2421 2476
25 2478 2501
25 2503 2522
25 2524 2585
25 2587 2630
25 2632 2683
25 2685 2696
25 2698 2771
25 2773 2814
25 2816 2849
25 2851 2900
25 2902 2915
25 2917 2994
25 2996 3013
25 3015 3052
25 3054 3081
25 3083 3158
25 3160 3183
25 3185 3210
25 3212 3263
25 3265 3272
25 3274 3311
25 3313 3316
25 3318 3379
25 3381 3438
25 3440 3441
25 3443 3528
25 3530 3605
25 3607 3614
25 3616 3657
25 3659 3670
25 3672 3701
25 3703 3794
25 3796 3861
25 3863 3888
25 3890 3935
25 3937 4000
25 4002 4003
25 4005 4102
25 4104 4187
25 4189 4256
25 4258 4301
25 4303 4396
25 4398 4445
25 4447 4448
74 1 66
74 68 157
74 159 198
74 200 295
74 297 350
74 352 361
74 363 372
74 374 379
74 381 462
74 464 541
74 543 572
74 574 587
74 589 672
74 674 691
74 693 762
74 764 777
74 779 856
74 858 887
74 889 950
74 952 969
74 971 1010
74 1012 1015
74 1017 1102
74 1104 1167
74 1169 1208
74 1210 1301
74 1303 1390
74 1392 1411
74 1413 1490
74 1492 1553
74 1555 1636
74 1638 1645
74 1647 1676
74 1678 1695
74 1697 1702
74 1704 1775
74 1777 1848
74 1850 1915
74 1917 2012
74 2014 2049
74 2051 2072
74 2074 2075
74 2077 2106
74 2108 2191
74 2193 2258
74 2260 2313
74 2315 2398
74 2400 2441
74 2443 2460
74 2462 2525
74 2527 2578
74 2580 2609
74 2611 2646
74 2648 2685
74 2687 2732
74 2734 2809
74 2811 2820
74 2822 2921
74 2923 2948
74 2950 2983
74 2985 2994
74 2996 3011
74 3013 3084
74 3086 3131
74 3133 3216
74 3218 3281
74 3283 3364
74 3366 3409
74 3411 3440
74 3442 3443
74 3445 3494
74 3496 3563
74 3565 3600
74 3602 3653
74 3655 3738
74 3740 3827
74 3829 3924
74 3926 3985
74 3987 4018
74 4020 4053
74 4055 4076
74 4078 4117
74 4119 4214
74 4216 4279
74 4281 4286
74 4288 4325
74 4327 4334
74 4336 4429
74 4431 4466
74 4468 4549
74 4551 4618
74 4620 4669
74 4671 4682
74 4684 4721
74 4723 4738
74 4740 4745
74 4747 4842
74 4844 4853
74 4855 4940
74 4942 4993
74 4995 5032
74 5034 5047
74 5049 5136
74 5138 5197
74 5199 5222
74 5224 5297
74 5299 5324
74 5326 5409
74 5411 5504
74 5506 5513
74 5515 5518
74 5520 5615
74 5617 5664
74 5666 5747
74 5749 5814
74 5816 5859
46 1 40
46 42 115
46 117 182
46 184 205
46 207 218
46 220 309
46 311 312
46 314 401
46 403 496
46 498 595
46 597 628
46 630 637
46 639 718
46 720 761
46 763 774
46 776 817
46 819 842
46 844 895
46 897 936
46 938 951
46 953 1010
46 1012 1067
46 1069 1140
46 1142 1167
46 1169 1230
46 1232 1237
46 1239 1280
46 1282 1341
46 1343 1364
46 1366 1461
46 1463 1522
46 1524 1547
46 1549 1638
46 1640 1717
46 1719 1766
46 1768 1777
46 1779 1834
46 1836 1933
46 1935 1936
46 1938 1951
46 1953 1962
46 1964 1975
46 1977 2000
46 2002 2017
46 2019 2102
46 2104 2107
46 2109 2178
46 2180 2185
46 2187 2278
46 2280 2351
46 2353 2404
46 2406 2475
46 2477 2506
46 2508 2597
46 2599 2686
46 2688 2729
46 2731 2754
46 2756 2759
46 2761 2828
46 2830 2899
46 2901 2922
46 2924 2973
46 2975 3032
46 3034 3133
46 3135 3164
46 3166 3185
46 3187 3276
46 3278 3343
46 3345 3386
46 3388 3473
46 3475 3508
46 3510 3511
46 3513 3548
46 3550 3637
46 3639 3678
46 3680 3719
46 3721 3788
46 3790 3827
46 3829 3852
46 3854 3939
46 3941 4024
46 4026 4039
46 4041 4078
46 4080 4145
46 4147 4170
46 4172 4193
46 4195 4196
46 4198 4207
46 4209 4304
46 4306 4317
46 4319 4418
46 4420 4507
46 4509 4594
46 4596 4607
46 4609 4616
46 4618 4703
46 4705 4772
46 4774 4861
46 4863 4908
46 4910 4939
46 4941 4942
24 1 84
24 86 109
24 111 180
24 182 195
24 197 262
24 264 327
24 329 348
24 350 375
24 377 428
24 430 499
24 501 504
24 506 509
24 511 544
24 546 597
24 599 666
24 668 705
24 707 802
24 804 867
24 869 882
24 884 911
24 913 992
24 994 1055
24 1057 1136
24 1138 1141
24 1143 1152
24 1154 1253
24 1255 1278
24 1280 1325
24 1327 1374
24 1376 1379
24 1381 1472
24 1474 1479
24 1481 1536
24 1538 1559
24 1561 1602
24 1604 1661
24 1663 1676
24 1678 1701
24 1703 1802
24 1804 1819
24 1821 1874
24 1876 1891
24 1893 1924
24 1926 1999
24 2001 2090
24 2092 2115
24 2117 2194
24 2196 2201
24 2203 2270
24 2272 2293
24 2295 2298
24 2300 2341
24 2343 2426
24 2428 2477
24 2479 2550
24 2552 2637
24 2639 2700
24 2702 2715
24 2717 2794
24 2796 2823
24 2825 2904
24 2906 2967
24 2969 3000
24 3002 3083
24 3085 3114
24 3116 3155
24 3157 3160
24 3162 3221
24 3223 3294
24 3296 3303
24 3305 3354
24 3356 3401
24 3403 3454
24 3456 3499
24 3501 3592
24 3594 3663
24 3665 3754
24 3756 3815
24 3817 3836
24 3838 3909
24 3911 3924
24 3926 3969
24 3971 4006
24 4008 4035
24 4037 4074
24 4076 4105
24 4107 4142
24 4144 4225
24 4227 4294
24 4296 4335
24 4337 4428
24 4430 4495
24 4497 4512
24 4514 4577
37 1 4
37 6 19
37 21 108
37 110 171
37 173 224
37 226 279
37 281 288
37 290 329
37 331 404
37 406 409
37 411 414
37 416 459
37 461 480
37 482 555
37 557 584
37 586 611
37 613 696
37 698 765
37 767 816
37 818 829
37 831 852
37 854 905
37 907 974
37 976 1017
37 1019 1068
37 1070 1125
37 1127 1146
37 1148 1195
37 1197 1218
37 1220 1275
37 1277 1280
37 1282 1341
37 1343 1436
37 1438 1529
37 1531 1540
37 1542 1601
37 1603 1616
37 1618 1711
37 1713 1766
37 1768 1847
37 1849 1908
37 1910 2007
37 2009 2072
37 2074 2099
37 2101 2184
37 2186 2245
37 2247 2280
37 2282 2329
37 2331 2362
37 2364 2417
37 2419 2464
37 2466 2499
37 2501 2568
37 2570 2603
37 2605 2632
37 2634 2697
37 2699 2788
37 2790 2847
37 2849 2942
37 2944 2951
37 2953 3046
37 3048 3105
37 3107 3182
37 3184 3249
37 3251 3276
37 3278 3279
37 3281 3372
37 3374 3433
37 3435 3462
37 3464 3469
37 3471 3520
37 3522 3553
37 3555 3564
37 3566 3587
37 3589 3644
37 3646 3687
37 3689 3736
37 3738 3755
37 3757 3820
37 3822 3833
37 3835 3912
37 3914 3917
37 3919 4008
37 4010 4099
37 4101 4154
37 4156 4181
37 4183 4236
37 4238 4321
37 4323 4394
37 4396 4421
37 4423 4472
37 4474 4525
37 4527 4574
37 4576 4645
37 4647 4696
37 4698 4761
37 4763 4826
37 4828 4875
37 4877 4880
37 4882 4897
26 1 8
26 10 33
26 35 104
26 106 171
26 173 268
26 270 327
26 329 382
26 384 483
26 485 494
26 496 579
26 581 668
26 670 751
26 753 812
26 814 907
26 909 960
26 962 969
26 971 1064
26 1066 1165
26 1167 1252
26 1254 1279
26 1281 1366
26 1368 1447
26 1449 1534
26 1536 1577
26 1579 1628
26 1630 1703
26 1705 1762
26 1764 1805
26 1807 1884
26 1886 1969
26 1971 2050
26 2052 2099
26 2101 2110
26 2112 2147
26 2149 2238
26 2240 2281
26 2283 2332
26 2334 2411
26 2413 2422
26 2424 2511
26 2513 2578
26 2580 2621
26 2623 2688
26 2690 2697
26 2699 2704
26 2706 2803
26 2805 2806
26 2808 2885
26 2887 2912
26 2914 2989
26 2991 3090
26 3092 3171
26 3173 3174
26 3176 3231
26 3233 3300
26 3302 3361
26 3363 3432
26 3434 3451
26 3453 3510
26 3512 3599
26 3601 3602
26 3604 3683
26 3685 3688
26 3690 3691
26 3693 3744
26 3746 3785
26 3787 3828
26 3830 3841
26 3843 3882
26 3884 3959
26 3961 3962
26 3964 3979
26 3981 4012
26 4014 4103
26 4105 4128
26 4130 4203
26 4205 4220
26 4222 4249
26 4251 4298
26 4300 4325
26 4327 4382
26 4384 4457
26 4459 4534
26 4536 4601
26 4603 4630
26 4632 4699
26 4701 4786
26 4788 4873
26 4875 4964
26 4966 4981
26 4983 5016
26 5018 5057
26 5059 5080
26 5082 5123
26 5125 5178
26 5180 5243
26 5245 5334
26 5336 5401
26 5403 5426
26 5428 5457
26 5459 5538
26 5540 5589
26 5591 5676
26 5678 5755
26 5757 5812
63 1 88
63 90 155
63 157 226
63 228 295
63 297 336
63 338 387
63 389 450
63 452 535
63 537 540
63 542 597
63 599 662
63 664 749
63 751 814
63 816 885
63 887 896
63 898 961
63 963 994
63 996 1083
63 1085 1088
63 1090 1183
63 1185 1272
63 1274 1337
63 1339 1408
63 1410 1449
63 1451 1520
63 1522 1549
63 1551 1598
63 1600 1693
63 1695 1764
63 1766 1819
63 1821 1872
63 1874 1939
63 1941 1946
63 1948 1967
63 1969 2016
63 2018 2099
63 2101 2166
63 2168 2181
63 2183 2256
63 2258 2267
63 2269 2296
63 2298 2377
63 2379 2474
63 2476 2537
63 2539 2572
63 2574 2605
63 2607 2684
63 2686 2785
63 2787 2802
63 2804 2847
63 2849 2904
63 2906 3001
63 3003 3014
63 3016 3085
63 3087 3172
63 3174 3221
63 3223 3286
63 3288 3327
63 3329 3392
63 3394 3415
63 3417 3502
63 3504 3541
63 3543 3638
63 3640 3709
63 3711 3754
63 3756 3769
63 3771 3792
63 3794 3815
63 3817 3824
63 3826 3915
63 3917 3958
63 3960 3989
63 3991 4032
63 4034 4061
63 4063 4144
63 4146 4161
63 4163 4260
63 4262 4323
63 4325 4396
63 4398 4481
63 4483 4512
63 4514 4543
63 4545 4570
63 4572 4631
63 4633 4732
63 4734 4791
63 4793 4866
63 4868 4881
63 4883 4914
63 4916 4983
63 4985 5006
63 5008 5103
63 5105 5164
63 5166 5225
63 5227 5252
63 5254 5257
63 5259 5324
63 5326 5357
63 5359 5412
63 5414 5459
63 5461 5472
63 5474 5525
63 5527 5562
63 5564 5601
63 5603 5660
62 1 14
62 16 51
62 53 148
62 150 151
62 153 234
62 236 303
62 305 360
62 362 407
62 409 442
62 444 477
62 479 528
62 530 543
62 545 630
62 632 671
62 673 718
62 720 739
62 741 798
62 800 875
62 877 962
62 964 991
62 993 1040
62 1042 1069
62 1071 1170
62 1172 1235
62 1237 1300
62 1302 1385
62 1387 1452
62 1454 1529
62 1531 1554
62 1556 1619
62 1621 1670
62 1672 1749
62 1751 1784
62 1786 1857
62 1859 1944
62 1946 1947
62 1949 2020
62 2022 2039
62 2041 2116
62 2118 2137
62 2139 2196
62 2198 2281
62 2283 2344
62 2346 2377
62 2379 2416
62 2418 2481
62 2483 2540
62 2542 2559
62 2561 2614
62 2616 2659
62 2661 2738
62 2740 2767
62 2769 2830
62 2832 2931
62 2933 2938
62 2940 3033
62 3035 3056
62 3058 3081
62 3083 3142
62 3144 3231
62 3233 3288
62 3290 3369
62 3371 3372
62 3374 3457
62 3459 3538
62 3540 3619
62 3621 3698
62 3700 3769
62 3771 3790
62 3792 3815
62 3817 3866
62 3868 3963
62 3965 4004
62 4006 4035
62 4037 4044
62 4046 4065
62 4067 4102
62 4104 4175
62 4177 4240
62 4242 4261
62 4263 4344
62 4346 4407
62 4409 4438
62 4440 4493
62 4495 4544
62 4546 4567
62 4569 4634
62 4636 4701
62 4703 4708
62 4710 4711
62 4713 4772
62 4774 4863
62 4865 4866
62 4868 4881
5 1 94
5 96 187
5 189 286
5 288 325
5 327 368
5 370 457
5 459 510
5 512 593
5 595 648
5 650 701
5 703 750
5 752 785
5 787 840
5 842 869
5 871 904
5 906 995
5 997 1042
5 1044 1103
5 1105 1172
5 1174 1265
5 1267 1348
5 1350 1391
5 1393 1402
5 1404 1419
5 1421 1506
5 1508 1563
5 1565 1566
5 1568 1633
5 1635 1690
5 1692 1779
5 1781 1836
5 1838 1841
5 1843 1870
5 1872 1939
5 1941 2036
5 2038 2113
5 2115 2144
5 2146 2153
5 2155 2244
5 2246 2321
5 2323 2416
5 2418 2513
5 2515 2526
5 2528 2607
5 2609 2626
5 2628 2675
5 2677 2748
5 2750 2775
5 2777 2810
5 2812 2863
5 2865 2900
5 2902 2963
5 2965 3000
5 3002 3075
5 3077 3102
5 3104 3159
5 3161 3236
5 3238 3273
5 3275 3346
5 3348 3409
5 3411 3482
5 3484 3527
5 3529 3582
5 3584 3597
5 3599 3696
5 3698 3761
5 3763 3824
5 3826 3873
5 3875 3940
5 3942 4037
5 4039 4094
5 4096 4139
5 4141 4148
5 4150 4209
5 4211 4268
5 4270 4279
5 4281 4326
5 4328 4383
5 4385 4478
5 4480 4553
5 4555 4594
5 4596 4687
5 4689 4760
5 4762 4859
5 4861 4884
5 4886 4983
5 4985 5000
5 5002 5055
5 5057 5088
5 5090 5121
5 5123 5128
5 5130 5225
5 5227 5278
5 5280 5363
5 5365 5440
5 5442 5471
5 5473 5528
5 5530 5625
5 5627 5646
5 5648 5745
5 5747 5806
5 5808 5887
5 5889 5976
5 5978 5989
5 5991 6056
5 6058 6127
5 6129 6146
5 6148 6167
5 6169 6216
5 6218 6227
5 6229 6306
5 6308 6405
5 6407 6442
5 6444 6521
5 6523 6528
5 6530 6571
91 1 26
91 28 53
91 55 134
91 136 211
91 213 304
91 306 315
91 317 330
91 332 413
91 415 432
91 434 435
91 437 484
91 486 499
91 501 592
91 594 687
91 689 724
91 726 747
91 749 760
91 762 839
91 841 930
91 932 1017
91 1019 1048
91 1050 1117
91 1119 1178
91 1180 1205
91 1207 1246
91 1248 1281
91 1283 1294
91 1296 1347
91 1349 1390
91 1392 1427
91 1429 1452
91 1454 1475
91 1477 1562
91 1564 1645
91 1647 1704
91 1706 1723
91 1725 1726
91 1728 1743
91 1745 1800
91 1802 1845
91 1847 1888
91 1890 1963
91 1965 1972
91 1974 2071
91 2073 2142
91 2144 2239
91 2241 2326
91 2328 2383
91 2385 2418
91 2420 2471
91 2473 2552
91 2554 2613
91 2615 2664
91 2666 2761
91 2763 2818
91 2820 2875
91 2877 2916
91 2918 2993
91 2995 3068
91 3070 3115
91 3117 3184
91 3186 3273
91 3275 3304
91 3306 3329
91 3331 3332
91 3334 3389
91 3391 3464
91 3466 3521
91 3523 3566
91 3568 3601
91 3603 3620
91 3622 3685
91 3687 3782
91 3784 3859
91 3861 3888
91 3890 3905
91 3907 3922
91 3924 3933
91 3935 4022
91 4024 4047
91 4049 4138
91 4140 4179
91 4181 4244
91 4246 4337
91 4339 4416
91 4418 4489
91 4491 4518
91 4520 4593
91 4595 4668
91 4670 4691
91 4693 4744
91 4746 4839
91 4841 4872
91 4874 4885
91 4887 4962
91 4964 5021
91 5023 5074
91 5076 5105
91 5107 5176
91 5178 5189
91 5191 5274
91 5276 5279
91 5281 5374
91 5376 5383
91 5385 5468
91 5470 5511
91 5513 5554
91 5556 5599
91 5601 5676
91 5678 5761
91 5763 5856
91 5858 5873
75 1 84
75 86 175
75 177 232
75 234 287
75 289 296
75 298 387
75 389 420
75 422 457
75 459 490
75 492 555
75 557 648
75 650 747
75 749 774
75 776 821
75 823 916
75 918 937
75 939 1014
75 1016 1033
75 1035 1056
75 1058 1071
75 1073 1102
75 1104 1131
75 1133 1228
75 1230 1279
75 1281 1308
75 1310 1311
75 1313 1402
75 1404 1501
75 1503 1546
75 1548 1585
75 1587 1636
75 1638 1651
75 1653 1738
75 1740 1783
75 1785 1790
75 1792 1853
75 1855 1880
75 1882 1929
75 1931 1976
75 1978 1999
75 2001 2052
75 2054 2077
75 2079 2116
75 2118 2141
75 2143 2230
75 2232 2287
75 2289 2340
75 2342 2361
75 2363 2400
75 2402 2409
75 2411 2506
75 2508 2571
75 2573 2620
75 2622 2697
75 2699 2756
75 2758 2783
75 2785 2834
75 2836 2845
75 2847 2850
75 2852 2867
75 2869 2942
75 2944 2945
75 2947 3042
75 3044 3117
75 3119 3124
75 3126 3219
75 3221 3308
75 3310 3329
75 3331 3344
75 3346 3363
75 3365 3460
75 3462 3505
75 3507 3566
75 3568 3629
75 3631 3714
75 3716 3741
75 3743 3772
75 3774 3851
75 3853 3872
75 3874 3895
75 3897 3938
75 3940 3967
75 3969 3988
75 3990 4083
75 4085 4094
75 4096 4101
75 4103 4104
75 4106 4109
75 4111 4170
75 4172 4217
75 4219 4288
75 4290 4313
75 4315 4382
75 4384 4405
75 4407 4410
75 4412 4431
75 4433 4482
75 4484 4561
75 4563 4630
75 4632 4659
75 4661 4724
75 4726 4779
87 1 44
87 46 99
87 101 176
87 178 247
87 249 310
87 312 333
87 335 390
87 392 487
87 489 490
87 492 577
87 579 582
87 584 609
87 611 644
87 646 743
87 745 802
87 804 825
87 827 834
87 836 839
87 841 856
87 858 933
87 935 942
87 944 975
87 977 1060
87 1062 1103
87 1105 1148
87 1150 1203
87 1205 1210
87 1212 1249
87 1251 1268
87 1270 1301
87 1303 1334
87 1336 1363
87 1365 1376
87 1378 1439
87 1441 1478
87 1480 1501
87 1503 1504
87 1506 1533
87 1535 1556
87 1558 1579
87 1581 1648
87 1650 1661
87 1663 1712
87 1714 1811
87 1813 1888
87 1890 1973
87 1975 2012
87 2014 2089
87 2091 2136
87 2138 2157
87 2159 2220
87 2222 2317
87 2319 2336
87 2338 2381
87 2383 2460
87 2462 2535
87 2537 2600
87 2602 2623
87 2625 2632
87 2634 2715
87 2717 2804
87 2806 2813
87 2815 2870
87 2872 2917
87 2919 2976
87 2978 3031
87 3033 3118
87 3120 3185
87 3187 3248
87 3250 3335
87 3337 3410
87 3412 3491
87 3493 3532
87 3534 3541
87 3543 3548
87 3550 3601
87 3603 3676
87 3678 3735
87 3737 3826
87 3828 3837
87 3839 3934
87 3936 3945
87 3947 4044
87 4046 4107
87 4109 4150
87 4152 4243
87 4245 4310
87 4312 4371
87 4373 4432
87 4434 4495
87 4497 4576
87 4578 4637
87 4639 4662
87 4664 4729
87 4731 4740
87 4742 4767
87 4769 4826
87 4828 4891
87 4893 4982
87 4984 5003
87 5005 5094
87 5096 5101
87 5103 5110
87 5112 5143
87 5145 5216
87 5218 5293
87 5295 5356
87 5358 5399
87 5401 5498
87 5500 5511
87 5513 5534
87 5536 5625
87 5627 5654
61 1 28
61 30 33
61 35 74
61 76 109
61 111 206
61 208 239
61 241 286
61 288 373
61 375 464
61 466 531
61 533 622
61 624 675
61 677 764
61 766 849
61 851 876
61 878 897
61 899 926
61 928 953
61 955 982
61 984 1015
61 1017 1050
61 1052 1075
61 1077 1094
61 1096 1155
61 1157 1188
61 1190 1285
61 1287 1360
61 1362 1365
61 1367 1424
61 1426 1509
61 1511 1592
61 1594 1683
61 1685 1736
61 1738 1777
61 1779 1860
61 1862 1947
61 1949 1992
61 1994 2083
61 2085 2122
61 2124 2189
61 2191 2222
61 2224 2229
61 2231 2330
61 2332 2363
61 2365 2450
61 2452 2545
61 2547 2580
61 2582 2661
61 2663 2736
61 2738 2741
61 2743 2782
61 2784 2807
61 2809 2824
61 2826 2873
61 2875 2954
61 2956 3017
61 3019 3030
61 3032 3063
61 3065 3100
61 3102 3169
61 3171 3202
61 3204 3223
61 3225 3308
61 3310 3375
61 3377 3454
61 3456 3471
61 3473 3552
61 3554 3565
61 3567 3656
61 3658 3745
61 3747 3812
61 3814 3911
61 3913 3972
61 3974 4037
61 4039 4128
61 4130 4171
61 4173 4198
61 4200 4211
61 4213 4276
61 4278 4287
61 4289 4318
61 4320 4371
61 4373 4392
61 4394 4475
61 4477 4520
61 4522 4603
61 4605 4696
61 4698 4747
61 4749 4790
61 4792 4845
61 4847 4848
61 4850 4889
61 4891 4910
61 4912 4957
61 4959 5058
61 5060 5143
61 5145 5182
61 5184 5199
61 5201 5238
61 5240 5335
61 5337 5352
61 5354 5427
61 5429 5520
61 5522 5561
61 5563 5628
61 5630 5649
61 5651 5692
61 5694 5723
61 5725 5754
61 5756 5771
61 5773 5864
61 5866 5945
61 5947 6000
44 1 52
44 54 75
44 77 134
44 136 153
44 155 222
44 224 255
44 257 260
44 262 311
44 313 328
44 330 389
44 391 462
44 464 563
44 565 610
44 612 673
44 675 694
44 696 745
44 747 812
44 814 877
44 879 906
44 908 953
44 955 976
44 978 1027
44 1029 1064
44 1066 1133
44 1135 1156
44 1158 1159
44 1161 1228
44 1230 1295
44 1297 1380
44 1382 1417
44 1419 1470
44 1472 1481
44 1483 1524
44 1526 1615
44 1617 1640
44 1642 1695
44 1697 1750
44 1752 1775
44 1777 1806
44 1808 1895
44 1897 1898
44 1900 1911
44 1913 1984
44 1986 2045
44 2047 2080
44 2082 2163
44 2165 2246
44 2248 2265
44 2267 2318
44 2320 2413
44 2415 2496
44 2498 2525
44 2527 2542
44 2544 2545
44 2547 2636
44 2638 2699
44 2701 2720
44 2722 2777
44 2779 2782
44 2784 2825
44 2827 2896
44 2898 2925
44 2927 2970
44 2972 2993
44 2995 3046
44 3048 3133
44 3135 3192
44 3194 3265
44 3267 3312
44 3314 3369
44 3371 3416
44 3418 3465
44 3467 3564
44 3566 3623
44 3625 3626
44 3628 3697
44 3699 3758
44 3760 3859
44 3861 3958
44 3960 4057
44 4059 4110
60 1 8
60 10 53
60 55 60
60 62 133
60 135 206
60 208 237
60 239 334
60 336 377
60 379 444
60 446 495
60 497 516
60 518 581
60 583 614
60 616 695
60 697 754
60 756 837
60 839 922
60 924 989
60 991 1008
60 1010 1043
60 1045 1082
60 1084 1089
60 1091 1134
60 1136 1143
60 1145 1192
60 1194 1285
60 1287 1308
60 1310 1381
60 1383 1412
60 1414 1443
60 1445 1530
60 1532 1553
60 1555 1586
60 1588 1629
60 1631 1712
60 1714 1769
60 1771 1864
60 1866 1917
60 1919 1948
60 1950 2011
60 2013 2046
60 2048 2091
60 2093 2118
60 2120 2197
60 2199 2274
60 2276 2351
60 2353 2396
60 2398 2439
60 2441 2474
60 2476 2489
60 2491 2558
60 2560 2653
60 2655 2672
60 2674 2739
60 2741 2840
60 2842 2935
60 2937 2970
60 2972 2999
60 3001 3086
60 3088 3179
60 3181 3184
60 3186 3201
60 3203 3206
60 3208 3285
60 3287 3352
60 3354 3441
60 3443 3460
60 3462 3509
60 3511 3580
60 3582 3647
60 3649 3678
60 3680 3713
60 3715 3780
60 3782 3875
60 3877 3946
60 3948 3987
60 3989 4084
60 4086 4111
60 4113 4178
60 4180 4193
60 4195 4240
60 4242 4279
60 4281 4360
60 4362 4397
60 4399 4434
60 4436 4509
60 4511 4574
60 4576 4593
60 4595 4644
60 4646 4731
60 4733 4748
60 4750 4841
60 4843 4928
60 4930 4975
60 4977 5072
60 5074 5113
92 1 74
92 76 77
92 79 142
92 144 185
92 187 252
92 254 275
92 277 286
92 288 359
92 361 378
92 380 383
92 385 426
92 428 523
92 525 526
92 528 529
92 531 578
92 580 615
92 617 686
92 688 779
92 781 802
92 804 881
92 883 928
92 930 985
92 987 1066
92 1068 1147
92 1149 1190
92 1192 1251
92 1253 1330
92 1332 1365
92 1367 1390
92 1392 1491
92 1493 1540
92 1542 1629
92 1631 1656
92 1658 1689
92 1691 1772
92 1774 1843
92 1845 1928
92 1930 2011
92 2013 2066
92 2068 2107
92 2109 2126
92 2128 2211
92 2213 2300
92 2302 2363
92 2365 2396
92 2398 2479
92 2481 2580
92 2582 2609
92 2611 2636
92 2638 2689
92 2691 2698
92 2700 2717
92 2719 2774
92 2776 2835
92 2837 2934
92 2936 3009
92 3011 3022
92 3024 3049
92 3051 3134
92 3136 3145
92 3147 3200
92 3202 3239
92 3241 3246
92 3248 3323
92 3325 3386
92 3388 3433
92 3435 3452
92 3454 3525
92 3527 3532
92 3534 3603
92 3605 3662
92 3664 3667
92 3669 3744
92 3746 3801
92 3803 3896
92 3898 3983
92 3985 4064
92 4066 4115
92 4117 4170
92 4172 4259
92 4261 4324
92 4326 4331
92 4333 4420
92 4422 4451
92 4453 4534
92 4536 4617
92 4619 4626
92 4628 4683
92 4685 4772
92 4774 4785
92 4787 4818
92 4820 4883
92 4885 4954
92 4956 4999
92 5001 5094
92 5096 5189
92 5191 5276
92 5278 5373
92 5375 5442
92 5444 5489
92 5491 5510
92 5512 5517
34 1 54
34 56 101
34 103 122
34 124 141
34 143 224
34 226 259
34 261 288
34 290 379
34 381 390
34 392 413
34 415 436
34 438 511
34 513 540
34 542 623
34 625 700
34 702 741
34 743 824
34 826 841
34 843 912
34 914 943
34 945 1030
34 1032 1065
34 1067 1150
34 1152 1229
34 1231 1300
34 1302 1351
34 1353 1438
34 1440 1505
34 1507 1600
34 1602 1667
34 1669 1726
34 1728 1799
34 1801 1878
34 1880 1973
34 1975 2006
34 2008 2091
34 2093 2170
34 2172 2181
34 2183 2202
34 2204 2217
34 2219 2266
34 2268 2363
34 2365 2436
34 2438 2441
34 2443 2542
34 2544 2643
34 2645 2678
34 2680 2765
34 2767 2854
34 2856 2857
34 2859 2876
34 2878 2883
34 2885 2982
34 2984 3019
34 3021 3080
34 3082 3135
34 3137 3148
34 3150 3247
34 3249 3310
34 3312 3389
34 3391 3392
34 3394 3455
34 3457 3482
34 3484 3529
34 3531 3538
34 3540 3631
34 3633 3714
34 3716 3761
34 3763 3788
34 3790 3889
34 3891 3948
34 3950 3981
34 3983 4014
34 4016 4075
34 4077 4080
34 4082 4159
34 4161 4228
34 4230 4255
34 4257 4272
34 4274 4345
34 4347 4362
34 4364 4393
34 4395 4398
34 4400 4489
34 4491 4590
34 4592 4651
34 4653 4674
42 1 72
42 74 123
42 125 206
42 208 233
42 235 302
42 304 329
42 331 428
42 430 441
42 443 500
42 502 593
42 595 638
42 640 713
42 715 806
42 808 819
42 821 826
42 828 831
42 833 848
42 850 937
42 939 1030
42 1032 1067
42 1069 1124
42 1126 1195
42 1197 1270
42 1272 1337
42 1339 1418
42 1420 1495
42 1497 1534
42 1536 1585
42 1587 1590
42 1592 1607
42 1609 1702
42 1704 1755
42 1757 1768
42 1770 1823
42 1825 1844
42 1846 1897
42 1899 1970
42 1972 2025
42 2027 2030
42 2032 2123
42 2125 2160
42 2162 2225
42 2227 2326
42 2328 2337
42 2339 2408
42 2410 2457
42 2459 2542
42 2544 2637
42 2639 2678
42 2680 2769
42 2771 2862
42 2864 2879
42 2881 2940
42 2942 3001
42 3003 3074
42 3076 3147
42 3149 3152
42 3154 3211
42 3213 3298
42 3300 3317
42 3319 3400
42 3402 3449
42 3451 3514
42 3516 3553
42 3555 3590
42 3592 3593
42 3595 3680
42 3682 3729
42 3731 3744
42 3746 3747
42 3749 3806
42 3808 3847
42 3849 3932
42 3934 4031
42 4033 4120
42 4122 4169
42 4171 4266
42 4268 4331
42 4333 4370
42 4372 4407
42 4409 4444
42 4446 4503
42 4505 4568
42 4570 4643
42 4645 4722
42 4724 4759
42 4761 4796
42 4798 4857
42 4859 4920
42 4922 4925
42 4927 4964
42 4966 5027
55 1 92
55 94 169
55 171 192
55 194 205
55 207 286
55 288 349
55 351 402
55 404 485
55 487 514
55 516 549
55 551 644
55 646 697
55 699 772
55 774 823
55 825 878
55 880 893
55 895 992
55 994 1069
55 1071 1144
55 1146 1159
55 1161 1234
55 1236 1283
55 1285 1364
55 1366 1391
55 1393 1460
55 1462 1495
55 1497 1506
55 1508 1547
55 1549 1568
55 1570 1659
55 1661 1670
55 1672 1683
55 1685 1722
55 1724 1761
55 1763 1838
55 1840 1865
55 1867 1946
55 1948 1995
55 1997 2092
55 2094 2179
55 2181 2276
55 2278 2347
55 2349 2438
55 2440 2473
55 2475 2506
55 2508 2513
55 2515 2590
55 2592 2649
55 2651 2652
55 2654 2683
55 2685 2710
55 2712 2765
55 2767 2786
55 2788 2885
55 2887 2962
55 2964 2985
55 2987 3020
55 3022 3049
55 3051 3086
55 3088 3135
55 3137 3176
55 3178 3201
55 3203 3220
55 3222 3227
55 3229 3254
55 3256 3257
55 3259 3278
55 3280 3379
55 3381 3466
55 3468 3487
55 3489 3500
55 3502 3569
55 3571 3650
55 3652 3699
55 3701 3746
55 3748 3779
55 3781 3854
55 3856 3939
55 3941 4036
55 4038 4057
55 4059 4112
55 4114 4135
55 4137 4152
55 4154 4241
55 4243 4318
55 4320 4375
55 4377 4430
55 4432 4447
55 4449 4468
55 4470 4555
55 4557 4622
55 4624 4659
55 4661 4664
55 4666 4723
55 4725 4778
55 4780 4821
55 4823 4858
55 4860 4899
48 1 62
48 64 83
48 85 134
48 136 165
48 167 218
48 220 237
48 239 332
48 334 389
48 391 436
48 438 507
48 509 562
48 564 645
48 647 720
48 722 765
48 767 858
48 860 875
48 877 946
48 948 989
48 991 1002
48 1004 1069
48 1071 1078
48 1080 1085
48 1087 1150
48 1152 1249
48 1251 1266
48 1268 1277
48 1279 1318
48 1320 1329
48 1331 1386
48 1388 1419
48 1421 1516
48 1518 1575
48 1577 1598
48 1600 1625
48 1627 1708
48 1710 1721
48 1723 1804
48 1806 1809
48 1811 1834
48 1836 1889
48 1891 1894
48 1896 1977
48 1979 2004
48 2006 2039
48 2041 2112
48 2114 2187
48 2189 2274
48 2276 2295
48 2297 2306
48 2308 2319
48 2321 2416
48 2418 2493
48 2495 2524
48 2526 2581
48 2583 2644
48 2646 2669
48 2671 2732
48 2734 2777
48 2779 2866
48 2868 2877
48 2879 2938
48 2940 2979
48 2981 3060
48 3062 3125
48 3127 3182
48 3184 3243
48 3245 3306
48 3308 3333
48 3335 3410
48 3412 3463
48 3465 3536
48 3538 3629
48 3631 3694
48 3696 3771
48 3773 3804
48 3806 3897
48 3899 3996
48 3998 4041
48 4043 4092
48 4094 4109
48 4111 4152
48 4154 4243
48 4245 4322
48 4324 4375
57 1 2
57 4 75
57 77 106
57 108 181
57 183 198
57 200 255
57 257 338
57 340 415
57 417 458
57 460 557
57 559 590
57 592 629
57 631 664
57 666 751
57 753 824
57 826 921
57 923 946
57 948 995
57 997 1082
57 1084 1147
57 1149 1230
57 1232 1277
57 1279 1334
57 1336 1353
57 1355 1410
57 1412 1435
57 1437 1490
57 1492 1529
57 1531 1580
57 1582 1631
57 1633 1674
57 1676 1721
57 1723 1724
57 1726 1765
57 1767 1864
57 1866 1893
57 1895 1990
57 1992 2007
57 2009 2036
57 2038 2079
57 2081 2104
57 2106 2201
57 2203 2240
57 2242 2297
57 2299 2308
57 2310 2327
57 2329 2366
57 2368 2445
57 2447 2454
57 2456 2501
57 2503 2556
57 2558 2573
57 2575 2644
57 2646 2707
57 2709 2720
57 2722 2749
57 2751 2840
57 2842 2861
57 2863 2886
57 2888 2981
57 2983 2984
57 2986 3031
57 3033 3044
57 3046 3133
57 3135 3202
57 3204 3263
57 3265 3310
57 3312 3365
57 3367 3414
57 3416 3505
57 3507 3532
57 3534 3575
57 3577 3596
57 3598 3639
57 3641 3672
57 3674 3739
57 3741 3828
57 3830 3843
57 3845 3856
57 3858 3941
57 3943 3974
57 3976 4067
57 4069 4144
57 4146 4239
57 4241 4338
57 4340 4395
57 4397 4472
57 4474 4571
57 4573 4670
57 4672 4695
57 4697 4704
57 4706 4729
57 4731 4786
57 4788 4807
57 4809 4850
57 4852 4883
57 4885 4918
57 4920 5001
57 5003 5068
57 5070 5157
98 1 18
98 20 61
98 63 160
98 162 209
98 211 256
98 258 333
98 335 350
98 352 391
98 393 442
98 444 471
98 473 474
98 476 551
98 553 586
98 588 637
98 639 694
98 696 777
98 779 844
98 846 863
98 865 890
98 892 949
98 951 1042
98 1044 1051
98 1053 1100
98 1102 1155
98 1157 1208
98 1210 1267
98 1269 1344
98 1346 1417
98 1419 1444
98 1446 1505
98 1507 1512
98 1514 1541
98 1543 1574
98 1576 1627
98 1629 1632
98 1634 1649
98 1651 1710
98 1712 1799
98 1801 1836
98 1838 1889
98 1891 1900
98 1902 1937
98 1939 2016
98 2018 2103
98 2105 2122
98 2124 2187
98 2189 2244
98 2246 2327
98 2329 2330
98 2332 2395
98 2397 2454
98 2456 2505
98 2507 2550
98 2552 2631
98 2633 2672
98 2674 2745
98 2747 2822
98 2824 2903
98 2905 2976
98 2978 3047
98 3049 3080
98 3082 3141
98 3143 3160
98 3162 3237
98 3239 3324
98 3326 3347
98 3349 3418
98 3420 3507
98 3509 3606
98 3608 3667
98 3669 3734
98 3736 3785
98 3787 3824
98 3826 3829
98 3831 3910
98 3912 4009
98 4011 4054
98 4056 4151
98 4153 4244
98 4246 4273
98 4275 4352
98 4354 4363
98 4365 4452
98 4454 4529
98 4531 4614
98 4616 4653
98 4655 4676
98 4678 4749
98 4751 4846
98 4848 4937
98 4939 4988
98 4990 5029
98 5031 5094
98 5096 5191
98 5193 5214
98 5216 5235
98 5237 5326
98 5328 5363
98 5365 5450
98 5452 5463
98 5465 5478
98 5480 5481
98 5483 5520
98 5522 5587
98 5589 5640
98 5642 5703
98 5705 5752
98 5754 5805
98 5807 5862
98 5864 5925
90 1 54
90 56 99
90 101 172
90 174 199
90 201 226
90 228 295
90 297 304
90 306 401
90 403 426
90 428 521
90 523 584
90 586 635
90 637 668
90 670 739
90 741 838
90 840 877
90 879 886
90 888 987
90 989 1016
90 1018 1087
90 1089 1164
90 1166 1187
90 1189 1266
90 1268 1325
90 1327 1416
90 1418 1487
90 1489 1552
90 1554 1595
90 1597 1612
90 1614 1655
90 1657 1702
90 1704 1745
90 1747 1804
90 1806 1813
90 1815 1844
90 1846 1879
90 1881 1958
90 1960 1971
90 1973 1990
90 1992 1999
90 2001 2022
90 2024 2067
90 2069 2114
90 2116 2147
90 2149 2206
90 2208 2239
90 2241 2326
90 2328 2369
90 2371 2396
90 2398 2415
90 2417 2480
90 2482 2535
90 2537 2600
90 2602 2605
90 2607 2620
90 2622 2643
90 2645 2722
90 2724 2801
90 2803 2808
90 2810 2875
90 2877 2970
90 2972 2993
90 2995 2996
90 2998 3015
90 3017 3038
90 3040 3047
90 3049 3052
90 3054 3151
90 3153 3220
90 3222 3299
90 3301 3332
90 3334 3385
90 3387 3446
90 3448 3463
90 3465 3554
90 3556 3631
90 3633 3732
90 3734 3773
90 3775 3824
90 3826 3849
90 3851 3884
90 3886 3901
90 3903 3926
90 3928 3969
90 3971 4024
90 4026 4095
90 4097 4172
90 4174 4211
76 1 8
76 10 43
76 45 76
76 78 99
76 101 126
76 128 161
76 163 222
76 224 299
76 301 390
76 392 479
76 481 576
76 578 579
76 581 670
76 672 679
76 681 768
76 770 815
76 817 866
76 868 931
76 933 1006
76 1008 1053
76 1055 1146
76 1148 1219
76 1221 1314
76 1316 1389
76 1391 1468
76 1470 1567
76 1569 1616
76 1618 1691
76 1693 1750
76 1752 1799
76 1801 1842
76 1844 1851
76 1853 1950
76 1952 2009
76 2011 2032
76 2034 2051
76 2053 2142
76 2144 2149
76 2151 2192
76 2194 2243
76 2245 2274
76 2276 2325
76 2327 2406
76 2408 2457
76 2459 2530
76 2532 2591
76 2593 2604
76 2606 2661
76 2663 2762
76 2764 2807
76 2809 2870
76 2872 2917
76 2919 2928
76 2930 2975
76 2977 2996
76 2998 3057
76 3059 3146
76 3148 3235
76 3237 3246
76 3248 3311
76 3313 3336
76 3338 3387
76 3389 3454
76 3456 3471
76 3473 3560
76 3562 3657
76 3659 3736
76 3738 3739
76 3741 3764
76 3766 3829
76 3831 3868
76 3870 3947
76 3949 4042
76 4044 4045
76 4047 4104
76 4106 4163
76 4165 4248
76 4250 4339
76 4341 4420
76 4422 4489
76 4491 4554
76 4556 4613
76 4615 4690
76 4692 4719
76 4721 4808
76 4810 4829
76 4831 4890
76 4892 4961
76 4963 5036
76 5038 5065
76 5067 5084
76 5086 5113
76 5115 5210
76 5212 5231
76 5233 5276
76 5278 5295
76 5297 5352
76 5354 5409
35 1 68
35 70 111
35 113 160
35 162 227
35 229 306
35 308 337
35 339 402
35 404 461
35 463 546
35 548 577
35 579 678
35 680 763
35 765 862
35 864 911
35 913 914
35 916 923
35 925 1012
35 1014 1099
35 1101 1154
35 1156 1201
35 1203 1250
35 1252 1311
35 1313 1370
35 1372 1467
35 1469 1566
35 1568 1657
35 1659 1696
35 1698 1751
35 1753 1798
35 1800 1893
35 1895 1990
35 1992 2035
35 2037 2136
35 2138 2165
35 2167 2206
35 2208 2209
35 2211 2270
35 2272 2275
35 2277 2364
35 2366 2441
35 2443 2458
35 2460 2557
35 2559 2594
35 2596 2613
35 2615 2684
35 2686 2689
35 2691 2708
35 2710 2809
35 2811 2900
35 2902 2931
35 2933 2940
35 2942 2951
35 2953 3000
35 3002 3087
35 3089 3150
35 3152 3245
35 3247 3274
35 3276 3305
35 3307 3314
35 3316 3383
35 3385 3466
35 3468 3497
35 3499 3550
35 3552 3599
35 3601 3642
35 3644 3649
35 3651 3742
35 3744 3811
35 3813 3858
35 3860 3875
35 3877 3884
35 3886 3913
35 3915 3944
35 3946 3991
35 3993 4088
35 4090 4185
35 4187 4270
35 4272 4295
35 4297 4360
35 4362 4373
35 4375 4472
35 4474 4545
35 4547 4572
35 4574 4575
35 4577 4634
35 4636 4691
35 4693 4744
35 4746 4763
35 4765 4784
35 4786 4851
35 4853 4898
35 4900 4941
35 4943 4974
35 4976 4983
35 4985 5004
35 5006 5075
35 5077 5160
35 5162 5179
12 1 26
12 28 83
12 85 128
12 130 205
12 207 230
12 232 303
12 305 394
12 396 495
12 497 502
12 504 595
12 597 688
12 690 775
12 777 826
12 828 833
12 835 886
12 888 905
12 907 928
12 930 963
12 965 1026
12 1028 1113
12 1115 1188
12 1190 1271
12 1273 1274
12 1276 1309
12 1311 1344
12 1346 1415
12 1417 1454
12 1456 1537
12 1539 1618
12 1620 1657
12 1659 1710
12 1712 1771
12 1773 1790
12 1792 1861
12 1863 1902
12 1904 1931
12 1933 1956
12 1958 1971
12 1973 2040
12 2042 2091
12 2093 2134
12 2136 2209
12 2211 2284
12 2286 2305
12 2307 2310
12 2312 2367
12 2369 2444
12 2446 2481
12 2483 2544
12 2546 2547
12 2549 2620
12 2622 2671
12 2673 2676
12 2678 2753
12 2755 2764
12 2766 2857
12 2859 2916
12 2918 2929
12 2931 3006
12 3008 3015
12 3017 3032
12 3034 3043
12 3045 3094
12 3096 3189
12 3191 3230
12 3232 3243
12 3245 3288
12 3290 3337
12 3339 3370
12 3372 3459
12 3461 3468
12 3470 3551
12 3553 3608
12 3610 3655
12 3657 3726
12 3728 3757
12 3759 3810
12 3812 3881
12 3883 3924
12 3926 3977
12 3979 4018
12 4020 4061
12 4063 4104
12 4106 4189
12 4191 4192
12 4194 4203
12 4205 4302
12 4304 4379
12 4381 4466
12 4468 4533
12 4535 4554
12 4556 4557
12 4559 4598
12 4600 4663
12 4665 4700
12 4702 4775
22 1 50
22 52 93
22 95 180
22 182 251
22 253 304
22 306 357
22 359 374
22 376 439
22 441 446
22 448 495
22 497 568
22 570 649
22 651 704
22 706 719
22 721 798
22 800 865
22 867 930
22 932 979
22 981 1058
22 1060 1141
22 1143 1222
22 1224 1301
22 1303 1332
22 1334 1401
22 1403 1466
22 1468 1521
22 1523 1598
22 1600 1697
22 1699 1790
22 1792 1797
22 1799 1826
22 1828 1899
22 1901 1976
22 1978 1993
22 1995 2052
22 2054 2097
22 2099 2104
22 2106 2115
22 2117 2178
22 2180 2229
22 2231 2250
22 2252 2259
22 2261 2354
22 2356 2435
22 2437 2452
22 2454 2463
22 2465 2508
22 2510 2589
22 2591 2606
22 2608 2683
22 2685 2746
22 2748 2783
22 2785 2816
22 2818 2869
22 2871 2926
22 2928 3017
22 3019 3038
22 3040 3041
22 3043 3112
22 3114 3169
22 3171 3230
22 3232 3247
22 3249 3256
22 3258 3301
22 3303 3348
22 3350 3391
22 3393 3428
22 3430 3497
22 3499 3528
22 3530 3587
22 3589 3620
22 3622 3625
22 3627 3660
22 3662 3755
22 3757 3802
22 3804 3833
22 3835 3912
22 3914 3987
22 3989 4008
22 4010 4077
22 4079 4164
22 4166 4261
22 4263 4280
22 4282 4345
22 4347 4440
22 4442 4541
22 4543 4556
22 4558 4571
22 4573 4654
22 4656 4713
22 4715 4776
22 4778 4783
22 4785 4862
22 4864 4945
22 4947 4954
22 4956 5015
22 5017 5078
22 5080 5131
22 5133 5150
64 1 36
64 38 67
64 69 162
64 164 221
64 223 318
64 320 347
64 349 442
64 444 491
64 493 526
64 528 551
64 553 604
64 606 663
64 665 672
64 674 693
64 695 734
64 736 831
64 833 918
64 920 971
64 973 1036
64 1038 1133
64 1135 1194
64 1196 1269
64 1271 1312
64 1314 1397
64 1399 1492
64 1494 1593
64 1595 1618
64 1620 1663
64 1665 1724
64 1726 1765
64 1767 1770
64 1772 1809
64 1811 1822
64 1824 1845
64 1847 1878
64 1880 1897
64 1899 1936
64 1938 1999
64 2001 2040
64 2042 2095
64 2097 2116
64 2118 2191
64 2193 2242
64 2244 2319
64 2321 2350
64 2352 2409
64 2411 2418
64 2420 2437
64 2439 2484
64 2486 2487
64 2489 2528
64 2530 2623
64 2625 2718
64 2720 2757
64 2759 2774
64 2776 2789
64 2791 2880
64 2882 2971
64 2973 3014
64 3016 3111
64 3113 3196
64 3198 3241
64 3243 3260
64 3262 3337
64 3339 3372
64 3374 3433
64 3435 3460
64 3462 3515
64 3517 3544
64 3546 3627
64 3629 3678
64 3680 3753
64 3755 3844
64 3846 3855
64 3857 3876
64 3878 3913
64 3915 3954
64 3956 3959
64 3961 4008
64 4010 4051
64 4053 4054
64 4056 4111
64 4113 4206
64 4208 4245
64 4247 4312
64 4314 4343
64 4345 4414
64 4416 4515
64 4517 4532
64 4534 4633
64 4635 4670
64 4672 4723
39 1 16
39 18 113
39 115 200
39 202 263
39 265 284
39 286 357
39 359 370
39 372 373
39 375 414
39 416 507
39 509 554
39 556 585
39 587 588
39 590 607
39 609 700
39 702 795
39 797 890
39 892 911
39 913 940
39 942 1017
39 1019 1046
39 1048 1067
39 1069 1112
39 1114 1147
39 1149 1178
39 1180 1245
39 1247 1266
39 1268 1343
39 1345 1410
39 1412 1471
39 1473 1512
39 1514 1539
39 1541 1622
39 1624 1687
39 1689 1750
39 1752 1835
39 1837 1868
39 1870 1909
39 1911 2004
39 2006 2035
39 2037 2124
39 2126 2197
39 2199 2216
39 2218 2277
39 2279 2336
39 2338 2367
39 2369 2436
39 2438 2535
39 2537 2614
39 2616 2629
39 2631 2636
39 2638 2679
39 2681 2746
39 2748 2799
39 2801 2868
39 2870 2945
39 2947 2986
39 2988 3063
39 3065 3108
39 3110 3135
39 3137 3152
39 3154 3223
39 3225 3282
39 3284 3291
39 3293 3364
39 3366 3423
39 3425 3492
39 3494 3549
39 3551 3632
39 3634 3691
39 3693 3732
39 3734 3735
39 3737 3818
39 3820 3867
39 3869 3908
39 3910 3923
39 3925 4008
39 4010 4075
39 4077 4122
39 4124 4173
39 4175 4194
39 4196 4255
39 4257 4320
39 4322 4379
39 4381 4386
39 4388 4429
39 4431 4470
39 4472 4563
39 4565 4658
39 4660 4753
39 4755 4808
39 4810 4907
39 4909 4980
39 4982 5031
39 5033 5092
39 5094 5115
39 5117 5118
39 5120 5135
39 5137 5172
39 5174 5263
39 5265 5332
39 5334 5405
39 5407 5426
39 5428 5473
39 5475 5484
39 5486 5505
39 5507 5510
39 5512 5575
53 1 64
53 66 131
53 133 226
53 228 327
53 329 366
53 368 379
53 381 452
53 454 497
53 499 586
53 588 605
53 607 616
53 618 623
53 625 718
53 720 755
53 757 818
53 820 895
53 897 922
53 924 981
53 983 1076
53 1078 1131
53 1133 1222
53 1224 1267
53 1269 1344
53 1346 1403
53 1405 1428
53 1430 1443
53 1445 1464
53 1466 1543
53 1545 1560
53 1562 1569
53 1571 1636
53 1638 1709
53 1711 1754
53 1756 1761
53 1763 1780
53 1782 1785
53 1787 1852
53 1854 1893
53 1895 1944
53 1946 2013
53 2015 2080
53 2082 2135
53 2137 2144
53 2146 2185
53 2187 2278
53 2280 2321
53 2323 2346
53 2348 2405
53 2407 2482
53 2484 2515
53 2517 2584
53 2586 2683
53 2685 2726
53 2728 2763
53 2765 2804
53 2806 2853
53 2855 2874
53 2876 2911
53 2913 2974
53 2976 3009
53 3011 3060
53 3062 3075
53 3077 3090
53 3092 3153
53 3155 3158
53 3160 3231
53 3233 3310
53 3312 3363
53 3365 3454
53 3456 3473
53 3475 3492
53 3494 3529
53 3531 3544
53 3546 3597
53 3599 3658
53 3660 3715
53 3717 3810
53 3812 3851
53 3853 3920
53 3922 3929
53 3931 3978
53 3980 3983
53 3985 4062
53 4064 4111
65 1 16
65 18 109
65 111 160
65 162 235
65 237 300
65 302 349
65 351 448
65 450 491
65 493 510
65 512 605
65 607 610
65 612 699
65 701 776
65 778 865
65 867 886
65 888 951
65 953 1002
65 1004 1075
65 1077 1132
65 1134 1187
65 1189 1252
65 1254 1323
65 1325 1404
65 1406 1453
65 1455 1482
65 1484 1515
65 1517 1522
65 1524 1573
65 1575 1614
65 1616 1643
65 1645 1720
65 1722 1769
65 1771 1844
65 1846 1927
65 1929 2012
65 2014 2075
65 2077 2114
65 2116 2167
65 2169 2242
65 2244 2325
65 2327 2422
65 2424 2441
65 2443 2514
65 2516 2599
65 2601 2684
65 2686 2743
65 2745 2806
65 2808 2881
65 2883 2924
65 2926 3023
65 3025 3084
65 3086 3113
65 3115 3194
65 3196 3255
65 3257 3266
65 3268 3295
65 3297 3304
65 3306 3331
65 3333 3410
65 3412 3413
65 3415 3430
65 3432 3487
65 3489 3518
65 3520 3607
65 3609 3638
65 3640 3721
65 3723 3778
65 3780 3849
65 3851 3940
65 3942 3967
65 3969 4030
65 4032 4047
65 4049 4148
65 4150 4241
65 4243 4246
65 4248 4271
65 4273 4348
65 4350 4353
65 4355 4378
65 4380 4425
65 4427 4476
65 4478 4487
65 4489 4582
65 4584 4651
65 4653 4688
65 4690 4733
65 4735 4758
65 4760 4797
65 4799 4802
65 4804 4871
65 4873 4910
65 4912 4981
65 4983 5008
65 5010 5073
65 5075 5108
65 5110 5173
65 5175 5188
85 1 40
85 42 91
85 93 182
85 184 261
85 263 322
85 324 407
85 409 502
85 504 565
85 567 576
85 578 635
85 637 662
85 664 687
85 689 708
85 710 795
85 797 798
85 800 853
85 855 886
85 888 927
85 929 942
85 944 979
85 981 1044
85 1046 1137
85 1139 1212
85 1214 1247
85 1249 1326
85 1328 1425
85 1427 1432
85 1434 1517
85 1519 1542
85 1544 1611
85 1613 1634
85 1636 1695
85 1697 1724
85 1726 1811
85 1813 1814
85 1816 1871
85 1873 1896
85 1898 1913
85 1915 1962
85 1964 2043
85 2045 2064
85 2066 2083
85 2085 2098
85 2100 2173
85 2175 2246
85 2248 2257
85 2259 2298
85 2300 2343
85 2345 2370
85 2372 2435
85 2437 2528
85 2530 2623
85 2625 2696
85 2698 2699
85 2701 2708
85 2710 2799
85 2801 2830
85 2832 2923
85 2925 2988
85 2990 3005
85 3007 3034
85 3036 3093
85 3095 3134
85 3136 3187
85 3189 3268
85 3270 3289
85 3291 3382
85 3384 3447
85 3449 3506
85 3508 3535
85 3537 3550
85 3552 3589
85 3591 3640
85 3642 3701
85 3703 3730
85 3732 3817
85 3819 3894
85 3896 3897
85 3899 3990
85 3992 4041
85 4043 4048
85 4050 4059
85 4061 4084
85 4086 4109
85 4111 4164
85 4166 4171
85 4173 4236
85 4238 4261
85 4263 4320
85 4322 4361
85 4363 4374
85 4376 4459
85 4461 4526
85 4528 4541
85 4543 4616
85 4618 4685
85 4687 4750
85 4752 4775
85 4777 4846
85 4848 4913
85 4915 4966
85 4968 5037
85 5039 5104
85 5106 5155
85 5157 5188
85 5190 5229
85 5231 5282
85 5284 5349
85 5351 5450
85 5452 5543
85 5545 5620
85 5622 5623
85 5625 5692
85 5694 5785
85 5787 5862
85 5864 5895
85 5897 5952
85 5954 6017
7 1 92
7 94 177
7 179 254
7 256 319
7 321 334
7 336 357
7 359 454
7 456 537
7 539 566
7 568 579
7 581 620
7 622 631
7 633 718
7 720 745
7 747 794
7 796 839
7 841 938
7 940 965
7 967 982
7 984 1047
7 1049 1106
7 1108 1137
7 1139 1192
7 1194 1217
7 1219 1302
7 1304 1383
7 1385 1414
7 1416 1485
7 1487 1508
7 1510 1579
7 1581 1614
7 1616 1665
7 1667 1748
7 1750 1833
7 1835 1856
7 1858 1943
7 1945 1964
7 1966 2035
7 2037 2104
7 2106 2199
7 2201 2242
7 2244 2257
7 2259 2338
7 2340 2363
7 2365 2424
7 2426 2443
7 2445 2510
7 2512 2517
7 2519 2594
7 2596 2651
7 2653 2726
7 2728 2755
7 2757 2814
7 2816 2831
7 2833 2846
7 2848 2927
7 2929 3002
7 3004 3087
7 3089 3184
7 3186 3197
7 3199 3244
7 3246 3247
7 3249 3330
7 3332 3337
7 3339 3382
7 3384 3391
7 3393 3420
7 3422 3445
7 3447 3484
7 3486 3517
7 3519 3576
7 3578 3589
7 3591 3652
7 3654 3661
7 3663 3686
7 3688 3729
7 3731 3818
7 3820 3821
7 3823 3882
7 3884 3973
7 3975 4074
7 4076 4133
7 4135 4150
7 4152 4223
7 4225 4228
7 4230 4299
7 4301 4312
7 4314 4405
7 4407 4412
7 4414 4461
7 4463 4550
7 4552 4627
8 1 94
8 96 127
8 129 204
8 206 255
8 257 270
8 272 341
8 343 380
8 382 409
8 411 506
8 508 567
8 569 648
8 650 689
8 691 790
8 792 841
8 843 902
8 904 999
8 1001 1064
8 1066 1147
8 1149 1222
8 1224 1263
8 1265 1358
8 1360 1389
8 1391 1424
8 1426 1435
8 1437 1528
8 1530 1613
8 1615 1648
8 1650 1669
8 1671 1700
8 1702 1755
8 1757 1786
8 1788 1843
8 1845 1864
8 1866 1929
8 1931 1940
8 1942 2027
8 2029 2108
8 2110 2179
8 2181 2228
8 2230 2283
8 2285 2378
8 2380 2475
8 2477 2546
8 2548 2633
8 2635 2710
8 2712 2713
8 2715 2796
8 2798 2835
8 2837 2896
8 2898 2991
8 2993 3080
8 3082 3117
8 3119 3178
8 3180 3185
8 3187 3266
8 3268 3325
8 3327 3360
8 3362 3381
8 3383 3468
8 3470 3517
8 3519 3562
8 3564 3633
8 3635 3702
8 3704 3775
8 3777 3788
8 3790 3869
8 3871 3938
8 3940 3949
8 3951 3968
8 3970 3999
8 4001 4096
8 4098 4159
8 4161 4246
8 4248 4309
8 4311 4362
8 4364 4365
8 4367 4372
8 4374 4425
8 4427 4462
8 4464 4545
8 4547 4618
8 4620 4621
8 4623 4644
8 4646 4703
8 4705 4794
8 4796 4797
8 4799 4804
8 4806 4817
8 4819 4896
8 4898 4899
8 4901 4966
8 4968 5021
8 5023 5104
8 5106 5117
8 5119 5212
8 5214 5271
8 5273 5326
8 5328 5399
8 5401 5480
8 5482 5571
8 5573 5592
8 5594 5597
8 5599 5682
8 5684 5783
8 5785 5856
8 5858 5877
8 5879 5920
8 5922 5933
8 5935 5944
8 5946 6013
8 6015 6086
8 6088 6157
8 6159 6256
8 6258 6305
8 6307 6340
8 6342 6409
27 1 4
27 6 31
27 33 120
27 122 145
27 147 200
27 202 207
27 209 256
27 258 309
27 311 342
27 344 345
27 347 418
27 420 429
27 431 478
27 480 485
27 487 548
27 550 615
27 617 650
27 652 679
27 681 764
27 766 845
27 847 914
27 916 989
27 991 1018
27 1020 1117
27 1119 1202
27 1204 1253
27 1255 1278
27 1280 1301
27 1303 1334
27 1336 1337
27 1339 1342
27 1344 1425
27 1427 1484
27 1486 1547
27 1549 1556
27 1558 1575
27 1577 1664
27 1666 1673
27 1675 1722
27 1724 1807
27 1809 1810
27 1812 1869
27 1871 1892
27 1894 1951
27 1953 1954
27 1956 1983
27 1985 2040
27 2042 2085
27 2087 2182
27 2184 2231
27 2233 2246
27 2248 2259
27 2261 2264
27 2266 2329
27 2331 2362
27 2364 2437
27 2439 2462
27 2464 2523
27 2525 2576
27 2578 2667
27 2669 2726
27 2728 2775
27 2777 2832
27 2834 2863
27 2865 2912
27 2914 2993
27 2995 3048
27 3050 3145
27 3147 3174
27 3176 3273
27 3275 3360
27 3362 3427
27 3429 3446
27 3448 3497
27 3499 3582
27 3584 3585
27 3587 3680
27 3682 3737
27 3739 3768
27 3770 3777
27 3779 3826
27 3828 3877
27 3879 3952
27 3954 4001
27 4003 4056
27 4058 4153
27 4155 4162
27 4164 4247
27 4249 4342
27 4344 4437
27 4439 4532
27 4534 4609
27 4611 4612
27 4614 4659
27 4661 4680
27 4682 4771
27 4773 4824
27 4826 4839
27 4841 4854
27 4856 4873
27 4875 4972
27 4974 5063
27 5065 5106
27 5108 5187
27 5189 5190
27 5192 5253
27 5255 5346
27 5348 5365
27 5367 5426
27 5428 5437
27 5439 5510
27 5512 5563
1 1 22
1 24 51
1 53 72
1 74 155
1 157 228
1 230 319
1 321 340
1 342 417
1 419 506
1 508 519
1 521 570
1 572 631
1 633 674
1 676 751
1 753 824
1 826 837
1 839 856
1 858 903
1 905 990
1 992 1073
1 1075 1120
1 1122 1205
1 1207 1278
1 1280 1295
1 1297 1306
1 1308 1315
1 1317 1396
1 1398 1453
1 1455 1478
1 1480 1563
1 1565 1658
1 1660 1705
1 1707 1738
1 1740 1817
1 1819 1896
1 1898 1965
1 1967 1986
1 1988 2003
1 2005 2008
1 2010 2107
1 2109 2186
1 2188 2241
1 2243 2264
1 2266 2297
1 2299 2372
1 2374 2421
1 2423 2504
1 2506 2523
1 2525 2588
1 2590 2593
1 2595 2602
1 2604 2701
1 2703 2800
1 2802 2847
1 2849 2916
1 2918 2939
1 2941 2964
1 2966 3035
1 3037 3066
1 3068 3121
1 3123 3140
1 3142 3215
1 3217 3266
1 3268 3323
1 3325 3354
1 3356 3365
1 3367 3446
1 3448 3459
1 3461 3468
1 3470 3471
1 3473 3478
1 3480 3559
1 3561 3584
1 3586 3657
1 3659 3742
1 3744 3795
1 3797 3826
1 3828 3885
1 3887 3942
1 3944 4041
1 4043 4052
1 4054 4091
1 4093 4190
1 4192 4249
1 4251 4328
1 4330 4413
1 4415 4480
1 4482 4533
1 4535 4634
1 4636 4645
1 4647 4742
1 4744 4809
1 4811 4904
1 4906 4927
1 4929 4954
1 4956 4961
1 4963 5030
1 5032 5109
70 1 84
70 86 93
70 95 172
70 174 251
70 253 264
70 266 291
70 293 354
70 356 361
70 363 402
70 404 453
70 455 544
70 546 601
70 603 698
70 700 759
70 761 848
70 850 885
70 887 930
70 932 953
70 955 962
70 964 1061
70 1063 1134
70 1136 1167
70 1169 1212
70 1214 1287
70 1289 1294
70 1296 1357
70 1359 1390
70 1392 1421
70 1423 1512
70 1514 1611
70 1613 1694
70 1696 1713
70 1715 1716
70 1718 1761
70 1763 1788
70 1790 1847
70 1849 1902
70 1904 1943
70 1945 1954
70 1956 2019
70 2021 2038
70 2040 2041
70 2043 2122
70 2124 2219
70 2221 2310
70 2312 2315
70 2317 2356
70 2358 2375
70 2377 2442
70 2444 2521
70 2523 2584
70 2586 2601
70 2603 2680
70 2682 2697
70 2699 2762
70 2764 2785
70 2787 2830
70 2832 2913
70 2915 3012
70 3014 3039
70 3041 3048
70 3050 3121
70 3123 3204
70 3206 3221
70 3223 3312
70 3314 3387
70 3389 3454
70 3456 3503
70 3505 3570
70 3572 3657
70 3659 3708
70 3710 3761
70 3763 3808
70 3810 3843
70 3845 3908
70 3910 3919
70 3921 3948
70 3950 3957
70 3959 3978
70 3980 4047
70 4049 4102
70 4104 4181
70 4183 4192
70 4194 4279
70 4281 4312
70 4314 4397
70 4399 4420
70 4422 4437
70 4439 4490
70 4492 4587
70 4589 4610
70 4612 4671
70 4673 4736
66 1 54
66 56 83
66 85 166
66 168 257
66 259 334
66 336 337
66 339 388
66 390 475
66 477 540
66 542 569
66 571 604
66 606 639
66 641 730
66 732 753
66 755 844
66 846 905
66 907 1000
66 1002 1049
66 1051 1080
66 1082 1113
66 1115 1190
66 1192 1205
66 1207 1276
66 1278 1285
66 1287 1376
66 1378 1393
66 1395 1424
66 1426 1431
66 1433 1498
66 1500 1541
66 1543 1580
66 1582 1599
66 1601 1654
66 1656 1735
66 1737 1800
66 1802 1889
66 1891 1910
66 1912 1979
66 1981 2010
66 2012 2097
66 2099 2142
66 2144 2229
66 2231 2254
66 2256 2291
66 2293 2390
66 2392 2487
66 2489 2492
66 2494 2555
66 2557 2574
66 2576 2609
66 2611 2694
66 2696 2783
66 2785 2858
66 2860 2901
66 2903 2938
66 2940 3025
66 3027 3048
66 3050 3081
66 3083 3086
66 3088 3135
66 3137 3172
66 3174 3215
66 3217 3306
66 3308 3361
66 3363 3404
66 3406 3461
66 3463 3544
66 3546 3629
66 3631 3690
66 3692 3749
66 3751 3808
66 3810 3889
66 3891 3988
66 3990 3999
66 4001 4064
66 4066 4147
66 4149 4246
66 4248 4265
45 1 34
45 36 117
45 119 120
45 122 123
45 125 168
45 170 179
45 181 260
45 262 353
45 355 406
45 408 469
45 471 532
45 534 611
45 613 636
45 638 647
45 649 718
45 720 741
45 743 804
45 806 819
45 821 852
45 854 899
45 901 972
45 974 983
45 985 1058
45 1060 1113
45 1115 1172
45 1174 1175
45 1177 1208
45 1210 1249
45 1251 1344
45 1346 1351
45 1353 1402
45 1404 1477
45 1479 1508
45 1510 1597
45 1599 1652
45 1654 1685
45 1687 1710
45 1712 1801
45 1803 1804
45 1806 1863
45 1865 1886
45 1888 1979
45 1981 1986
45 1988 2057
45 2059 2128
45 2130 2191
45 2193 2272
45 2274 2327
45 2329 2384
45 2386 2445
45 2447 2514
45 2516 2593
45 2595 2670
45 2672 2717
45 2719 2794
45 2796 2893
45 2895 2938
45 2940 2987
45 2989 3054
45 3056 3091
45 3093 3098
45 3100 3141
45 3143 3196
45 3198 3239
45 3241 3330
45 3332 3339
45 3341 3398
45 3400 3463
45 3465 3522
45 3524 3569
45 3571 3572
45 3574 3651
45 3653 3702
45 3704 3767
45 3769 3850
45 3852 3935
45 3937 3982
45 3984 3999
45 4001 4036
45 4038 4099
45 4101 4160
45 4162 4181
45 4183 4202
45 4204 4229
45 4231 4288
45 4290 4331
45 4333 4394
45 4396 4413
45 4415 4420
45 4422 4477
45 4479 4522
45 4524 4545
45 4547 4570
45 4572 4591
45 4593 4640
45 4642 4701
45 4703 4710
45 4712 4715
45 4717 4728
45 4730 4749
45 4751 4850
45 4852 4925
45 4927 4960
18 1 70
18 72 157
18 159 196
18 198 217
18 219 294
18 296 355
18 357 376
18 378 469
18 471 532
18 534 583
18 585 646
18 648 735
18 737 738
18 740 811
18 813 864
18 866 925
18 927 960
18 962 1027
18 1029 1086
18 1088 1175
18 1177 1270
18 1272 1305
18 1307 1358
18 1360 1389
18 1391 1404
18 1406 1423
18 1425 1500
18 1502 1581
18 1583 1602
18 1604 1675
18 1677 1696
18 1698 1731
18 1733 1820
18 1822 1873
18 1875 1970
18 1972 2055
18 2057 2130
18 2132 2155
18 2157 2172
18 2174 2175
18 2177 2208
18 2210 2265
18 2267 2306
18 2308 2393
18 2395 2414
18 2416 2461
18 2463 2470
18 2472 2553
18 2555 2650
18 2652 2669
18 2671 2760
18 2762 2767
18 2769 2862
18 2864 2895
18 2897 2990
18 2992 3079
18 3081 3118
18 3120 3137
18 3139 3164
18 3166 3207
18 3209 3272
18 3274 3317
18 3319 3332
18 3334 3415
18 3417 3440
18 3442 3511
18 3513 3590
18 3592 3601
18 3603 3678
18 3680 3733
18 3735 3790
18 3792 3799
18 3801 3850
18 3852 3943
18 3945 3996
18 3998 4047
18 4049 4054
18 4056 4147
18 4149 4212
18 4214 4243
18 4245 4276
18 4278 4335
18 4337 4352
18 4354 4359
18 4361 4368
18 4370 4469
18 4471 4536
18 4538 4631
18 4633 4650
18 4652 4727
18 4729 4734
18 4736 4801
18 4803 4872
18 4874 4941
18 4943 5022
9 1 54
9 56 109
9 111 144
9 146 203
9 205 274
9 276 331
9 333 352
9 354 419
9 421 450
9 452 497
9 499 556
9 558 581
9 583 640
9 642 659
9 661 746
9 748 787
9 789 850
9 852 893
9 895 970
9 972 1003
9 1005 1078
9 1080 1103
9 1105 1108
9 1110 1131
9 1133 1218
9 1220 1255
9 1257 1324
9 1326 1401
9 1403 1410
9 1412 1419
9 1421 1520
9 1522 1553
9 1555 1570
9 1572 1603
9 1605 1634
9 1636 1719
9 1721 1748
9 1750 1847
9 1849 1884
9 1886 1979
9 1981 2064
9 2066 2095
9 2097 2142
9 2144 2157
9 2159 2226
9 2228 2289
9 2291 2360
9 2362 2425
9 2427 2446
9 2448 2483
9 2485 2576
9 2578 2597
9 2599 2646
9 2648 2715
9 2717 2720
9 2722 2751
9 2753 2778
9 2780 2795
9 2797 2802
9 2804 2897
9 2899 2954
9 2956 2997
9 2999 3098
9 3100 3125
9 3127 3190
9 3192 3243
9 3245 3308
9 3310 3391
9 3393 3452
9 3454 3499
9 3501 3552
9 3554 3639
9 3641 3684
9 3686 3749
9 3751 3812
9 3814 3865
9 3867 3942
9 3944 3959
9 3961 4004
9 4006 4033
9 4035 4036
9 4038 4057
9 4059 4118
9 4120 4157
9 4159 4252
9 4254 4319
9 4321 4350
9 4352 4387
9 4389 4400
9 4402 4457
9 4459 4508
9 4510 4511
9 4513 4590
9 4592 4675
9 4677 4716
9 4718 4807
9 4809 4844
9 4846 4877
9 4879 4938
9 4940 4989
9 4991 5004
9 5006 5015
59 1 8
59 10 95
59 97 142
59 144 207
59 209 218
59 220 265
59 267 342
59 344 405
59 407 490
59 492 543
59 545 594
59 596 641
59 643 656
59 658 697
59 699 706
59 708 801
59 803 850
59 852 935
59 937 982
59 984 1065
59 1067 1092
59 1094 1173
59 1175 1266
59 1268 1307
59 1309 1356
59 1358 1379
59 1381 1430
59 1432 1467
59 1469 1522
59 1524 1527
59 1529 1616
59 1618 1717
59 1719 1746
59 1748 1801
59 1803 1900
59 1902 1957
59 1959 1968
59 1970 2045
59 2047 2082
59 2084 2163
59 2165 2252
59 2254 2263
59 2265 2270
59 2272 2339
59 2341 2376
59 2378 2463
59 2465 2562
59 2564 2625
59 2627 2724
59 2726 2735
59 2737 2764
59 2766 2845
59 2847 2930
59 2932 2951
59 2953 3002
59 3004 3099
59 3101 3132
59 3134 3189
59 3191 3288
59 3290 3325
59 3327 3410
59 3412 3499
59 3501 3556
59 3558 3617
59 3619 3712
59 3714 3759
59 3761 3770
59 3772 3837
59 3839 3930
59 3932 3979
59 3981 3994
59 3996 4043
59 4045 4084
59 4086 4093
59 4095 4108
59 4110 4199
59 4201 4202
59 4204 4241
59 4243 4282
59 4284 4315
59 4317 4328
59 4330 4407
59 4409 4474
59 4476 4503
59 4505 4522
59 4524 4531
59 4533 4550
59 4552 4591
59 4593 4608
59 4610 4643
59 4645 4682
59 4684 4765
59 4767 4772
59 4774 4797
59 4799 4852
59 4854 4949
59 4951 4992
59 4994 5015
59 5017 5100
59 5102 5105
59 5107 5120
59 5122 5165
59 5167 5220
59 5222 5265
59 5267 5330
59 5332 5385
59 5387 5408
59 5410 5459
59 5461 5494
59 5496 5581
59 5583 5666
59 5668 5761
77 1 8
77 10 107
77 109 144
77 146 183
77 185 212
77 214 311
77 313 322
77 324 405
77 407 466
77 468 541
77 543 614
77 616 697
77 699 730
77 732 803
77 805 878
77 880 951
77 953 960
77 962 1039
77 1041 1084
77 1086 1159
77 1161 1184
77 1186 1273
77 1275 1356
77 1358 1447
77 1449 1516
77 1518 1607
77 1609 1632
77 1634 1715
77 1717 1748
77 1750 1845
77 1847 1934
77 1936 1961
77 1963 1994
77 1996 2091
77 2093 2126
77 2128 2205
77 2207 2288
77 2290 2385
77 2387 2452
77 2454 2483
77 2485 2552
77 2554 2609
77 2611 2656
77 2658 2721
77 2723 2812
77 2814 2907
77 2909 2984
77 2986 3009
77 3011 3030
77 3032 3051
77 3053 3128
77 3130 3221
77 3223 3270
77 3272 3341
77 3343 3372
77 3374 3419
77 3421 3440
77 3442 3459
77 3461 3504
77 3506 3565
77 3567 3664
77 3666 3735
77 3737 3772
77 3774 3793
77 3795 3888
77 3890 3939
77 3941 4006
77 4008 4043
77 4045 4112
77 4114 4205
77 4207 4246
77 4248 4277
77 4279 4366
77 4368 4443
77 4445 4510
77 4512 4543
77 4545 4578
77 4580 4619
77 4621 4698
77 4700 4725
77 4727 4794
77 4796 4815
77 4817 4836
77 4838 4899
77 4901 4978
77 4980 5025
77 5027 5058
77 5060 5133
77 5135 5190
77 5192 5263
77 5265 5296
77 5298 5383
77 5385 5410
77 5412 5437
77 5439 5496
77 5498 5525
77 5527 5624
77 5626 5647
77 5649 5662
77 5664 5709
77 5711 5808
77 5810 5857
77 5859 5904
77 5906 5919
77 5921 5982
77 5984 6069
77 6071 6118
10 1 70
10 72 125
10 127 214
10 216 263
10 265 356
10 358 379
10 381 390
10 392 439
10 441 522
10 524 547
10 549 604
10 606 635
10 637 706
10 708 785
10 787 882
10 884 915
10 917 964
10 966 1019
10 1021 1040
10 1042 1085
10 1087 1164
10 1166 1233
10 1235 1288
10 1290 1337
10 1339 1400
10 1402 1425
10 1427 1514
10 1516 1605
10 1607 1696
10 1698 1725
10 1727 1792
10 1794 1811
10 1813 1820
10 1822 1871
10 1873 1958
10 1960 1999
10 2001 2092
10 2094 2185
10 2187 2274
10 2276 2367
10 2369 2376
10 2378 2425
10 2427 2522
10 2524 2573
10 2575 2666
10 2668 2711
10 2713 2774
10 2776 2859
10 2861 2916
10 2918 2999
10 3001 3006
10 3008 3049
10 3051 3122
10 3124 3221
10 3223 3304
10 3306 3395
10 3397 3478
10 3480 3573
10 3575 3634
10 3636 3653
10 3655 3658
10 3660 3737
10 3739 3742
10 3744 3841
10 3843 3940
10 3942 4019
10 4021 4094
10 4096 4169
10 4171 4250
10 4252 4347
10 4349 4440
10 4442 4497
10 4499 4566
10 4568 4583
10 4585 4654
10 4656 4659
10 4661 4750
10 4752 4769
10 4771 4854
10 4856 4911
10 4913 4984
10 4986 5081
10 5083 5096
10 5098 5131
10 5133 5204
6 1 90
6 92 97
6 99 106
6 108 169
6 171 264
6 266 363
6 365 458
6 460 473
6 475 504
6 506 513
6 515 556
6 558 653
6 655 734
6 736 835
6 837 880
6 882 969
6 971 1018
6 1020 1037
6 1039 1106
6 1108 1149
6 1151 1212
6 1214 1223
6 1225 1252
6 1254 1269
6 1271 1362
6 1364 1389
6 1391 1418
6 1420 1431
6 1433 1520
6 1522 1537
6 1539 1550
6 1552 1581
6 1583 1678
6 1680 1757
6 1759 1770
6 1772 1841
6 1843 1914
6 1916 1925
6 1927 1940
6 1942 1987
6 1989 2048
6 2050 2097
6 2099 2164
6 2166 2191
6 2193 2276
6 2278 2363
6 2365 2382
6 2384 2445
6 2447 2542
6 2544 2591
6 2593 2604
6 2606 2681
6 2683 2728
6 2730 2777
6 2779 2856
6 2858 2947
6 2949 3018
6 3020 3027
6 3029 3088
6 3090 3147
6 3149 3230
6 3232 3243
6 3245 3292
6 3294 3321
6 3323 3324
6 3326 3417
6 3419 3504
6 3506 3541
6 3543 3618
6 3620 3681
6 3683 3756
6 3758 3781
6 3783 3866
6 3868 3963
6 3965 3990
6 3992 4001
6 4003 4016
6 4018 4043
6 4045 4102
6 4104 4111
6 4113 4194
6 4196 4217
6 4219 4260
6 4262 4359
6 4361 4376
6 4378 4395
6 4397 4406
6 4408 4429
6 4431 4440
6 4442 4539
6 4541 4628
6 4630 4725
6 4727 4768
6 4770 4789
6 4791 4796
6 4798 4819
6 4821 4838
6 4840 4887
6 4889 4914
6 4916 5007
6 5009 5086
6 5088 5167
6 5169 5226
6 5228 5309
6 5311 5386
6 5388 5451
6 5453 5542
6 5544 5617
21 1 52
21 54 111
21 113 210
21 212 251
21 253 352
21 354 393
21 395 400
21 402 483
21 485 540
21 542 623
21 625 714
21 716 739
21 741 810
21 812 865
21 867 886
21 888 909
21 911 990
21 992 999
21 1001 1002
21 1004 1081
21 1083 1104
21 1106 1121
21 1123 1210
21 1212 1231
21 1233 1296
21 1298 1387
21 1389 1460
21 1462 1515
21 1517 1574
21 1576 1669
21 1671 1758
21 1760 1783
21 1785 1826
21 1828 1867
21 1869 1958
21 1960 2053
21 2055 2108
21 2110 2123
21 2125 2166
21 2168 2171
21 2173 2176
21 2178 2265
21 2267 2272
21 2274 2301
21 2303 2310
21 2312 2345
21 2347 2358
21 2360 2443
21 2445 2446
21 2448 2517
21 2519 2550
21 2552 2641
21 2643 2740
21 2742 2815
21 2817 2890
21 2892 2989
21 2991 3082
21 3084 3089
21 3091 3182
21 3184 3229
21 3231 3276
21 3278 3287
21 3289 3292
21 3294 3377
21 3379 3452
21 3454 3509
21 3511 3600
21 3602 3607
21 3609 3648
21 3650 3665
21 3667 3696
21 3698 3709
21 3711 3768
21 3770 3815
21 3817 3862
21 3864 3917
21 3919 3996
21 3998 4057
21 4059 4154
21 4156 4173
21 4175 4198
21 4200 4277
21 4279 4360
21 4362 4371
21 4373 4396
21 4398 4475
21 4477 4574
21 4576 4617
21 4619 4638
21 4640 4653
21 4655 4676
21 4678 4691
21 4693 4722
21 4724 4731
21 4733 4764
21 4766 4787
21 4789 4802
21 4804 4815
21 4817 4868
21 4870 4915
21 4917 4962
21 4964 4967
21 4969 4986
21 4988 5045
21 5047 5074
21 5076 5145
82 1 26
82 28 117
82 119 122
82 124 193
82 195 258
82 260 349
82 351 382
82 384 457
82 459 504
82 506 527
82 529 536
82 538 599
82 601 614
82 616 679
82 681 766
82 768 807
82 809 824
82 826 843
82 845 860
82 862 901
82 903 978
82 980 1035
82 1037 1128
82 1130 1225
82 1227 1310
82 1312 1369
82 1371 1454
82 1456 1543
82 1545 1616
82 1618 1693
82 1695 1720
82 1722 1745
82 1747 1820
82 1822 1847
82 1849 1874
82 1876 1971
82 1973 2072
82 2074 2143
82 2145 2212
82 2214 2309
82 2311 2320
82 2322 2399
82 2401 2496
82 2498 2577
82 2579 2650
82 2652 2683
82 2685 2778
82 2780 2805
82 2807 2838
82 2840 2853
82 2855 2862
82 2864 2891
82 2893 2984
82 2986 2999
82 3001 3030
82 3032 3087
82 3089 3138
82 3140 3177
82 3179 3276
82 3278 3365
82 3367 3420
82 3422 3493
82 3495 3558
82 3560 3597
82 3599 3654
82 3656 3677
82 3679 3776
82 3778 3855
82 3857 3872
82 3874 3897
82 3899 3914
82 3916 3939
82 3941 3996
82 3998 4063
82 4065 4086
82 4088 4133
82 4135 4154
82 4156 4215
82 4217 4266
82 4268 4343
82 4345 4364
82 4366 4445
82 4447 4506
82 4508 4595
82 4597 4650
82 4652 4745
82 4747 4844
82 4846 4865
30 1 82
30 84 149
30 151 200
30 202 251
30 253 326
30 328 337
30 339 428
30 430 465
30 467 540
30 542 575
30 577 640
30 642 655
30 657 752
30 754 769
30 771 810
30 812 905
30 907 984
30 986 1063
30 1065 1072
30 1074 1115
30 1117 1200
30 1202 1245
30 1247 1290
30 1292 1319
30 1321 1364
30 1366 1387
30 1389 1398
30 1400 1449
30 1451 1470
30 1472 1555
30 1557 1652
30 1654 1727
30 1729 1768
30 1770 1823
30 1825 1886
30 1888 1981
30 1983 2058
30 2060 2089
30 2091 2118
30 2120 2159
30 2161 2240
30 2242 2307
30 2309 2322
30 2324 2347
30 2349 2388
30 2390 2423
30 2425 2502
30 2504 2517
30 2519 2568
30 2570 2643
30 2645 2646
30 2648 2709
30 2711 2768
30 2770 2819
30 2821 2850
30 2852 2935
30 2937 3010
30 3012 3047
30 3049 3100
30 3102 3115
30 3117 3172
30 3174 3267
30 3269 3334
30 3336 3363
30 3365 3434
30 3436 3457
30 3459 3468
30 3470 3489
30 3491 3494
30 3496 3553
30 3555 3570
30 3572 3639
30 3641 3656
30 3658 3703
30 3705 3776
30 3778 3807
30 3809 3838
30 3840 3877
30 3879 3920
30 3922 3999
30 4001 4100
99 1 60
99 62 151
99 153 252
99 254 343
99 345 388
99 390 405
99 407 442
99 444 453
99 455 516
99 518 557
99 559 646
99 648 745
99 747 754
99 756 823
99 825 902
99 904 983
99 985 986
99 988 1031
99 1033 1064
99 1066 1131
99 1133 1162
99 1164 1241
99 1243 1318
99 1320 1351
99 1353 1402
99 1404 1473
99 1475 1514
99 1516 1537
99 1539 1614
99 1616 1685
99 1687 1758
99 1760 1829
99 1831 1858
99 1860 1907
99 1909 1990
99 1992 2027
99 2029 2122
99 2124 2219
99 2221 2318
99 2320 2357
99 2359 2402
99 2404 2421
99 2423 2446
99 2448 2497
99 2499 2594
99 2596 2667
99 2669 2670
99 2672 2705
99 2707 2804
99 2806 2845
99 2847 2946
99 2948 3033
99 3035 3078
99 3080 3113
99 3115 3120
99 3122 3133
99 3135 3148
99 3150 3219
99 3221 3274
99 3276 3285
99 3287 3294
99 3296 3359
99 3361 3402
99 3404 3409
99 3411 3422
99 3424 3521
99 3523 3550
99 3552 3617
99 3619 3630
99 3632 3673
99 3675 3678
99 3680 3711
99 3713 3794
99 3796 3867
99 3869 3888
99 3890 3913
99 3915 3930
99 3932 3933
99 3935 3994
99 3996 4091
99 4093 4102
99 4104 4189
99 4191 4224
99 4226 4297
99 4299 4302
99 4304 4393
99 4395 4452
99 4454 4491
99 4493 4570
99 4572 4613
99 4615 4658
99 4660 4709
99 4711 4774
99 4776 4817
99 4819 4870
99 4872 4913
99 4915 4942
99 4944 5021
99 5023 5088
99 5090 5151
99 5153 5220
99 5222 5299
99 5301 5316
99 5318 5413
99 5415 5514
99 5516 5531
99 5533 5548
99 5550 5551
99 5553 5580
99 5582 5651
99 5653 5706
99 5708 5765
99 5767 5776
99 5778 5805
99 5807 5864
99 5866 5881
99 5883 5886
99 5888 5969
89 1 66
89 68 117
89 119 214
89 216 303
89 305 374
89 376 473
89 475 484
89 486 501
89 503 522
89 524 569
89 571 662
89 664 761
89 763 840
89 842 885
89 887 940
89 942 1015
89 1017 1090
89 1092 1143
89 1145 1218
89 1220 1239
89 1241 1296
89 1298 1363
89 1365 1392
89 1394 1465
89 1467 1502
89 1504 1595
89 1597 1662
89 1664 1753
89 1755 1796
89 1798 1861
89 1863 1894
89 1896 1975
89 1977 2056
89 2058 2125
89 2127 2142
89 2144 2173
89 2175 2254
89 2256 2273
89 2275 2304
89 2306 2321
89 2323 2336
89 2338 2415
89 2417 2424
89 2426 2469
89 2471 2524
89 2526 2619
89 2621 2704
89 2706 2709
89 2711 2724
89 2726 2785
89 2787 2832
89 2834 2917
89 2919 2974
89 2976 3065
89 3067 3112
89 3114 3147
89 3149 3206
89 3208 3217
89 3219 3222
89 3224 3279
89 3281 3372
89 3374 3465
89 3467 3518
89 3520 3531
89 3533 3620
89 3622 3633
89 3635 3698
89 3700 3781
89 3783 3830
89 3832 3879
89 3881 3960
89 3962 4039
89 4041 4048
89 4050 4129
89 4131 4214
89 4216 4297
89 4299 4332
89 4334 4349
89 4351 4352
89 4354 4373
89 4375 4456
89 4458 4501
89 4503 4600
89 4602 4665
89 4667 4734
89 4736 4827
89 4829 4832
89 4834 4891
89 4893 4926
89 4928 4951
89 4953 5020
89 5022 5103
89 5105 5180
89 5182 5225
89 5227 5236
89 5238 5303
88 1 52
88 54 151
88 153 234
88 236 253
88 255 308
88 310 405
88 407 464
88 466 483
88 485 552
88 554 583
88 585 614
88 616 699
88 701 766
88 768 845
88 847 904
88 906 931
88 933 1018
88 1020 1091
88 1093 1144
88 1146 1159
88 1161 1204
88 1206 1291
88 1293 1370
88 1372 1379
88 1381 1404
88 1406 1453
88 1455 1514
88 1516 1543
88 1545 1626
88 1628 1699
88 1701 1764
88 1766 1801
88 1803 1846
88 1848 1911
88 1913 1942
88 1944 2029
88 2031 2040
88 2042 2131
88 2133 2150
88 2152 2181
88 2183 2226
88 2228 2319
88 2321 2396
88 2398 2441
88 2443 2538
88 2540 2631
88 2633 2644
88 2646 2739
88 2741 2796
88 2798 2831
88 2833 2878
88 2880 2973
88 2975 3020
88 3022 3101
88 3103 3162
88 3164 3261
88 3263 3332
88 3334 3347
88 3349 3436
88 3438 3519
88 3521 3554
88 3556 3589
88 3591 3624
88 3626 3647
88 3649 3678
88 3680 3761
88 3763 3804
88 3806 3851
88 3853 3878
88 3880 3897
88 3899 3962
88 3964 4027
88 4029 4058
88 4060 4119
88 4121 4154
88 4156 4185
88 4187 4206
88 4208 4267
88 4269 4336
88 4338 4425
88 4427 4506
88 4508 4563
88 4565 4660
88 4662 4667
88 4669 4716
88 4718 4775
88 4777 4818
88 4820 4831
88 4833 4932
88 4934 4951
88 4953 4976
88 4978 5033
88 5035 5062
88 5064 5147
88 5149 5236
88 5238 5277
88 5279 5294
88 5296 5357
88 5359 5386
80 1 78
80 80 91
80 93 150
80 152 187
80 189 268
80 270 293
80 295 316
80 318 397
80 399 474
80 476 533
80 535 620
80 622 685
80 687 784
80 786 817
80 819 886
80 888 889
80 891 950
80 952 977
80 979 1018
80 1020 1105
80 1107 1188
80 1190 1205
80 1207 1232
80 1234 1273
80 1275 1322
80 1324 1381
80 1383 1392
80 1394 1429
80 1431 1514
80 1516 1587
80 1589 1662
80 1664 1665
80 1667 1740
80 1742 1823
80 1825 1882
80 1884 1903
80 1905 1952
80 1954 2035
80 2037 2064
80 2066 2069
80 2071 2124
80 2126 2155
80 2157 2204
80 2206 2273
80 2275 2332
80 2334 2385
80 2387 2456
80 2458 2507
80 2509 2552
80 2554 2603
80 2605 2616
80 2618 2659
80 2661 2688
80 2690 2777
80 2779 2872
80 2874 2903
80 2905 2944
80 2946 2951
80 2953 2968
80 2970 3001
80 3003 3090
80 3092 3139
80 3141 3168
80 3170 3237
80 3239 3294
80 3296 3385
80 3387 3404
80 3406 3493
80 3495 3572
80 3574 3583
80 3585 3672
80 3674 3707
80 3709 3736
80 3738 3789
80 3791 3802
80 3804 3869
80 3871 3916
80 3918 3931
80 3933 3952
80 3954 3995
80 3997 4064
80 4066 4095
80 4097 4162
80 4164 4235
80 4237 4278
80 4280 4317
80 4319 4384
80 4386 4455
80 4457 4506
80 4508 4579
80 4581 4644
80 4646 4723
80 4725 4730
80 4732 4779
80 4781 4820
80 4822 4887
80 4889 4898
80 4900 4937
80 4939 4962
69 1 60
69 62 141
69 143 236
69 238 283
69 285 350
69 352 447
69 449 506
69 508 593
69 595 612
69 614 643
69 645 716
69 718 737
69 739 810
69 812 907
69 909 976
69 978 1029
69 1031 1032
69 1034 1117
69 1119 1192
69 1194 1217
69 1219 1244
69 1246 1289
69 1291 1306
69 1308 1335
69 1337 1382
69 1384 1387
69 1389 1404
69 1406 1453
69 1455 1550
69 1552 1555
69 1557 1602
69 1604 1643
69 1645 1726
69 1728 1823
69 1825 1880
69 1882 1889
69 1891 1984
69 1986 2009
69 2011 2058
69 2060 2107
69 2109 2184
69 2186 2191
69 2193 2222
69 2224 2257
69 2259 2352
69 2354 2387
69 2389 2422
69 2424 2435
69 2437 2460
69 2462 2469
69 2471 2518
69 2520 2599
69 2601 2618
69 2620 2649
69 2651 2660
69 2662 2751
69 2753 2806
69 2808 2833
69 2835 2890
69 2892 2923
69 2925 2946
69 2948 3041
69 3043 3062
69 3064 3107
69 3109 3186
69 3188 3191
69 3193 3244
69 3246 3261
69 3263 3324
69 3326 3403
69 3405 3496
69 3498 3579
69 3581 3672
69 3674 3725
69 3727 3812
69 3814 3901
69 3903 3924
69 3926 3935
69 3937 3964
69 3966 3969
69 3971 3982
69 3984 4031
69 4033 4098
69 4100 4137
69 4139 4228
69 4230 4305
69 4307 4392
69 4394 4457
69 4459 4524
69 4526 4543
69 4545 4636
69 4638 4725
69 4727 4728
69 4730 4753
69 4755 4820
69 4822 4829
69 4831 4856
69 4858 4871
69 4873 4922
69 4924 5017
69 5019 5072
69 5074 5139
69 5141 5178
69 5180 5255
69 5257 5278
69 5280 5379
69 5381 5392
69 5394 5425
69 5427 5494
69 5496 5557
69 5559 5574
69 5576 5649
69 5651 5676
69 5678 5729
69 5731 5734
69 5736 5751
36 1 28
36 30 89
36 91 98
36 100 153
36 155 166
36 168 189
36 191 260
36 262 281
36 283 292
36 294 295
36 297 356
36 358 449
36 451 518
36 520 521
36 523 534
36 536 567
36 569 588
36 590 683
36 685 738
36 740 763
36 765 792
36 794 849
36 851 934
36 936 1005
36 1007 1022
36 1024 1049
36 1051 1076
36 1078 1153
36 1155 1236
36 1238 1331
36 1333 1418
36 1420 1461
36 1463 1490
36 1492 1559
36 1561 1586
36 1588 1607
36 1609 1664
36 1666 1667
36 1669 1752
36 1754 1845
36 1847 1878
36 1880 1965
36 1967 2052
36 2054 2093
36 2095 2190
36 2192 2229
36 2231 2328
36 2330 2333
36 2335 2380
36 2382 2451
36 2453 2536
36 2538 2541
36 2543 2594
36 2596 2619
36 2621 2710
36 2712 2777
36 2779 2856
36 2858 2913
36 2915 3014
36 3016 3059
36 3061 3112
36 3114 3203
36 3205 3268
36 3270 3289
36 3291 3336
36 3338 3347
36 3349 3446
36 3448 3511
36 3513 3608
36 3610 3697
36 3699 3772
36 3774 3829
36 3831 3838
36 3840 3891
36 3893 3976
36 3978 4071
36 4073 4140
36 4142 4229
36 4231 4286
36 4288 4333
36 4335 4366
36 4368 4421
36 4423 4508
36 4510 4547
36 4549 4646
36 4648 4735
36 4737 4828
36 4830 4923
36 4925 4926
36 4928 5011
36 5013 5054
36 5056 5065
36 5067 5108
73 1 2
73 4 73
73 75 132
73 134 213
73 215 230
73 232 279
73 281 300
73 302 353
73 355 394
73 396 429
73 431 488
73 490 531
73 533 628
73 630 703
73 705 710
73 712 799
73 801 806
73 808 891
73 893 910
73 912 1003
73 1005 1100
73 1102 1189
73 1191 1226
73 1228 1279
73 1281 1304
73 1306 1367
73 1369 1440
73 1442 1485
73 1487 1496
73 1498 1531
73 1533 1544
73 1546 1565
73 1567 1646
73 1648 1725
73 1727 1788
73 1790 1823
73 1825 1892
73 1894 1935
73 1937 2016
73 2018 2079
73 2081 2126
73 2128 2165
73 2167 2254
73 2256 2317
73 2319 2348
73 2350 2363
73 2365 2456
73 2458 2555
73 2557 2564
73 2566 2621
73 2623 2654
73 2656 2669
73 2671 2768
73 2770 2809
73 2811 2850
73 2852 2861
73 2863 2928
73 2930 3003
73 3005 3034
73 3036 3057
73 3059 3132
73 3134 3189
73 3191 3268
73 3270 3293
73 3295 3308
73 3310 3397
73 3399 3424
73 3426 3435
73 3437 3452
73 3454 3511
73 3513 3534
73 3536 3561
73 3563 3602
73 3604 3623
73 3625 3644
73 3646 3699
73 3701 3712
73 3714 3747
73 3749 3788
73 3790 3813
73 3815 3822
73 3824 3881
73 3883 3910
73 3912 3997
73 3999 4076
73 4078 4153
73 4155 4218
73 4220 4303
73 4305 4380
73 4382 4427
73 4429 4518
73 4520 4553
73 4555 4556
73 4558 4625
73 4627 4684
73 4686 4703
73 4705 4706
73 4708 4769
73 4771 4774
73 4776 4835
86 1 76
86 78 123
86 125 212
86 214 235
86 237 278
86 280 333
86 335 376
86 378 413
86 415 464
86 466 519
86 521 596
86 598 615
86 617 682
86 684 771
86 773 834
86 836 839
86 841 926
86 928 967
86 969 1014
86 1016 1059
86 1061 1158
86 1160 1181
86 1183 1206
86 1208 1283
86 1285 1324
86 1326 1409
86 1411 1458
86 1460 1557
86 1559 1610
86 1612 1687
86 1689 1748
86 1750 1801
86 1803 1838
86 1840 1923
86 1925 1972
86 1974 2059
86 2061 2078
86 2080 2119
86 2121 2192
86 2194 2231
86 2233 2324
86 2326 2405
86 2407 2486
86 2488 2527
86 2529 2548
86 2550 2553
86 2555 2564
86 2566 2617
86 2619 2620
86 2622 2623
86 2625 2700
86 2702 2799
86 2801 2846
86 2848 2899
86 2901 2980
86 2982 3043
86 3045 3110
86 3112 3209
86 3211 3282
86 3284 3377
86 3379 3428
86 3430 3471
86 3473 3518
86 3520 3535
86 3537 3606
86 3608 3609
86 3611 3622
86 3624 3673
86 3675 3768
86 3770 3861
86 3863 3934
86 3936 3941
86 3943 4028
86 4030 4105
86 4107 4142
86 4144 4169
86 4171 4172
86 4174 4187
86 4189 4238
86 4240 4329
86 4331 4422
86 4424 4491
86 4493 4564
86 4566 4655
86 4657 4750
86 4752 4811
86 4813 4854
86 4856 4875
86 4877 4952
86 4954 5005
86 5007 5086
86 5088 5113
86 5115 5122
86 5124 5163
86 5165 5252
86 5254 5335
86 5337 5392
86 5394 5423
86 5425 5482
86 5484 5515
86 5517 5582
86 5584 5651
86 5653 5752
86 5754 5827
86 5829 5842
86 5844 5875
93 1 52
93 54 107
93 109 142
93 144 189
93 191 236
93 238 335
93 337 368
93 370 467
93 469 492
93 494 523
93 525 606
93 608 677
93 679 748
93 750 837
93 839 896
93 898 961
93 963 1008
93 1010 1093
93 1095 1098
93 1100 1197
93 1199 1294
93 1296 1393
93 1395 1444
93 1446 1513
93 1515 1614
93 1616 1641
93 1643 1712
93 1714 1757
93 1759 1812
93 1814 1847
93 1849 1876
93 1878 1909
93 1911 1992
93 1994 2003
93 2005 2020
93 2022 2079
93 2081 2130
93 2132 2185
93 2187 2198
93 2200 2237
93 2239 2256
93 2258 2323
93 2325 2360
93 2362 2413
93 2415 2490
93 2492 2505
93 2507 2572
93 2574 2581
93 2583 2598
93 2600 2619
93 2621 2710
93 2712 2749
93 2751 2786
93 2788 2797
93 2799 2814
93 2816 2853
93 2855 2916
93 2918 2931
93 2933 2986
93 2988 3061
93 3063 3118
93 3120 3133
93 3135 3208
93 3210 3301
93 3303 3304
93 3306 3375
93 3377 3404
93 3406 3423
93 3425 3498
93 3500 3539
93 3541 3552
93 3554 3595
93 3597 3656
93 3658 3683
93 3685 3694
93 3696 3749
93 3751 3790
93 3792 3805
93 3807 3838
93 3840 3867
93 3869 3942
93 3944 4043
93 4045 4112
93 4114 4125
93 4127 4198
93 4200 4259
93 4261 4318
93 4320 4389
93 4391 4470
68 1 96
68 98 137
68 139 176
68 178 201
68 203 236
68 238 329
68 331 400
68 402 409
68 411 432
68 434 435
68 437 442
68 444 515
68 517 554
68 556 617
68 619 694
68 696 781
68 783 856
68 858 873
68 875 960
68 962 1003
68 1005 1050
68 1052 1063
68 1065 1142
68 1144 1233
68 1235 1272
68 1274 1317
68 1319 1382
68 1384 1467
68 1469 1524
68 1526 1595
68 1597 1660
68 1662 1741
68 1743 1838
68 1840 1871
68 1873 1920
68 1922 1979
68 1981 2074
68 2076 2103
68 2105 2186
68 2188 2265
68 2267 2320
68 2322 2323
68 2325 2346
68 2348 2431
68 2433 2440
68 2442 2471
68 2473 2478
68 2480 2559
68 2561 2646
68 2648 2677
68 2679 2716
68 2718 2745
68 2747 2824
68 2826 2905
68 2907 2996
68 2998 3077
68 3079 3092
68 3094 3139
68 3141 3150
68 3152 3167
68 3169 3178
68 3180 3199
68 3201 3212
68 3214 3287
68 3289 3312
68 3314 3349
68 3351 3364
68 3366 3435
68 3437 3448
68 3450 3539
68 3541 3556
68 3558 3607
68 3609 3706
68 3708 3741
68 3743 3812
68 3814 3825
68 3827 3864
68 3866 3929
68 3931 3966
68 3968 3979
68 3981 4048
68 4050 4127
68 4129 4226
68 4228 4325
68 4327 4384
68 4386 4463
68 4465 4478
68 4480 4573
68 4575 4624
68 4626 4693
68 4695 4768
68 4770 4813
68 4815 4826
68 4828 4911
68 4913 4964
68 4966 5037
50 1 48
50 50 57
50 59 154
50 156 211
50 213 244
50 246 257
50 259 304
50 306 341
50 343 400
50 402 455
50 457 542
50 544 595
50 597 654
50 656 699
50 701 766
50 768 819
50 821 860
50 862 879
50 881 884
50 886 927
50 929 996
50 998 1029
50 1031 1070
50 1072 1105
50 1107 1128
50 1130 1153
50 1155 1190
50 1192 1243
50 1245 1284
50 1286 1313
50 1315 1360
50 1362 1369
50 1371 1462
50 1464 1505
50 1507 1590
50 1592 1685
50 1687 1700
50 1702 1753
50 1755 1788
50 1790 1871
50 1873 1894
50 1896 1949
50 1951 2048
50 2050 2109
50 2111 2178
50 2180 2205
50 2207 2240
50 2242 2255
50 2257 2302
50 2304 2363
50 2365 2412
50 2414 2465
50 2467 2508
50 2510 2559
50 2561 2572
50 2574 2669
50 2671 2684
50 2686 2747
50 2749 2752
50 2754 2783
50 2785 2808
50 2810 2833
50 2835 2890
50 2892 2899
50 2901 2932
50 2934 2971
50 2973 3056
50 3058 3117
50 3119 3186
50 3188 3221
50 3223 3302
50 3304 3343
50 3345 3372
50 3374 3471
50 3473 3526
50 3528 3571
50 3573 3634
50 3636 3721
50 3723 3728
50 3730 3743
50 3745 3756
50 3758 3765
43 1 74
43 76 139
43 141 190
43 192 277
43 279 326
43 328 341
43 343 404
43 406 429
43 431 504
43 506 513
43 515 536
43 538 623
43 625 670
43 672 711
43 713 800
43 802 819
43 821 838
43 840 897
43 899 904
43 906 915
43 917 940
43 942 975
43 977 1034
43 1036 1117
43 1119 1206
43 1208 1221
43 1223 1320
43 1322 1403
43 1405 1460
43 1462 1481
43 1483 1514
43 1516 1581
43 1583 1610
43 1612 1707
43 1709 1726
43 1728 1759
43 1761 1812
43 1814 1857
43 1859 1920
43 1922 1991
43 1993 2036
43 2038 2117
43 2119 2172
43 2174 2263
43 2265 2290
43 2292 2317
43 2319 2348
43 2350 2353
43 2355 2436
43 2438 2471
43 2473 2538
43 2540 2607
43 2609 2654
43 2656 2679
43 2681 2778
43 2780 2801
43 2803 2836
43 2838 2883
43 2885 2966
43 2968 3051
43 3053 3072
43 3074 3147
43 3149 3232
43 3234 3247
43 3249 3334
43 3336 3423
43 3425 3456
43 3458 3469
43 3471 3516
43 3518 3551
43 3553 3624
43 3626 3669
43 3671 3732
43 3734 3825
43 3827 3846
43 3848 3917
43 3919 3936
43 3938 4029
43 4031 4070
43 4072 4105
43 4107 4188
43 4190 4217
43 4219 4236
43 4238 4297
43 4299 4366
43 4368 4441
43 4443 4474
43 4476 4493
43 4495 4498
43 4500 4505
43 4507 4574
43 4576 4647
43 4649 4666
43 4668 4767
43 4769 4820
43 4822 4893
43 4895 4970
43 4972 4993
43 4995 5032
43 5034 5111
43 5113 5200
43 5202 5205
43 5207 5224
43 5226 5317
43 5319 5362
43 5364 5439
43 5441 5450
43 5452 5483
43 5485 5538
43 5540 5557
43 5559 5644
43 5646 5683
43 5685 5752
43 5754 5785
43 5787 5856
43 5858 5891
43 5893 5972
43 5974 6027
43 6029 6032
43 6034 6051
20 1 60
20 62 121
20 123 216
20 218 225
20 227 282
20 284 297
20 299 312
20 314 373
20 375 438
20 440 501
20 503 590
20 592 623
20 625 646
20 648 697
20 699 754
20 756 799
20 801 880
20 882 937
20 939 1012
20 1014 1093
20 1095 1128
20 1130 1137
20 1139 1148
20 1150 1237
20 1239 1302
20 1304 1331
20 1333 1400
20 1402 1417
20 1419 1442
20 1444 1469
20 1471 1482
20 1484 1529
20 1531 1538
20 1540 1633
20 1635 1672
20 1674 1763
20 1765 1828
20 1830 1839
20 1841 1852
20 1854 1935
20 1937 1956
20 1958 2051
20 2053 2086
20 2088 2151
20 2153 2218
20 2220 2261
20 2263 2354
20 2356 2421
20 2423 2516
20 2518 2565
20 2567 2612
20 2614 2667
20 2669 2678
20 2680 2683
20 2685 2768
20 2770 2833
20 2835 2864
20 2866 2907
20 2909 2986
20 2988 3007
20 3009 3016
20 3018 3023
20 3025 3104
20 3106 3137
20 3139 3212
20 3214 3239
20 3241 3294
20 3296 3305
20 3307 3340
20 3342 3381
20 3383 3402
20 3404 3451
20 3453 3510
20 3512 3585
20 3587 3678
20 3680 3713
20 3715 3790
20 3792 3873
20 3875 3894
20 3896 3975
20 3977 4038
20 4040 4135
20 4137 4226
20 4228 4283
20 4285 4308
20 4310 4365
20 4367 4456
20 4458 4537
20 4539 4632
20 4634 4669
20 4671 4748
20 4750 4825
20 4827 4854
20 4856 4875
20 4877 4924
20 4926 5005
20 5007 5074
20 5076 5151
20 5153 5176
20 5178 5213
20 5215 5298
20 5300 5385
20 5387 5464
20 5466 5469
20 5471 5506
20 5508 5573
33 1 68
33 70 95
33 97 190
33 192 231
33 233 284
33 286 317
33 319 382
33 384 403
33 405 430
33 432 443
33 445 474
33 476 531
33 533 558
33 560 649
33 651 722
33 724 747
33 749 772
33 774 795
33 797 822
33 824 883
33 885 886
33 888 893
33 895 952
33 954 1017
33 1019 1080
33 1082 1149
33 1151 1166
33 1168 1205
33 1207 1268
33 1270 1293
33 1295 1318
33 1320 1377
33 1379 1446
33 1448 1509
33 1511 1604
33 1606 1621
33 1623 1692
33 1694 1731
33 1733 1734
33 1736 1815
33 1817 1824
33 1826 1855
33 1857 1942
33 1944 2021
33 2023 2028
33 2030 2055
33 2057 2078
33 2080 2099
33 2101 2110
33 2112 2189
33 2191 2230
33 2232 2247
33 2249 2338
33 2340 2413
33 2415 2472
33 2474 2485
33 2487 2488
33 2490 2547
33 2549 2604
33 2606 2615
33 2617 2656
33 2658 2665
33 2667 2704
33 2706 2787
33 2789 2800
33 2802 2849
33 2851 2944
33 2946 2975
33 2977 3072
33 3074 3129
33 3131 3144
33 3146 3171
33 3173 3248
33 3250 3309
33 3311 3388
33 3390 3455
33 3457 3502
33 3504 3555
33 3557 3598
33 3600 3679
33 3681 3722
33 3724 3807
33 3809 3886
33 3888 3891
33 3893 3986
33 3988 4049
33 4051 4138
33 4140 4237
33 4239 4306
33 4308 4347
33 4349 4422
33 4424 4499
33 4501 4592
33 4594 4655
33 4657 4718
40 1 28
40 30 113
40 115 182
40 184 211
40 213 236
40 238 321
40 323 374
40 376 435
40 437 440
40 442 537
40 539 562
40 564 663
40 665 740
40 742 827
40 829 900
40 902 969
40 971 1034
40 1036 1057
40 1059 1132
40 1134 1219
40 1221 1306
40 1308 1355
40 1357 1398
40 1400 1425
40 1427 1434
40 1436 1475
40 1477 1506
40 1508 1567
40 1569 1620
40 1622 1623
40 1625 1676
40 1678 1741
40 1743 1828
40 1830 1889
40 1891 1918
40 1920 1931
40 1933 1958
40 1960 1971
40 1973 1996
40 1998 2071
40 2073 2118
40 2120 2123
40 2125 2192
40 2194 2243
40 2245 2294
40 2296 2363
40 2365 2406
40 2408 2433
40 2435 2476
40 2478 2549
40 2551 2612
40 2614 2665
40 2667 2688
40 2690 2711
40 2713 2794
40 2796 2839
40 2841 2872
40 2874 2919
40 2921 2996
40 2998 3023
40 3025 3068
40 3070 3159
40 3161 3184
40 3186 3239
40 3241 3244
40 3246 3257
40 3259 3326
40 3328 3415
40 3417 3480
40 3482 3545
40 3547 3600
40 3602 3675
40 3677 3688
40 3690 3691
40 3693 3788
40 3790 3825
40 3827 3918
40 3920 3927
40 3929 3994
40 3996 4043
40 4045 4098
40 4100 4127
40 4129 4158
40 4160 4255
40 4257 4318
40 4320 4327
40 4329 4412
40 4414 4447
40 4449 4450
40 4452 4517
40 4519 4548
40 4550 4593
40 4595 4634
40 4636 4653
40 4655 4708
40 4710 4725
40 4727 4802
40 4804 4901
40 4903 4910
29 1 22
29 24 123
29 125 142
29 144 179
29 181 222
29 224 269
29 271 320
29 322 373
29 375 450
29 452 461
29 463 530
29 532 591
29 593 662
29 664 751
29 753 822
29 824 923
29 925 1008
29 1010 1079
29 1081 1168
29 1170 1221
29 1223 1252
29 1254 1269
29 1271 1274
29 1276 1347
29 1349 1388
29 1390 1461
29 1463 1550
29 1552 1631
29 1633 1714
29 1716 1779
29 1781 1806
29 1808 1813
29 1815 1852
29 1854 1951
29 1953 2012
29 2014 2073
29 2075 2160
29 2162 2185
29 2187 2200
29 2202 2267
29 2269 2358
29 2360 2403
29 2405 2448
29 2450 2499
29 2501 2540
29 2542 2587
29 2589 2672
29 2674 2719
29 2721 2798
29 2800 2809
29 2811 2840
29 2842 2883
29 2885 2930
29 2932 2933
29 2935 2990
29 2992 3021
29 3023 3052
29 3054 3091
29 3093 3144
29 3146 3161
29 3163 3208
29 3210 3293
29 3295 3328
29 3330 3403
29 3405 3416
29 3418 3515
29 3517 3578
29 3580 3589
29 3591 3620
29 3622 3647
29 3649 3694
29 3696 3763
29 3765 3836
29 3838 3935
29 3937 4004
29 4006 4063
29 4065 4094
29 4096 4169
29 4171 4238
29 4240 4285
29 4287 4326
29 4328 4391
29 4393 4472
29 4474 4559
29 4561 4598
29 4600 4685
29 4687 4710
29 4712 4749
29 4751 4822
29 4824 4903
29 4905 4964
29 4966 4971
29 4973 5012
29 5014 5045
29 5047 5136
29 5138 5161
29 5163 5244
29 5246 5269
29 5271 5352
29 5354 5425
29 5427 5468
29 5470 5477
29 5479 5570
32 1 26
32 28 57
32 59 136
32 138 223
32 225 238
32 240 315
32 317 394
32 396 423
32 425 450
32 452 529
32 531 576
32 578 597
32 599 646
32 648 729
32 731 778
32 780 839
32 841 934
32 936 939
32 941 978
32 980 1069
32 1071 1110
32 1112 1135
32 1137 1232
32 1234 1235
32 1237 1268
32 1270 1339
32 1341 1424
32 1426 1489
32 1491 1556
32 1558 1617
32 1619 1702
32 1704 1709
32 1711 1738
32 1740 1789
32 1791 1866
32 1868 1905
32 1907 1910
32 1912 1995
32 1997 2068
32 2070 2131
32 2133 2206
32 2208 2303
32 2305 2390
32 2392 2411
32 2413 2418
32 2420 2453
32 2455 2496
32 2498 2543
32 2545 2592
32 2594 2631
32 2633 2676
32 2678 2687
32 2689 2772
32 2774 2847
32 2849 2942
32 2944 3043
32 3045 3050
32 3052 3117
32 3119 3188
32 3190 3203
32 3205 3288
32 3290 3303
32 3305 3380
32 3382 3387
32 3389 3426
32 3428 3465
32 3467 3494
32 3496 3563
32 3565 3656
32 3658 3689
32 3691 3700
32 3702 3715
32 3717 3754
32 3756 3851
32 3853 3904
32 3906 3957
32 3959 4036
32 4038 4101
32 4103 4136
32 4138 4141
32 4143 4220
32 4222 4275
32 4277 4324
32 4326 4379
32 4381 4418
32 4420 4459
32 4461 4494
32 4496 4541
32 4543 4632
32 4634 4727
32 4729 4824
32 4826 4839
32 4841 4900
17 1 22
17 24 95
17 97 136
17 138 197
17 199 246
17 248 313
17 315 368
17 370 373
17 375 422
17 424 473
17 475 480
17 482 485
17 487 528
17 530 541
17 543 592
17 594 641
17 643 700
17 702 767
17 769 788
17 790 805
17 807 872
17 874 879
17 881 978
17 980 1073
17 1075 1152
17 1154 1207
17 1209 1234
17 1236 1251
17 1253 1350
17 1352 1383
17 1385 1450
17 1452 1471
17 1473 1544
17 1546 1559
17 1561 1564
17 1566 1655
17 1657 1718
17 1720 1759
17 1761 1776
17 1778 1807
17 1809 1846
17 1848 1945
17 1947 2006
17 2008 2051
17 2053 2146
17 2148 2221
17 2223 2314
17 2316 2369
17 2371 2398
17 2400 2411
17 2413 2414
17 2416 2437
17 2439 2448
17 2450 2459
17 2461 2490
17 2492 2503
17 2505 2564
17 2566 2649
17 2651 2738
17 2740 2823
17 2825 2900
17 2902 2911
17 2913 2934
17 2936 2937
17 2939 3006
17 3008 3089
17 3091 3138
17 3140 3149
17 3151 3240
17 3242 3297
17 3299 3334
17 3336 3425
17 3427 3508
17 3510 3591
17 3593 3678
17 3680 3703
17 3705 3756
17 3758 3795
17 3797 3882
17 3884 3921
17 3923 3970
17 3972 4023
17 4025 4080
17 4082 4123
17 4125 4178
17 4180 4191
17 4193 4284
17 4286 4309
17 4311 4364
17 4366 4391
17 4393 4458
17 4460 4497
17 4499 4556
17 4558 4657
17 4659 4682
17 4684 4701
17 4703 4796
17 4798 4873
17 4875 4916
17 4918 4985
17 4987 5068
17 5070 5117
17 5119 5208
17 5210 5301
67 1 48
67 50 67
67 69 76
67 78 99
67 101 140
67 142 201
67 203 246
67 248 333
67 335 336
67 338 427
67 429 454
67 456 515
67 517 548
67 550 617
67 619 630
67 632 711
67 713 716
67 718 761
67 763 774
67 776 869
67 871 942
67 944 1009
67 1011 1066
67 1068 1073
67 1075 1096
67 1098 1157
67 1159 1208
67 1210 1225
67 1227 1308
67 1310 1333
67 1335 1362
67 1364 1405
67 1407 1500
67 1502 1583
67 1585 1636
67 1638 1665
67 1667 1708
67 1710 1733
67 1735 1766
67 1768 1823
67 1825 1870
67 1872 1913
67 1915 2006
67 2008 2011
67 2013 2064
67 2066 2109
67 2111 2192
67 2194 2271
67 2273 2338
67 2340 2395
67 2397 2436
67 2438 2531
67 2533 2546
67 2548 2643
67 2645 2720
67 2722 2787
67 2789 2830
67 2832 2895
67 2897 2920
67 2922 2929
67 2931 3026
67 3028 3093
67 3095 3110
67 3112 3171
67 3173 3210
67 3212 3273
67 3275 3324
67 3326 3409
67 3411 3470
67 3472 3489
67 3491 3528
67 3530 3609
67 3611 3670
67 3672 3715
67 3717 3778
67 3780 3847
67 3849 3878
67 3880 3941
67 3943 3956
67 3958 4043
67 4045 4080
67 4082 4137
67 4139 4182
67 4184 4205
67 4207 4246
67 4248 4279
67 4281 4290
67 4292 4349
67 4351 4358
67 4360 4385
67 4387 4474
67 4476 4499
67 4501 4528
67 4530 4535
28 1 76
28 78 85
28 87 184
28 186 267
28 269 364
28 366 413
28 415 426
28 428 439
28 441 504
28 506 531
28 533 630
28 632 669
28 671 750
28 752 835
28 837 842
28 844 879
28 881 890
28 892 941
28 943 964
28 966 985
28 987 1022
28 1024 1081
28 1083 1088
28 1090 1177
28 1179 1278
28 1280 1369
28 1371 1438
28 1440 1451
28 1453 1474
28 1476 1495
28 1497 1538
28 1540 1585
28 1587 1598
28 1600 1679
28 1681 1714
28 1716 1725
28 1727 1756
28 1758 1829
28 1831 1854
28 1856 1921
28 1923 1992
28 1994 1995
28 1997 2078
28 2080 2095
28 2097 2112
28 2114 2201
28 2203 2262
28 2264 2317
28 2319 2368
28 2370 2457
28 2459 2470
28 2472 2521
28 2523 2576
28 2578 2625
28 2627 2696
28 2698 2701
28 2703 2722
28 2724 2753
28 2755 2762
28 2764 2849
28 2851 2932
28 2934 2985
28 2987 3046
28 3048 3145
28 3147 3242
28 3244 3289
28 3291 3346
28 3348 3387
28 3389 3428
28 3430 3511
28 3513 3570
28 3572 3613
28 3615 3706
28 3708 3795
28 3797 3816
28 3818 3841
28 3843 3888
28 3890 3975
28 3977 3992
28 3994 4087
28 4089 4108
28 4110 4167
28 4169 4224
28 4226 4263
28 4265 4276
28 4278 4315
28 4317 4362
28 4364 4431
28 4433 4526
28 4528 4565
28 4567 4596
28 4598 4665
28 4667 4704
28 4706 4761
28 4763 4850
28 4852 4905
28 4907 5000
28 5002 5035
28 5037 5126
51 1 56
51 58 91
51 93 130
51 132 147
51 149 186
51 188 263
51 265 318
51 320 377
51 379 400
51 402 433
51 435 520
51 522 579
51 581 584
51 586 619
51 621 654
51 656 721
51 723 736
51 738 819
51 821 900
51 902 993
51 995 1002
51 1004 1049
51 1051 1056
51 1058 1119
51 1121 1162
51 1164 1215
51 1217 1280
51 1282 1319
51 1321 1398
51 1400 1477
51 1479 1516
51 1518 1529
51 1531 1622
51 1624 1625
51 1627 1694
51 1696 1727
51 1729 1766
51 1768 1801
51 1803 1896
51 1898 1919
51 1921 1978
51 1980 2035
51 2037 2098
51 2100 2165
51 2167 2266
51 2268 2307
51 2309 2348
51 2350 2447
51 2449 2456
51 2458 2459
51 2461 2516
51 2518 2579
51 2581 2616
51 2618 2659
51 2661 2732
51 2734 2783
51 2785 2844
51 2846 2921
51 2923 2964
51 2966 2987
51 2989 3056
51 3058 3119
51 3121 3140
51 3142 3205
51 3207 3218
51 3220 3289
51 3291 3344
51 3346 3377
51 3379 3428
51 3430 3487
51 3489 3582
51 3584 3621
51 3623 3688
51 3690 3761
51 3763 3856
51 3858 3859
51 3861 3876
51 3878 3943
51 3945 4026
51 4028 4105
51 4107 4124
51 4126 4181
51 4183 4196
51 4198 4279
51 4281 4284
51 4286 4307
51 4309 4334
51 4336 4337
51 4339 4388
51 4390 4393
51 4395 4450
51 4452 4515
51 4517 4558
51 4560 4611
51 4613 4668
51 4670 4705
51 4707 4724
51 4726 4733
51 4735 4802
51 4804 4811
51 4813 4862
54 1 62
54 64 109
54 111 166
54 168 221
54 223 250
54 252 319
54 321 356
54 358 375
54 377 378
54 380 425
54 427 442
54 444 521
54 523 620
54 622 701
54 703 718
54 720 725
54 727 818
54 820 827
54 829 908
54 910 991
54 993 1042
54 1044 1111
54 1113 1132
54 1134 1147
54 1149 1246
54 1248 1323
54 1325 1384
54 1386 1451
54 1453 1546
54 1548 1613
54 1615 1690
54 1692 1733
54 1735 1774
54 1776 1861
54 1863 1898
54 1900 1995
54 1997 2064
54 2066 2133
54 2135 2198
54 2200 2209
54 2211 2230
54 2232 2289
54 2291 2298
54 2300 2303
54 2305 2364
54 2366 2463
54 2465 2534
54 2536 2579
54 2581 2626
54 2628 2645
54 2647 2658
54 2660 2735
54 2737 2828
54 2830 2877
54 2879 2914
54 2916 2983
54 2985 3082
54 3084 3163
54 3165 3194
54 3196 3277
54 3279 3282
54 3284 3323
54 3325 3404
54 3406 3409
54 3411 3472
54 3474 3501
54 3503 3526
54 3528 3609
54 3611 3702
54 3704 3723
54 3725 3806
54 3808 3837
54 3839 3882
54 3884 3957
54 3959 4024
54 4026 4085
54 4087 4132
54 4134 4173
54 4175 4188
54 4190 4223
54 4225 4302
54 4304 4305
54 4307 4308
54 4310 4359
54 4361 4414
54 4416 4439
54 4441 4522
54 4524 4555
54 4557 4596
54 4598 4657
54 4659 4676
54 4678 4691
54 4693 4720
54 4722 4809
54 4811 4880
54 4882 4963
54 4965 5016
54 5018 5047
54 5049 5128
54 5130 5185
95 1 20
95 22 37
95 39 132
95 134 149
95 151 208
95 210 283
95 285 368
95 370 411
95 413 464
95 466 545
95 547 556
95 558 577
95 579 622
95 624 719
95 721 758
95 760 785
95 787 828
95 830 885
95 887 908
95 910 925
95 927 1016
95 1018 1087
95 1089 1186
95 1188 1227
95 1229 1234
95 1236 1241
95 1243 1248
95 1250 1341
95 1343 1394
95 1396 1449
95 1451 1472
95 1474 1497
95 1499 1524
95 1526 1531
95 1533 1630
95 1632 1691
95 1693 1748
95 1750 1753
95 1755 1834
95 1836 1859
95 1861 1904
95 1906 1985
95 1987 2064
95 2066 2149
95 2151 2238
95 2240 2267
95 2269 2346
95 2348 2389
95 2391 2490
95 2492 2567
95 2569 2656
95 2658 2737
95 2739 2756
95 2758 2843
95 2845 2926
95 2928 2993
95 2995 3092
95 3094 3113
95 3115 3166
95 3168 3185
95 3187 3188
95 3190 3255
95 3257 3316
95 3318 3329
95 3331 3368
95 3370 3465
95 3467 3542
95 3544 3573
95 3575 3620
95 3622 3697
95 3699 3760
95 3762 3843
95 3845 3884
95 3886 3943
95 3945 3948
95 3950 3963
95 3965 3974
95 3976 4049
95 4051 4056
95 4058 4103
95 4105 4174
95 4176 4209
95 4211 4300
95 4302 4307
95 4309 4388
95 4390 4463
494085 632643
495373 964785
226592 290699
857057 971949
630569 895374
411557 841652
708175 865936
965569 967290
812952 964275
109722 756877
952672 969947
236269 599716
538828 754987
533054 888217
920642 925686
985438 999200
617097 772036
820270 960541
266272 562414
61624 578328
409631 514559
787138 810937
299032 362405
555435 698137
438459 755374
985009 995709
888336 939735
923387 977289
886164 891362
867439 977115
240345 327137
55759 529692
649565 821939
733460 993227
783321 884223
820147 948911
446086 843546
492938 842795
31993 656649
620578 850431
928849 929975
213249 749612
269278 916288
565853 928307
152692 773506
623115 814648
828640 983860
343332 404534
357632 995706
207870 346047
263439 410194
853209 901916
572947 719667
54967 401467
274506 660333
372926 740433
129894 471943
869918 965000
13066 406550
538421 977650
745792 950372
137161 536502
331978 620227
940988 994509
241069 444346
423018 557436
435157 763252
778644 826631
629117 875955
457356 516960
930570 980345
318857 345136
401650 807353
585034 962557
909746 933833
746364 830415
282973 414582
4824 214203
927543 989324
93296 461442
334172 768991
503654 742205
467521 510149
61360 664125
989852 992835
71136 598106
374377 585209
589487 652503
418979 684465
256209 486235
146803 916457
33270 873293
92393 657125
859329 947654
677239 888404
793323 911162
496592 669288
254767 829099
492768 864170
114754 467594
93607 914654
417209 825172
415797 734480
60836 583759
366492 430247
965627 980435
837121 862661
323546 860019
742999 837845
27225 676481
80515 837463
391967 856889
232102 408254
453837 492929
133944 499002
188171 316079
537021 679679
361158 708047
240689 538720
390919 982057
69293 820351
379757 931924
532203 584742
328326 984874
790631 957649
543150 632998
514712 908390
817130 936734
16934 229737
127237 617898
22619 127294
15370 708647
308906 680998
793222 899798
690901 949787
608808 672283
806026 828678
99033 584849
231843 849210
962491 977004
637732 807678
635432 668692
901381 968888
420628 517103
345961 988309
151328 445005
770267 980578
754999 951337
601572 974130
155702 204068
336772 375331
427609 608868
495118 745362
294970 478411
516733 756262
681725 859799
532089 562356
66619 131949
193027 704442
217918 913762
536094 752649
205307 299002
617317 879929
960471 967066
706 129998
658842 900459
1024 626359
59453 508779
987708 990400
44095 750410
955748 981624
227165 726348
478530 721001
858867 921328
383172 932359
769641 894723
911639 945693
338425 830498
517983 647384
242345 564081
122779 706074
808015 952712
290494 806476
355585 503157
681221 831326
923 144272
161760 749312
364590 961492
538184 889602
957606 997108
568521 671414
465034 467283
854198 993895
692895 796000
505033 953211
367916 851732
103926 496218
778818 790877
742351 761906
981414 996260
83319 838704
728199 994278
607773 789284
880174 900160
815860 978322
755355 869463
664518 927942
501371 974767
237299 876624
98711 330523
220024 354799
264105 626076
311900 631597
845080 903771
319452 983772
642088 803086
394304 527219
405674 696685
507071 762888
276005 485650
91125 968117
743726 944894
251917 690787
440606 658037
505294 525254
434224 708964
26036 909219
723247 907515
146498 661387
732721 791964
972288 979089
976002 984897
842471 988345
466204 789155
748842 782211
637656 783232
797739 830193
92669 116082
847138 984776
592914 717528
970658 996360
248861 987898
12448 289860
694713 905751
387018 643327
477796 489235
2151 552512
106073 208538
634862 809501
789784 871874
672301 737220
762736 988340
786373 854937
403022 785759
206129 217755
964496 973554
530314 982557
803264 993556
131480 365778
898654 920511
582050 826469
116500 864041
535765 676846
977171 980644
125263 522187
969172 974540
459336 728656
202882 298694
152480 360293
524951 609644
968261 993279
755988 763706
764307 938772
305905 895800
707981 895517
332427 843045
418205 984482
888434 934507
758947 821650
13702 544885
494263 535257
578778 688580
155719 925561
443255 615260
952788 972647
655953 972159
331682 480075
653383 840942
21655 426834
687951 947083
250916 868229
805037 954810
56439 114143
886196 973146
694348 787953
655194 659233
4005 259058
403869 775916
508245 626987
39418 42808
688753 998667
576011 681131
342367 751650
431224 475400
540177 756693
244139 411890
124149 739272
394938 522331
405700 958439
80447 874398
974517 997067
732050 907273
325903 688289
562421 952335
481722 977384
949354 987665
950146 995224
526573 727004
140488 339186
569416 679027
253691 330126
717036 986573
568377 977958
481594 774548
121590 717659
210073 532455
828023 839190
199519 837784
849225 975886
186914 737585
423984 828395
838387 889990
852278 980636
134554 784274
821607 901690
118150 173622
191546 974186
405070 984372
169984 988339
731325 866697
645101 885533
510969 960648
264212 511330
264461 314073
639294 793414
411401 593107
867444 998931
338761 464659
619509 934032
780281 782074
638248 847587
743803 876472
429130 837329
752533 946928
449229 825803
725933 937831
438195 494903
936406 951590
639210 710242
591660 934535
657144 665467
518917 781565
820543 954758
352956 513617
408388 538104
145433 636394
672850 693945
624935 833621
224518 553395
975175 998110
603347 631685
299221 713145
332843 486365
878809 878857
675751 874051
537319 706155
630704 927888
496624 897185
756726 807390
951386 988615
78809 715279
192644 371708
850848 935760
554340 599218
933691 945050
328388 929206
399464 560260
962472 969989
363295 578559
423907 780606
114445 587698
787572 917547
312455 683994
880840 932299
883435 966336
353724 429688
888319 964833
75669 550719
861510 897393
419601 477035
688512 920935
43669 57410
769514 786021
856505 954352
266294 991212
319061 464094
573990 735077
347004 918218
728087 791101
397954 765147
783713 853002
648523 752984
609186 943918
548332 592086
37130 653436
524277 959585
241301 586756
988105 994824
916274 940282
561585 978469
243236 260561
822975 869024
797348 986398
291754 532097
293715 766607
557442 917978
919443 937464
170629 765816
474163 789668
264935 859063
858531 945387
582703 799085
855394 872409
597171 857232
390685 538697
470817 689102
854817 902284
236478 990298
922818 984036
563963 866778
843890 925400
327157 884011
838365 975195
764369 863036
296654 973512
800454 831968
643787 815363
585570 700833
748983 977023
184920 886398
113794 665732
663443 992553
991115 999654
382698 709299
170371 774212
125947 252330
75313 720068
425603 525949
106648 148133
827024 863954
414759 588525
776310 878140
536734 714780
10139 495974
628696 958691
727640 961801
940140 948034
862668 990868
210891 813324
95976 867123
667562 704785
761545 835370
450189 943586
437656 546778
829727 919046
676519 956139
204950 262947
907242 978689
571610 668809
476162 815024
313896 878509
101140 339587
415319 518728
481732 817587
770712 915229
967883 999878
912374 932819
121124 545006
269516 602071
501751 507699
593445 735896
926977 938446
158431 873495
706051 752765
380841 697183
313199 600641
957667 963562
833549 914282
86393 592175
581541 841371
961537 988981
563588 918671
814686 829587
557507 789902
973095 989186
308565 993759
180998 679547
693244 877657
154184 561968
913442 921181
486700 658560
636879 804508
892048 956104
424677 656048
448805 863201
872310 994181
978437 990443
985489 996428
844964 924726
707980 764903
149348 999109
148051 952093
894639 912991
530145 567892
997066 998617
709006 912632
446321 764278
747551 852592
503604 920208
68697 487890
485532 943391
633028 997985
98671 733734
283360 710910
248603 626751
63835 141579
799741 858848
949012 964549
175896 633915
120603 267547
328510 507304
60138 632370
770275 909426
505702 582808
174278 212348
326382 720644
330533 799809
119786 421004
38688 859231
676211 834556
517141 891646
190882 894568
695795 967856
800412 822435
797281 942846
485208 631262
935477 954717
231797 616780
809938 932887
860193 995658
844720 886117
280410 301026
750558 912046
739564 968476
163752 266314
595954 691792
648380 807968
641768 927830
865991 982875
745330 923233
635678 925322
55566 815588
947168 979295
793476 940361
440898 444071
872397 904390
674723 950507
910432 976135
692139 969897
784468 847950
868371 919365
880754 997525
901597 903088
532836 548275
617713 925502
637851 761460
864446 877346
457840 945333
940129 953199
177638 325193
218629 452869
897944 923566
872159 901728
863804 879655
294653 656782
251702 289678
954764 965918
958619 963912
653186 682137
809747 987457
575069 760075
751713 949540
74190 691442
18 9779
738937 821421
46212 560750
448595 681030
850220 969236
461109 885105
10065 582452
44487 376518
685912 844172
969630 972963
900153 955402
618938 984064
14674 370370
997549 999073
652875 827574
106588 290806
871302 933153
650392 713264
974954 992195
958123 963400
877542 962016
219325 793443
363266 850148
143060 645541
89957 244852
232955 483351
421567 909309
847437 850919
361808 443166
129 883871
476496 728264
38332 115127
79029 431204
704238 927735
141466 684161
84872 708628
716513 891470
543300 719233
390836 533995
219663 344435
830888 985111
384575 636807
807913 981642
645378 886711
593481 802048
571297 974782
306263 897319
924878 999951
206513 357322
52030 105834
612927 824139
496763 666772
36208 426810
531462 739134
520488 730515
599467 719794
914843 946632
56086 352693
774051 802704
266490 445279
868234 973395
137529 237808
228615 455363
51085 774852
41165 252914
842770 978662
543901 886976
634944 930841
265700 283865
122991 978482
837270 987401
482881 533169
985869 991290
421736 598874
507628 760896
547485 863607
950708 968089
494065 865297
854684 964620
981814 997820
117609 788581
764167 836519
101525 316418
320858 967411
930114 994415
119445 360512
899784 991928
288544 447739
902869 967597
989488 993288
299869 628589
480805 689696
404821 965735
319190 393424
608587 812618
336420 766843
240814 633358
488373 874355
453050 850488
16857 766602
87601 267456
856692 863473
335195 462563
30495 434936
178400 817584
191698 499775
354480 520056
651528 988247
976008 984481
303612 414956
459119 892468
409356 890812
590881 832106
842095 850781
853580 905217
143555 626264
858098 966628
599728 733263
365338 803405
436233 923531
362804 372952
714393 903878
431047 861491
950477 972057
488900 844104
948895 963428
925980 937167
636858 728659
110008 317595
233855 316953
179152 545090
525212 682635
668968 934065
448854 652249
497529 529347
904513 905449
665360 678111
686974 692776
680533 883768
307681 647654
95405 524920
958943 979640
720294 763118
413278 709306
782672 933042
459037 656272
740120 812463
99160 139841
646117 816791
465566 527373
624527 982397
660349 906856
437353 715772
19950 821298
852672 948943
779391 815528
970345 974123
377080 461682
798464 985755
851576 924470
493970 971376
37644 119263
279738 471081
195088 964234
492945 604164
368947 667726
701576 732296
279763 604126
763202 806484
841479 897351
783806 858393
880481 990345
753051 894764
890744 927666
834722 857216
993689 995075
539433 814778
429857 637756
121893 873599
820088 862763
958851 997772
694744 828880
522922 641813
59912 561416
2266 821219
29714 378456
236109 420460
919566 957135
528654 593917
116850 710388
639660 803745
923984 928015
969060 975033
2312 236866
806100 897999
767438 833727
639567 907086
269219 670409
812245 825872
528660 573891
927747 952510
54449 755083
718385 805072
704623 819909
637037 848752
891388 912270
620255 796683
526414 669730
208897 759394
974642 993657
472187 893224
78826 156051
153145 418584
367182 801260
253757 712763
386516 448025
125391 615567
397491 798918
961194 975079
267546 636482
389515 772134
643402 758745
98132 505063
27314 551230
502704 704779
475899 959186
454440 520981
254873 262875
561234 594191
204264 912080
675800 905469
197707 594114
423304 784514
585960 954951
562015 842514
850420 890143
653682 872554
420617 679961
361176 930080
396040 417225
484104 577056
282145 583861
866142 947549
589461 972897
23284 282000
427524 953904
699493 839862
776564 879049
94586 638479
324773 347825
443601 721133
155255 177167
866856 939840
482292 748115
870296 873212
200079 940099
834062 877151
737111 750890
706901 937656
324862 955337
827304 912588
32074 102706
382361 744554
927686 941763
613458 906445
864536 930451
752371 862086
24113 828081
897979 978587
388255 839404
787466 991992
670067 722089
644499 925655
912360 956238
390966 861567
743038 917488
281848 823862
110711 199079
454597 796101
299505 938315
711916 997349
130823 654859
113873 974252
580699 794848
456569 491940
629713 753521
738658 932839
18756 280086
919665 956562
410135 415581
197522 416303
911887 978754
372957 877659
286181 701028
386690 611656
171092 442219
220906 911926
758007 992345
879579 940723
14970 818428
729462 827855
945299 978724
616758 620522
832876 955281
661358 892523
641985 868962
516728 966823
541856 581837
301426 341994
875379 944109
465429 465800
176300 759830
472046 541474
312792 962869
674823 950792
94922 105485
94214 101576
434124 441618
845650 873851
714301 836310
674501 976952
978701 983663
37165 223871
655819 684384
623619 828251
545200 957569
182160 754311
761433 970136
555320 625475
263840 778115
713199 786979
460122 790300
43560 994647
268072 914317
665611 772935
326237 513048
911428 924736
404290 519247
823963 932393
821232 835325
948989 975314
298554 953389
508076 774151
657046 734979
1760 307822
817448 872131
739306 993238
956388 984285
431973 460810
614470 893425
95524 804570
414939 471776
712581 880834
437764 794718
149946 828225
494207 766030
164022 237562
691944 875472
842458 857673
862936 904700
475391 488832
313894 753486
167052 286617
434167 771377
924657 932754
416784 897705
56194 92375
144694 494213
772970 867183
867646 966631
846661 882755
610059 754524
559432 638437
335088 382596
145785 406805
811647 902909
475733 537772
98206 221578
395390 666634
29794 232376
789615 845044
308941 885499
821128 901088
124807 546442
639612 708345
401913 517480
739382 914738
304931 553249
960778 973197
470713 907508
989625 994907
490569 620444
920140 926647
398895 486798
615533 648409
339769 930290
574309 915873
