100 1000000 9885 1000
1 1 20
1 22 47
1 49 76
1 78 169
1 171 184
1 186 291
1 293 482
1 484 515
1 517 686
1 688 839
1 841 956
1 958 1011
1 1013 1086
1 1088 1133
1 1135 1210
1 1212 1375
1 1377 1382
1 1384 1405
1 1407 1520
1 1522 1715
1 1717 1766
1 1768 1879
1 1881 1992
1 1994 2063
1 2065 2112
1 2114 2159
1 2161 2266
1 2268 2415
1 2417 2418
1 2420 2439
1 2441 2514
1 2516 2585
1 2587 2734
1 2736 2853
1 2855 2898
1 2900 2931
1 2933 3006
1 3008 3067
1 3069 3252
1 3254 3301
1 3303 3404
1 3406 3433
1 3435 3444
1 3446 3595
1 3597 3736
1 3738 3879
1 3881 4018
1 4020 4205
1 4207 4382
1 4384 4413
1 4415 4528
1 4530 4713
1 4715 4722
1 4724 4815
1 4817 4926
1 4928 4959
1 4961 4968
1 4970 5081
1 5083 5140
1 5142 5237
1 5239 5388
1 5390 5489
1 5491 5596
1 5598 5659
1 5661 5710
1 5712 5767
1 5769 5834
1 5836 6023
1 6025 6120
1 6122 6259
1 6261 6458
1 6460 6481
1 6483 6622
1 6624 6737
1 6739 6908
1 6910 6973
1 6975 7072
1 7074 7239
1 7241 7410
1 7412 7609
1 7611 7672
1 7674 7775
1 7777 7966
1 7968 8113
1 8115 8190
1 8192 8299
1 8301 8350
1 8352 8517
1 8519 8706
1 8708 8819
1 8821 8894
1 8896 9011
1 9013 9070
1 9072 9187
1 9189 9338
1 9340 9471
1 9473 9538
1 9540 9685
1 9687 9884
1 9886 9927
1 9929 10110
1 10112 10155
1 10157 10160
1 10162 10313
1 10315 10468
1 10470 10635
1 10637 10734
1 10736 10843
1 10845 10850
1 10852 10963
1 10965 11082
1 11084 11267
1 11269 11344
1 11346 11467
1 11469 11486
1 11488 11573
1 11575 11580
1 11582 11777
1 11779 11918
1 11920 11965
1 11967 12098
1 12100 12293
1 12295 12384
1 12386 12535
1 12537 12610
1 12612 12751
1 12753 12758
1 12760 12781
1 12783 12882
1 12884 12927
1 12929 13084
1 13086 13217
1 13219 13416
1 13418 13589
1 13591 13772
1 13774 13839
1 13841 13956
1 13958 14101
1 14103 14174
1 14176 14283
1 14285 14384
1 14386 14423
1 14425 14530
1 14532 14711
1 14713 14764
1 14766 14881
1 14883 15070
1 15072 15219
1 15221 15416
1 15418 15457
1 15459 15578
1 15580 15683
1 15685 15850
1 15852 16035
1 16037 16182
1 16184 16231
1 16233 16324
1 16326 16363
1 16365 16540
1 16542 16617
1 16619 16630
1 16632 16685
1 16687 16822
1 16824 16987
1 16989 17120
1 17122 17279
1 17281 17436
1 17438 17593
1 17595 17728
1 17730 17801
1 17803 17932
1 17934 18003
1 18005 18036
1 18038 18091
1 18093 18286
1 18288 18361
1 18363 18400
1 18402 18531
1 18533 18534
1 18536 18625
1 18627 18732
1 18734 18911
1 18913 19032
1 19034 19105
1 19107 19180
1 19182 19187
1 19189 19226
1 19228 19241
1 19243 19300
1 19302 19495
1 19497 19618
1 19620 19743
1 19745 19830
1 19832 19839
1 19841 20014
1 20016 20195
1 20197 20212
1 20214 20275
1 20277 20306
1 20308 20329
1 20331 20350
1 20352 20371
1 20373 20434
1 20436 20467
1 20469 20522
1 20524 20625
1 20627 20808
1 20810 20957
1 20959 20970
1 20972 21033
1 21035 21108
1 21110 21279
1 21281 21332
1 21334 21451
1 21453 21506
1 21508 21697
1 21699 21812
1 21814 21987
1 21989 22080
1 22082 22137
1 22139 22184
1 22186 22359
1 22361 22406
1 22408 22425
1 22427 22430
1 22432 22477
1 22479 22492
1 22494 22505
1 22507 22660
1 22662 22847
1 22849 23030
1 23032 23037
1 23039 23226
1 23228 23261
1 23263 23272
1 23274 23279
1 23281 23414
1 23416 23503
1 23505 23506
1 23508 23691
1 23693 23730
1 23732 23881
1 23883 24050
1 24052 24055
1 24057 24172
1 24174 24319
1 24321 24446
1 24448 24519
1 24521 24568
1 24570 24651
1 24653 24764
1 24766 24875
1 24877 24954
1 24956 25007
1 25009 25048
1 25050 25237
1 25239 25262
1 25264 25349
1 25351 25500
1 25502 25639
1 25641 25696
1 25698 25715
1 25717 25802
1 25804 25831
1 25833 25950
1 25952 26041
1 26043 26230
1 26232 26321
1 26323 26454
1 26456 26575
1 26577 26582
1 26584 26645
1 26647 26842
1 26844 26999
1 27001 27036
1 27038 27103
1 27105 27250
1 27252 27305
1 27307 27370
1 27372 27427
1 27429 27588
1 27590 27785
1 27787 27928
1 27930 27937
1 27939 27950
1 27952 28013
1 28015 28080
1 28082 28093
1 28095 28190
1 28192 28387
1 28389 28470
1 28472 28609
1 28611 28746
1 28748 28835
1 28837 28988
1 28990 29071
1 29073 29176
1 29178 29183
1 29185 29338
1 29340 29529
1 29531 29652
1 29654 29785
1 29787 29874
1 29876 29969
1 29971 30014
1 30016 30195
1 30197 30256
1 30258 30315
1 30317 30330
1 30332 30359
1 30361 30398
1 30400 30577
1 30579 30650
1 30652 30841
1 30843 30966
1 30968 31075
1 31077 31156
1 31158 31181
1 31183 31290
1 31292 31311
1 31313 31442
1 31444 31631
1 31633 31776
1 31778 31927
1 31929 31936
1 31938 32077
1 32079 32264
1 32266 32291
1 32293 32336
1 32338 32513
1 32515 32590
1 32592 32635
1 32637 32658
1 32660 32787
1 32789 32834
1 32836 33021
1 33023 33166
1 33168 33235
1 33237 33422
1 33424 33447
1 33449 33480
1 33482 33663
1 33665 33862
1 33864 34009
1 34011 34132
1 34134 34297
1 34299 34338
1 34340 34441
1 34443 34552
1 34554 34639
1 34641 34784
1 34786 34821
1 34823 34892
1 34894 35081
1 35083 35178
1 35180 35307
1 35309 35398
1 35400 35453
1 35455 35506
1 35508 35687
1 35689 35782
1 35784 35815
1 35817 35840
1 35842 35969
1 35971 36070
1 36072 36147
1 36149 36154
1 36156 36163
1 36165 36208
1 36210 36365
1 36367 36518
1 36520 36685
1 36687 36784
1 36786 36911
1 36913 37052
1 37054 37097
1 37099 37264
1 37266 37453
1 37455 37464
1 37466 37529
1 37531 37666
1 37668 37793
1 37795 37798
1 37800 37877
1 37879 37950
1 37952 38139
1 38141 38256
1 38258 38419
1 38421 38538
1 38540 38543
1 38545 38734
1 38736 38847
1 38849 38982
1 38984 39101
1 39103 39144
1 39146 39269
1 39271 39420
1 39422 39593
1 39595 39752
1 39754 39847
1 39849 39922
1 39924 39951
1 39953 40128
1 40130 40181
1 40183 40312
1 40314 40417
1 40419 40490
1 40492 40559
1 40561 40732
1 40734 40767
1 40769 40912
1 40914 41033
1 41035 41054
1 41056 41175
1 41177 41226
1 41228 41381
1 41383 41520
1 41522 41663
1 41665 41762
1 41764 41847
1 41849 42022
1 42024 42127
1 42129 42224
1 42226 42293
1 42295 42480
1 42482 42663
1 42665 42836
1 42838 43023
1 43025 43064
1 43066 43191
1 43193 43246
1 43248 43423
1 43425 43616
1 43618 43657
1 43659 43678
1 43680 43877
1 43879 43888
1 43890 44061
1 44063 44178
1 44180 44221
1 44223 44268
1 44270 44319
1 44321 44454
1 44456 44587
1 44589 44592
1 44594 44611
1 44613 44704
1 44706 44725
1 44727 44828
1 44830 44933
1 44935 44958
1 44960 45147
1 45149 45244
1 45246 45393
1 45395 45416
1 45418 45419
1 45421 45448
1 45450 45573
1 45575 45644
1 45646 45829
1 45831 45958
1 45960 45989
1 45991 46056
1 46058 46213
1 46215 46386
1 46388 46521
1 46523 46644
1 46646 46761
1 46763 46894
1 46896 47001
1 47003 47056
1 47058 47205
1 47207 47222
1 47224 47349
1 47351 47456
1 47458 47539
1 47541 47666
1 47668 47699
1 47701 47718
1 47720 47907
1 47909 47924
1 47926 48117
1 48119 48150
1 48152 48287
1 48289 48472
1 48474 48545
1 48547 48548
1 48550 48595
1 48597 48636
1 48638 48815
1 48817 48918
1 48920 49109
1 49111 49230
1 49232 49303
1 49305 49438
1 49440 49517
1 49519 49714
1 49716 49789
1 49791 49924
1 49926 50081
1 50083 50090
1 50092 50231
1 50233 50420
1 50422 50467
1 50469 50584
1 50586 50731
1 50733 50842
1 50844 51031
1 51033 51112
1 51114 51161
1 51163 51192
1 51194 51331
1 51333 51414
1 51416 51429
1 51431 51562
1 51564 51725
1 51727 51910
1 51912 52081
1 52083 52142
1 52144 52243
1 52245 52338
1 52340 52443
1 52445 52636
1 52638 52663
1 52665 52780
1 52782 52813
1 52815 52892
1 52894 53005
1 53007 53114
1 53116 53303
1 53305 53386
1 53388 53499
1 53501 53538
1 53540 53705
1 53707 53730
1 53732 53859
1 53861 54052
1 54054 54129
1 54131 54242
1 54244 54303
1 54305 54416
1 54418 54451
1 54453 54594
1 54596 54619
1 54621 54650
1 54652 54773
1 54775 54938
1 54940 55093
1 55095 55292
1 55294 55391
1 55393 55546
1 55548 55715
1 55717 55822
1 55824 55951
1 55953 55986
1 55988 56177
1 56179 56372
1 56374 56523
1 56525 56614
1 56616 56783
1 56785 56956
1 56958 57093
1 57095 57226
1 57228 57411
1 57413 57450
1 57452 57463
1 57465 57486
1 57488 57659
1 57661 57678
1 57680 57715
1 57717 57888
1 57890 58049
1 58051 58188
1 58190 58337
1 58339 58358
1 58360 58427
1 58429 58564
1 58566 58733
1 58735 58876
1 58878 59009
1 59011 59148
1 59150 59333
1 59335 59534
1 59536 59547
1 59549 59616
1 59618 59697
1 59699 59822
1 59824 59855
1 59857 59966
1 59968 60075
1 60077 60258
1 60260 60423
1 60425 60600
1 60602 60703
1 60705 60708
1 60710 60907
1 60909 60928
1 60930 60979
1 60981 61034
1 61036 61215
1 61217 61254
1 61256 61339
1 61341 61394
1 61396 61417
1 61419 61572
1 61574 61695
1 61697 61772
1 61774 61873
1 61875 62000
1 62002 62049
1 62051 62240
1 62242 62339
1 62341 62526
1 62528 62681
1 62683 62870
1 62872 62987
1 62989 63008
1 63010 63117
1 63119 63164
1 63166 63327
1 63329 63384
1 63386 63515
1 63517 63622
1 63624 63765
1 63767 63830
1 63832 63871
1 63873 63962
1 63964 64127
1 64129 64132
1 64134 64317
1 64319 64490
1 64492 64619
1 64621 64714
1 64716 64831
1 64833 65026
1 65028 65089
1 65091 65102
1 65104 65157
1 65159 65174
1 65176 65265
1 65267 65278
1 65280 65295
1 65297 65364
1 65366 65513
1 65515 65606
1 65608 65659
1 65661 65704
1 65706 65749
1 65751 65898
1 65900 66033
1 66035 66120
1 66122 66241
1 66243 66366
1 66368 66417
1 66419 66448
1 66450 66463
1 66465 66546
1 66548 66585
1 66587 66742
1 66744 66857
1 66859 66968
1 66970 67155
1 67157 67232
1 67234 67337
1 67339 67508
1 67510 67675
1 67677 67688
1 67690 67715
1 67717 67758
1 67760 67819
1 67821 67964
1 67966 68139
1 68141 68172
1 68174 68317
1 68319 68514
1 68516 68527
1 68529 68618
1 68620 68773
1 68775 68886
1 68888 68913
1 68915 68980
1 68982 69081
1 69083 69272
1 69274 69359
1 69361 69488
1 69490 69545
1 69547 69592
1 69594 69601
1 69603 69700
1 69702 69889
1 69891 70080
1 70082 70195
1 70197 70246
1 70248 70287
1 70289 70404
1 70406 70523
1 70525 70582
1 70584 70639
1 70641 70768
1 70770 70793
1 70795 70930
1 70932 70975
1 70977 71064
1 71066 71083
1 71085 71226
1 71228 71269
1 71271 71466
1 71468 71499
1 71501 71510
1 71512 71639
1 71641 71832
1 71834 71875
1 71877 71984
1 71986 72077
1 72079 72234
1 72236 72369
1 72371 72440
1 72442 72633
1 72635 72794
1 72796 72877
1 72879 72906
1 72908 73067
1 73069 73106
1 73108 73119
1 73121 73144
1 73146 73161
1 73163 73280
1 73282 73303
1 73305 73362
1 73364 73401
1 73403 73432
1 73434 73565
1 73567 73600
1 73602 73655
1 73657 73826
1 73828 73997
1 73999 74080
1 74082 74107
1 74109 74252
1 74254 74363
1 74365 74506
1 74508 74647
1 74649 74840
1 74842 75005
1 75007 75190
1 75192 75195
1 75197 75358
1 75360 75501
1 75503 75568
1 75570 75609
1 75611 75716
1 75718 75793
1 75795 75928
1 75930 75935
1 75937 76062
1 76064 76205
1 76207 76254
1 76256 76439
1 76441 76522
1 76524 76665
1 76667 76780
1 76782 76801
1 76803 77000
1 77002 77129
1 77131 77244
1 77246 77367
1 77369 77414
1 77416 77443
1 77445 77632
1 77634 77793
1 77795 77892
1 77894 78075
1 78077 78204
1 78206 78275
1 78277 78290
1 78292 78333
1 78335 78454
1 78456 78595
1 78597 78758
1 78760 78779
1 78781 78872
1 78874 78927
1 78929 79014
1 79016 79209
1 79211 79350
1 79352 79453
1 79455 79584
1 79586 79683
1 79685 79736
1 79738 79739
1 79741 79794
1 79796 79967
1 79969 80154
1 80156 80285
1 80287 80326
1 80328 80415
1 80417 80432
1 80434 80605
1 80607 80700
1 80702 80787
1 80789 80934
1 80936 80945
1 80947 81032
1 81034 81177
1 81179 81352
1 81354 81391
1 81393 81462
1 81464 81483
1 81485 81628
1 81630 81751
1 81753 81904
1 81906 81977
1 81979 82004
1 82006 82147
1 82149 82216
1 82218 82317
1 82319 82510
1 82512 82653
1 82655 82664
1 82666 82759
1 82761 82768
1 82770 82787
1 82789 82908
1 82910 82957
1 82959 83056
1 83058 83253
1 83255 83362
1 83364 83381
1 83383 83480
1 83482 83599
1 83601 83704
1 83706 83865
1 83867 83992
1 83994 84049
1 84051 84204
1 84206 84357
1 84359 84440
1 84442 84481
1 84483 84638
1 84640 84727
1 84729 84872
1 84874 84959
1 84961 85156
1 85158 85175
1 85177 85246
1 85248 85363
1 85365 85398
1 85400 85533
1 85535 85664
1 85666 85799
1 85801 85934
1 85936 86021
1 86023 86114
1 86116 86123
1 86125 86302
1 86304 86461
1 86463 86468
1 86470 86483
1 86485 86622
1 86624 86763
1 86765 86906
1 86908 86937
1 86939 87124
1 87126 87313
1 87315 87472
1 87474 87545
1 87547 87704
1 87706 87827
1 87829 87912
1 87914 88103
1 88105 88288
1 88290 88303
1 88305 88498
1 88500 88683
1 88685 88698
1 88700 88881
1 88883 89062
1 89064 89241
1 89243 89318
1 89320 89507
1 89509 89622
1 89624 89691
1 89693 89718
1 89720 89881
1 89883 90060
1 90062 90145
1 90147 90174
1 90176 90277
1 90279 90428
1 90430 90449
1 90451 90544
1 90546 90665
1 90667 90832
1 90834 91017
1 91019 91034
1 91036 91179
1 91181 91260
1 91262 91377
1 91379 91576
1 91578 91755
1 91757 91806
1 91808 91901
1 91903 92070
1 92072 92117
1 92119 92180
1 92182 92229
1 92231 92270
1 92272 92471
1 92473 92532
1 92534 92721
1 92723 92734
1 92736 92913
1 92915 92998
1 93000 93123
1 93125 93158
1 93160 93259
1 93261 93408
1 93410 93591
1 93593 93770
1 93772 93835
1 93837 93978
1 93980 94009
1 94011 94154
1 94156 94213
1 94215 94272
1 94274 94459
1 94461 94562
1 94564 94573
1 94575 94716
1 94718 94815
1 94817 94846
1 94848 94873
1 94875 94990
1 94992 95057
1 95059 95108
1 95110 95299
1 95301 95446
1 95448 95515
1 95517 95556
1 95558 95721
1 95723 95774
1 95776 95821
1 95823 95834
1 95836 95847
1 95849 96014
1 96016 96193
1 96195 96264
1 96266 96279
1 96281 96466
1 96468 96545
1 96547 96636
1 96638 96803
1 96805 96966
1 96968 97135
1 97137 97268
1 97270 97377
1 97379 97568
1 97570 97723
1 97725 97900
1 97902 97981
1 97983 98026
1 98028 98153
1 98155 98268
1 98270 98375
1 98377 98562
1 98564 98587
1 98589 98670
1 98672 98853
1 98855 98976
1 98978 98991
1 98993 99042
1 99044 99187
1 99189 99242
1 99244 99251
1 99253 99438
1 99440 99611
1 99613 99754
1 99756 99801
1 99803 99914
1 99916 99981
1 99983 100000
1 100002 100009
1 100011 100054
1 100056 100147
1 100149 100194
1 100196 100227
1 100229 100404
1 100406 100513
1 100515 100666
1 100668 100815
1 100817 100860
1 100862 100903
1 100905 101008
1 101010 101077
1 101079 101148
1 101150 101289
1 101291 101340
1 101342 101477
1 101479 101652
1 101654 101853
1 101855 101970
1 101972 102141
1 102143 102220
1 102222 102417
1 102419 102614
1 102616 102725
1 102727 102762
1 102764 102881
1 102883 103060
1 103062 103077
1 103079 103266
1 103268 103359
1 103361 103368
1 103370 103563
1 103565 103584
1 103586 103727
1 103729 103760
1 103762 103867
1 103869 103914
1 103916 103979
1 103981 104132
1 104134 104229
1 104231 104368
1 104370 104461
1 104463 104540
1 104542 104733
1 104735 104900
1 104902 104983
1 104985 105164
1 105166 105279
1 105281 105410
1 105412 105537
1 105539 105682
1 105684 105777
1 105779 105832
1 105834 105913
1 105915 106070
1 106072 106175
1 106177 106368
1 106370 106491
1 106493 106496
1 106498 106593
1 106595 106622
1 106624 106703
1 106705 106882
1 106884 107047
1 107049 107144
1 107146 107239
1 107241 107306
1 107308 107429
1 107431 107546
1 107548 107715
1 107717 107774
1 107776 107789
1 107791 107986
1 107988 108079
1 108081 108244
1 108246 108395
1 108397 108562
1 108564 108599
1 108601 108712
1 108714 108771
1 108773 108778
1 108780 108781
1 108783 108894
1 108896 109093
1 109095 109154
1 109156 109297
1 109299 109430
1 109432 109533
1 109535 109578
1 109580 109657
1 109659 109804
1 109806 109945
1 109947 110044
1 110046 110097
1 110099 110120
1 110122 110289
1 110291 110478
1 110480 110491
1 110493 110642
1 110644 110749
1 110751 110786
1 110788 110853
1 110855 110972
1 110974 111163
1 111165 111306
1 111308 111403
1 111405 111464
1 111466 111467
1 111469 111622
1 111624 111801
1 111803 111858
1 111860 111865
1 111867 111886
1 111888 111927
1 111929 112088
1 112090 112169
1 112171 112320
1 112322 112331
1 112333 112448
1 112450 112561
1 112563 112702
1 112704 112853
1 112855 113050
1 113052 113147
1 113149 113258
1 113260 113285
1 113287 113476
1 113478 113611
1 113613 113784
1 113786 113865
1 113867 114044
1 114046 114069
1 114071 114264
1 114266 114371
1 114373 114376
1 114378 114513
1 114515 114546
1 114548 114685
1 114687 114874
1 114876 115045
1 115047 115224
1 115226 115341
1 115343 115516
1 115518 115593
1 115595 115626
1 115628 115633
1 115635 115652
1 115654 115713
1 115715 115770
1 115772 115891
1 115893 116088
1 116090 116285
1 116287 116462
1 116464 116563
1 116565 116674
1 116676 116875
1 116877 117076
1 117078 117251
1 117253 117422
1 117424 117575
1 117577 117744
1 117746 117755
1 117757 117888
1 117890 117947
1 117949 118030
1 118032 118111
1 118113 118244
1 118246 118315
1 118317 118356
1 118358 118495
1 118497 118582
1 118584 118599
1 118601 118746
1 118748 118807
1 118809 118932
1 118934 119021
1 119023 119102
1 119104 119127
1 119129 119166
1 119168 119339
1 119341 119402
1 119404 119483
1 119485 119488
1 119490 119675
1 119677 119708
1 119710 119729
1 119731 119822
1 119824 119975
1 119977 120120
1 120122 120251
1 120253 120420
1 120422 120579
1 120581 120720
1 120722 120903
1 120905 121040
1 121042 121223
1 121225 121368
1 121370 121489
1 121491 121688
1 121690 121807
1 121809 121874
1 121876 122031
1 122033 122074
1 122076 122217
1 122219 122346
1 122348 122401
1 122403 122574
1 122576 122641
1 122643 122784
1 122786 122865
1 122867 122924
1 122926 123075
1 123077 123208
1 123210 123237
1 123239 123364
1 123366 123523
1 123525 123704
1 123706 123859
1 123861 124040
1 124042 124097
1 124099 124136
1 124138 124203
1 124205 124392
1 124394 124475
1 124477 124634
1 124636 124661
1 124663 124852
1 124854 124943
1 124945 125008
1 125010 125099
1 125101 125250
1 125252 125301
1 125303 125470
1 125472 125639
1 125641 125642
1 125644 125703
1 125705 125796
1 125798 125931
1 125933 126004
1 126006 126023
1 126025 126158
1 126160 126233
1 126235 126324
1 126326 126391
1 126393 126400
1 126402 126541
1 126543 126550
1 126552 126631
1 126633 126690
1 126692 126709
1 126711 126878
1 126880 127017
1 127019 127198
1 127200 127355
1 127357 127428
1 127430 127507
1 127509 127512
1 127514 127545
1 127547 127744
1 127746 127817
1 127819 127848
1 127850 127885
1 127887 127958
1 127960 128013
1 128015 128182
1 128184 128325
1 128327 128412
1 128414 128499
1 128501 128596
1 128598 128743
1 128745 128880
1 128882 129025
1 129027 129138
1 129140 129285
1 129287 129434
1 129436 129633
1 129635 129786
1 129788 129823
1 129825 130004
1 130006 130015
1 130017 130050
1 130052 130209
1 130211 130322
1 130324 130387
1 130389 130412
1 130414 130467
1 130469 130472
1 130474 130503
1 130505 130638
1 130640 130769
1 130771 130932
1 130934 130985
1 130987 131158
1 131160 131273
1 131275 131424
1 131426 131501
1 131503 131572
1 131574 131767
1 131769 131824
1 131826 131965
1 131967 132050
1 132052 132059
1 132061 132150
1 132152 132299
1 132301 132314
1 132316 132363
1 132365 132414
1 132416 132515
1 132517 132682
1 132684 132781
1 132783 132940
1 132942 133117
1 133119 133180
1 133182 133281
1 133283 133352
1 133354 133507
1 133509 133706
1 133708 133849
1 133851 133888
1 133890 134029
1 134031 134166
1 134168 134181
1 134183 134362
1 134364 134485
1 134487 134578
1 134580 134627
1 134629 134698
1 134700 134789
1 134791 134950
1 134952 135089
1 135091 135192
1 135194 135233
1 135235 135278
1 135280 135377
1 135379 135570
1 135572 135663
1 135665 135702
1 135704 135805
1 135807 135922
1 135924 136055
1 136057 136184
1 136186 136359
1 136361 136490
1 136492 136591
1 136593 136714
1 136716 136873
1 136875 136968
1 136970 137119
1 137121 137228
1 137230 137385
1 137387 137442
1 137444 137633
1 137635 137780
1 137782 137809
1 137811 137934
1 137936 138051
1 138053 138056
1 138058 138177
1 138179 138318
1 138320 138395
1 138397 138452
1 138454 138539
1 138541 138630
1 138632 138759
1 138761 138956
1 138958 139155
1 139157 139180
1 139182 139231
1 139233 139328
1 139330 139419
1 139421 139482
1 139484 139491
1 139493 139628
1 139630 139705
1 139707 139750
1 139752 139779
1 139781 139970
1 139972 139989
1 139991 140014
1 140016 140059
1 140061 140160
1 140162 140289
1 140291 140400
1 140402 140555
1 140557 140590
1 140592 140693
1 140695 140710
1 140712 140877
1 140879 140992
1 140994 141007
1 141009 141056
1 141058 141135
1 141137 141210
1 141212 141249
1 141251 141404
1 141406 141503
1 141505 141568
1 141570 141699
1 141701 141888
1 141890 141923
1 141925 141954
1 141956 141977
1 141979 142110
1 142112 142283
1 142285 142298
1 142300 142401
1 142403 142502
1 142504 142655
1 142657 142824
1 142826 142999
1 143001 143164
1 143166 143263
1 143265 143396
1 143398 143547
1 143549 143590
1 143592 143613
1 143615 143648
1 143650 143653
1 143655 143682
1 143684 143725
1 143727 143748
1 143750 143767
1 143769 143876
1 143878 143993
1 143995 144180
1 144182 144297
1 144299 144440
1 144442 144621
1 144623 144820
1 144822 144851
1 144853 144854
1 144856 144961
1 144963 145102
1 145104 145111
1 145113 145312
1 145314 145451
1 145453 145480
1 145482 145499
1 145501 145564
1 145566 145653
1 145655 145782
1 145784 145957
1 145959 145964
1 145966 146007
1 146009 146104
1 146106 146171
1 146173 146268
1 146270 146429
1 146431 146580
1 146582 146763
1 146765 146810
1 146812 146997
1 146999 147128
1 147130 147257
1 147259 147422
1 147424 147451
1 147453 147480
1 147482 147585
1 147587 147610
1 147612 147647
1 147649 147828
1 147830 147927
1 147929 148054
1 148056 148197
1 148199 148336
1 148338 148503
1 148505 148512
1 148514 148589
1 148591 148674
1 148676 148781
1 148783 148804
1 148806 148817
1 148819 148938
1 148940 148985
1 148987 149082
1 149084 149123
1 149125 149252
1 149254 149403
1 149405 149436
1 149438 149631
1 149633 149770
1 149772 149795
1 149797 149954
1 149956 149971
1 149973 149990
1 149992 150051
1 150053 150064
1 150066 150237
1 150239 150250
1 150252 150447
1 150449 150524
1 150526 150687
1 150689 150712
1 150714 150781
1 150783 150818
1 150820 151019
1 151021 151144
1 151146 151285
1 151287 151464
1 151466 151493
1 151495 151600
1 151602 151681
1 151683 151696
1 151698 151767
1 151769 151896
1 151898 151973
1 151975 151980
1 151982 152029
1 152031 152198
1 152200 152219
1 152221 152304
1 152306 152361
1 152363 152508
1 152510 152651
1 152653 152836
1 152838 152915
1 152917 153064
1 153066 153239
1 153241 153374
1 153376 153485
1 153487 153598
1 153600 153609
1 153611 153766
1 153768 153781
1 153783 153954
1 153956 154027
1 154029 154078
1 154080 154177
1 154179 154200
1 154202 154289
1 154291 154450
1 154452 154647
1 154649 154712
1 154714 154869
1 154871 155008
1 155010 155179
1 155181 155274
1 155276 155305
1 155307 155364
1 155366 155475
1 155477 155568
1 155570 155743
1 155745 155936
1 155938 155977
1 155979 156150
1 156152 156349
1 156351 156396
1 156398 156457
1 156459 156642
1 156644 156699
1 156701 156718
1 156720 156771
1 156773 156780
1 156782 156899
1 156901 157032
1 157034 157127
1 157129 157138
1 157140 157275
1 157277 157470
1 157472 157609
1 157611 157770
1 157772 157957
1 157959 158158
1 158160 158243
1 158245 158426
1 158428 158525
1 158527 158602
1 158604 158691
1 158693 158892
1 158894 158923
1 158925 159044
1 159046 159127
1 159129 159204
1 159206 159307
1 159309 159452
1 159454 159457
1 159459 159548
1 159550 159623
1 159625 159726
1 159728 159803
1 159805 159936
1 159938 160023
1 160025 160172
1 160174 160185
1 160187 160384
1 160386 160583
1 160585 160626
1 160628 160761
1 160763 160860
1 160862 160869
1 160871 161050
1 161052 161061
1 161063 161128
1 161130 161287
1 161289 161392
1 161394 161587
1 161589 161728
1 161730 161867
1 161869 161914
1 161916 162105
1 162107 162150
1 162152 162233
1 162235 162372
1 162374 162511
1 162513 162548
1 162550 162619
1 162621 162766
1 162768 162963
1 162965 163100
1 163102 163167
1 163169 163220
1 163222 163303
1 163305 163340
1 163342 163427
1 163429 163550
1 163552 163675
1 163677 163710
1 163712 163723
1 163725 163746
1 163748 163765
1 163767 163952
1 163954 163987
1 163989 164098
1 164100 164249
1 164251 164442
1 164444 164579
1 164581 164608
1 164610 164725
1 164727 164874
1 164876 164981
1 164983 165002
1 165004 165071
1 165073 165200
1 165202 165367
1 165369 165448
1 165450 165571
1 165573 165674
1 165676 165763
1 165765 165958
1 165960 166005
1 166007 166184
1 166186 166255
1 166257 166350
1 166352 166407
1 166409 166426
1 166428 166571
1 166573 166758
1 166760 166883
1 166885 166922
1 166924 166925
1 166927 167068
1 167070 167095
1 167097 167286
1 167288 167291
1 167293 167314
1 167316 167351
1 167353 167422
1 167424 167611
1 167613 167702
1 167704 167767
1 167769 167826
1 167828 167865
1 167867 167936
1 167938 168003
1 168005 168072
1 168074 168239
1 168241 168278
1 168280 168325
1 168327 168390
1 168392 168491
1 168493 168614
1 168616 168685
1 168687 168766
1 168768 168881
1 168883 168988
1 168990 169073
1 169075 169112
1 169114 169231
1 169233 169406
1 169408 169409
1 169411 169432
1 169434 169619
1 169621 169752
1 169754 169835
1 169837 169858
1 169860 169879
1 169881 170066
1 170068 170147
1 170149 170172
1 170174 170207
1 170209 170392
1 170394 170585
1 170587 170724
1 170726 170727
1 170729 170884
1 170886 171019
1 171021 171142
1 171144 171163
1 171165 171354
1 171356 171411
1 171413 171604
1 171606 171641
1 171643 171692
1 171694 171795
1 171797 171892
1 171894 172025
1 172027 172130
1 172132 172193
1 172195 172234
1 172236 172371
1 172373 172396
1 172398 172515
1 172517 172600
1 172602 172639
1 172641 172798
1 172800 172947
1 172949 173032
1 173034 173079
1 173081 173168
1 173170 173299
1 173301 173326
1 173328 173347
1 173349 173406
1 173408 173579
1 173581 173688
1 173690 173707
1 173709 173894
1 173896 173909
1 173911 173998
1 174000 174111
1 174113 174162
1 174164 174245
1 174247 174322
1 174324 174511
1 174513 174668
1 174670 174763
1 174765 174900
1 174902 175039
1 175041 175194
1 175196 175359
1 175361 175496
1 175498 175669
1 175671 175790
1 175792 175873
1 175875 175930
1 175932 175979
1 175981 176148
1 176150 176273
1 176275 176442
1 176444 176625
1 176627 176722
1 176724 176877
1 176879 177016
1 177018 177095
1 177097 177270
1 177272 177379
1 177381 177410
1 177412 177579
1 177581 177776
1 177778 177901
1 177903 178000
1 178002 178077
1 178079 178250
1 178252 178369
1 178371 178552
1 178554 178713
1 178715 178846
1 178848 178947
1 178949 179008
1 179010 179109
1 179111 179180
1 179182 179223
1 179225 179418
1 179420 179587
1 179589 179658
1 179660 179661
1 179663 179850
1 179852 180017
1 180019 180054
1 180056 180221
1 180223 180240
1 180242 180263
1 180265 180342
1 180344 180357
1 180359 180480
1 180482 180599
1 180601 180788
1 180790 180901
1 180903 180952
1 180954 181021
1 181023 181162
1 181164 181243
1 181245 181356
1 181358 181535
1 181537 181628
1 181630 181723
1 181725 181868
1 181870 181945
1 181947 182140
1 182142 182305
1 182307 182470
1 182472 182527
1 182529 182726
1 182728 182913
1 182915 182992
1 182994 183111
1 183113 183270
1 183272 183303
1 183305 183386
1 183388 183571
1 183573 183764
1 183766 183947
1 183949 184012
1 184014 184169
1 184171 184236
1 184238 184255
1 184257 184400
1 184402 184405
1 184407 184578
1 184580 184757
1 184759 184824
1 184826 184983
1 184985 184996
1 184998 185077
1 185079 185148
1 185150 185241
1 185243 185294
1 185296 185355
1 185357 185514
1 185516 185699
1 185701 185814
1 185816 185895
1 185897 186080
1 186082 186161
1 186163 186258
1 186260 186267
1 186269 186362
1 186364 186451
1 186453 186544
1 186546 186645
1 186647 186814
1 186816 186955
1 186957 187124
1 187126 187289
1 187291 187446
1 187448 187545
1 187547 187630
1 187632 187783
1 187785 187882
1 187884 187919
1 187921 187966
1 187968 188073
1 188075 188178
1 188180 188339
1 188341 188432
1 188434 188579
1 188581 188750
1 188752 188839
1 188841 189002
1 189004 189117
1 189119 189304
1 189306 189385
1 189387 189482
1 189484 189623
1 189625 189804
1 189806 189905
1 189907 190084
1 190086 190093
1 190095 190166
1 190168 190339
1 190341 190422
1 190424 190485
1 190487 190614
1 190616 190705
1 190707 190722
1 190724 190789
1 190791 190838
1 190840 191013
1 191015 191126
1 191128 191265
1 191267 191466
1 191468 191549
1 191551 191728
1 191730 191917
1 191919 192008
1 192010 192157
1 192159 192340
1 192342 192507
1 192509 192650
1 192652 192769
1 192771 192958
1 192960 192961
1 192963 193092
1 193094 193283
1 193285 193472
1 193474 193525
1 193527 193672
1 193674 193843
1 193845 193874
1 193876 193985
1 193987 194000
1 194002 194043
1 194045 194102
1 194104 194143
1 194145 194198
1 194200 194339
1 194341 194378
1 194380 194577
1 194579 194764
1 194766 194923
1 194925 194990
1 194992 195069
1 195071 195226
1 195228 195333
1 195335 195354
1 195356 195471
1 195473 195644
1 195646 195837
1 195839 195870
1 195872 196049
1 196051 196088
1 196090 196123
1 196125 196272
1 196274 196459
1 196461 196630
1 196632 196733
1 196735 196888
1 196890 197019
1 197021 197124
1 197126 197133
1 197135 197140
1 197142 197183
1 197185 197376
1 197378 197459
1 197461 197632
1 197634 197769
1 197771 197894
1 197896 198011
1 198013 198208
1 198210 198307
1 198309 198354
1 198356 198495
1 198497 198590
1 198592 198595
1 198597 198646
1 198648 198709
1 198711 198716
1 198718 198821
1 198823 198882
1 198884 199071
1 199073 199258
1 199260 199303
1 199305 199350
1 199352 199541
1 199543 199676
1 199678 199779
1 199781 199930
1 199932 200075
1 200077 200192
1 200194 200309
1 200311 200346
1 200348 200375
1 200377 200556
1 200558 200737
1 200739 200924
1 200926 200927
1 200929 200954
1 200956 201063
1 201065 201136
1 201138 201293
1 201295 201304
1 201306 201461
1 201463 201646
1 201648 201745
1 201747 201842
1 201844 201881
1 201883 202028
1 202030 202159
1 202161 202184
1 202186 202271
1 202273 202350
1 202352 202541
1 202543 202716
1 202718 202867
1 202869 202872
1 202874 202955
1 202957 203052
1 203054 203173
1 203175 203306
1 203308 203309
1 203311 203362
1 203364 203413
1 203415 203506
1 203508 203663
1 203665 203796
1 203798 203901
1 203903 204082
1 204084 204257
1 204259 204378
1 204380 204451
1 204453 204594
1 204596 204691
1 204693 204824
1 204826 204931
1 204933 205060
1 205062 205215
1 205217 205256
1 205258 205363
1 205365 205378
1 205380 205507
1 205509 205600
1 205602 205689
1 205691 205710
1 205712 205769
1 205771 205788
1 205790 205927
1 205929 205936
1 205938 206093
1 206095 206150
1 206152 206197
1 206199 206350
1 206352 206505
1 206507 206650
1 206652 206793
1 206795 206952
1 206954 207065
1 207067 207120
1 207122 207269
1 207271 207380
1 207382 207393
1 207395 207576
1 207578 207643
1 207645 207816
1 207818 207919
1 207921 208042
1 208044 208123
1 208125 208170
1 208172 208337
1 208339 208380
1 208382 208469
1 208471 208542
1 208544 208689
1 208691 208870
1 208872 209053
1 209055 209152
1 209154 209211
1 209213 209234
1 209236 209237
1 209239 209312
1 209314 209341
1 209343 209488
1 209490 209653
1 209655 209750
1 209752 209883
1 209885 210078
1 210080 210163
1 210165 210254
1 210256 210433
1 210435 210544
1 210546 210623
1 210625 210722
1 210724 210865
1 210867 210954
1 210956 210981
1 210983 211070
1 211072 211205
1 211207 211276
1 211278 211391
1 211393 211524
1 211526 211553
1 211555 211716
1 211718 211827
1 211829 211994
1 211996 212101
1 212103 212150
1 212152 212225
1 212227 212290
1 212292 212355
1 212357 212498
1 212500 212543
1 212545 212590
1 212592 212683
1 212685 212724
1 212726 212737
1 212739 212882
1 212884 213077
1 213079 213192
1 213194 213255
1 213257 213400
1 213402 213497
1 213499 213622
1 213624 213689
1 213691 213878
1 213880 214025
1 214027 214124
1 214126 214177
1 214179 214342
1 214344 214513
1 214515 214574
1 214576 214765
1 214767 214768
1 214770 214847
1 214849 215014
1 215016 215091
1 215093 215274
1 215276 215463
1 215465 215592
1 215594 215659
1 215661 215720
1 215722 215781
1 215783 215786
1 215788 215881
1 215883 216066
1 216068 216093
1 216095 216132
1 216134 216289
1 216291 216464
1 216466 216541
1 216543 216672
1 216674 216829
1 216831 216922
1 216924 217085
1 217087 217112
1 217114 217309
1 217311 217386
1 217388 217431
1 217433 217602
1 217604 217619
1 217621 217794
1 217796 217975
1 217977 218026
1 218028 218085
1 218087 218124
1 218126 218187
1 218189 218378
1 218380 218395
1 218397 218418
1 218420 218593
1 218595 218710
1 218712 218893
1 218895 218924
1 218926 218969
1 218971 218986
1 218988 219165
1 219167 219324
1 219326 219477
1 219479 219648
1 219650 219809
1 219811 219938
1 219940 220019
1 220021 220044
1 220046 220219
1 220221 220310
1 220312 220481
1 220483 220552
1 220554 220689
1 220691 220712
1 220714 220759
1 220761 220884
1 220886 221079
1 221081 221084
1 221086 221135
1 221137 221176
1 221178 221377
1 221379 221554
1 221556 221719
1 221721 221722
1 221724 221801
1 221803 221942
1 221944 222023
1 222025 222044
1 222046 222125
1 222127 222144
1 222146 222179
1 222181 222342
1 222344 222413
1 222415 222594
1 222596 222633
1 222635 222652
1 222654 222697
1 222699 222866
1 222868 222941
1 222943 223072
1 223074 223165
1 223167 223170
1 223172 223209
1 223211 223312
1 223314 223449
1 223451 223640
1 223642 223829
1 223831 224022
1 224024 224149
1 224151 224156
1 224158 224201
1 224203 224342
1 224344 224357
1 224359 224450
1 224452 224525
1 224527 224572
1 224574 224633
1 224635 224650
1 224652 224737
1 224739 224858
1 224860 224953
1 224955 225102
1 225104 225199
1 225201 225240
1 225242 225317
1 225319 225344
1 225346 225455
1 225457 225504
1 225506 225517
1 225519 225656
1 225658 225711
1 225713 225778
1 225780 225827
1 225829 225930
1 225932 226079
1 226081 226112
1 226114 226267
1 226269 226434
1 226436 226525
1 226527 226548
1 226550 226695
1 226697 226758
1 226760 226791
1 226793 226888
1 226890 226931
1 226933 226956
1 226958 226971
1 226973 227088
1 227090 227101
1 227103 227234
1 227236 227337
1 227339 227464
1 227466 227505
1 227507 227622
1 227624 227821
1 227823 227892
1 227894 227953
1 227955 228070
1 228072 228251
1 228253 228314
1 228316 228451
1 228453 228526
1 228528 228643
1 228645 228834
1 228836 228911
1 228913 228988
1 228990 229103
1 229105 229134
1 229136 229285
1 229287 229368
1 229370 229387
1 229389 229434
1 229436 229439
1 229441 229476
1 229478 229519
1 229521 229670
1 229672 229803
1 229805 229998
1 230000 230027
1 230029 230036
1 230038 230039
1 230041 230218
1 230220 230403
1 230405 230514
1 230516 230579
1 230581 230754
1 230756 230833
1 230835 230912
1 230914 230933
1 230935 231016
1 231018 231107
1 231109 231172
1 231174 231365
1 231367 231474
1 231476 231477
1 231479 231534
1 231536 231715
1 231717 231882
1 231884 231941
1 231943 231976
1 231978 232109
1 232111 232176
1 232178 232241
1 232243 232406
1 232408 232591
1 232593 232656
1 232658 232795
1 232797 232980
1 232982 233135
1 233137 233150
1 233152 233349
1 233351 233366
1 233368 233401
1 233403 233500
1 233502 233587
1 233589 233690
1 233692 233763
1 233765 233896
1 233898 234027
1 234029 234030
1 234032 234121
1 234123 234278
1 234280 234293
1 234295 234378
1 234380 234473
1 234475 234598
1 234600 234713
1 234715 234762
1 234764 234955
1 234957 235134
1 235136 235287
1 235289 235374
1 235376 235543
1 235545 235724
1 235726 235773
1 235775 235888
1 235890 235903
1 235905 236086
1 236088 236129
1 236131 236132
1 236134 236253
1 236255 236344
1 236346 236389
1 236391 236402
1 236404 236515
1 236517 236626
1 236628 236809
1 236811 236904
1 236906 237059
1 237061 237100
1 237102 237273
1 237275 237454
1 237456 237647
1 237649 237784
1 237786 237835
1 237837 237954
1 237956 237997
1 237999 238152
1 238154 238165
1 238167 238196
1 238198 238387
1 238389 238462
1 238464 238623
1 238625 238650
1 238652 238683
1 238685 238688
1 238690 238819
1 238821 238998
1 239000 239001
1 239003 239090
1 239092 239249
1 239251 239374
1 239376 239481
1 239483 239486
1 239488 239637
1 239639 239738
1 239740 239795
1 239797 239846
1 239848 240041
1 240043 240050
1 240052 240175
1 240177 240300
1 240302 240323
1 240325 240328
1 240330 240347
1 240349 240472
1 240474 240621
1 240623 240682
1 240684 240687
1 240689 240826
1 240828 240973
1 240975 240996
1 240998 241169
1 241171 241200
1 241202 241229
1 241231 241348
1 241350 241505
1 241507 241628
1 241630 241799
1 241801 241976
1 241978 242047
1 242049 242230
1 242232 242395
1 242397 242526
1 242528 242689
1 242691 242838
1 242840 242919
1 242921 243044
1 243046 243201
1 243203 243210
1 243212 243227
1 243229 243256
1 243258 243395
1 243397 243404
1 243406 243523
1 243525 243610
1 243612 243669
1 243671 243732
1 243734 243855
1 243857 243890
1 243892 243925
1 243927 244068
1 244070 244245
1 244247 244258
1 244260 244305
1 244307 244504
1 244506 244649
1 244651 244694
1 244696 244891
1 244893 244990
1 244992 245121
1 245123 245268
1 245270 245323
1 245325 245514
1 245516 245589
1 245591 245772
1 245774 245933
1 245935 246018
1 246020 246153
1 246155 246242
1 246244 246433
1 246435 246624
1 246626 246697
1 246699 246728
1 246730 246927
1 246929 247096
1 247098 247273
1 247275 247282
1 247284 247365
1 247367 247376
1 247378 247447
1 247449 247454
1 247456 247557
1 247559 247574
1 247576 247633
1 247635 247656
1 247658 247669
1 247671 247852
1 247854 248025
1 248027 248118
1 248120 248315
1 248317 248338
1 248340 248435
1 248437 248488
1 248490 248533
1 248535 248594
1 248596 248597
1 248599 248750
1 248752 248885
1 248887 248946
1 248948 249025
1 249027 249076
1 249078 249139
1 249141 249304
1 249306 249341
1 249343 249408
1 249410 249445
1 249447 249530
1 249532 249613
1 249615 249706
1 249708 249709
1 249711 249758
1 249760 249767
1 249769 249814
1 249816 250003
1 250005 250050
1 250052 250211
1 250213 250330
1 250332 250385
1 250387 250396
1 250398 250429
1 250431 250560
1 250562 250753
1 250755 250880
1 250882 251053
1 251055 251250
1 251252 251425
1 251427 251560
1 251562 251755
1 251757 251952
1 251954 252143
1 252145 252200
1 252202 252361
1 252363 252482
1 252484 252551
1 252553 252748
1 252750 252773
1 252775 252930
1 252932 253083
1 253085 253154
1 253156 253311
1 253313 253416
1 253418 253519
1 253521 253586
1 253588 253749
1 253751 253910
1 253912 254067
1 254069 254262
1 254264 254287
1 254289 254430
1 254432 254583
1 254585 254666
1 254668 254799
1 254801 254908
1 254910 254993
1 254995 255190
1 255192 255381
1 255383 255568
1 255570 255689
1 255691 255872
1 255874 255943
1 255945 256084
1 256086 256237
1 256239 256326
1 256328 256373
1 256375 256554
1 256556 256649
1 256651 256692
1 256694 256831
1 256833 256950
1 256952 257085
1 257087 257136
1 257138 257247
1 257249 257312
1 257314 257439
1 257441 257540
1 257542 257713
1 257715 257738
1 257740 257913
1 257915 257986
1 257988 258043
1 258045 258156
1 258158 258159
1 258161 258240
1 258242 258259
1 258261 258268
1 258270 258317
1 258319 258472
1 258474 258549
1 258551 258642
1 258644 258839
1 258841 259000
1 259002 259129
1 259131 259166
1 259168 259335
1 259337 259424
1 259426 259451
1 259453 259534
1 259536 259657
1 259659 259704
1 259706 259899
1 259901 260080
1 260082 260187
1 260189 260348
1 260350 260495
1 260497 260528
1 260530 260561
1 260563 260678
1 260680 260845
1 260847 260940
1 260942 261101
1 261103 261184
1 261186 261381
1 261383 261458
1 261460 261483
1 261485 261522
1 261524 261623
1 261625 261816
1 261818 261899
1 261901 261950
1 261952 262049
1 262051 262182
1 262184 262209
1 262211 262230
1 262232 262237
1 262239 262252
1 262254 262257
1 262259 262442
1 262444 262633
1 262635 262760
1 262762 262827
1 262829 262870
1 262872 263021
1 263023 263188
1 263190 263285
1 263287 263480
1 263482 263611
1 263613 263802
1 263804 263919
1 263921 263998
1 264000 264151
1 264153 264240
1 264242 264395
1 264397 264476
1 264478 264585
1 264587 264726
1 264728 264793
1 264795 264920
1 264922 265001
1 265003 265050
1 265052 265171
1 265173 265230
1 265232 265297
1 265299 265484
1 265486 265659
1 265661 265714
1 265716 265837
1 265839 265920
1 265922 266109
1 266111 266264
1 266266 266331
1 266333 266442
1 266444 266555
1 266557 266588
1 266590 266701
1 266703 266790
1 266792 266883
1 266885 266916
1 266918 266929
1 266931 266972
1 266974 267147
1 267149 267300
1 267302 267435
1 267437 267528
1 267530 267695
1 267697 267778
1 267780 267781
1 267783 267902
1 267904 267945
1 267947 268078
1 268080 268099
1 268101 268166
1 268168 268219
1 268221 268346
1 268348 268353
1 268355 268530
1 268532 268715
1 268717 268826
1 268828 268841
1 268843 269002
1 269004 269151
1 269153 269298
1 269300 269343
1 269345 269360
1 269362 269495
1 269497 269618
1 269620 269683
1 269685 269872
1 269874 269941
1 269943 270142
1 270144 270203
1 270205 270248
1 270250 270365
1 270367 270468
1 270470 270623
1 270625 270630
1 270632 270783
1 270785 270914
1 270916 271071
1 271073 271116
1 271118 271187
1 271189 271358
1 271360 271449
1 271451 271646
1 271648 271747
1 271749 271938
1 271940 272021
1 272023 272168
1 272170 272271
1 272273 272414
1 272416 272519
1 272521 272684
1 272686 272765
1 272767 272942
1 272944 273037
1 273039 273118
1 273120 273275
1 273277 273304
1 273306 273325
1 273327 273388
1 273390 273585
1 273587 273758
1 273760 273799
1 273801 273840
1 273842 273847
1 273849 273874
1 273876 273947
1 273949 274100
1 274102 274285
1 274287 274408
1 274410 274561
1 274563 274708
1 274710 274883
1 274885 275008
1 275010 275031
1 275033 275062
1 275064 275177
1 275179 275236
1 275238 275415
1 275417 275440
1 275442 275629
1 275631 275746
1 275748 275879
1 275881 276014
1 276016 276213
1 276215 276310
1 276312 276333
1 276335 276530
1 276532 276673
1 276675 276794
1 276796 276881
1 276883 276890
1 276892 277037
1 277039 277140
1 277142 277235
1 277237 277302
1 277304 277371
1 277373 277468
1 277470 277629
1 277631 277648
1 277650 277799
1 277801 277912
1 277914 277957
1 277959 278000
1 278002 278005
1 278007 278158
1 278160 278309
1 278311 278402
1 278404 278415
1 278417 278482
1 278484 278649
1 278651 278830
1 278832 278891
1 278893 279078
1 279080 279111
1 279113 279276
1 279278 279475
1 279477 279628
1 279630 279755
1 279757 279924
1 279926 280101
1 280103 280214
1 280216 280243
1 280245 280360
1 280362 280365
1 280367 280458
1 280460 280543
1 280545 280674
1 280676 280821
1 280823 280984
1 280986 281021
1 281023 281106
1 281108 281301
1 281303 281418
1 281420 281601
1 281603 281802
1 281804 281869
1 281871 281982
1 281984 282117
1 282119 282132
1 282134 282289
1 282291 282490
1 282492 282531
1 282533 282544
1 282546 282693
1 282695 282892
1 282894 282963
1 282965 283112
1 283114 283117
1 283119 283220
1 283222 283357
1 283359 283546
1 283548 283701
1 283703 283888
1 283890 284009
1 284011 284012
1 284014 284123
1 284125 284316
1 284318 284463
1 284465 284512
1 284514 284639
1 284641 284832
1 284834 285015
1 285017 285072
1 285074 285221
1 285223 285268
1 285270 285301
1 285303 285340
1 285342 285537
1 285539 285558
1 285560 285711
1 285713 285726
1 285728 285887
1 285889 286026
1 286028 286205
1 286207 286328
1 286330 286453
1 286455 286562
1 286564 286747
1 286749 286838
1 286840 286851
1 286853 286914
1 286916 286925
1 286927 287014
1 287016 287069
1 287071 287220
1 287222 287265
1 287267 287318
1 287320 287515
1 287517 287554
1 287556 287659
1 287661 287816
1 287818 287935
1 287937 288078
1 288080 288235
1 288237 288294
1 288296 288315
1 288317 288462
1 288464 288499
1 288501 288564
1 288566 288753
1 288755 288776
1 288778 288815
1 288817 288844
1 288846 288921
1 288923 289008
1 289010 289165
1 289167 289264
1 289266 289327
1 289329 289518
1 289520 289545
1 289547 289570
1 289572 289691
1 289693 289862
1 289864 289909
1 289911 290078
1 290080 290189
1 290191 290220
1 290222 290409
1 290411 290538
1 290540 290551
1 290553 290736
1 290738 290879
1 290881 290894
1 290896 291065
1 291067 291190
1 291192 291277
1 291279 291298
1 291300 291405
1 291407 291424
1 291426 291591
1 291593 291670
1 291672 291859
1 291861 291966
1 291968 292123
1 292125 292192
1 292194 292345
1 292347 292370
1 292372 292417
1 292419 292554
1 292556 292603
1 292605 292664
1 292666 292735
1 292737 292846
1 292848 292977
1 292979 293122
1 293124 293125
1 293127 293214
1 293216 293297
1 293299 293326
1 293328 293425
1 293427 293590
1 293592 293693
1 293695 293754
1 293756 293831
1 293833 293944
1 293946 294103
1 294105 294278
1 294280 294477
1 294479 294580
1 294582 294689
1 294691 294698
1 294700 294881
1 294883 294956
1 294958 294979
1 294981 295056
1 295058 295101
1 295103 295264
1 295266 295337
1 295339 295512
1 295514 295707
1 295709 295824
1 295826 295939
1 295941 295974
1 295976 296021
1 296023 296184
1 296186 296313
1 296315 296506
1 296508 296689
1 296691 296698
1 296700 296711
1 296713 296822
1 296824 296829
1 296831 296988
1 296990 297007
1 297009 297150
1 297152 297319
1 297321 297400
1 297402 297417
1 297419 297590
1 297592 297651
1 297653 297690
1 297692 297857
1 297859 297860
1 297862 297865
1 297867 297946
1 297948 298087
1 298089 298110
1 298112 298201
1 298203 298256
1 298258 298451
1 298453 298576
1 298578 298631
1 298633 298684
1 298686 298775
1 298777 298930
1 298932 299105
1 299107 299166
1 299168 299307
1 299309 299402
1 299404 299499
1 299501 299626
1 299628 299677
1 299679 299766
1 299768 299869
1 299871 299964
1 299966 300015
1 300017 300142
1 300144 300307
1 300309 300482
1 300484 300683
1 300685 300780
1 300782 300951
1 300953 301152
1 301154 301209
1 301211 301318
1 301320 301439
1 301441 301542
1 301544 301649
1 301651 301700
1 301702 301799
1 301801 301948
1 301950 302051
1 302053 302062
1 302064 302243
1 302245 302328
1 302330 302447
1 302449 302556
1 302558 302723
1 302725 302868
1 302870 302953
1 302955 303018
1 303020 303203
1 303205 303358
1 303360 303403
1 303405 303564
1 303566 303639
1 303641 303782
1 303784 303861
1 303863 303986
1 303988 304113
1 304115 304260
1 304262 304415
1 304417 304448
1 304450 304573
1 304575 304692
1 304694 304761
1 304763 304840
1 304842 304939
1 304941 304950
1 304952 305123
1 305125 305210
1 305212 305305
1 305307 305336
1 305338 305343
1 305345 305506
1 305508 305517
1 305519 305678
1 305680 305711
1 305713 305856
1 305858 305953
1 305955 305980
1 305982 306049
1 306051 306174
1 306176 306279
1 306281 306406
1 306408 306499
1 306501 306568
1 306570 306657
1 306659 306768
1 306770 306955
1 306957 307068
1 307070 307193
1 307195 307322
1 307324 307453
1 307455 307650
1 307652 307727
1 307729 307746
1 307748 307907
1 307909 307988
1 307990 308131
1 308133 308302
1 308304 308357
1 308359 308380
1 308382 308427
1 308429 308602
1 308604 308679
1 308681 308724
1 308726 308751
1 308753 308830
1 308832 308847
1 308849 308924
1 308926 309059
1 309061 309142
1 309144 309151
1 309153 309320
1 309322 309373
1 309375 309542
1 309544 309677
1 309679 309738
1 309740 309781
1 309783 309962
1 309964 310009
1 310011 310024
1 310026 310195
1 310197 310344
1 310346 310379
1 310381 310554
1 310556 310583
1 310585 310730
1 310732 310757
1 310759 310784
1 310786 310897
1 310899 310924
1 310926 310949
1 310951 311082
1 311084 311183
1 311185 311348
1 311350 311521
1 311523 311712
1 311714 311881
1 311883 312036
1 312038 312127
1 312129 312132
1 312134 312213
1 312215 312342
1 312344 312489
1 312491 312628
1 312630 312681
1 312683 312752
1 312754 312787
1 312789 312954
1 312956 313077
1 313079 313268
1 313270 313377
1 313379 313490
1 313492 313673
1 313675 313860
1 313862 313931
1 313933 314042
1 314044 314235
1 314237 314396
1 314398 314505
1 314507 314660
1 314662 314679
1 314681 314690
1 314692 314781
1 314783 314838
1 314840 314999
1 315001 315082
1 315084 315265
1 315267 315380
1 315382 315573
1 315575 315578
1 315580 315677
1 315679 315846
1 315848 315953
1 315955 315976
1 315978 316051
1 316053 316068
1 316070 316173
1 316175 316360
1 316362 316481
1 316483 316638
1 316640 316769
1 316771 316938
1 316940 316949
1 316951 317074
1 317076 317175
1 317177 317246
1 317248 317363
1 317365 317426
1 317428 317533
1 317535 317668
1 317670 317777
1 317779 317970
1 317972 318121
1 318123 318138
1 318140 318187
1 318189 318312
1 318314 318325
1 318327 318366
1 318368 318447
1 318449 318452
1 318454 318537
1 318539 318618
1 318620 318745
1 318747 318786
1 318788 318893
1 318895 319014
1 319016 319095
1 319097 319156
1 319158 319201
1 319203 319248
1 319250 319311
1 319313 319336
1 319338 319415
1 319417 319562
1 319564 319683
1 319685 319784
1 319786 319855
1 319857 319966
1 319968 320089
1 320091 320180
1 320182 320287
1 320289 320334
1 320336 320359
1 320361 320500
1 320502 320647
1 320649 320828
1 320830 320975
1 320977 321034
1 321036 321115
1 321117 321184
1 321186 321213
1 321215 321334
1 321336 321503
1 321505 321684
1 321686 321805
1 321807 321816
1 321818 321939
1 321941 322060
1 322062 322071
1 322073 322150
1 322152 322215
1 322217 322252
1 322254 322281
1 322283 322346
1 322348 322497
1 322499 322538
1 322540 322603
1 322605 322758
1 322760 322953
1 322955 323084
1 323086 323171
1 323173 323334
1 323336 323523
1 323525 323614
1 323616 323693
1 323695 323842
1 323844 323889
1 323891 324076
1 324078 324087
1 324089 324224
1 324226 324395
1 324397 324410
1 324412 324591
1 324593 324724
1 324726 324903
1 324905 325078
1 325080 325153
1 325155 325302
1 325304 325395
1 325397 325416
1 325418 325435
1 325437 325542
1 325544 325635
1 325637 325820
1 325822 325889
1 325891 326068
1 326070 326233
1 326235 326306
1 326308 326455
1 326457 326538
1 326540 326587
1 326589 326774
1 326776 326879
1 326881 326920
1 326922 326967
1 326969 327046
1 327048 327145
1 327147 327306
1 327308 327335
1 327337 327406
1 327408 327475
1 327477 327632
1 327634 327671
1 327673 327814
1 327816 327941
1 327943 328052
1 328054 328157
1 328159 328240
1 328242 328269
1 328271 328368
1 328370 328447
1 328449 328474
1 328476 328491
1 328493 328626
1 328628 328669
1 328671 328694
1 328696 328879
1 328881 329044
1 329046 329235
1 329237 329394
1 329396 329397
1 329399 329488
1 329490 329577
1 329579 329604
1 329606 329799
1 329801 329812
1 329814 329923
1 329925 330012
1 330014 330115
1 330117 330304
1 330306 330315
1 330317 330438
1 330440 330581
1 330583 330610
1 330612 330771
1 330773 330904
1 330906 330987
1 330989 331000
1 331002 331103
1 331105 331262
1 331264 331429
1 331431 331628
1 331630 331713
1 331715 331726
1 331728 331731
1 331733 331756
1 331758 331769
1 331771 331910
1 331912 332023
1 332025 332152
1 332154 332307
1 332309 332354
1 332356 332537
1 332539 332588
1 332590 332691
1 332693 332868
1 332870 332947
1 332949 332964
1 332966 332979
1 332981 333176
1 333178 333349
1 333351 333400
1 333402 333427
1 333429 333526
1 333528 333707
1 333709 333760
1 333762 333907
1 333909 334062
1 334064 334149
1 334151 334312
1 334314 334447
1 334449 334642
1 334644 334745
1 334747 334916
1 334918 335045
1 335047 335082
1 335084 335149
1 335151 335274
1 335276 335375
1 335377 335570
1 335572 335767
1 335769 335938
1 335940 336085
1 336087 336146
1 336148 336277
1 336279 336432
1 336434 336631
1 336633 336774
1 336776 336799
1 336801 336900
1 336902 337001
1 337003 337186
1 337188 337385
1 337387 337416
1 337418 337499
1 337501 337554
1 337556 337655
1 337657 337768
1 337770 337959
1 337961 337992
1 337994 338065
1 338067 338178
1 338180 338253
1 338255 338306
1 338308 338443
1 338445 338520
1 338522 338593
1 338595 338608
1 338610 338705
1 338707 338822
1 338824 338981
1 338983 339096
1 339098 339151
1 339153 339282
1 339284 339307
1 339309 339370
1 339372 339519
1 339521 339682
1 339684 339729
1 339731 339744
1 339746 339907
1 339909 340040
1 340042 340043
1 340045 340106
1 340108 340155
1 340157 340286
1 340288 340317
1 340319 340354
1 340356 340519
1 340521 340524
1 340526 340547
1 340549 340622
1 340624 340699
1 340701 340724
1 340726 340873
1 340875 340914
1 340916 341059
1 341061 341148
1 341150 341213
1 341215 341370
1 341372 341539
1 341541 341660
1 341662 341723
1 341725 341738
1 341740 341897
1 341899 341946
1 341948 341989
1 341991 342144
1 342146 342193
1 342195 342296
1 342298 342407
1 342409 342570
1 342572 342695
1 342697 342776
1 342778 342975
1 342977 343176
1 343178 343375
1 343377 343552
1 343554 343663
1 343665 343690
1 343692 343867
1 343869 343890
1 343892 343951
1 343953 344124
1 344126 344187
1 344189 344268
1 344270 344293
1 344295 344382
1 344384 344429
1 344431 344500
1 344502 344667
1 344669 344836
1 344838 344999
1 345001 345166
1 345168 345227
1 345229 345244
1 345246 345441
1 345443 345638
1 345640 345815
1 345817 345888
1 345890 345971
1 345973 346096
1 346098 346163
1 346165 346186
1 346188 346249
1 346251 346418
1 346420 346617
1 346619 346630
1 346632 346689
1 346691 346876
1 346878 347013
1 347015 347212
1 347214 347381
1 347383 347478
1 347480 347535
1 347537 347630
1 347632 347797
1 347799 347988
1 347990 348047
1 348049 348094
1 348096 348253
1 348255 348448
1 348450 348589
1 348591 348740
1 348742 348823
1 348825 348934
1 348936 349133
1 349135 349192
1 349194 349213
1 349215 349226
1 349228 349337
1 349339 349482
1 349484 349661
1 349663 349794
1 349796 349915
1 349917 350034
1 350036 350177
1 350179 350256
1 350258 350275
1 350277 350292
1 350294 350365
1 350367 350488
1 350490 350661
1 350663 350822
1 350824 350897
1 350899 350924
1 350926 351025
1 351027 351206
1 351208 351337
1 351339 351482
1 351484 351647
1 351649 351696
1 351698 351759
1 351761 351926
1 351928 352005
1 352007 352186
1 352188 352215
1 352217 352370
1 352372 352475
1 352477 352574
1 352576 352673
1 352675 352774
1 352776 352805
1 352807 352828
1 352830 352879
1 352881 353052
1 353054 353229
1 353231 353294
1 353296 353427
1 353429 353618
1 353620 353651
1 353653 353688
1 353690 353865
1 353867 353916
1 353918 353979
1 353981 354174
1 354176 354345
1 354347 354460
1 354462 354481
1 354483 354596
1 354598 354751
1 354753 354856
1 354858 354915
1 354917 354920
1 354922 355087
1 355089 355138
1 355140 355263
1 355265 355396
1 355398 355547
1 355549 355614
1 355616 355663
1 355665 355682
1 355684 355803
1 355805 355948
1 355950 356075
1 356077 356100
1 356102 356167
1 356169 356342
1 356344 356345
1 356347 356506
1 356508 356593
1 356595 356648
1 356650 356803
1 356805 356870
1 356872 357031
1 357033 357162
1 357164 357235
1 357237 357288
1 357290 357349
1 357351 357424
1 357426 357529
1 357531 357534
1 357536 357731
1 357733 357882
1 357884 357887
1 357889 357984
1 357986 358015
1 358017 358116
1 358118 358167
1 358169 358304
1 358306 358497
1 358499 358624
1 358626 358717
1 358719 358742
1 358744 358825
1 358827 358860
1 358862 359007
1 359009 359060
1 359062 359143
1 359145 359310
1 359312 359385
1 359387 359478
1 359480 359615
1 359617 359688
1 359690 359785
1 359787 359918
1 359920 359975
1 359977 360080
1 360082 360203
1 360205 360230
1 360232 360323
1 360325 360472
1 360474 360617
1 360619 360764
1 360766 360887
1 360889 361056
1 361058 361219
1 361221 361408
1 361410 361533
1 361535 361698
1 361700 361837
1 361839 361896
1 361898 361989
1 361991 362126
1 362128 362187
1 362189 362356
1 362358 362447
1 362449 362642
1 362644 362829
1 362831 362938
1 362940 363105
1 363107 363152
1 363154 363251
1 363253 363378
1 363380 363433
1 363435 363550
1 363552 363719
1 363721 363810
1 363812 363943
1 363945 364004
1 364006 364007
1 364009 364110
1 364112 364291
1 364293 364442
1 364444 364455
1 364457 364478
1 364480 364659
1 364661 364752
1 364754 364807
1 364809 364906
1 364908 364995
1 364997 365132
1 365134 365201
1 365203 365298
1 365300 365441
1 365443 365450
1 365452 365617
1 365619 365668
1 365670 365673
1 365675 365788
1 365790 365879
1 365881 366074
1 366076 366139
1 366141 366282
1 366284 366445
1 366447 366518
1 366520 366713
1 366715 366828
1 366830 366857
1 366859 366990
1 366992 367127
1 367129 367282
1 367284 367375
1 367377 367436
1 367438 367461
1 367463 367466
1 367468 367531
1 367533 367680
1 367682 367769
1 367771 367796
1 367798 367935
1 367937 367946
1 367948 368017
1 368019 368044
1 368046 368159
1 368161 368164
1 368166 368315
1 368317 368486
1 368488 368581
1 368583 368640
1 368642 368769
1 368771 368882
1 368884 368987
1 368989 369060
1 369062 369221
1 369223 369390
1 369392 369469
1 369471 369620
1 369622 369789
1 369791 369844
1 369846 369911
1 369913 370006
1 370008 370123
1 370125 370190
1 370192 370217
1 370219 370312
1 370314 370487
1 370489 370656
1 370658 370753
1 370755 370772
1 370774 370891
1 370893 370900
1 370902 371061
1 371063 371086
1 371088 371187
1 371189 371346
1 371348 371483
1 371485 371620
1 371622 371799
1 371801 371864
1 371866 372011
1 372013 372088
1 372090 372193
1 372195 372298
1 372300 372413
1 372415 372432
1 372434 372437
1 372439 372440
1 372442 372617
1 372619 372780
1 372782 372861
1 372863 373018
1 373020 373217
1 373219 373278
1 373280 373469
1 373471 373624
1 373626 373785
1 373787 373800
1 373802 373999
1 374001 374082
1 374084 374179
1 374181 374342
1 374344 374517
1 374519 374562
1 374564 374711
1 374713 374850
1 374852 374935
1 374937 375110
1 375112 375191
1 375193 375362
1 375364 375475
1 375477 375638
1 375640 375643
1 375645 375684
1 375686 375709
1 375711 375860
1 375862 375899
1 375901 376048
1 376050 376171
1 376173 376256
1 376258 376277
1 376279 376468
1 376470 376651
1 376653 376742
1 376744 376881
1 376883 376986
1 376988 377071
1 377073 377106
1 377108 377163
1 377165 377256
1 377258 377315
1 377317 377408
1 377410 377423
1 377425 377606
1 377608 377693
1 377695 377854
1 377856 378049
1 378051 378116
1 378118 378215
1 378217 378344
1 378346 378391
1 378393 378578
1 378580 378583
1 378585 378626
1 378628 378803
1 378805 378978
1 378980 379091
1 379093 379172
1 379174 379335
1 379337 379500
1 379502 379639
1 379641 379758
1 379760 379921
1 379923 380084
1 380086 380205
1 380207 380252
1 380254 380409
1 380411 380474
1 380476 380663
1 380665 380808
1 380810 380815
1 380817 380878
1 380880 380929
1 380931 381000
1 381002 381109
1 381111 381298
1 381300 381387
1 381389 381570
1 381572 381661
1 381663 381800
1 381802 381807
1 381809 381954
1 381956 381969
1 381971 382038
1 382040 382203
1 382205 382388
1 382390 382421
1 382423 382462
1 382464 382637
1 382639 382800
1 382802 382941
1 382943 383096
1 383098 383191
1 383193 383378
1 383380 383411
1 383413 383434
1 383436 383555
1 383557 383722
1 383724 383753
1 383755 383854
1 383856 384035
1 384037 384124
1 384126 384299
1 384301 384418
1 384420 384507
1 384509 384624
1 384626 384775
1 384777 384928
1 384930 385077
1 385079 385224
1 385226 385417
1 385419 385562
1 385564 385579
1 385581 385724
1 385726 385919
1 385921 385970
1 385972 386109
1 386111 386146
1 386148 386317
1 386319 386514
1 386516 386605
1 386607 386616
1 386618 386631
1 386633 386730
1 386732 386887
1 386889 386914
1 386916 387019
1 387021 387070
1 387072 387113
1 387115 387206
1 387208 387289
1 387291 387378
1 387380 387407
1 387409 387544
1 387546 387667
1 387669 387858
1 387860 387917
1 387919 387944
1 387946 387999
1 388001 388192
1 388194 388383
1 388385 388422
1 388424 388575
1 388577 388728
1 388730 388921
1 388923 389096
1 389098 389277
1 389279 389446
1 389448 389553
1 389555 389712
1 389714 389871
1 389873 390042
1 390044 390061
1 390063 390086
1 390088 390131
1 390133 390254
1 390256 390423
1 390425 390450
1 390452 390561
1 390563 390596
1 390598 390725
1 390727 390812
1 390814 390913
1 390915 390992
1 390994 391125
1 391127 391288
1 391290 391361
1 391363 391396
1 391398 391437
1 391439 391616
1 391618 391689
1 391691 391860
1 391862 391979
1 391981 392078
1 392080 392087
1 392089 392278
1 392280 392385
1 392387 392554
1 392556 392663
1 392665 392672
1 392674 392759
1 392761 392930
1 392932 393061
1 393063 393218
1 393220 393281
1 393283 393346
1 393348 393455
1 393457 393582
1 393584 393675
1 393677 393850
1 393852 393867
1 393869 393988
1 393990 394003
1 394005 394048
1 394050 394227
1 394229 394252
1 394254 394447
1 394449 394562
1 394564 394701
1 394703 394848
1 394850 394957
1 394959 395058
1 395060 395199
1 395201 395330
1 395332 395451
1 395453 395464
1 395466 395651
1 395653 395838
1 395840 395905
1 395907 396042
1 396044 396229
1 396231 396320
1 396322 396427
1 396429 396570
1 396572 396731
1 396733 396784
1 396786 396813
1 396815 396852
1 396854 396897
1 396899 396932
1 396934 397011
1 397013 397134
1 397136 397151
1 397153 397260
1 397262 397337
1 397339 397518
1 397520 397703
1 397705 397812
1 397814 397865
1 397867 397914
1 397916 397999
1 398001 398102
1 398104 398175
1 398177 398284
1 398286 398289
1 398291 398304
1 398306 398323
1 398325 398350
1 398352 398525
1 398527 398714
1 398716 398841
1 398843 399030
1 399032 399159
1 399161 399272
1 399274 399281
1 399283 399308
1 399310 399353
1 399355 399408
1 399410 399559
1 399561 399588
1 399590 399681
1 399683 399732
1 399734 399735
1 399737 399838
1 399840 399951
1 399953 399974
1 399976 400073
1 400075 400262
1 400264 400391
1 400393 400450
1 400452 400537
1 400539 400576
1 400578 400599
1 400601 400774
1 400776 400909
1 400911 400948
1 400950 401041
1 401043 401076
1 401078 401183
1 401185 401352
1 401354 401391
1 401393 401554
1 401556 401563
1 401565 401580
1 401582 401635
1 401637 401820
1 401822 401883
1 401885 401990
1 401992 402189
1 402191 402256
1 402258 402439
1 402441 402544
1 402546 402743
1 402745 402826
1 402828 402959
1 402961 403062
1 403064 403241
1 403243 403438
1 403440 403551
1 403553 403596
1 403598 403735
1 403737 403820
1 403822 403853
1 403855 404038
1 404040 404059
1 404061 404116
1 404118 404231
1 404233 404360
1 404362 404521
1 404523 404608
1 404610 404631
1 404633 404656
1 404658 404831
1 404833 405018
1 405020 405211
1 405213 405230
1 405232 405317
1 405319 405344
1 405346 405369
1 405371 405492
1 405494 405567
1 405569 405696
1 405698 405805
1 405807 405868
1 405870 406051
1 406053 406066
1 406068 406139
1 406141 406250
1 406252 406303
1 406305 406388
1 406390 406589
1 406591 406638
1 406640 406695
1 406697 406852
1 406854 406871
1 406873 407034
1 407036 407053
1 407055 407232
1 407234 407405
1 407407 407450
1 407452 407515
1 407517 407654
1 407656 407771
1 407773 407848
1 407850 407901
1 407903 408014
1 408016 408083
1 408085 408196
1 408198 408255
1 408257 408304
1 408306 408409
1 408411 408476
1 408478 408493
1 408495 408686
1 408688 408735
1 408737 408852
1 408854 408887
1 408889 408976
1 408978 409087
1 409089 409158
1 409160 409231
1 409233 409376
1 409378 409391
1 409393 409510
1 409512 409703
1 409705 409902
1 409904 409923
1 409925 409948
1 409950 409965
1 409967 409988
1 409990 410035
1 410037 410220
1 410222 410363
1 410365 410388
1 410390 410485
1 410487 410608
1 410610 410699
1 410701 410782
1 410784 410801
1 410803 410818
1 410820 410911
1 410913 411092
1 411094 411215
1 411217 411222
1 411224 411405
1 411407 411538
1 411540 411583
1 411585 411712
1 411714 411765
1 411767 411894
1 411896 411997
1 411999 412172
1 412174 412259
1 412261 412440
1 412442 412569
1 412571 412696
1 412698 412751
1 412753 412838
1 412840 412901
1 412903 413008
1 413010 413099
1 413101 413222
1 413224 413349
1 413351 413520
1 413522 413657
1 413659 413834
1 413836 413859
1 413861 413872
1 413874 413951
1 413953 414050
1 414052 414179
1 414181 414326
1 414328 414469
1 414471 414618
1 414620 414737
1 414739 414936
1 414938 414999
1 415001 415068
1 415070 415145
1 415147 415248
1 415250 415427
1 415429 415560
1 415562 415729
1 415731 415920
1 415922 415923
1 415925 415954
1 415956 416071
1 416073 416216
1 416218 416259
1 416261 416262
1 416264 416265
1 416267 416438
1 416440 416481
1 416483 416568
1 416570 416603
1 416605 416696
1 416698 416761
1 416763 416796
1 416798 416893
1 416895 416920
1 416922 416947
1 416949 417144
1 417146 417311
1 417313 417434
1 417436 417459
1 417461 417560
1 417562 417617
1 417619 417794
1 417796 417959
1 417961 418132
1 418134 418135
1 418137 418218
1 418220 418399
1 418401 418576
1 418578 418643
1 418645 418746
1 418748 418901
1 418903 418916
1 418918 419087
1 419089 419238
1 419240 419247
1 419249 419276
1 419278 419381
1 419383 419504
1 419506 419679
1 419681 419876
1 419878 420075
1 420077 420162
1 420164 420305
1 420307 420472
1 420474 420641
1 420643 420830
1 420832 420835
1 420837 420858
1 420860 420935
1 420937 421086
1 421088 421273
1 421275 421282
1 421284 421473
1 421475 421530
1 421532 421601
1 421603 421742
1 421744 421777
1 421779 421840
1 421842 421967
1 421969 422118
1 422120 422143
1 422145 422298
1 422300 422337
1 422339 422456
1 422458 422579
1 422581 422696
1 422698 422771
1 422773 422856
1 422858 422927
1 422929 423070
1 423072 423271
1 423273 423356
1 423358 423363
1 423365 423496
1 423498 423563
1 423565 423640
1 423642 423669
1 423671 423850
1 423852 423905
1 423907 423908
1 423910 423955
1 423957 424122
1 424124 424203
1 424205 424226
1 424228 424259
1 424261 424438
1 424440 424579
1 424581 424646
1 424648 424805
1 424807 424936
1 424938 425053
1 425055 425128
1 425130 425161
1 425163 425168
1 425170 425315
1 425317 425424
1 425426 425533
1 425535 425556
1 425558 425691
1 425693 425824
1 425826 425871
1 425873 426046
1 426048 426247
1 426249 426314
1 426316 426339
1 426341 426462
1 426464 426601
1 426603 426686
1 426688 426877
1 426879 426916
1 426918 427015
1 427017 427158
1 427160 427303
1 427305 427318
1 427320 427363
1 427365 427386
1 427388 427533
1 427535 427700
1 427702 427879
1 427881 428024
1 428026 428051
1 428053 428062
1 428064 428157
1 428159 428216
1 428218 428255
1 428257 428432
1 428434 428565
1 428567 428672
1 428674 428817
1 428819 428934
1 428936 429123
1 429125 429240
1 429242 429377
1 429379 429502
1 429504 429671
1 429673 429848
1 429850 429851
1 429853 429908
1 429910 430035
1 430037 430196
1 430198 430273
1 430275 430408
1 430410 430545
1 430547 430724
1 430726 430759
1 430761 430768
1 430770 430797
1 430799 430984
1 430986 431079
1 431081 431156
1 431158 431343
1 431345 431352
1 431354 431529
1 431531 431610
1 431612 431741
1 431743 431810
1 431812 431963
1 431965 432056
1 432058 432111
1 432113 432220
1 432222 432295
1 432297 432398
1 432400 432573
1 432575 432664
1 432666 432677
1 432679 432794
1 432796 432887
1 432889 432998
1 433000 433101
1 433103 433284
1 433286 433303
1 433305 433452
1 433454 433467
1 433469 433528
1 433530 433573
1 433575 433746
1 433748 433871
1 433873 434042
1 434044 434093
1 434095 434130
1 434132 434313
1 434315 434428
1 434430 434607
1 434609 434790
1 434792 434833
1 434835 434922
1 434924 434943
1 434945 434980
1 434982 435111
1 435113 435308
1 435310 435409
1 435411 435552
1 435554 435661
1 435663 435730
1 435732 435749
1 435751 435928
1 435930 436079
1 436081 436152
1 436154 436235
1 436237 436306
1 436308 436407
1 436409 436516
1 436518 436535
1 436537 436580
1 436582 436729
1 436731 436820
1 436822 436971
1 436973 437064
1 437066 437139
1 437141 437246
1 437248 437281
1 437283 437312
1 437314 437497
1 437499 437644
1 437646 437841
1 437843 437874
1 437876 437941
1 437943 438100
1 438102 438169
1 438171 438332
1 438334 438515
1 438517 438626
1 438628 438785
1 438787 438936
1 438938 439107
1 439109 439140
1 439142 439335
1 439337 439384
1 439386 439535
1 439537 439552
1 439554 439685
1 439687 439842
1 439844 439945
1 439947 440006
1 440008 440023
1 440025 440194
1 440196 440237
1 440239 440326
1 440328 440481
1 440483 440576
1 440578 440731
1 440733 440784
1 440786 440935
1 440937 441100
1 441102 441243
1 441245 441414
1 441416 441495
1 441497 441558
1 441560 441659
1 441661 441734
1 441736 441745
1 441747 441908
1 441910 441977
1 441979 441988
1 441990 442061
1 442063 442096
1 442098 442283
1 442285 442290
1 442292 442313
1 442315 442510
1 442512 442639
1 442641 442748
1 442750 442883
1 442885 443076
1 443078 443191
1 443193 443262
1 443264 443427
1 443429 443448
1 443450 443551
1 443553 443724
1 443726 443855
1 443857 444030
1 444032 444073
1 444075 444174
1 444176 444259
1 444261 444432
1 444434 444621
1 444623 444756
1 444758 444923
1 444925 445098
1 445100 445255
1 445257 445396
1 445398 445581
1 445583 445742
1 445744 445887
1 445889 445924
1 445926 446049
1 446051 446174
1 446176 446349
1 446351 446540
1 446542 446731
1 446733 446786
1 446788 446899
1 446901 446906
1 446908 446991
1 446993 447088
1 447090 447251
1 447253 447294
1 447296 447485
1 447487 447650
1 447652 447783
1 447785 447976
1 447978 447997
1 447999 448116
1 448118 448129
1 448131 448244
1 448246 448393
1 448395 448584
1 448586 448627
1 448629 448742
1 448744 448893
1 448895 448982
1 448984 449129
1 449131 449212
1 449214 449293
1 449295 449302
1 449304 449485
1 449487 449496
1 449498 449531
1 449533 449664
1 449666 449857
1 449859 449916
1 449918 450049
1 450051 450110
1 450112 450307
1 450309 450360
1 450362 450411
1 450413 450506
1 450508 450543
1 450545 450662
1 450664 450827
1 450829 450934
1 450936 451083
1 451085 451168
1 451170 451265
1 451267 451408
1 451410 451479
1 451481 451650
1 451652 451833
1 451835 452000
1 452002 452105
1 452107 452300
1 452302 452339
1 452341 452388
1 452390 452413
1 452415 452432
1 452434 452573
1 452575 452754
1 452756 452801
1 452803 452962
1 452964 453079
1 453081 453204
1 453206 453277
1 453279 453348
1 453350 453447
1 453449 453584
1 453586 453731
1 453733 453882
1 453884 453927
1 453929 453966
1 453968 454059
1 454061 454084
1 454086 454167
1 454169 454210
1 454212 454385
1 454387 454482
1 454484 454567
1 454569 454582
1 454584 454665
1 454667 454800
1 454802 454839
1 454841 454908
1 454910 454919
1 454921 455076
1 455078 455133
1 455135 455144
1 455146 455317
1 455319 455388
1 455390 455527
1 455529 455650
1 455652 455763
1 455765 455838
1 455840 455871
1 455873 455920
1 455922 456079
1 456081 456196
1 456198 456305
1 456307 456334
1 456336 456395
1 456397 456542
1 456544 456659
1 456661 456830
1 456832 456929
1 456931 457100
1 457102 457261
1 457263 457350
1 457352 457433
1 457435 457604
1 457606 457621
1 457623 457648
1 457650 457795
1 457797 457944
1 457946 458081
1 458083 458122
1 458124 458179
1 458181 458348
1 458350 458401
1 458403 458458
1 458460 458569
1 458571 458738
1 458740 458873
1 458875 458892
1 458894 459055
1 459057 459204
1 459206 459305
1 459307 459458
1 459460 459543
1 459545 459714
1 459716 459907
1 459909 459950
1 459952 460111
1 460113 460238
1 460240 460249
1 460251 460360
1 460362 460467
1 460469 460658
1 460660 460717
1 460719 460912
1 460914 461067
1 461069 461112
1 461114 461167
1 461169 461316
1 461318 461477
1 461479 461638
1 461640 461787
1 461789 461928
1 461930 462125
1 462127 462152
1 462154 462251
1 462253 462448
1 462450 462585
1 462587 462724
1 462726 462879
1 462881 463058
1 463060 463087
1 463089 463192
1 463194 463319
1 463321 463472
1 463474 463507
1 463509 463646
1 463648 463743
1 463745 463902
1 463904 463907
1 463909 464014
1 464016 464037
1 464039 464112
1 464114 464207
1 464209 464394
1 464396 464555
1 464557 464600
1 464602 464765
1 464767 464798
1 464800 464803
1 464805 465002
1 465004 465035
1 465037 465154
1 465156 465343
1 465345 465466
1 465468 465643
1 465645 465672
1 465674 465747
1 465749 465786
1 465788 465799
1 465801 465970
1 465972 466155
1 466157 466162
1 466164 466247
1 466249 466290
1 466292 466387
1 466389 466528
1 466530 466715
1 466717 466842
1 466844 467017
1 467019 467034
1 467036 467191
1 467193 467204
1 467206 467395
1 467397 467484
1 467486 467525
1 467527 467668
1 467670 467829
1 467831 467858
1 467860 467887
1 467889 467940
1 467942 467945
1 467947 468110
1 468112 468227
1 468229 468260
1 468262 468439
1 468441 468570
1 468572 468695
1 468697 468856
1 468858 469003
1 469005 469032
1 469034 469103
1 469105 469298
1 469300 469325
1 469327 469516
1 469518 469569
1 469571 469754
1 469756 469937
1 469939 470126
1 470128 470205
1 470207 470368
1 470370 470409
1 470411 470528
1 470530 470617
1 470619 470716
1 470718 470785
1 470787 470966
1 470968 471063
1 471065 471094
1 471096 471161
1 471163 471228
1 471230 471267
1 471269 471312
1 471314 471461
1 471463 471542
1 471544 471741
1 471743 471924
1 471926 472123
1 472125 472288
1 472290 472371
1 472373 472458
1 472460 472647
1 472649 472688
1 472690 472869
1 472871 472974
1 472976 473137
1 473139 473188
1 473190 473293
1 473295 473344
1 473346 473407
1 473409 473532
1 473534 473733
1 473735 473922
1 473924 474115
1 474117 474132
1 474134 474309
1 474311 474396
1 474398 474503
1 474505 474666
1 474668 474731
1 474733 474768
1 474770 474849
1 474851 474890
1 474892 475027
1 475029 475124
1 475126 475163
1 475165 475280
1 475282 475343
1 475345 475506
1 475508 475677
1 475679 475706
1 475708 475783
1 475785 475924
1 475926 476029
1 476031 476194
1 476196 476301
1 476303 476338
1 476340 476441
1 476443 476638
1 476640 476793
1 476795 476948
1 476950 477073
1 477075 477114
1 477116 477309
1 477311 477418
1 477420 477541
1 477543 477644
1 477646 477779
1 477781 477946
1 477948 478087
1 478089 478236
1 478238 478371
1 478373 478390
1 478392 478427
1 478429 478452
1 478454 478637
1 478639 478698
1 478700 478715
1 478717 478804
1 478806 478955
1 478957 479124
1 479126 479149
1 479151 479188
1 479190 479233
1 479235 479266
1 479268 479447
1 479449 479640
1 479642 479747
1 479749 479824
1 479826 479975
1 479977 480150
1 480152 480259
1 480261 480334
1 480336 480519
1 480521 480592
1 480594 480745
1 480747 480910
1 480912 480933
1 480935 480940
1 480942 481011
1 481013 481164
1 481166 481251
1 481253 481330
1 481332 481523
1 481525 481722
1 481724 481913
1 481915 481924
1 481926 482101
1 482103 482126
1 482128 482215
1 482217 482380
1 482382 482441
1 482443 482472
1 482474 482647
1 482649 482828
1 482830 482957
1 482959 483062
1 483064 483259
1 483261 483438
1 483440 483551
1 483553 483706
1 483708 483781
1 483783 483926
1 483928 483983
1 483985 484112
1 484114 484139
1 484141 484216
1 484218 484359
1 484361 484474
1 484476 484541
1 484543 484646
1 484648 484665
1 484667 484808
1 484810 484855
1 484857 484894
1 484896 484953
1 484955 485110
1 485112 485177
1 485179 485262
1 485264 485295
1 485297 485364
1 485366 485447
1 485449 485458
1 485460 485483
1 485485 485516
1 485518 485553
1 485555 485616
1 485618 485799
1 485801 485892
1 485894 485961
1 485963 486076
1 486078 486241
1 486243 486432
1 486434 486609
1 486611 486646
1 486648 486663
1 486665 486792
1 486794 486815
1 486817 486828
1 486830 486919
1 486921 486922
1 486924 487029
1 487031 487152
1 487154 487157
1 487159 487186
1 487188 487367
1 487369 487512
1 487514 487669
1 487671 487868
1 487870 488041
1 488043 488052
1 488054 488143
1 488145 488146
1 488148 488281
1 488283 488350
1 488352 488425
1 488427 488468
1 488470 488653
1 488655 488698
1 488700 488715
1 488717 488768
1 488770 488959
1 488961 489032
1 489034 489097
1 489099 489144
1 489146 489151
1 489153 489222
1 489224 489243
1 489245 489356
1 489358 489463
1 489465 489488
1 489490 489563
1 489565 489762
1 489764 489787
1 489789 489964
1 489966 490027
1 490029 490080
1 490082 490127
1 490129 490242
1 490244 490323
1 490325 490482
1 490484 490553
1 490555 490564
1 490566 490587
1 490589 490694
1 490696 490759
1 490761 490762
1 490764 490853
1 490855 490946
1 490948 491111
1 491113 491216
1 491218 491227
1 491229 491256
1 491258 491413
1 491415 491472
1 491474 491485
1 491487 491620
1 491622 491689
1 491691 491736
1 491738 491773
1 491775 491852
1 491854 491863
1 491865 491972
1 491974 492085
1 492087 492142
1 492144 492259
1 492261 492410
1 492412 492563
1 492565 492670
1 492672 492863
1 492865 492872
1 492874 493003
1 493005 493120
1 493122 493211
1 493213 493256
1 493258 493455
1 493457 493588
1 493590 493745
1 493747 493832
1 493834 493985
1 493987 494172
1 494174 494269
1 494271 494450
1 494452 494489
1 494491 494650
1 494652 494661
1 494663 494806
1 494808 494909
1 494911 495098
1 495100 495109
1 495111 495170
1 495172 495225
1 495227 495420
1 495422 495435
1 495437 495560
1 495562 495641
1 495643 495666
1 495668 495719
1 495721 495730
1 495732 495919
1 495921 496006
1 496008 496095
1 496097 496270
1 496272 496287
1 496289 496322
1 496324 496431
1 496433 496606
1 496608 496787
1 496789 496928
1 496930 497121
1 497123 497232
1 497234 497403
1 497405 497422
1 497424 497611
1 497613 497722
1 497724 497743
1 497745 497818
1 497820 497881
1 497883 497996
1 497998 498001
1 498003 498092
1 498094 498289
1 498291 498488
1 498490 498681
1 498683 498702
1 498704 498741
1 498743 498848
1 498850 498991
1 498993 499080
1 499082 499135
1 499137 499234
1 499236 499349
1 499351 499400
1 499402 499561
1 499563 499638
1 499640 499779
1 499781 499846
1 499848 500031
1 500033 500086
1 500088 500127
1 500129 500280
1 500282 500429
1 500431 500616
1 500618 500629
1 500631 500824
1 500826 500849
1 500851 500896
1 500898 501091
1 501093 501236
1 501238 501345
1 501347 501462
1 501464 501579
1 501581 501652
1 501654 501689
1 501691 501696
1 501698 501897
1 501899 502044
1 502046 502223
1 502225 502416
1 502418 502607
1 502609 502758
1 502760 502795
1 502797 502822
1 502824 502945
1 502947 502968
1 502970 503139
1 503141 503164
1 503166 503197
1 503199 503258
1 503260 503447
1 503449 503452
1 503454 503533
1 503535 503562
1 503564 503749
1 503751 503772
1 503774 503957
1 503959 504012
1 504014 504035
1 504037 504152
1 504154 504169
1 504171 504212
1 504214 504261
1 504263 504382
1 504384 504579
1 504581 504746
1 504748 504933
1 504935 505126
1 505128 505175
1 505177 505360
1 505362 505495
1 505497 505566
1 505568 505597
1 505599 505636
1 505638 505787
1 505789 505798
1 505800 505851
1 505853 505862
1 505864 505921
1 505923 506096
1 506098 506119
1 506121 506170
1 506172 506217
1 506219 506414
1 506416 506449
1 506451 506530
1 506532 506633
1 506635 506768
1 506770 506935
1 506937 506984
1 506986 507077
1 507079 507224
1 507226 507425
1 507427 507544
1 507546 507699
1 507701 507720
1 507722 507825
1 507827 507948
1 507950 508083
1 508085 508222
1 508224 508323
1 508325 508514
1 508516 508679
1 508681 508858
1 508860 508871
1 508873 508964
1 508966 509081
1 509083 509092
1 509094 509147
1 509149 509162
1 509164 509213
1 509215 509370
1 509372 509543
1 509545 509598
1 509600 509799
1 509801 509936
1 509938 509997
1 509999 510102
1 510104 510211
1 510213 510296
1 510298 510389
1 510391 510438
1 510440 510535
1 510537 510720
1 510722 510871
1 510873 510890
1 510892 510995
1 510997 511194
1 511196 511271
1 511273 511424
1 511426 511451
1 511453 511456
1 511458 511515
1 511517 511608
1 511610 511799
1 511801 511830
1 511832 511949
1 511951 512112
1 512114 512177
1 512179 512352
1 512354 512409
1 512411 512538
1 512540 512651
1 512653 512822
1 512824 512955
1 512957 512980
1 512982 513179
1 513181 513226
1 513228 513325
1 513327 513380
1 513382 513469
1 513471 513642
1 513644 513675
1 513677 513696
1 513698 513739
1 513741 513748
1 513750 513765
1 513767 513774
1 513776 513901
1 513903 513926
1 513928 514019
1 514021 514202
1 514204 514377
1 514379 514496
1 514498 514681
1 514683 514750
1 514752 514789
1 514791 514980
1 514982 515151
1 515153 515234
1 515236 515253
1 515255 515334
1 515336 515339
1 515341 515490
1 515492 515613
1 515615 515686
1 515688 515717
1 515719 515916
1 515918 516025
1 516027 516172
1 516174 516219
1 516221 516396
1 516398 516445
1 516447 516502
1 516504 516573
1 516575 516624
1 516626 516675
1 516677 516710
1 516712 516799
1 516801 516824
1 516826 516939
1 516941 517090
1 517092 517123
1 517125 517310
1 517312 517501
1 517503 517670
1 517672 517707
1 517709 517718
1 517720 517789
1 517791 517922
1 517924 518039
1 518041 518138
1 518140 518237
1 518239 518430
1 518432 518543
1 518545 518630
1 518632 518827
1 518829 518854
1 518856 518879
1 518881 518944
1 518946 518969
1 518971 519002
1 519004 519159
1 519161 519206
1 519208 519259
1 519261 519364
1 519366 519445
1 519447 519572
1 519574 519757
1 519759 519864
1 519866 519889
1 519891 520018
1 520020 520207
1 520209 520214
1 520216 520277
1 520279 520396
1 520398 520563
1 520565 520622
1 520624 520637
1 520639 520754
1 520756 520865
1 520867 520932
1 520934 521023
1 521025 521060
1 521062 521217
1 521219 521370
1 521372 521411
1 521413 521510
1 521512 521537
1 521539 521552
1 521554 521659
1 521661 521852
1 521854 521959
1 521961 521966
1 521968 522093
1 522095 522160
1 522162 522175
1 522177 522300
1 522302 522469
1 522471 522526
1 522528 522647
1 522649 522756
1 522758 522831
1 522833 522920
1 522922 523039
1 523041 523058
1 523060 523165
1 523167 523366
1 523368 523387
1 523389 523520
1 523522 523533
1 523535 523676
1 523678 523703
1 523705 523794
1 523796 523821
1 523823 523838
1 523840 523963
1 523965 524076
1 524078 524163
1 524165 524316
1 524318 524505
1 524507 524698
1 524700 524863
1 524865 524960
1 524962 525089
1 525091 525244
1 525246 525315
1 525317 525362
1 525364 525399
1 525401 525498
1 525500 525581
1 525583 525622
1 525624 525637
1 525639 525668
1 525670 525763
1 525765 525802
1 525804 525873
1 525875 525990
1 525992 526097
1 526099 526276
1 526278 526309
1 526311 526358
1 526360 526455
1 526457 526594
1 526596 526785
1 526787 526844
1 526846 526919
1 526921 527102
1 527104 527187
1 527189 527322
1 527324 527371
1 527373 527402
1 527404 527451
1 527453 527472
1 527474 527607
1 527609 527792
1 527794 527865
1 527867 527966
1 527968 528101
1 528103 528172
1 528174 528289
1 528291 528398
1 528400 528591
1 528593 528610
1 528612 528775
1 528777 528902
1 528904 529063
1 529065 529186
1 529188 529319
1 529321 529350
1 529352 529411
1 529413 529532
1 529534 529611
1 529613 529712
1 529714 529875
1 529877 530018
1 530020 530135
1 530137 530334
1 530336 530477
1 530479 530562
1 530564 530683
1 530685 530856
1 530858 530903
1 530905 531030
1 531032 531049
1 531051 531184
1 531186 531217
1 531219 531366
1 531368 531473
1 531475 531586
1 531588 531621
1 531623 531768
1 531770 531899
1 531901 532086
1 532088 532243
1 532245 532280
1 532282 532309
1 532311 532346
1 532348 532377
1 532379 532398
1 532400 532527
1 532529 532546
1 532548 532591
1 532593 532712
1 532714 532765
1 532767 532784
1 532786 532883
1 532885 533020
1 533022 533045
1 533047 533174
1 533176 533265
1 533267 533442
1 533444 533447
1 533449 533622
1 533624 533771
1 533773 533828
1 533830 533981
1 533983 534012
1 534014 534049
1 534051 534138
1 534140 534267
1 534269 534372
1 534374 534423
1 534425 534550
1 534552 534695
1 534697 534854
1 534856 534961
1 534963 535070
1 535072 535261
1 535263 535312
1 535314 535413
1 535415 535420
1 535422 535455
1 535457 535582
1 535584 535679
1 535681 535774
1 535776 535893
1 535895 536046
1 536048 536207
1 536209 536242
1 536244 536263
1 536265 536382
1 536384 536395
1 536397 536480
1 536482 536673
1 536675 536748
1 536750 536769
1 536771 536782
1 536784 536857
1 536859 537016
1 537018 537101
1 537103 537192
1 537194 537375
1 537377 537478
1 537480 537549
1 537551 537688
1 537690 537799
1 537801 537920
1 537922 538027
1 538029 538116
1 538118 538235
1 538237 538270
1 538272 538319
1 538321 538478
1 538480 538553
1 538555 538618
1 538620 538657
1 538659 538748
1 538750 538813
1 538815 538958
1 538960 538977
1 538979 539122
1 539124 539313
1 539315 539370
1 539372 539373
1 539375 539484
1 539486 539597
1 539599 539716
1 539718 539803
1 539805 539984
1 539986 540021
1 540023 540176
1 540178 540283
1 540285 540286
1 540288 540481
1 540483 540636
1 540638 540817
1 540819 541006
1 541008 541145
1 541147 541182
1 541184 541185
1 541187 541376
1 541378 541391
1 541393 541486
1 541488 541495
1 541497 541554
1 541556 541685
1 541687 541716
1 541718 541769
1 541771 541876
1 541878 542063
1 542065 542116
1 542118 542265
1 542267 542388
1 542390 542571
1 542573 542672
1 542674 542681
1 542683 542758
1 542760 542777
1 542779 542950
1 542952 543129
1 543131 543194
1 543196 543391
1 543393 543424
1 543426 543447
1 543449 543526
1 543528 543703
1 543705 543806
1 543808 543947
1 543949 544118
1 544120 544209
1 544211 544384
1 544386 544547
1 544549 544648
1 544650 544805
1 544807 544810
1 544812 544817
1 544819 544908
1 544910 544991
1 544993 545064
1 545066 545093
1 545095 545216
1 545218 545333
1 545335 545346
1 545348 545391
1 545393 545462
1 545464 545579
1 545581 545764
1 545766 545849
1 545851 545874
1 545876 545913
1 545915 545968
1 545970 546101
1 546103 546222
1 546224 546231
1 546233 546386
1 546388 546559
1 546561 546648
1 546650 546791
1 546793 546800
1 546802 546827
1 546829 546886
1 546888 546983
1 546985 547132
1 547134 547315
1 547317 547500
1 547502 547699
1 547701 547734
1 547736 547753
1 547755 547890
1 547892 548007
1 548009 548052
1 548054 548227
1 548229 548402
1 548404 548425
1 548427 548512
1 548514 548553
1 548555 548660
1 548662 548707
1 548709 548782
1 548784 548939
1 548941 549020
1 549022 549083
1 549085 549138
1 549140 549195
1 549197 549270
1 549272 549343
1 549345 549406
1 549408 549521
1 549523 549648
1 549650 549691
1 549693 549796
1 549798 549883
1 549885 549982
1 549984 550163
1 550165 550300
1 550302 550345
1 550347 550406
1 550408 550597
1 550599 550658
1 550660 550857
1 550859 550966
1 550968 550995
1 550997 551058
1 551060 551221
1 551223 551334
1 551336 551531
1 551533 551718
1 551720 551839
1 551841 551874
1 551876 551945
1 551947 552086
1 552088 552109
1 552111 552254
1 552256 552363
1 552365 552546
1 552548 552717
1 552719 552782
1 552784 552823
1 552825 552924
1 552926 552937
1 552939 553060
1 553062 553115
1 553117 553294
1 553296 553461
1 553463 553560
1 553562 553741
1 553743 553922
1 553924 554049
1 554051 554180
1 554182 554219
1 554221 554308
1 554310 554319
1 554321 554346
1 554348 554477
1 554479 554554
1 554556 554729
1 554731 554814
1 554816 554879
1 554881 555020
1 555022 555151
1 555153 555298
1 555300 555403
1 555405 555470
1 555472 555495
1 555497 555608
1 555610 555735
1 555737 555842
1 555844 555977
1 555979 556100
1 556102 556149
1 556151 556202
1 556204 556309
1 556311 556366
1 556368 556489
1 556491 556546
1 556548 556703
1 556705 556716
1 556718 556733
1 556735 556808
1 556810 556897
1 556899 556958
1 556960 556967
1 556969 556992
1 556994 557057
1 557059 557114
1 557116 557309
1 557311 557432
1 557434 557629
1 557631 557804
1 557806 557875
1 557877 558022
1 558024 558045
1 558047 558110
1 558112 558179
1 558181 558196
1 558198 558293
1 558295 558440
1 558442 558633
1 558635 558652
1 558654 558675
1 558677 558866
1 558868 559043
1 559045 559058
1 559060 559087
1 559089 559118
1 559120 559121
1 559123 559232
1 559234 559355
1 559357 559454
1 559456 559629
1 559631 559804
1 559806 559923
1 559925 559978
1 559980 560035
1 560037 560070
1 560072 560199
1 560201 560348
1 560350 560407
1 560409 560588
1 560590 560671
1 560673 560760
1 560762 560871
1 560873 560990
1 560992 561083
1 561085 561128
1 561130 561229
1 561231 561240
1 561242 561423
1 561425 561598
1 561600 561717
1 561719 561880
1 561882 562019
1 562021 562110
1 562112 562151
1 562153 562194
1 562196 562199
1 562201 562372
1 562374 562557
1 562559 562640
1 562642 562687
1 562689 562760
1 562762 562933
1 562935 563086
1 563088 563111
1 563113 563284
1 563286 563331
1 563333 563408
1 563410 563489
1 563491 563618
1 563620 563767
1 563769 563908
1 563910 563997
1 563999 564020
1 564022 564073
1 564075 564272
1 564274 564431
1 564433 564544
1 564546 564607
1 564609 564674
1 564676 564739
1 564741 564902
1 564904 564961
1 564963 565094
1 565096 565243
1 565245 565424
1 565426 565573
1 565575 565700
1 565702 565725
1 565727 565924
1 565926 566057
1 566059 566222
1 566224 566349
1 566351 566528
1 566530 566697
1 566699 566770
1 566772 566885
1 566887 566912
1 566914 567021
1 567023 567076
1 567078 567091
1 567093 567272
1 567274 567321
1 567323 567448
1 567450 567583
1 567585 567780
1 567782 567811
1 567813 567938
1 567940 567961
1 567963 568112
1 568114 568225
1 568227 568298
1 568300 568479
1 568481 568504
1 568506 568511
1 568513 568662
1 568664 568811
1 568813 568846
1 568848 568889
1 568891 568954
1 568956 569007
1 569009 569036
1 569038 569165
1 569167 569336
1 569338 569533
1 569535 569644
1 569646 569707
1 569709 569742
1 569744 569905
1 569907 570056
1 570058 570161
1 570163 570182
1 570184 570339
1 570341 570412
1 570414 570493
1 570495 570598
1 570600 570633
1 570635 570736
1 570738 570779
1 570781 570970
1 570972 571009
1 571011 571162
1 571164 571245
1 571247 571370
1 571372 571527
1 571529 571632
1 571634 571735
1 571737 571922
1 571924 571945
1 571947 572010
1 572012 572181
1 572183 572206
1 572208 572289
1 572291 572334
1 572336 572341
1 572343 572420
1 572422 572527
1 572529 572656
1 572658 572807
1 572809 572852
1 572854 572859
1 572861 572906
1 572908 572963
1 572965 572980
1 572982 573125
1 573127 573202
1 573204 573287
1 573289 573484
1 573486 573625
1 573627 573714
1 573716 573741
1 573743 573752
1 573754 573833
1 573835 573892
1 573894 573959
1 573961 573994
1 573996 574079
1 574081 574178
1 574180 574287
1 574289 574428
1 574430 574525
1 574527 574690
1 574692 574743
1 574745 574914
1 574916 575105
1 575107 575292
1 575294 575387
1 575389 575444
1 575446 575521
1 575523 575640
1 575642 575671
1 575673 575684
1 575686 575735
1 575737 575764
1 575766 575965
1 575967 576162
1 576164 576261
1 576263 576362
1 576364 576539
1 576541 576648
1 576650 576669
1 576671 576706
1 576708 576889
1 576891 576946
1 576948 577035
1 577037 577060
1 577062 577133
1 577135 577136
1 577138 577243
1 577245 577400
1 577402 577587
1 577589 577594
1 577596 577641
1 577643 577680
1 577682 577847
1 577849 578038
1 578040 578067
1 578069 578196
1 578198 578219
1 578221 578268
1 578270 578325
1 578327 578422
1 578424 578511
1 578513 578610
1 578612 578667
1 578669 578748
1 578750 578779
1 578781 578814
1 578816 578977
1 578979 579072
1 579074 579245
1 579247 579310
1 579312 579457
1 579459 579574
1 579576 579767
1 579769 579814
1 579816 579843
1 579845 579870
1 579872 579903
1 579905 580040
1 580042 580201
1 580203 580392
1 580394 580475
1 580477 580536
1 580538 580611
1 580613 580792
1 580794 580803
1 580805 581004
1 581006 581041
1 581043 581208
1 581210 581365
1 581367 581532
1 581534 581627
1 581629 581668
1 581670 581807
1 581809 581878
1 581880 581889
1 581891 581938
1 581940 581943
1 581945 582062
1 582064 582187
1 582189 582224
1 582226 582379
1 582381 582468
1 582470 582531
1 582533 582668
1 582670 582811
1 582813 582944
1 582946 583095
1 583097 583212
1 583214 583319
1 583321 583500
1 583502 583573
1 583575 583698
1 583700 583841
1 583843 583898
1 583900 583907
1 583909 584104
1 584106 584239
1 584241 584404
1 584406 584533
1 584535 584618
1 584620 584731
1 584733 584838
1 584840 584955
1 584957 585000
1 585002 585139
1 585141 585182
1 585184 585329
1 585331 585388
1 585390 585513
1 585515 585648
1 585650 585845
1 585847 585950
1 585952 585995
1 585997 586120
1 586122 586205
1 586207 586218
1 586220 586301
1 586303 586432
1 586434 586557
1 586559 586608
1 586610 586701
1 586703 586770
1 586772 586783
1 586785 586840
1 586842 586939
1 586941 587126
1 587128 587175
1 587177 587322
1 587324 587355
1 587357 587502
1 587504 587555
1 587557 587600
1 587602 587645
1 587647 587674
1 587676 587745
1 587747 587756
1 587758 587883
1 587885 587940
1 587942 587955
1 587957 588082
1 588084 588173
1 588175 588228
1 588230 588299
1 588301 588468
1 588470 588483
1 588485 588522
1 588524 588651
1 588653 588694
1 588696 588837
1 588839 588870
1 588872 588967
1 588969 589074
1 589076 589235
1 589237 589340
1 589342 589353
1 589355 589468
1 589470 589553
1 589555 589630
1 589632 589749
1 589751 589766
1 589768 589947
1 589949 590076
1 590078 590139
1 590141 590322
1 590324 590519
1 590521 590644
1 590646 590837
1 590839 590912
1 590914 591059
1 591061 591258
1 591260 591449
1 591451 591494
1 591496 591567
1 591569 591672
1 591674 591785
1 591787 591824
1 591826 592013
1 592015 592104
1 592106 592291
1 592293 592408
1 592410 592509
1 592511 592684
1 592686 592859
1 592861 592986
1 592988 592997
1 592999 593076
1 593078 593251
1 593253 593406
1 593408 593421
1 593423 593584
1 593586 593661
1 593663 593712
1 593714 593855
1 593857 593894
1 593896 594039
1 594041 594136
1 594138 594145
1 594147 594334
1 594336 594409
1 594411 594474
1 594476 594611
1 594613 594620
1 594622 594755
1 594757 594882
1 594884 594953
1 594955 595120
1 595122 595275
1 595277 595364
1 595366 595527
1 595529 595532
1 595534 595607
1 595609 595788
1 595790 595819
1 595821 595974
1 595976 596151
1 596153 596270
1 596272 596387
1 596389 596512
1 596514 596623
1 596625 596790
1 596792 596929
1 596931 596984
1 596986 597041
1 597043 597092
1 597094 597235
1 597237 597416
1 597418 597589
1 597591 597662
1 597664 597787
1 597789 597840
1 597842 597863
1 597865 597936
1 597938 598061
1 598063 598094
1 598096 598123
1 598125 598252
1 598254 598257
1 598259 598276
1 598278 598465
1 598467 598604
1 598606 598689
1 598691 598794
1 598796 598973
1 598975 599148
1 599150 599163
1 599165 599288
1 599290 599353
1 599355 599462
1 599464 599503
1 599505 599644
1 599646 599725
1 599727 599818
1 599820 599863
1 599865 599910
1 599912 600081
1 600083 600210
1 600212 600233
1 600235 600268
1 600270 600347
1 600349 600420
1 600422 600473
1 600475 600496
1 600498 600531
1 600533 600576
1 600578 600711
1 600713 600744
1 600746 600783
1 600785 600874
1 600876 600971
1 600973 601002
1 601004 601011
1 601013 601108
1 601110 601295
1 601297 601460
1 601462 601537
1 601539 601628
1 601630 601771
1 601773 601860
1 601862 601885
1 601887 602026
1 602028 602079
1 602081 602184
1 602186 602313
1 602315 602342
1 602344 602365
1 602367 602404
1 602406 602453
1 602455 602576
1 602578 602627
1 602629 602642
1 602644 602689
1 602691 602732
1 602734 602785
1 602787 602858
1 602860 602983
1 602985 603138
1 603140 603283
1 603285 603348
1 603350 603395
1 603397 603514
1 603516 603643
1 603645 603748
1 603750 603829
1 603831 603884
1 603886 604031
1 604033 604198
1 604200 604335
1 604337 604486
1 604488 604661
1 604663 604824
1 604826 604967
1 604969 605060
1 605062 605117
1 605119 605160
1 605162 605257
1 605259 605286
1 605288 605373
1 605375 605520
1 605522 605615
1 605617 605668
1 605670 605787
1 605789 605878
1 605880 606009
1 606011 606184
1 606186 606239
1 606241 606310
1 606312 606397
1 606399 606464
1 606466 606589
1 606591 606674
1 606676 606685
1 606687 606872
1 606874 606915
1 606917 606970
1 606972 607139
1 607141 607232
1 607234 607429
1 607431 607566
1 607568 607581
1 607583 607782
1 607784 607793
1 607795 607844
1 607846 608009
1 608011 608162
1 608164 608309
1 608311 608442
1 608444 608551
1 608553 608702
1 608704 608859
1 608861 608980
1 608982 609055
1 609057 609156
1 609158 609179
1 609181 609332
1 609334 609359
1 609361 609500
1 609502 609695
1 609697 609856
1 609858 609897
1 609899 610056
1 610058 610085
1 610087 610134
1 610136 610185
1 610187 610224
1 610226 610235
1 610237 610384
1 610386 610581
1 610583 610644
1 610646 610761
1 610763 610896
1 610898 611057
1 611059 611236
1 611238 611243
1 611245 611298
1 611300 611361
1 611363 611394
1 611396 611541
1 611543 611712
1 611714 611879
1 611881 612058
1 612060 612135
1 612137 612262
1 612264 612327
1 612329 612490
1 612492 612567
1 612569 612642
1 612644 612663
1 612665 612862
1 612864 612923
1 612925 612968
1 612970 613153
1 613155 613230
1 613232 613311
1 613313 613340
1 613342 613389
1 613391 613532
1 613534 613587
1 613589 613658
1 613660 613767
1 613769 613868
1 613870 613947
1 613949 614042
1 614044 614237
1 614239 614244
1 614246 614307
1 614309 614376
1 614378 614507
1 614509 614708
1 614710 614831
1 614833 614852
1 614854 615051
1 615053 615138
1 615140 615225
1 615227 615236
1 615238 615269
1 615271 615304
1 615306 615453
1 615455 615562
1 615564 615693
1 615695 615742
1 615744 615753
1 615755 615800
1 615802 615873
1 615875 615992
1 615994 616091
1 616093 616154
1 616156 616205
1 616207 616384
1 616386 616551
1 616553 616616
1 616618 616767
1 616769 616854
1 616856 616971
1 616973 617054
1 617056 617217
1 617219 617328
1 617330 617497
1 617499 617578
1 617580 617647
1 617649 617658
1 617660 617793
1 617795 617948
1 617950 618085
1 618087 618118
1 618120 618273
1 618275 618462
1 618464 618495
1 618497 618660
1 618662 618823
1 618825 618858
1 618860 619039
1 619041 619102
1 619104 619175
1 619177 619262
1 619264 619365
1 619367 619422
1 619424 619479
1 619481 619636
1 619638 619667
1 619669 619712
1 619714 619725
1 619727 619904
1 619906 620081
1 620083 620264
1 620266 620421
1 620423 620428
1 620430 620533
1 620535 620610
1 620612 620633
1 620635 620798
1 620800 620867
1 620869 620968
1 620970 621005
1 621007 621204
1 621206 621401
1 621403 621564
1 621566 621595
1 621597 621728
1 621730 621753
1 621755 621810
1 621812 621995
1 621997 622026
1 622028 622069
1 622071 622088
1 622090 622169
1 622171 622280
1 622282 622289
1 622291 622452
1 622454 622557
1 622559 622686
1 622688 622773
1 622775 622860
1 622862 622927
1 622929 622930
1 622932 623043
1 623045 623070
1 623072 623125
1 623127 623306
1 623308 623461
1 623463 623564
1 623566 623585
1 623587 623732
1 623734 623901
1 623903 624032
1 624034 624165
1 624167 624302
1 624304 624367
1 624369 624370
1 624372 624455
1 624457 624626
1 624628 624783
1 624785 624908
1 624910 624937
1 624939 624980
1 624982 624991
1 624993 625098
1 625100 625263
1 625265 625272
1 625274 625327
1 625329 625492
1 625494 625595
1 625597 625726
1 625728 625863
1 625865 625954
1 625956 626119
1 626121 626290
1 626292 626411
1 626413 626556
1 626558 626559
1 626561 626646
1 626648 626773
1 626775 626800
1 626802 626977
1 626979 627158
1 627160 627187
1 627189 627260
1 627262 627409
1 627411 627444
1 627446 627561
1 627563 627566
1 627568 627751
1 627753 627864
1 627866 627871
1 627873 627994
1 627996 628129
1 628131 628306
1 628308 628457
1 628459 628638
1 628640 628645
1 628647 628680
1 628682 628809
1 628811 629008
1 629010 629013
1 629015 629070
1 629072 629175
1 629177 629374
1 629376 629407
1 629409 629518
1 629520 629617
1 629619 629670
1 629672 629735
1 629737 629932
1 629934 630109
1 630111 630264
1 630266 630341
1 630343 630392
1 630394 630505
1 630507 630508
1 630510 630561
1 630563 630752
1 630754 630817
1 630819 630866
1 630868 630905
1 630907 631040
1 631042 631125
1 631127 631170
1 631172 631215
1 631217 631262
1 631264 631339
1 631341 631354
1 631356 631393
1 631395 631484
1 631486 631585
1 631587 631700
1 631702 631825
1 631827 631912
1 631914 631979
1 631981 632106
1 632108 632305
1 632307 632504
1 632506 632657
1 632659 632742
1 632744 632939
1 632941 633080
1 633082 633109
1 633111 633236
1 633238 633271
1 633273 633334
1 633336 633479
1 633481 633512
1 633514 633665
1 633667 633714
1 633716 633831
1 633833 633916
1 633918 633957
1 633959 633968
1 633970 634049
1 634051 634172
1 634174 634185
1 634187 634238
1 634240 634385
1 634387 634548
1 634550 634699
1 634701 634796
1 634798 634951
1 634953 635142
1 635144 635187
1 635189 635236
1 635238 635419
1 635421 635514
1 635516 635633
1 635635 635756
1 635758 635763
1 635765 635832
1 635834 635977
1 635979 636036
1 636038 636091
1 636093 636156
1 636158 636347
1 636349 636522
1 636524 636717
1 636719 636888
1 636890 637011
1 637013 637084
1 637086 637265
1 637267 637444
1 637446 637481
1 637483 637530
1 637532 637697
1 637699 637792
1 637794 637795
1 637797 637890
1 637892 638075
1 638077 638242
1 638244 638393
1 638395 638516
1 638518 638671
1 638673 638778
1 638780 638821
1 638823 638968
1 638970 639059
1 639061 639214
1 639216 639365
1 639367 639486
1 639488 639547
1 639549 639728
1 639730 639921
1 639923 639960
1 639962 640027
1 640029 640092
1 640094 640227
1 640229 640344
1 640346 640419
1 640421 640608
1 640610 640775
1 640777 640938
1 640940 641135
1 641137 641214
1 641216 641285
1 641287 641460
1 641462 641629
1 641631 641632
1 641634 641661
1 641663 641754
1 641756 641911
1 641913 642042
1 642044 642055
1 642057 642246
1 642248 642317
1 642319 642382
1 642384 642549
1 642551 642688
1 642690 642785
1 642787 642954
1 642956 643037
1 643039 643190
1 643192 643283
1 643285 643450
1 643452 643627
1 643629 643728
1 643730 643881
1 643883 644050
1 644052 644201
1 644203 644322
1 644324 644519
1 644521 644678
1 644680 644841
1 644843 644966
1 644968 645131
1 645133 645212
1 645214 645343
1 645345 645420
1 645422 645531
1 645533 645644
1 645646 645707
1 645709 645774
1 645776 645779
1 645781 645964
1 645966 646069
1 646071 646230
1 646232 646407
1 646409 646540
1 646542 646585
1 646587 646620
1 646622 646709
1 646711 646856
1 646858 646881
1 646883 646964
1 646966 647085
1 647087 647148
1 647150 647259
1 647261 647358
1 647360 647379
1 647381 647500
1 647502 647567
1 647569 647730
1 647732 647733
1 647735 647778
1 647780 647941
1 647943 647992
1 647994 648133
1 648135 648320
1 648322 648441
1 648443 648472
1 648474 648507
1 648509 648514
1 648516 648577
1 648579 648678
1 648680 648839
1 648841 648968
1 648970 649051
1 649053 649108
1 649110 649159
1 649161 649170
1 649172 649353
1 649355 649394
1 649396 649573
1 649575 649710
1 649712 649849
1 649851 649932
1 649934 650093
1 650095 650192
1 650194 650253
1 650255 650270
1 650272 650457
1 650459 650638
1 650640 650671
1 650673 650678
1 650680 650691
1 650693 650772
1 650774 650807
1 650809 650836
1 650838 650987
1 650989 651180
1 651182 651241
1 651243 651310
1 651312 651329
1 651331 651430
1 651432 651473
1 651475 651554
1 651556 651625
1 651627 651776
1 651778 651955
1 651957 652114
1 652116 652259
1 652261 652356
1 652358 652405
1 652407 652492
1 652494 652561
1 652563 652690
1 652692 652697
1 652699 652772
1 652774 652921
1 652923 653052
1 653054 653205
1 653207 653276
1 653278 653447
1 653449 653586
1 653588 653723
1 653725 653914
1 653916 654029
1 654031 654102
1 654104 654127
1 654129 654234
1 654236 654313
1 654315 654360
1 654362 654483
1 654485 654606
1 654608 654747
1 654749 654924
1 654926 655069
1 655071 655134
1 655136 655191
1 655193 655346
1 655348 655527
1 655529 655684
1 655686 655793
1 655795 655974
1 655976 656121
1 656123 656308
1 656310 656503
1 656505 656676
1 656678 656717
1 656719 656916
1 656918 656995
1 656997 657106
1 657108 657183
1 657185 657296
1 657298 657481
1 657483 657536
1 657538 657661
1 657663 657704
1 657706 657733
1 657735 657778
1 657780 657939
1 657941 658078
1 658080 658119
1 658121 658230
1 658232 658397
1 658399 658424
1 658426 658621
1 658623 658822
1 658824 659007
1 659009 659106
1 659108 659221
1 659223 659318
1 659320 659327
1 659329 659420
1 659422 659459
1 659461 659526
1 659528 659623
1 659625 659742
1 659744 659933
1 659935 660022
1 660024 660095
1 660097 660132
1 660134 660243
1 660245 660378
1 660380 660533
1 660535 660592
1 660594 660645
1 660647 660678
1 660680 660875
1 660877 661056
1 661058 661215
1 661217 661318
1 661320 661469
1 661471 661586
1 661588 661617
1 661619 661636
1 661638 661835
1 661837 662014
1 662016 662171
1 662173 662288
1 662290 662389
1 662391 662418
1 662420 662425
1 662427 662596
1 662598 662771
1 662773 662792
1 662794 662879
1 662881 662882
1 662884 663047
1 663049 663088
1 663090 663203
1 663205 663268
1 663270 663343
1 663345 663422
1 663424 663511
1 663513 663598
1 663600 663753
1 663755 663772
1 663774 663789
1 663791 663892
1 663894 663969
1 663971 664018
1 664020 664167
1 664169 664214
1 664216 664305
1 664307 664492
1 664494 664647
1 664649 664812
1 664814 664871
1 664873 664984
1 664986 665171
1 665173 665216
1 665218 665375
1 665377 665390
1 665392 665545
1 665547 665562
1 665564 665615
1 665617 665756
1 665758 665807
1 665809 665968
1 665970 665993
1 665995 666076
1 666078 666185
1 666187 666330
1 666332 666429
1 666431 666498
1 666500 666595
1 666597 666636
1 666638 666805
1 666807 666876
1 666878 667051
1 667053 667180
1 667182 667201
1 667203 667224
1 667226 667307
1 667309 667412
1 667414 667493
1 667495 667628
1 667630 667631
1 667633 667708
1 667710 667871
1 667873 667940
1 667942 668081
1 668083 668192
1 668194 668237
1 668239 668344
1 668346 668517
1 668519 668522
1 668524 668607
1 668609 668682
1 668684 668709
1 668711 668718
1 668720 668815
1 668817 668854
1 668856 668997
1 668999 669076
1 669078 669115
1 669117 669190
1 669192 669237
1 669239 669402
1 669404 669513
1 669515 669576
1 669578 669609
1 669611 669792
1 669794 669983
1 669985 669986
1 669988 669999
1 670001 670124
1 670126 670267
1 670269 670326
1 670328 670347
1 670349 670432
1 670434 670477
1 670479 670500
1 670502 670593
1 670595 670742
1 670744 670937
1 670939 670990
1 670992 671089
1 671091 671134
1 671136 671143
1 671145 671210
1 671212 671293
1 671295 671432
1 671434 671547
1 671549 671662
1 671664 671837
1 671839 671914
1 671916 671925
1 671927 672082
1 672084 672109
1 672111 672210
1 672212 672355
1 672357 672450
1 672452 672645
1 672647 672798
1 672800 672875
1 672877 672880
1 672882 672999
1 673001 673138
1 673140 673141
1 673143 673298
1 673300 673305
1 673307 673410
1 673412 673533
1 673535 673622
1 673624 673775
1 673777 673956
1 673958 673993
1 673995 674016
1 674018 674205
1 674207 674342
1 674344 674453
1 674455 674578
1 674580 674759
1 674761 674896
1 674898 674913
1 674915 675048
1 675050 675181
1 675183 675294
1 675296 675313
1 675315 675472
1 675474 675515
1 675517 675522
1 675524 675635
1 675637 675684
1 675686 675875
1 675877 675928
1 675930 675957
1 675959 676042
1 676044 676161
1 676163 676206
1 676208 676211
1 676213 676376
1 676378 676515
1 676517 676562
1 676564 676635
1 676637 676800
1 676802 676881
1 676883 676952
1 676954 677109
1 677111 677288
1 677290 677451
1 677453 677614
1 677616 677671
1 677673 677778
1 677780 677907
1 677909 677966
1 677968 678123
1 678125 678168
1 678170 678247
1 678249 678272
1 678274 678341
1 678343 678530
1 678532 678663
1 678665 678790
1 678792 678801
1 678803 678944
1 678946 679069
1 679071 679238
1 679240 679367
1 679369 679566
1 679568 679749
1 679751 679908
1 679910 680009
1 680011 680112
1 680114 680143
1 680145 680238
1 680240 680375
1 680377 680472
1 680474 680549
1 680551 680664
1 680666 680749
1 680751 680950
1 680952 680985
1 680987 681116
1 681118 681257
1 681259 681404
1 681406 681543
1 681545 681650
1 681652 681665
1 681667 681766
1 681768 681827
1 681829 681940
1 681942 682111
1 682113 682154
1 682156 682229
1 682231 682238
1 682240 682327
1 682329 682420
1 682422 682541
1 682543 682736
1 682738 682913
1 682915 683044
1 683046 683057
1 683059 683102
1 683104 683195
1 683197 683268
1 683270 683409
1 683411 683502
1 683504 683665
1 683667 683700
1 683702 683831
1 683833 683860
1 683862 684015
1 684017 684128
1 684130 684229
1 684231 684286
1 684288 684435
1 684437 684548
1 684550 684657
1 684659 684710
1 684712 684783
1 684785 684894
1 684896 685085
1 685087 685160
1 685162 685313
1 685315 685380
1 685382 685441
1 685443 685458
1 685460 685591
1 685593 685702
1 685704 685743
1 685745 685818
1 685820 685881
1 685883 685952
1 685954 686095
1 686097 686110
1 686112 686297
1 686299 686330
1 686332 686457
1 686459 686574
1 686576 686629
1 686631 686806
1 686808 686905
1 686907 687052
1 687054 687187
1 687189 687200
1 687202 687331
1 687333 687406
1 687408 687449
1 687451 687488
1 687490 687539
1 687541 687660
1 687662 687821
1 687823 687830
1 687832 687941
1 687943 688132
1 688134 688199
1 688201 688220
1 688222 688297
1 688299 688418
1 688420 688589
1 688591 688692
1 688694 688735
1 688737 688894
1 688896 688975
1 688977 689130
1 689132 689241
1 689243 689382
1 689384 689547
1 689549 689598
1 689600 689717
1 689719 689878
1 689880 690001
1 690003 690078
1 690080 690123
1 690125 690168
1 690170 690209
1 690211 690314
1 690316 690471
1 690473 690560
1 690562 690607
1 690609 690714
1 690716 690781
1 690783 690794
1 690796 690821
1 690823 690860
1 690862 690949
1 690951 691142
1 691144 691171
1 691173 691344
1 691346 691545
1 691547 691610
1 691612 691649
1 691651 691728
1 691730 691927
1 691929 692104
1 692106 692249
1 692251 692316
1 692318 692465
1 692467 692520
1 692522 692693
1 692695 692750
1 692752 692779
1 692781 692976
1 692978 693153
1 693155 693232
1 693234 693381
1 693383 693392
1 693394 693461
1 693463 693648
1 693650 693847
1 693849 693948
1 693950 694125
1 694127 694200
1 694202 694231
1 694233 694428
1 694430 694483
1 694485 694526
1 694528 694567
1 694569 694684
1 694686 694779
1 694781 694926
1 694928 695089
1 695091 695150
1 695152 695187
1 695189 695224
1 695226 695415
1 695417 695596
1 695598 695603
1 695605 695684
1 695686 695781
1 695783 695840
1 695842 695933
1 695935 696054
1 696056 696229
1 696231 696422
1 696424 696619
1 696621 696720
1 696722 696881
1 696883 696888
1 696890 697049
1 697051 697078
1 697080 697187
1 697189 697294
1 697296 697487
1 697489 697560
1 697562 697597
1 697599 697626
1 697628 697689
1 697691 697710
1 697712 697825
1 697827 697856
1 697858 698017
1 698019 698098
1 698100 698225
1 698227 698278
1 698280 698363
1 698365 698444
1 698446 698615
1 698617 698658
1 698660 698841
1 698843 698984
1 698986 699041
1 699043 699062
1 699064 699103
1 699105 699158
1 699160 699293
1 699295 699302
1 699304 699441
1 699443 699586
1 699588 699631
1 699633 699800
1 699802 699957
1 699959 700098
1 700100 700199
1 700201 700228
1 700230 700425
1 700427 700486
1 700488 700619
1 700621 700632
1 700634 700695
1 700697 700752
1 700754 700861
1 700863 700984
1 700986 701057
1 701059 701210
1 701212 701227
1 701229 701304
1 701306 701449
1 701451 701648
1 701650 701713
1 701715 701734
1 701736 701835
1 701837 701852
1 701854 701899
1 701901 702046
1 702048 702131
1 702133 702242
1 702244 702411
1 702413 702434
1 702436 702611
1 702613 702708
1 702710 702779
1 702781 702856
1 702858 702989
1 702991 703030
1 703032 703039
1 703041 703120
1 703122 703283
1 703285 703468
1 703470 703665
1 703667 703706
1 703708 703897
1 703899 704076
1 704078 704137
1 704139 704278
1 704280 704469
1 704471 704530
1 704532 704691
1 704693 704850
1 704852 704931
1 704933 704948
1 704950 705087
1 705089 705264
1 705266 705387
1 705389 705428
1 705430 705617
1 705619 705808
1 705810 705853
1 705855 705864
1 705866 706037
1 706039 706076
1 706078 706149
1 706151 706332
1 706334 706461
1 706463 706486
1 706488 706575
1 706577 706678
1 706680 706817
1 706819 706992
1 706994 707157
1 707159 707310
1 707312 707451
1 707453 707514
1 707516 707589
1 707591 707682
1 707684 707689
1 707691 707824
1 707826 707909
1 707911 707978
1 707980 708067
1 708069 708136
1 708138 708303
1 708305 708410
1 708412 708543
1 708545 708584
1 708586 708761
1 708763 708806
1 708808 708817
1 708819 708952
1 708954 709073
1 709075 709118
1 709120 709309
1 709311 709464
1 709466 709567
1 709569 709606
1 709608 709775
1 709777 709910
1 709912 710019
1 710021 710138
1 710140 710317
1 710319 710392
1 710394 710531
1 710533 710602
1 710604 710749
1 710751 710894
1 710896 711003
1 711005 711062
1 711064 711103
1 711105 711302
1 711304 711339
1 711341 711394
1 711396 711567
1 711569 711592
1 711594 711619
1 711621 711638
1 711640 711721
1 711723 711724
1 711726 711779
1 711781 711816
1 711818 711947
1 711949 711962
1 711964 712103
1 712105 712262
1 712264 712461
1 712463 712482
1 712484 712513
1 712515 712566
1 712568 712683
1 712685 712746
1 712748 712815
1 712817 712832
1 712834 712999
1 713001 713094
1 713096 713293
1 713295 713458
1 713460 713569
1 713571 713728
1 713730 713835
1 713837 713882
1 713884 713903
1 713905 713964
1 713966 714025
1 714027 714124
1 714126 714131
1 714133 714320
1 714322 714351
1 714353 714472
1 714474 714621
1 714623 714820
1 714822 715003
1 715005 715126
1 715128 715217
1 715219 715406
1 715408 715487
1 715489 715556
1 715558 715757
1 715759 715882
1 715884 715969
1 715971 716036
1 716038 716161
1 716163 716220
1 716222 716355
1 716357 716458
1 716460 716647
1 716649 716662
1 716664 716729
1 716731 716758
1 716760 716825
1 716827 716940
1 716942 716993
1 716995 717038
1 717040 717055
1 717057 717200
1 717202 717211
1 717213 717346
1 717348 717349
1 717351 717352
1 717354 717549
1 717551 717572
1 717574 717733
1 717735 717872
1 717874 718063
1 718065 718254
1 718256 718265
1 718267 718452
1 718454 718567
1 718569 718612
1 718614 718657
1 718659 718706
1 718708 718849
1 718851 718928
1 718930 718953
1 718955 719042
1 719044 719167
1 719169 719176
1 719178 719289
1 719291 719310
1 719312 719377
1 719379 719552
1 719554 719739
1 719741 719752
1 719754 719761
1 719763 719840
1 719842 719889
1 719891 719968
1 719970 720133
1 720135 720156
1 720158 720337
1 720339 720394
1 720396 720419
1 720421 720610
1 720612 720661
1 720663 720666
1 720668 720775
1 720777 720896
1 720898 721095
1 721097 721274
1 721276 721285
1 721287 721422
1 721424 721465
1 721467 721576
1 721578 721699
1 721701 721848
1 721850 721921
1 721923 722110
1 722112 722309
1 722311 722416
1 722418 722507
1 722509 722622
1 722624 722669
1 722671 722760
1 722762 722941
1 722943 722992
1 722994 723143
1 723145 723264
1 723266 723283
1 723285 723452
1 723454 723627
1 723629 723816
1 723818 723931
1 723933 724028
1 724030 724037
1 724039 724158
1 724160 724275
1 724277 724314
1 724316 724363
1 724365 724380
1 724382 724389
1 724391 724470
1 724472 724527
1 724529 724616
1 724618 724795
1 724797 724894
1 724896 724959
1 724961 725148
1 725150 725289
1 725291 725338
1 725340 725405
1 725407 725446
1 725448 725519
1 725521 725634
1 725636 725653
1 725655 725658
1 725660 725795
1 725797 725994
1 725996 726017
1 726019 726188
1 726190 726345
1 726347 726410
1 726412 726561
1 726563 726690
1 726692 726793
1 726795 726932
1 726934 727107
1 727109 727282
1 727284 727341
1 727343 727418
1 727420 727515
1 727517 727692
1 727694 727817
1 727819 727886
1 727888 727921
1 727923 728070
1 728072 728239
1 728241 728364
1 728366 728499
1 728501 728578
1 728580 728611
1 728613 728688
1 728690 728833
1 728835 728944
1 728946 729101
1 729103 729230
1 729232 729269
1 729271 729412
1 729414 729601
1 729603 729674
1 729676 729827
1 729829 729968
1 729970 730051
1 730053 730128
1 730130 730247
1 730249 730270
1 730272 730409
1 730411 730428
1 730430 730439
1 730441 730604
1 730606 730763
1 730765 730798
1 730800 730881
1 730883 730950
1 730952 731007
1 731009 731052
1 731054 731157
1 731159 731164
1 731166 731209
1 731211 731394
1 731396 731533
1 731535 731710
1 731712 731749
1 731751 731930
1 731932 732017
1 732019 732030
1 732032 732209
1 732211 732282
1 732284 732313
1 732315 732352
1 732354 732467
1 732469 732494
1 732496 732503
1 732505 732684
1 732686 732713
1 732715 732762
1 732764 732829
1 732831 732922
1 732924 733091
1 733093 733244
1 733246 733363
1 733365 733382
1 733384 733577
1 733579 733620
1 733622 733667
1 733669 733786
1 733788 733913
1 733915 734036
1 734038 734171
1 734173 734254
1 734256 734385
1 734387 734452
1 734454 734495
1 734497 734596
1 734598 734757
1 734759 734940
1 734942 734999
1 735001 735186
1 735188 735279
1 735281 735358
1 735360 735499
1 735501 735572
1 735574 735681
1 735683 735744
1 735746 735827
1 735829 735988
1 735990 736025
1 736027 736194
1 736196 736281
1 736283 736430
1 736432 736609
1 736611 736668
1 736670 736675
1 736677 736876
1 736878 737061
1 737063 737066
1 737068 737095
1 737097 737294
1 737296 737423
1 737425 737580
1 737582 737769
1 737771 737918
1 737920 738007
1 738009 738058
1 738060 738067
1 738069 738074
1 738076 738257
1 738259 738284
1 738286 738411
1 738413 738476
1 738478 738543
1 738545 738676
1 738678 738749
1 738751 738892
1 738894 738981
1 738983 739156
1 739158 739331
1 739333 739368
1 739370 739477
1 739479 739568
1 739570 739667
1 739669 739840
1 739842 739945
1 739947 740112
1 740114 740295
1 740297 740378
1 740380 740471
1 740473 740484
1 740486 740563
1 740565 740676
1 740678 740829
1 740831 740974
1 740976 740983
1 740985 741058
1 741060 741131
1 741133 741316
1 741318 741439
1 741441 741520
1 741522 741619
1 741621 741802
1 741804 741827
1 741829 741856
1 741858 741905
1 741907 742046
1 742048 742159
1 742161 742294
1 742296 742321
1 742323 742440
1 742442 742495
1 742497 742536
1 742538 742703
1 742705 742756
1 742758 742761
1 742763 742946
1 742948 743057
1 743059 743088
1 743090 743285
1 743287 743324
1 743326 743385
1 743387 743558
1 743560 743647
1 743649 743766
1 743768 743825
1 743827 743938
1 743940 744023
1 744025 744098
1 744100 744257
1 744259 744288
1 744290 744353
1 744355 744472
1 744474 744561
1 744563 744580
1 744582 744671
1 744673 744834
1 744836 744983
1 744985 745064
1 745066 745131
1 745133 745166
1 745168 745243
1 745245 745438
1 745440 745559
1 745561 745680
1 745682 745765
1 745767 745898
1 745900 746081
1 746083 746086
1 746088 746173
1 746175 746290
1 746292 746309
1 746311 746482
1 746484 746491
1 746493 746546
1 746548 746629
1 746631 746710
1 746712 746803
1 746805 746806
1 746808 746951
1 746953 747104
1 747106 747295
1 747297 747314
1 747316 747407
1 747409 747462
1 747464 747513
1 747515 747540
1 747542 747617
1 747619 747710
1 747712 747875
1 747877 747926
1 747928 748037
1 748039 748122
1 748124 748233
1 748235 748330
1 748332 748361
1 748363 748528
1 748530 748673
1 748675 748820
1 748822 748953
1 748955 749058
1 749060 749087
1 749089 749208
1 749210 749347
1 749349 749412
1 749414 749429
1 749431 749486
1 749488 749569
1 749571 749676
1 749678 749751
1 749753 749932
1 749934 750067
1 750069 750220
1 750222 750391
1 750393 750574
1 750576 750757
1 750759 750800
1 750802 750829
1 750831 750942
1 750944 750955
1 750957 751060
1 751062 751201
1 751203 751218
1 751220 751347
1 751349 751540
1 751542 751659
1 751661 751740
1 751742 751867
1 751869 751956
1 751958 752045
1 752047 752134
1 752136 752257
1 752259 752452
1 752454 752495
1 752497 752590
1 752592 752745
1 752747 752918
1 752920 752927
1 752929 752954
1 752956 753037
1 753039 753066
1 753068 753177
1 753179 753186
1 753188 753271
1 753273 753378
1 753380 753569
1 753571 753628
1 753630 753653
1 753655 753680
1 753682 753861
1 753863 753996
1 753998 754123
1 754125 754176
1 754178 754199
1 754201 754396
1 754398 754547
1 754549 754630
1 754632 754665
1 754667 754834
1 754836 755013
1 755015 755198
1 755200 755237
1 755239 755350
1 755352 755403
1 755405 755474
1 755476 755661
1 755663 755678
1 755680 755693
1 755695 755754
1 755756 755777
1 755779 755830
1 755832 755965
1 755967 756080
1 756082 756151
1 756153 756280
1 756282 756307
1 756309 756362
1 756364 756433
1 756435 756448
1 756450 756479
1 756481 756606
1 756608 756781
1 756783 756954
1 756956 757009
1 757011 757168
1 757170 757253
1 757255 757280
1 757282 757295
1 757297 757330
1 757332 757383
1 757385 757576
1 757578 757603
1 757605 757686
1 757688 757801
1 757803 757864
1 757866 757931
1 757933 757974
1 757976 758001
1 758003 758020
1 758022 758151
1 758153 758184
1 758186 758255
1 758257 758342
1 758344 758543
1 758545 758724
1 758726 758809
1 758811 758898
1 758900 759071
1 759073 759160
1 759162 759315
1 759317 759332
1 759334 759439
1 759441 759538
1 759540 759731
1 759733 759796
1 759798 759827
1 759829 759970
1 759972 759989
1 759991 760074
1 760076 760149
1 760151 760268
1 760270 760395
1 760397 760436
1 760438 760575
1 760577 760712
1 760714 760771
1 760773 760944
1 760946 761125
1 761127 761146
1 761148 761291
1 761293 761326
1 761328 761345
1 761347 761466
1 761468 761611
1 761613 761742
1 761744 761795
1 761797 761938
1 761940 762021
1 762023 762082
1 762084 762273
1 762275 762414
1 762416 762441
1 762443 762580
1 762582 762757
1 762759 762950
1 762952 763047
1 763049 763084
1 763086 763249
1 763251 763376
1 763378 763465
1 763467 763566
1 763568 763661
1 763663 763808
1 763810 763835
1 763837 763842
1 763844 763875
1 763877 763956
1 763958 763969
1 763971 764110
1 764112 764287
1 764289 764386
1 764388 764559
1 764561 764592
1 764594 764697
1 764699 764726
1 764728 764769
1 764771 764908
1 764910 764967
1 764969 765156
1 765158 765231
1 765233 765240
1 765242 765435
1 765437 765508
1 765510 765649
1 765651 765796
1 765798 765835
1 765837 765962
1 765964 765965
1 765967 765974
1 765976 766133
1 766135 766162
1 766164 766201
1 766203 766398
1 766400 766585
1 766587 766710
1 766712 766877
1 766879 766894
1 766896 767053
1 767055 767134
1 767136 767273
1 767275 767414
1 767416 767525
1 767527 767604
1 767606 767629
1 767631 767762
1 767764 767931
1 767933 768106
1 768108 768203
1 768205 768368
1 768370 768385
1 768387 768530
1 768532 768687
1 768689 768712
1 768714 768891
1 768893 768982
1 768984 769019
1 769021 769096
1 769098 769181
1 769183 769260
1 769262 769281
1 769283 769350
1 769352 769529
1 769531 769576
1 769578 769605
1 769607 769646
1 769648 769711
1 769713 769842
1 769844 769999
1 770001 770188
1 770190 770359
1 770361 770420
1 770422 770439
1 770441 770612
1 770614 770731
1 770733 770752
1 770754 770851
1 770853 771010
1 771012 771137
1 771139 771210
1 771212 771349
1 771351 771370
1 771372 771527
1 771529 771550
1 771552 771665
1 771667 771798
1 771800 771915
1 771917 772006
1 772008 772041
1 772043 772134
1 772136 772255
1 772257 772370
1 772372 772421
1 772423 772494
1 772496 772657
1 772659 772686
1 772688 772767
1 772769 772912
1 772914 773061
1 773063 773176
1 773178 773341
1 773343 773356
1 773358 773519
1 773521 773660
1 773662 773861
1 773863 774034
1 774036 774079
1 774081 774180
1 774182 774325
1 774327 774408
1 774410 774423
1 774425 774556
1 774558 774605
1 774607 774790
1 774792 774829
1 774831 775002
1 775004 775145
1 775147 775212
1 775214 775333
1 775335 775346
1 775348 775417
1 775419 775544
1 775546 775605
1 775607 775732
1 775734 775847
1 775849 776008
1 776010 776189
1 776191 776328
1 776330 776463
1 776465 776634
1 776636 776769
1 776771 776930
1 776932 777119
1 777121 777280
1 777282 777477
1 777479 777492
1 777494 777607
1 777609 777754
1 777756 777813
1 777815 777954
1 777956 778101
1 778103 778266
1 778268 778399
1 778401 778492
1 778494 778651
1 778653 778664
1 778666 778707
1 778709 778736
1 778738 778817
1 778819 778918
1 778920 778965
1 778967 779066
1 779068 779183
1 779185 779236
1 779238 779331
1 779333 779488
1 779490 779493
1 779495 779544
1 779546 779655
1 779657 779676
1 779678 779697
1 779699 779802
1 779804 779917
1 779919 780032
1 780034 780085
1 780087 780190
1 780192 780277
1 780279 780322
1 780324 780349
1 780351 780398
1 780400 780419
1 780421 780444
1 780446 780515
1 780517 780680
1 780682 780827
1 780829 780914
1 780916 781075
1 781077 781248
1 781250 781377
1 781379 781566
1 781568 781585
1 781587 781664
1 781666 781775
1 781777 781826
1 781828 781951
1 781953 782010
1 782012 782037
1 782039 782154
1 782156 782219
1 782221 782272
1 782274 782275
1 782277 782402
1 782404 782459
1 782461 782634
1 782636 782745
1 782747 782794
1 782796 782941
1 782943 783080
1 783082 783187
1 783189 783230
1 783232 783369
1 783371 783440
1 783442 783461
1 783463 783588
1 783590 783621
1 783623 783788
1 783790 783941
1 783943 784066
1 784068 784219
1 784221 784246
1 784248 784279
1 784281 784470
1 784472 784511
1 784513 784660
1 784662 784803
1 784805 784980
1 784982 785099
1 785101 785212
1 785214 785269
1 785271 785446
1 785448 785519
1 785521 785522
1 785524 785629
1 785631 785644
1 785646 785757
1 785759 785860
1 785862 786011
1 786013 786106
1 786108 786207
1 786209 786334
1 786336 786375
1 786377 786468
1 786470 786519
1 786521 786636
1 786638 786705
1 786707 786824
1 786826 786975
1 786977 787040
1 787042 787147
1 787149 787188
1 787190 787301
1 787303 787330
1 787332 787383
1 787385 787548
1 787550 787601
1 787603 787742
1 787744 787789
1 787791 787928
1 787930 787989
1 787991 788178
1 788180 788371
1 788373 788526
1 788528 788555
1 788557 788626
1 788628 788701
1 788703 788872
1 788874 788925
1 788927 788928
1 788930 789115
1 789117 789152
1 789154 789195
1 789197 789288
1 789290 789455
1 789457 789654
1 789656 789791
1 789793 789888
1 789890 790067
1 790069 790114
1 790116 790175
1 790177 790210
1 790212 790241
1 790243 790320
1 790322 790345
1 790347 790488
1 790490 790551
1 790553 790572
1 790574 790673
1 790675 790730
1 790732 790733
1 790735 790918
1 790920 791109
1 791111 791188
1 791190 791305
1 791307 791452
1 791454 791563
1 791565 791758
1 791760 791953
1 791955 792040
1 792042 792083
1 792085 792272
1 792274 792385
1 792387 792544
1 792546 792567
1 792569 792712
1 792714 792715
1 792717 792774
1 792776 792967
1 792969 792988
1 792990 793043
1 793045 793172
1 793174 793179
1 793181 793368
1 793370 793509
1 793511 793626
1 793628 793675
1 793677 793696
1 793698 793817
1 793819 793852
1 793854 793961
1 793963 794012
1 794014 794117
1 794119 794192
1 794194 794335
1 794337 794506
1 794508 794611
1 794613 794684
1 794686 794739
1 794741 794806
1 794808 794993
1 794995 795124
1 795126 795189
1 795191 795310
1 795312 795331
1 795333 795446
1 795448 795501
1 795503 795548
1 795550 795637
1 795639 795694
1 795696 795793
1 795795 795808
1 795810 795907
1 795909 795924
1 795926 796003
1 796005 796132
1 796134 796249
1 796251 796268
1 796270 796347
1 796349 796536
1 796538 796629
1 796631 796758
1 796760 796829
1 796831 796970
1 796972 797109
1 797111 797128
1 797130 797319
1 797321 797350
1 797352 797415
1 797417 797540
1 797542 797591
1 797593 797736
1 797738 797851
1 797853 797982
1 797984 798001
1 798003 798190
1 798192 798261
1 798263 798404
1 798406 798509
1 798511 798568
1 798570 798625
1 798627 798776
1 798778 798873
1 798875 799016
1 799018 799103
1 799105 799124
1 799126 799305
1 799307 799370
1 799372 799471
1 799473 799520
1 799522 799655
1 799657 799738
1 799740 799801
1 799803 799854
1 799856 799973
1 799975 800068
1 800070 800165
1 800167 800184
1 800186 800265
1 800267 800272
1 800274 800417
1 800419 800452
1 800454 800595
1 800597 800692
1 800694 800855
1 800857 800982
1 800984 801077
1 801079 801104
1 801106 801185
1 801187 801362
1 801364 801461
1 801463 801602
1 801604 801633
1 801635 801806
1 801808 801829
1 801831 801922
1 801924 801947
1 801949 802130
1 802132 802311
1 802313 802314
1 802316 802341
1 802343 802472
1 802474 802543
1 802545 802724
1 802726 802737
1 802739 802908
1 802910 802913
1 802915 802988
1 802990 803015
1 803017 803186
1 803188 803225
1 803227 803306
1 803308 803359
1 803361 803466
1 803468 803475
1 803477 803520
1 803522 803621
1 803623 803690
1 803692 803831
1 803833 803890
1 803892 803939
1 803941 804138
1 804140 804185
1 804187 804296
1 804298 804429
1 804431 804602
1 804604 804741
1 804743 804904
1 804906 804983
1 804985 805062
1 805064 805071
1 805073 805112
1 805114 805281
1 805283 805464
1 805466 805617
1 805619 805656
1 805658 805797
1 805799 805922
1 805924 805927
1 805929 806064
1 806066 806133
1 806135 806320
1 806322 806483
1 806485 806626
1 806628 806795
1 806797 806840
1 806842 806843
1 806845 806984
1 806986 807141
1 807143 807270
1 807272 807297
1 807299 807302
1 807304 807305
1 807307 807450
1 807452 807523
1 807525 807592
1 807594 807597
1 807599 807694
1 807696 807871
1 807873 807954
1 807956 807969
1 807971 807976
1 807978 808135
1 808137 808282
1 808284 808455
1 808457 808592
1 808594 808631
1 808633 808772
1 808774 808831
1 808833 808950
1 808952 809055
1 809057 809118
1 809120 809271
1 809273 809466
1 809468 809489
1 809491 809596
1 809598 809775
1 809777 809902
1 809904 809967
1 809969 810054
1 810056 810109
1 810111 810274
1 810276 810431
1 810433 810584
1 810586 810665
1 810667 810740
1 810742 810891
1 810893 810958
1 810960 810993
1 810995 811162
1 811164 811213
1 811215 811256
1 811258 811295
1 811297 811398
1 811400 811431
1 811433 811442
1 811444 811581
1 811583 811650
1 811652 811801
1 811803 811972
1 811974 812109
1 812111 812156
1 812158 812179
1 812181 812214
1 812216 812263
1 812265 812454
1 812456 812551
1 812553 812728
1 812730 812857
1 812859 813048
1 813050 813123
1 813125 813200
1 813202 813361
1 813363 813522
1 813524 813573
1 813575 813710
1 813712 813721
1 813723 813744
1 813746 813939
1 813941 813982
1 813984 814053
1 814055 814190
1 814192 814313
1 814315 814320
1 814322 814463
1 814465 814576
1 814578 814669
1 814671 814730
1 814732 814863
1 814865 815006
1 815008 815113
1 815115 815136
1 815138 815275
1 815277 815476
1 815478 815549
1 815551 815592
1 815594 815755
1 815757 815866
1 815868 816059
1 816061 816188
1 816190 816245
1 816247 816262
1 816264 816411
1 816413 816588
1 816590 816693
1 816695 816762
1 816764 816893
1 816895 817076
1 817078 817141
1 817143 817226
1 817228 817405
1 817407 817526
1 817528 817667
1 817669 817706
1 817708 817895
1 817897 817962
1 817964 818063
1 818065 818256
1 818258 818403
1 818405 818536
1 818538 818721
1 818723 818892
1 818894 819079
1 819081 819094
1 819096 819261
1 819263 819312
1 819314 819371
1 819373 819472
1 819474 819501
1 819503 819672
1 819674 819791
1 819793 819968
1 819970 820071
1 820073 820228
1 820230 820353
1 820355 820360
1 820362 820403
1 820405 820534
1 820536 820685
1 820687 820770
1 820772 820865
1 820867 821012
1 821014 821115
1 821117 821182
1 821184 821349
1 821351 821386
1 821388 821433
1 821435 821500
1 821502 821607
1 821609 821734
1 821736 821761
1 821763 821956
1 821958 822043
1 822045 822214
1 822216 822361
1 822363 822442
1 822444 822563
1 822565 822702
1 822704 822777
1 822779 822932
1 822934 823045
1 823047 823106
1 823108 823161
1 823163 823186
1 823188 823331
1 823333 823500
1 823502 823537
1 823539 823598
1 823600 823751
1 823753 823804
1 823806 823889
1 823891 823922
1 823924 823947
1 823949 824078
1 824080 824135
1 824137 824324
1 824326 824431
1 824433 824572
1 824574 824645
1 824647 824820
1 824822 824879
1 824881 824940
1 824942 824953
1 824955 825102
1 825104 825243
1 825245 825298
1 825300 825333
1 825335 825366
1 825368 825371
1 825373 825470
1 825472 825633
1 825635 825654
1 825656 825713
1 825715 825876
1 825878 826037
1 826039 826224
1 826226 826387
1 826389 826554
1 826556 826751
1 826753 826812
1 826814 826995
1 826997 827154
1 827156 827295
1 827297 827356
1 827358 827427
1 827429 827628
1 827630 827735
1 827737 827784
1 827786 827827
1 827829 827838
1 827840 827957
1 827959 827970
1 827972 828073
1 828075 828212
1 828214 828267
1 828269 828330
1 828332 828449
1 828451 828522
1 828524 828697
1 828699 828794
1 828796 828987
1 828989 829132
1 829134 829167
1 829169 829222
1 829224 829353
1 829355 829534
1 829536 829555
1 829557 829640
1 829642 829739
1 829741 829860
1 829862 830001
1 830003 830162
1 830164 830203
1 830205 830212
1 830214 830285
1 830287 830374
1 830376 830459
1 830461 830468
1 830470 830515
1 830517 830596
1 830598 830717
1 830719 830762
1 830764 830885
1 830887 830918
1 830920 830985
1 830987 831106
1 831108 831123
1 831125 831242
1 831244 831333
1 831335 831468
1 831470 831623
1 831625 831690
1 831692 831789
1 831791 831942
1 831944 832069
1 832071 832192
1 832194 832289
1 832291 832470
1 832472 832525
1 832527 832532
1 832534 832609
1 832611 832752
1 832754 832841
1 832843 833030
1 833032 833045
1 833047 833150
1 833152 833229
1 833231 833284
1 833286 833399
1 833401 833442
1 833444 833475
1 833477 833556
1 833558 833631
1 833633 833810
1 833812 833961
1 833963 833988
1 833990 834059
1 834061 834248
1 834250 834391
1 834393 834494
1 834496 834649
1 834651 834664
1 834666 834861
1 834863 834914
1 834916 834995
1 834997 835150
1 835152 835225
1 835227 835248
1 835250 835423
1 835425 835510
1 835512 835673
1 835675 835732
1 835734 835817
1 835819 835936
1 835938 836061
1 836063 836226
1 836228 836231
1 836233 836316
1 836318 836341
1 836343 836362
1 836364 836553
1 836555 836566
1 836568 836635
1 836637 836778
1 836780 836819
1 836821 836964
1 836966 837119
1 837121 837312
1 837314 837425
1 837427 837482
1 837484 837603
1 837605 837656
1 837658 837845
1 837847 837950
1 837952 838107
1 838109 838156
1 838158 838171
1 838173 838206
1 838208 838251
1 838253 838346
1 838348 838425
1 838427 838432
1 838434 838461
1 838463 838660
1 838662 838805
1 838807 838930
1 838932 839049
1 839051 839114
1 839116 839201
1 839203 839356
1 839358 839419
1 839421 839618
1 839620 839783
1 839785 839864
1 839866 839967
1 839969 840052
1 840054 840157
1 840159 840226
1 840228 840319
1 840321 840356
1 840358 840509
1 840511 840514
1 840516 840687
1 840689 840692
1 840694 840705
1 840707 840732
1 840734 840755
1 840757 840934
1 840936 840965
1 840967 841064
1 841066 841237
1 841239 841412
1 841414 841429
1 841431 841530
1 841532 841613
1 841615 841628
1 841630 841645
1 841647 841768
1 841770 841877
1 841879 842020
1 842022 842161
1 842163 842216
1 842218 842273
1 842275 842336
1 842338 842383
1 842385 842452
1 842454 842519
1 842521 842540
1 842542 842679
1 842681 842710
1 842712 842903
1 842905 843048
1 843050 843081
1 843083 843164
1 843166 843299
1 843301 843326
1 843328 843423
1 843425 843544
1 843546 843639
1 843641 843782
1 843784 843857
1 843859 844016
1 844018 844125
1 844127 844280
1 844282 844417
1 844419 844440
1 844442 844633
1 844635 844780
1 844782 844791
1 844793 844982
1 844984 845127
1 845129 845210
1 845212 845377
1 845379 845520
1 845522 845541
1 845543 845676
1 845678 845749
1 845751 845842
1 845844 846029
1 846031 846166
1 846168 846223
1 846225 846264
1 846266 846385
1 846387 846440
1 846442 846495
1 846497 846622
1 846624 846743
1 846745 846754
1 846756 846927
1 846929 847074
1 847076 847135
1 847137 847176
1 847178 847293
1 847295 847340
1 847342 847429
1 847431 847460
1 847462 847605
1 847607 847756
1 847758 847781
1 847783 847980
1 847982 848001
1 848003 848084
1 848086 848261
1 848263 848352
1 848354 848361
1 848363 848396
1 848398 848555
1 848557 848614
1 848616 848799
1 848801 848964
1 848966 849041
1 849043 849064
1 849066 849141
1 849143 849210
1 849212 849325
1 849327 849494
1 849496 849535
1 849537 849734
1 849736 849821
1 849823 849942
1 849944 850031
1 850033 850042
1 850044 850101
1 850103 850200
1 850202 850259
1 850261 850308
1 850310 850481
1 850483 850502
1 850504 850639
1 850641 850840
1 850842 850949
1 850951 851096
1 851098 851237
1 851239 851342
1 851344 851441
1 851443 851616
1 851618 851817
1 851819 851898
1 851900 852031
1 852033 852166
1 852168 852271
1 852273 852368
1 852370 852423
1 852425 852620
1 852622 852739
1 852741 852778
1 852780 852813
1 852815 852876
1 852878 852941
1 852943 852976
1 852978 853137
1 853139 853212
1 853214 853281
1 853283 853432
1 853434 853557
1 853559 853696
1 853698 853839
1 853841 853976
1 853978 854105
1 854107 854190
1 854192 854287
1 854289 854410
1 854412 854467
1 854469 854630
1 854632 854793
1 854795 854884
1 854886 855031
1 855033 855192
1 855194 855391
1 855393 855518
1 855520 855609
1 855611 855658
1 855660 855859
1 855861 855912
1 855914 855977
1 855979 856156
1 856158 856325
1 856327 856430
1 856432 856611
1 856613 856812
1 856814 856837
1 856839 856872
1 856874 857009
1 857011 857190
1 857192 857305
1 857307 857488
1 857490 857655
1 857657 857760
1 857762 857901
1 857903 858046
1 858048 858051
1 858053 858118
1 858120 858151
1 858153 858290
1 858292 858463
1 858465 858546
1 858548 858581
1 858583 858650
1 858652 858667
1 858669 858686
1 858688 858809
1 858811 858870
1 858872 858873
1 858875 858910
1 858912 859047
1 859049 859098
1 859100 859279
1 859281 859384
1 859386 859391
1 859393 859522
1 859524 859641
1 859643 859774
1 859776 859793
1 859795 859970
1 859972 860137
1 860139 860236
1 860238 860419
1 860421 860490
1 860492 860493
1 860495 860580
1 860582 860613
1 860615 860618
1 860620 860709
1 860711 860894
1 860896 861001
1 861003 861078
1 861080 861255
1 861257 861276
1 861278 861339
1 861341 861412
1 861414 861611
1 861613 861614
1 861616 861651
1 861653 861778
1 861780 861899
1 861901 861990
1 861992 862097
1 862099 862232
1 862234 862343
1 862345 862488
1 862490 862581
1 862583 862720
1 862722 862789
1 862791 862816
1 862818 862869
1 862871 862880
1 862882 862887
1 862889 863076
1 863078 863233
1 863235 863252
1 863254 863441
1 863443 863544
1 863546 863701
1 863703 863890
1 863892 863927
1 863929 864064
1 864066 864167
1 864169 864246
1 864248 864381
1 864383 864428
1 864430 864557
1 864559 864596
1 864598 864701
1 864703 864866
1 864868 864957
1 864959 865054
1 865056 865087
1 865089 865212
1 865214 865345
1 865347 865350
1 865352 865447
1 865449 865536
1 865538 865719
1 865721 865842
1 865844 865947
1 865949 866132
1 866134 866183
1 866185 866220
1 866222 866395
1 866397 866530
1 866532 866575
1 866577 866626
1 866628 866779
1 866781 866846
1 866848 867013
1 867015 867192
1 867194 867323
1 867325 867396
1 867398 867423
1 867425 867428
1 867430 867527
1 867529 867554
1 867556 867715
1 867717 867846
1 867848 867943
1 867945 868032
1 868034 868111
1 868113 868188
1 868190 868319
1 868321 868408
1 868410 868583
1 868585 868632
1 868634 868689
1 868691 868776
1 868778 868825
1 868827 868940
1 868942 869095
1 869097 869120
1 869122 869197
1 869199 869200
1 869202 869397
1 869399 869488
1 869490 869573
1 869575 869704
1 869706 869735
1 869737 869862
1 869864 869869
1 869871 869982
1 869984 870067
1 870069 870166
1 870168 870187
1 870189 870248
1 870250 870381
1 870383 870466
1 870468 870569
1 870571 870600
1 870602 870759
1 870761 870764
1 870766 870821
1 870823 871008
1 871010 871109
1 871111 871160
1 871162 871185
1 871187 871306
1 871308 871315
1 871317 871462
1 871464 871505
1 871507 871572
1 871574 871691
1 871693 871728
1 871730 871799
1 871801 871906
1 871908 872013
1 872015 872114
1 872116 872125
1 872127 872310
1 872312 872411
1 872413 872610
1 872612 872729
1 872731 872768
1 872770 872773
1 872775 872782
1 872784 872977
1 872979 873066
1 873068 873101
1 873103 873234
1 873236 873245
1 873247 873420
1 873422 873559
1 873561 873622
1 873624 873651
1 873653 873772
1 873774 873795
1 873797 873960
1 873962 874159
1 874161 874204
1 874206 874243
1 874245 874294
1 874296 874303
1 874305 874330
1 874332 874499
1 874501 874582
1 874584 874761
1 874763 874860
1 874862 874893
1 874895 874946
1 874948 875051
1 875053 875068
1 875070 875089
1 875091 875180
1 875182 875227
1 875229 875316
1 875318 875459
1 875461 875660
1 875662 875721
1 875723 875882
1 875884 875995
1 875997 876098
1 876100 876275
1 876277 876332
1 876334 876407
1 876409 876604
1 876606 876627
1 876629 876806
1 876808 876925
1 876927 877110
1 877112 877149
1 877151 877304
1 877306 877321
1 877323 877328
1 877330 877453
1 877455 877494
1 877496 877623
1 877625 877824
1 877826 877849
1 877851 877908
1 877910 877923
1 877925 878100
1 878102 878237
1 878239 878416
1 878418 878561
1 878563 878592
1 878594 878787
1 878789 878906
1 878908 879091
1 879093 879252
1 879254 879435
1 879437 879524
1 879526 879647
1 879649 879684
1 879686 879687
1 879689 879770
1 879772 879833
1 879835 879884
1 879886 880023
1 880025 880090
1 880092 880275
1 880277 880314
1 880316 880375
1 880377 880492
1 880494 880641
1 880643 880676
1 880678 880845
1 880847 880992
1 880994 881101
1 881103 881248
1 881250 881301
1 881303 881378
1 881380 881439
1 881441 881446
1 881448 881629
1 881631 881634
1 881636 881743
1 881745 881936
1 881938 882117
1 882119 882292
1 882294 882363
1 882365 882414
1 882416 882519
1 882521 882588
1 882590 882603
1 882605 882704
1 882706 882725
1 882727 882810
1 882812 882989
1 882991 883122
1 883124 883213
1 883215 883388
1 883390 883459
1 883461 883576
1 883578 883615
1 883617 883724
1 883726 883837
1 883839 884016
1 884018 884161
1 884163 884270
1 884272 884395
1 884397 884522
1 884524 884659
1 884661 884722
1 884724 884737
1 884739 884918
1 884920 884949
1 884951 885018
1 885020 885043
1 885045 885162
1 885164 885187
1 885189 885220
1 885222 885305
1 885307 885310
1 885312 885459
1 885461 885640
1 885642 885797
1 885799 885918
1 885920 885975
1 885977 886120
1 886122 886165
1 886167 886306
1 886308 886309
1 886311 886350
1 886352 886509
1 886511 886554
1 886556 886569
1 886571 886648
1 886650 886755
1 886757 886824
1 886826 887005
1 887007 887122
1 887124 887217
1 887219 887220
1 887222 887233
1 887235 887312
1 887314 887377
1 887379 887424
1 887426 887481
1 887483 887600
1 887602 887795
1 887797 887980
1 887982 888119
1 888121 888178
1 888180 888367
1 888369 888468
1 888470 888487
1 888489 888550
1 888552 888699
1 888701 888760
1 888762 888789
1 888791 888854
1 888856 888871
1 888873 888942
1 888944 889133
1 889135 889316
1 889318 889433
1 889435 889480
1 889482 889503
1 889505 889596
1 889598 889661
1 889663 889770
1 889772 889777
1 889779 889790
1 889792 889931
1 889933 890088
1 890090 890135
1 890137 890206
1 890208 890361
1 890363 890380
1 890382 890543
1 890545 890720
1 890722 890729
1 890731 890872
1 890874 891043
1 891045 891202
1 891204 891345
1 891347 891406
1 891408 891459
1 891461 891512
1 891514 891661
1 891663 891794
1 891796 891899
1 891901 892014
1 892016 892039
1 892041 892068
1 892070 892097
1 892099 892160
1 892162 892267
1 892269 892302
1 892304 892421
1 892423 892550
1 892552 892585
1 892587 892674
1 892676 892705
1 892707 892902
1 892904 893079
1 893081 893274
1 893276 893353
1 893355 893424
1 893426 893505
1 893507 893542
1 893544 893595
1 893597 893764
1 893766 893833
1 893835 893924
1 893926 893971
1 893973 894112
1 894114 894179
1 894181 894216
1 894218 894399
1 894401 894402
1 894404 894529
1 894531 894668
1 894670 894737
1 894739 894920
1 894922 895035
1 895037 895134
1 895136 895301
1 895303 895408
1 895410 895525
1 895527 895716
1 895718 895729
1 895731 895908
1 895910 896027
1 896029 896082
1 896084 896127
1 896129 896306
1 896308 896369
1 896371 896382
1 896384 896429
1 896431 896612
1 896614 896759
1 896761 896794
1 896796 896867
1 896869 896900
1 896902 896979
1 896981 897036
1 897038 897075
1 897077 897178
1 897180 897223
1 897225 897274
1 897276 897317
1 897319 897476
1 897478 897591
1 897593 897644
1 897646 897727
1 897729 897782
1 897784 897837
1 897839 897878
1 897880 898001
1 898003 898160
1 898162 898311
1 898313 898376
1 898378 898559
1 898561 898588
1 898590 898641
1 898643 898662
1 898664 898849
1 898851 898932
1 898934 899033
1 899035 899096
1 899098 899249
1 899251 899336
1 899338 899507
1 899509 899654
1 899656 899723
1 899725 899776
1 899778 899971
1 899973 900038
1 900040 900147
1 900149 900274
1 900276 900421
1 900423 900598
1 900600 900739
1 900741 900788
1 900790 900927
1 900929 901004
1 901006 901157
1 901159 901234
1 901236 901425
1 901427 901432
1 901434 901579
1 901581 901704
1 901706 901803
1 901805 901928
1 901930 901955
1 901957 902074
1 902076 902273
1 902275 902290
1 902292 902419
1 902421 902504
1 902506 902623
1 902625 902740
1 902742 902757
1 902759 902760
1 902762 902821
1 902823 902868
1 902870 902887
1 902889 903046
1 903048 903183
1 903185 903266
1 903268 903457
1 903459 903484
1 903486 903619
1 903621 903802
1 903804 903835
1 903837 903872
1 903874 903875
1 903877 903966
1 903968 903987
1 903989 904062
1 904064 904093
1 904095 904174
1 904176 904207
1 904209 904350
1 904352 904473
1 904475 904556
1 904558 904733
1 904735 904806
1 904808 904817
1 904819 904998
1 905000 905013
1 905015 905062
1 905064 905081
1 905083 905112
1 905114 905227
1 905229 905298
1 905300 905395
1 905397 905464
1 905466 905483
1 905485 905486
1 905488 905569
1 905571 905588
1 905590 905673
1 905675 905866
1 905868 905913
1 905915 905936
1 905938 905983
1 905985 906024
1 906026 906183
1 906185 906268
1 906270 906443
1 906445 906520
1 906522 906609
1 906611 906682
1 906684 906805
1 906807 906904
1 906906 907059
1 907061 907236
1 907238 907377
1 907379 907432
1 907434 907531
1 907533 907710
1 907712 907853
1 907855 907968
1 907970 908055
1 908057 908250
1 908252 908405
1 908407 908476
1 908478 908609
1 908611 908674
1 908676 908857
1 908859 909008
1 909010 909015
1 909017 909028
1 909030 909059
1 909061 909138
1 909140 909191
1 909193 909330
1 909332 909413
1 909415 909450
1 909452 909509
1 909511 909544
1 909546 909631
1 909633 909642
1 909644 909837
1 909839 909922
1 909924 909971
1 909973 910100
1 910102 910125
1 910127 910252
1 910254 910339
1 910341 910460
1 910462 910519
1 910521 910648
1 910650 910731
1 910733 910810
1 910812 910915
1 910917 910996
1 910998 911163
1 911165 911214
1 911216 911383
1 911385 911558
1 911560 911731
1 911733 911818
1 911820 911867
1 911869 911914
1 911916 912047
1 912049 912148
1 912150 912251
1 912253 912316
1 912318 912465
1 912467 912562
1 912564 912571
1 912573 912606
1 912608 912769
1 912771 912842
1 912844 912953
1 912955 912992
1 912994 913183
1 913185 913372
1 913374 913563
1 913565 913678
1 913680 913861
1 913863 914038
1 914040 914105
1 914107 914162
1 914164 914269
1 914271 914430
1 914432 914495
1 914497 914530
1 914532 914599
1 914601 914672
1 914674 914863
1 914865 914962
1 914964 915061
1 915063 915202
1 915204 915359
1 915361 915548
1 915550 915627
1 915629 915744
1 915746 915761
1 915763 915932
1 915934 916103
1 916105 916174
1 916176 916219
1 916221 916232
1 916234 916273
1 916275 916314
1 916316 916511
1 916513 916540
1 916542 916665
1 916667 916798
1 916800 916839
1 916841 916984
1 916986 917033
1 917035 917192
1 917194 917373
1 917375 917506
1 917508 917633
1 917635 917720
1 917722 917817
1 917819 917952
1 917954 918069
1 918071 918098
1 918100 918295
1 918297 918460
1 918462 918591
1 918593 918638
1 918640 918797
1 918799 918988
1 918990 919045
1 919047 919204
1 919206 919349
1 919351 919472
1 919474 919489
1 919491 919506
1 919508 919689
1 919691 919716
1 919718 919783
1 919785 919850
1 919852 920049
1 920051 920058
1 920060 920123
1 920125 920144
1 920146 920233
1 920235 920408
1 920410 920505
1 920507 920532
1 920534 920721
1 920723 920872
1 920874 920907
1 920909 920920
1 920922 921055
1 921057 921128
1 921130 921149
1 921151 921286
1 921288 921445
1 921447 921544
1 921546 921607
1 921609 921798
1 921800 921927
1 921929 922010
1 922012 922101
1 922103 922230
1 922232 922349
1 922351 922356
1 922358 922499
1 922501 922564
1 922566 922695
1 922697 922844
1 922846 923019
1 923021 923048
1 923050 923243
1 923245 923302
1 923304 923343
1 923345 923540
1 923542 923641
1 923643 923762
1 923764 923929
1 923931 924106
1 924108 924239
1 924241 924242
1 924244 924341
1 924343 924486
1 924488 924583
1 924585 924774
1 924776 924971
1 924973 924980
1 924982 925141
1 925143 925204
1 925206 925299
1 925301 925416
1 925418 925541
1 925543 925732
1 925734 925915
1 925917 926024
1 926026 926209
1 926211 926264
1 926266 926321
1 926323 926478
1 926480 926651
1 926653 926798
1 926800 926873
1 926875 926888
1 926890 926979
1 926981 927048
1 927050 927193
1 927195 927388
1 927390 927433
1 927435 927508
1 927510 927705
1 927707 927710
1 927712 927773
1 927775 927898
1 927900 928059
1 928061 928154
1 928156 928171
1 928173 928334
1 928336 928457
1 928459 928522
1 928524 928527
1 928529 928700
1 928702 928729
1 928731 928808
1 928810 928941
1 928943 929022
1 929024 929149
1 929151 929220
1 929222 929315
1 929317 929408
1 929410 929543
1 929545 929604
1 929606 929723
1 929725 929780
1 929782 929927
1 929929 930002
1 930004 930137
1 930139 930154
1 930156 930157
1 930159 930194
1 930196 930311
1 930313 930444
1 930446 930471
1 930473 930554
1 930556 930625
1 930627 930642
1 930644 930743
1 930745 930858
1 930860 931049
1 931051 931222
1 931224 931255
1 931257 931456
1 931458 931509
1 931511 931544
1 931546 931683
1 931685 931876
1 931878 931967
1 931969 932064
1 932066 932079
1 932081 932088
1 932090 932127
1 932129 932162
1 932164 932289
1 932291 932332
1 932334 932391
1 932393 932548
1 932550 932629
1 932631 932716
1 932718 932915
1 932917 933068
1 933070 933167
1 933169 933188
1 933190 933335
1 933337 933460
1 933462 933487
1 933489 933650
1 933652 933663
1 933665 933686
1 933688 933819
1 933821 933888
1 933890 933963
1 933965 934016
1 934018 934103
1 934105 934224
1 934226 934355
1 934357 934482
1 934484 934491
1 934493 934502
1 934504 934611
1 934613 934774
1 934776 934877
1 934879 934916
1 934918 935017
1 935019 935166
1 935168 935203
1 935205 935282
1 935284 935353
1 935355 935476
1 935478 935497
1 935499 935570
1 935572 935655
1 935657 935750
1 935752 935913
1 935915 936056
1 936058 936107
1 936109 936250
1 936252 936331
1 936333 936374
1 936376 936387
1 936389 936408
1 936410 936517
1 936519 936624
1 936626 936651
1 936653 936714
1 936716 936855
1 936857 936862
1 936864 936991
1 936993 937174
1 937176 937183
1 937185 937348
1 937350 937467
1 937469 937528
1 937530 937609
1 937611 937668
1 937670 937839
1 937841 937986
1 937988 938161
1 938163 938256
1 938258 938357
1 938359 938432
1 938434 938519
1 938521 938686
1 938688 938821
1 938823 938882
1 938884 938917
1 938919 939114
1 939116 939149
1 939151 939332
1 939334 939457
1 939459 939496
1 939498 939577
1 939579 939672
1 939674 939737
1 939739 939866
1 939868 939933
1 939935 940102
1 940104 940235
1 940237 940264
1 940266 940409
1 940411 940504
1 940506 940691
1 940693 940798
1 940800 940865
1 940867 941054
1 941056 941173
1 941175 941314
1 941316 941401
1 941403 941494
1 941496 941633
1 941635 941728
1 941730 941817
1 941819 941846
1 941848 941887
1 941889 941976
1 941978 942009
1 942011 942202
1 942204 942217
1 942219 942394
1 942396 942553
1 942555 942688
1 942690 942741
1 942743 942850
1 942852 943029
1 943031 943074
1 943076 943089
1 943091 943214
1 943216 943321
1 943323 943432
1 943434 943469
1 943471 943524
1 943526 943699
1 943701 943782
1 943784 943969
1 943971 944082
1 944084 944191
1 944193 944210
1 944212 944301
1 944303 944354
1 944356 944363
1 944365 944446
1 944448 944569
1 944571 944696
1 944698 944753
1 944755 944838
1 944840 945009
1 945011 945034
1 945036 945069
1 945071 945108
1 945110 945189
1 945191 945280
1 945282 945287
1 945289 945444
1 945446 945451
1 945453 945544
1 945546 945653
1 945655 945852
1 945854 945913
1 945915 946000
1 946002 946115
1 946117 946288
1 946290 946369
1 946371 946436
1 946438 946615
1 946617 946682
1 946684 946713
1 946715 946910
1 946912 946971
1 946973 947168
1 947170 947203
1 947205 947350
1 947352 947453
1 947455 947488
1 947490 947619
1 947621 947728
1 947730 947883
1 947885 948074
1 948076 948183
1 948185 948328
1 948330 948401
1 948403 948518
1 948520 948689
1 948691 948870
1 948872 948927
1 948929 949128
1 949130 949319
1 949321 949500
1 949502 949515
1 949517 949532
1 949534 949671
1 949673 949736
1 949738 949769
1 949771 949806
1 949808 949915
1 949917 950032
1 950034 950169
1 950171 950266
1 950268 950303
1 950305 950466
1 950468 950595
1 950597 950706
1 950708 950829
1 950831 950832
1 950834 950999
1 951001 951178
1 951180 951307
1 951309 951400
1 951402 951493
1 951495 951552
1 951554 951585
1 951587 951642
1 951644 951739
1 951741 951806
1 951808 952005
1 952007 952182
1 952184 952347
1 952349 952416
1 952418 952601
1 952603 952774
1 952776 952903
1 952905 952916
1 952918 953053
1 953055 953190
1 953192 953253
1 953255 953288
1 953290 953455
1 953457 953640
1 953642 953663
1 953665 953736
1 953738 953927
1 953929 954122
1 954124 954183
1 954185 954360
1 954362 954555
1 954557 954668
1 954670 954699
1 954701 954764
1 954766 954947
1 954949 955006
1 955008 955041
1 955043 955130
1 955132 955229
1 955231 955366
1 955368 955441
1 955443 955464
1 955466 955623
1 955625 955662
1 955664 955669
1 955671 955826
1 955828 955925
1 955927 956064
1 956066 956187
1 956189 956294
1 956296 956475
1 956477 956570
1 956572 956649
1 956651 956754
1 956756 956869
1 956871 957060
1 957062 957161
1 957163 957282
1 957284 957481
1 957483 957500
1 957502 957591
1 957593 957654
1 957656 957771
1 957773 957774
1 957776 957863
1 957865 957904
1 957906 957919
1 957921 958066
1 958068 958073
1 958075 958152
1 958154 958317
1 958319 958336
1 958338 958395
1 958397 958460
1 958462 958639
1 958641 958770
1 958772 958963
1 958965 959088
1 959090 959159
1 959161 959288
1 959290 959481
1 959483 959670
1 959672 959829
1 959831 959952
1 959954 960125
1 960127 960290
1 960292 960431
1 960433 960572
1 960574 960711
1 960713 960718
1 960720 960857
1 960859 960956
1 960958 961037
1 961039 961144
1 961146 961147
1 961149 961226
1 961228 961413
1 961415 961572
1 961574 961629
1 961631 961720
1 961722 961789
1 961791 961954
1 961956 962061
1 962063 962206
1 962208 962299
1 962301 962474
1 962476 962563
1 962565 962658
1 962660 962753
1 962755 962834
1 962836 963007
1 963009 963110
1 963112 963115
1 963117 963182
1 963184 963207
1 963209 963256
1 963258 963413
1 963415 963566
1 963568 963605
1 963607 963798
1 963800 963905
1 963907 963980
1 963982 964131
1 964133 964142
1 964144 964269
1 964271 964422
1 964424 964539
1 964541 964588
1 964590 964609
1 964611 964704
1 964706 964809
1 964811 964852
1 964854 964905
1 964907 964956
1 964958 965085
1 965087 965270
1 965272 965345
1 965347 965530
1 965532 965715
1 965717 965786
1 965788 965963
1 965965 966042
1 966044 966221
1 966223 966328
1 966330 966493
1 966495 966566
1 966568 966763
1 966765 966850
1 966852 966959
1 966961 967030
1 967032 967173
1 967175 967272
1 967274 967287
1 967289 967436
1 967438 967547
1 967549 967660
1 967662 967683
1 967685 967868
1 967870 967977
1 967979 967996
1 967998 968153
1 968155 968260
1 968262 968451
1 968453 968590
1 968592 968725
1 968727 968760
1 968762 968869
1 968871 968990
1 968992 969103
1 969105 969290
1 969292 969293
1 969295 969324
1 969326 969421
1 969423 969614
1 969616 969733
1 969735 969908
1 969910 970027
1 970029 970214
1 970216 970371
1 970373 970510
1 970512 970705
1 970707 970776
1 970778 970791
1 970793 970950
1 970952 971003
1 971005 971052
1 971054 971243
1 971245 971438
1 971440 971593
1 971595 971642
1 971644 971781
1 971783 971896
1 971898 972097
1 972099 972130
1 972132 972231
1 972233 972260
1 972262 972373
1 972375 972552
1 972554 972617
1 972619 972764
1 972766 972957
1 972959 973102
1 973104 973147
1 973149 973160
1 973162 973301
1 973303 973372
1 973374 973477
1 973479 973608
1 973610 973635
1 973637 973744
1 973746 973809
1 973811 973924
1 973926 974075
1 974077 974084
1 974086 974167
1 974169 974294
1 974296 974357
1 974359 974488
1 974490 974659
1 974661 974682
1 974684 974883
1 974885 975028
1 975030 975159
1 975161 975194
1 975196 975235
1 975237 975358
1 975360 975483
1 975485 975532
1 975534 975595
1 975597 975640
1 975642 975827
1 975829 975996
1 975998 976101
1 976103 976290
1 976292 976419
1 976421 976422
1 976424 976545
1 976547 976732
1 976734 976885
1 976887 976944
1 976946 977143
1 977145 977230
1 977232 977273
1 977275 977384
1 977386 977457
1 977459 977508
1 977510 977669
1 977671 977696
1 977698 977851
1 977853 977968
1 977970 978017
1 978019 978052
1 978054 978161
1 978163 978344
1 978346 978429
1 978431 978618
1 978620 978753
1 978755 978808
1 978810 978969
1 978971 979136
1 979138 979195
1 979197 979358
1 979360 979363
1 979365 979378
1 979380 979473
1 979475 979658
1 979660 979691
1 979693 979694
1 979696 979809
1 979811 979950
1 979952 980065
1 980067 980120
1 980122 980275
1 980277 980430
1 980432 980627
1 980629 980662
1 980664 980719
1 980721 980858
1 980860 980949
1 980951 981056
1 981058 981181
1 981183 981208
1 981210 981405
1 981407 981502
1 981504 981657
1 981659 981756
1 981758 981801
1 981803 981872
1 981874 981985
1 981987 982034
1 982036 982139
1 982141 982320
1 982322 982363
1 982365 982446
1 982448 982579
1 982581 982642
1 982644 982823
1 982825 982880
1 982882 982985
1 982987 982996
1 982998 983091
1 983093 983234
1 983236 983389
1 983391 983440
1 983442 983497
1 983499 983534
1 983536 983643
1 983645 983708
1 983710 983823
1 983825 983934
1 983936 984007
1 984009 984202
1 984204 984341
1 984343 984520
1 984522 984651
1 984653 984704
1 984706 984801
1 984803 984988
1 984990 985111
1 985113 985250
1 985252 985305
1 985307 985500
1 985502 985671
1 985673 985772
1 985774 985851
1 985853 985956
1 985958 986039
1 986041 986116
1 986118 986241
1 986243 986268
1 986270 986449
1 986451 986550
1 986552 986623
1 986625 986708
1 986710 986775
1 986777 986972
1 986974 987037
1 987039 987182
1 987184 987363
1 987365 987444
1 987446 987643
1 987645 987726
1 987728 987915
1 987917 987976
1 987978 988035
1 988037 988050
1 988052 988243
1 988245 988378
1 988380 988545
1 988547 988642
1 988644 988781
1 988783 988870
1 988872 988921
1 988923 988924
1 988926 989015
1 989017 989052
1 989054 989183
1 989185 989188
1 989190 989237
1 989239 989308
1 989310 989429
1 989431 989580
1 989582 989693
1 989695 989788
1 989790 989877
1 989879 990058
1 990060 990127
1 990129 990192
1 990194 990381
1 990383 990416
1 990418 990517
1 990519 990574
1 990576 990603
1 990605 990760
1 990762 990821
1 990823 990958
1 990960 990991
1 990993 991132
1 991134 991259
1 991261 991348
1 991350 991433
1 991435 991634
1 991636 991787
1 991789 991976
1 991978 991999
1 992001 992052
1 992054 992093
1 992095 992248
1 992250 992423
1 992425 992570
1 992572 992629
1 992631 992716
1 992718 992751
1 992753 992768
1 992770 992957
1 992959 992996
1 992998 993165
1 993167 993216
1 993218 993409
1 993411 993540
1 993542 993561
1 993563 993716
1 993718 993901
1 993903 993910
1 993912 994023
1 994025 994222
1 994224 994233
1 994235 994346
1 994348 994459
1 994461 994632
1 994634 994813
1 994815 994876
1 994878 994921
1 994923 994940
1 994942 994963
1 994965 995126
1 995128 995271
1 995273 995314
1 995316 995413
1 995415 995436
1 995438 995507
1 995509 995642
1 995644 995657
1 995659 995728
1 995730 995829
1 995831 995846
1 995848 995975
1 995977 996112
1 996114 996253
1 996255 996370
1 996372 996525
1 996527 996528
1 996530 996709
1 996711 996884
1 996886 996929
1 996931 997122
1 997124 997147
1 997149 997180
1 997182 997275
1 997277 997380
1 997382 997483
1 997485 997544
1 997546 997591
1 997593 997694
1 997696 997815
1 997817 997860
1 997862 997941
1 997943 998006
1 998008 998111
1 998113 998126
1 998128 998315
1 998317 998354
1 998356 998413
1 998415 998532
1 998534 998569
1 998571 998596
1 998598 998753
1 998755 998914
1 998916 999101
1 999103 999210
1 999212 999355
1 999357 999510
1 999512 999671
1 999673 999708
1 999710 999865
1 999867 999990
1 999992 999993
1 999995 1000000
6564 742140
930340 940594
95001 398728
564557 987917
825150 871885
962130 983915
377091 430242
203939 632054
623617 880305
212464 235436
769819 930692
859638 911597
265766 732569
562503 999520
996131 999005
138091 313039
824581 945993
67653 639000
391887 674045
67458 761782
372863 462140
393718 752289
858818 919242
714006 802064
86988 881402
503837 510025
724392 874721
868033 956162
576056 982557
166953 961428
480369 980173
853728 980177
965892 982704
739225 780306
107751 604013
616597 721011
278902 576055
114090 418498
246127 293647
662168 821549
694689 869559
953015 980644
705051 768921
365070 678642
779943 974055
548127 637322
65441 392619
195084 330015
952785 992205
69186 485472
325753 536075
156306 218029
492611 671422
451870 730503
417778 641428
818861 902793
181632 840644
946111 963993
543929 657071
923896 998728
60298 276960
774057 910080
718315 920141
86469 564026
510670 578438
229785 556402
572375 847854
630574 746052
413283 918324
537911 854576
463414 845291
202160 304377
643272 781242
67866 578598
331252 671194
708932 939682
866355 961675
261673 775288
483800 510525
79129 185811
381925 658608
748337 762761
89036 246038
286793 412688
157979 499438
419611 479147
383129 672182
613140 687869
966978 983374
60032 660712
502839 906766
984285 988426
594808 941405
500006 738324
48029 343874
936440 960762
100215 693147
367471 929595
686686 724071
301098 887953
6557 74009
194160 574809
487068 538530
695535 897906
119336 330372
448396 836326
963219 989109
453566 706355
319823 766176
308224 534135
539301 832615
113960 607621
60143 136840
466885 752303
508168 898386
112905 139276
176991 361926
223744 649443
302799 622104
424693 870769
730421 731830
283810 982899
330395 965180
991826 993130
480420 924865
8229 43274
60451 926680
124348 485754
156434 335446
521930 921164
78666 118372
429514 906923
133273 433762
761420 965291
963664 982491
944608 990072
546481 971101
427587 854530
244714 387411
508441 840249
58292 987180
140630 714066
958695 970440
353145 415699
144695 151884
764254 959019
542823 559921
870210 981392
408885 897542
775155 952129
881316 945104
407025 831900
43229 214045
85701 872665
100505 432279
410583 641366
240942 881868
467169 962794
658874 803151
428549 780865
251673 878382
793254 992119
475879 641087
392112 515777
358126 936920
28910 861059
218268 715060
302244 461594
546796 561436
676740 733820
167328 443056
729637 864369
705977 936192
133705 432948
427246 504928
152447 692034
443192 823228
606252 628731
619583 873564
573764 890981
820847 999266
166885 776723
161471 842204
226409 248805
336973 643679
220222 680295
435562 591659
564133 968511
797562 803766
791508 825447
869395 973586
319788 809737
315625 432957
548488 978267
497178 694301
735808 825416
384555 712121
440159 883259
193307 613224
886609 889630
610306 724346
537816 985720
505901 830093
676023 795456
366170 636355
383789 716856
366977 921252
414944 471263
516861 893923
347510 927596
443236 512017
947376 950154
612937 661621
202782 215858
867902 981914
168520 708642
397585 831568
660440 696321
211406 832681
705112 807613
135092 260773
150577 448327
892388 900310
421458 676813
997424 999638
203472 264871
310100 643102
966512 975393
137105 768780
435663 967498
700113 714413
327183 660438
647667 810897
957274 974323
253263 518388
697207 975139
905133 928437
369886 676331
346790 757878
313301 776384
571089 963938
636094 932340
457400 839118
686973 988061
820993 883347
194637 836868
634739 994021
34722 952623
547411 925442
494992 964968
242598 369034
745552 774081
258272 743481
792923 864330
955742 998849
730703 932882
139594 338969
452758 523721
948790 950766
734536 806616
77362 560003
542725 578308
222791 579547
484703 883366
169847 861044
861215 936765
61929 865844
919747 988355
321048 526493
827516 844516
7785 37836
238739 620057
715946 947956
435347 666332
86302 855700
408609 876471
459847 855487
360029 714717
960758 992397
499098 505272
321457 986640
183858 442524
52287 186137
768591 802827
647890 690802
878528 884464
722124 904908
574417 891631
359652 830335
157802 552474
746688 803035
228320 875995
982672 995426
515225 823094
222859 819277
778192 992779
502855 801384
47061 245101
480926 580274
484136 651580
316469 890674
326300 662613
965619 989845
137746 617250
578699 805362
536543 931647
947991 978412
316528 733213
85791 312043
637915 912842
876371 997127
388536 652046
556972 748545
42118 625284
185102 244446
81216 251248
698950 746559
372121 700407
427678 455150
453554 863176
801173 977844
953262 980910
750344 910736
187219 471277
873451 903535
214898 788163
196684 622696
512714 630904
957704 990185
792732 820608
952 118418
931673 947841
702197 707928
340614 921445
208678 902876
647394 827885
921129 983929
161999 251935
545320 607790
103680 259609
272226 411499
73369 217041
284740 897067
719474 722824
384882 541522
811068 978799
726167 883231
281388 495859
448958 910647
4851 933784
548265 563671
68531 182855
966297 967964
902409 936011
272880 423983
322497 585716
763026 877994
61445 450201
692904 790976
980769 991587
8455 629455
236257 525704
857807 952145
594452 730027
315085 968730
210292 309561
753731 845514
562815 966449
558121 839138
215500 487226
679421 731751
447281 807980
900162 908704
903133 909380
17528 763050
509392 870477
331155 734379
810582 939786
435312 472049
595896 770326
207186 237362
676731 765177
285112 889566
300226 719414
887999 957269
54949 161346
541905 763251
155458 211719
704792 953618
947235 996745
211375 780409
488424 895233
477577 923818
849241 865065
49122 854895
409754 832745
420788 984914
452575 809068
779604 824111
739251 920977
691382 852993
870578 926155
555773 599067
292070 409998
810413 815498
986510 989597
202549 293709
953301 966219
359816 919731
195594 643511
331914 970364
946826 997740
851566 898206
305969 334340
289283 393686
770624 944327
746653 985263
841750 938523
114754 763885
404418 577659
749834 762491
739165 836131
804765 809550
826686 959712
390844 600114
66302 767387
400316 585218
279206 712457
507758 897221
667636 797911
65700 627383
791329 945882
331781 341812
251185 902834
490506 852696
23499 349468
48251 548340
306360 667515
466122 768660
755760 768864
261164 826018
131 415791
27199 427389
672097 831648
721638 884747
992068 999239
587700 919123
651624 832421
786018 886867
103691 212500
295693 336769
245816 892138
395098 577540
857264 880989
513516 544362
533888 911008
803589 988150
643013 663365
177235 452692
722730 952208
614372 883040
631968 994814
246670 475673
588566 625605
104746 188910
715659 820861
82907 114260
387288 779360
458344 948856
321684 592472
96773 985002
194621 305916
205048 670054
797361 943578
784177 997658
65836 481010
515490 517963
233952 561926
979902 984428
553955 864688
26897 597889
502474 726020
416845 985607
406863 794823
840373 956059
510487 978904
408305 458565
351666 835609
873099 934261
205811 988892
785347 841396
132323 715627
504242 555155
642861 715230
506302 906407
52823 319221
792197 835449
900409 918696
287466 510731
313740 856341
761163 810668
348468 519686
487074 879553
512871 808655
587774 799235
82504 553404
331459 851718
901442 910825
985563 987924
83717 371786
437695 563243
888214 939997
627515 690560
380208 438606
58427 160152
862720 972692
714569 819170
165645 899135
67730 712801
483715 959357
706815 972130
136961 756859
766276 969855
502044 662160
242510 605311
744990 870325
586634 890500
670644 880408
669560 805728
975464 990438
688843 819830
820239 995797
672535 819764
472677 993364
470217 868216
142222 653018
508856 966802
750771 828755
474165 793740
673745 719568
975076 995509
944297 958777
706529 837240
996752 998251
480122 999179
937557 946063
188288 507910
765328 855919
78738 751804
474573 714187
795260 809755
792148 969895
133668 517494
268247 454928
301432 363889
755660 918483
668182 903022
478398 857304
280706 882248
295859 701909
716051 791459
522231 749268
141479 272250
442013 932302
14722 21214
753486 998203
380780 550718
486645 651066
360054 918754
491379 782946
769739 797047
480525 546932
471999 896795
343575 597756
274645 483519
731450 959374
530503 556162
572800 831096
512964 888538
421348 537550
349100 761338
484850 621552
352334 413690
517129 794349
92101 318364
693854 869434
141901 380280
550746 615725
52307 693072
426189 592321
296104 381354
441642 567031
425318 490750
201974 692452
205226 704826
970633 978346
532204 569737
730813 770627
294010 848882
663127 689397
730912 866765
927141 949333
49704 142288
829424 854371
150446 709287
604296 694020
308562 787254
446163 805149
388271 607331
944591 974418
451609 668378
33707 156952
613407 641860
392263 687052
296026 334672
467123 845438
320710 715694
989819 993527
806776 872895
926946 927707
415546 680579
258081 352837
631501 803304
607904 972867
67987 230138
266275 860669
406434 967664
93295 746167
510475 725776
142988 452048
228488 717562
262136 952809
7469 481113
363019 450001
306820 365132
528796 721394
886101 946559
981685 988068
870588 965545
350672 931130
920872 992604
223569 757468
954754 965075
486776 959680
348315 731253
745010 940987
513984 848030
774290 959635
586174 608385
450094 842846
41584 505313
109772 279532
243879 670126
445937 814028
25538 211247
16122 681677
726852 823461
243641 726312
351322 431041
606373 659689
977865 992414
59331 747381
685281 841195
683722 949148
789100 895475
105234 620276
472735 624686
808976 870674
833863 987237
937589 938450
703573 879886
649617 845268
236891 691949
226128 447124
186257 600781
518355 988437
445763 619668
452645 955053
57818 531888
212634 761569
898799 989421
118094 669336
40447 283189
892949 896394
79128 966688
334391 513559
163695 288716
964722 983936
913456 939817
63921 735079
314025 642783
138994 312600
238277 771377
806421 850787
242444 712811
977681 997768
386565 672972
199903 984518
310101 693453
281453 590345
961607 983172
417047 845542
944912 951049
257264 699725
732038 913031
124762 982164
959257 997742
733920 882791
619987 850579
324847 349467
280232 893259
285685 965319
759875 831301
775723 822762
807443 929974
971377 991798
577937 902105
573685 887184
279286 424601
961400 998004
709693 815031
667512 992680
919542 998049
348804 670846
344555 720387
347671 803711
427940 458599
78143 840933
826382 968877
492742 822785
17100 501208
787119 925874
715861 800970
638991 682287
891163 918124
603666 628426
580641 891645
277614 365676
832660 880205
373586 466841
66426 941938
35970 72996
37396 354537
105197 948440
626745 697239
37377 200314
835247 871657
863284 964490
509831 681539
690518 763575
733180 941056
722999 932841
465753 722615
786156 816534
876807 967033
259222 346420
925376 987920
714657 865194
584259 748400
758554 887333
441830 881604
528104 587650
20491 155651
468733 744143
532830 896736
463292 926158
658885 892341
690774 707194
253073 617207
807204 931768
569262 679205
941707 964594
782536 960218
293474 524874
238334 321479
747026 758607
669103 736947
284443 563371
667465 746142
896869 919497
281926 921948
169078 514564
668221 678127
921657 971562
7531 783714
350880 587628
354406 519143
256331 970381
600292 835685
899318 945916
442762 699946
989979 991862
166097 759046
975387 992628
407171 649541
676685 845898
998405 999235
715538 805050
414099 923832
987994 998412
1043 973001
848033 865875
948039 980182
857050 879536
828092 862458
387606 631845
240921 514600
920373 962159
649887 679553
411585 428970
214743 518439
410672 810628
83996 647678
241050 348562
128394 960992
529760 977400
273850 599988
679379 780141
233430 880301
863285 912368
729613 733172
147244 396622
399900 530855
884944 927266
486558 500870
569787 612721
707146 736568
37978 623596
510015 982763
200014 945648
984288 991789
322461 878622
509367 526190
782876 879123
276904 997489
697980 965627
490508 554176
176857 203022
925300 942189
318131 625387
368074 716727
661523 981631
360077 641569
34991 624151
803707 996691
233774 485394
882006 887765
494106 770867
522668 950531
519544 926522
981939 992061
867626 983236
486072 519557
129028 409888
553599 602126
290980 726387
445258 626091
730122 927955
663541 815549
471058 789302
899111 999141
724142 761678
737271 972046
136544 765589
690265 709821
327211 724541
344897 353865
496964 545973
613017 917709
473607 649113
788504 909136
806791 958442
545556 584546
721811 979192
721203 783167
640688 838596
842073 947148
306298 511547
960308 975670
621777 707791
85422 976075
597720 603118
995120 998788
209799 474099
954457 994763
845186 976547
23583 614466
999460 999562
722579 991698
44272 998445
104292 319744
760364 997142
108117 718032
274819 998520
375545 730861
219980 651614
488022 804478
959580 970197
261579 319096
376500 893097
728249 758613
845244 875627
494659 652643
191255 937933
377960 803977
567710 818915
821551 925046
373720 958054
674514 938620
475619 547464
390241 952563
547394 784598
512451 713659
345922 515076
843158 898258
477575 856401
506056 562239
999890 999892
140869 787109
3653 826863
295066 711735
846603 918481
311363 469415
987517 996488
648148 814419
775262 798628
418056 489281
722786 824150
284463 372373
366772 932673
733117 915703
779428 835796
875353 992670
558436 660005
518232 627676
695557 733015
338636 738800
982141 992504
110086 250766
35252 615580
696181 754006
954867 992505
281503 837179
307322 704078
979737 980539
357081 666568
545622 606133
401807 520388
529882 794798
702775 883933
436966 484277
80218 510686
282267 755625
540305 918020
90862 300164
962808 977501
182057 728106
920793 957652
506263 870183
667583 974379
638813 785295
831222 981451
756026 844361
855000 959698
360705 746717
798374 886179
742056 796081
117423 872970
303881 861682
123125 232499
658662 662299
699932 889237
783521 918976
764402 947078
323734 390274
174482 970789
595722 746794
502263 689844
741223 985908
813621 882125
775310 859176
495091 561787
323937 497832
90523 359872
578464 999277
588652 778321
80987 638102
312755 374927
605187 714300
207090 221143
898928 963309
874737 916498
711981 864836
203779 243041
943935 989536
151677 373386
250563 364519
161218 812045
617850 704625
312430 682939
