1000 100
775 398 241 344 358 716 716 196 101 884 172 673 168 504 796 533 623 708 730 701 35 241 24 27 238 520 421 93 558 757 328 420 586 94 70 471 637 953 922 213 517 51 138 950 413 686 857 536 537 791 472 839 173 130 772 818 706 417 534 6 329 65 24 595 249 831 865 961 723 748 410 984 671 550 460 137 664 795 611 633 13 672 48 189 105 340 726 389 558 566 301 376 729 516 323 733 735 473 734 719
847 480 249 259 178 838 990 206 43 412 217 956 635 815 32 209 934 674 643 274 168 596 564 117 836 997 509 570 137 650 168 185 540 95 459 808 683 246 971 968 721 824 849 696 858 643 216 233 966 598 106 915 932 295 300 66 890 27 24 162 431 856 220 942 127 29 856 167 651 496 430 634 703 309 128 24 680 804 662 867 26 344 212 789 742 31 12 369 350 306 378 453 167 823 162 7 888 647 115 775
0 0 0 0 0 0 0 0 0 0 0 0 0 0 0 0 0 0 0 0 0 0 0 0 0 0 0 0 0 0 0 0 0 0 0 0 0 0 0 0 0 0 0 0 0 0 0 0 0 0 0 0 0 0 0 0 0 0 0 0 0 0 0 0 0 0 0 0 0 0 0 0 0 0 0 0 0 0 0 0 0 0 0 0 0 0 0 0 0 0 0 0 0 0 0 0 0 0 0 0
605 364 791 842 691 113 410 196 726 695 771 716 393 643 511 359 591 989 191 738 13 335 824 47 172 790 628 400 733 195 501 771 229 783 139 606 276 459 371 312 779 752 367 815 412 676 605 939 195 270 716 354 532 226 413 449 286 628 157 467 78 95 752 970 559 811 105 728 716 825 333 816 1 287 788 676 622 962 5 885 808 713 208 261 214 243 888 59 464 283 807 248 408 716 51 97 741 678 988 540
961 137 101 873 878 947 219 228 612 566 68 903 842 179 212 18 87 627 590 268 33 794 869 218 222 344 178 658 259 338 316 625 508 777 812 214 668 119 970 538 188 239 675 768 478 52 517 706 140 243 832 851 738 726 505 549 13 877 317 297 36 633 516 763 397 736 787 159 247 692 451 985 760 510 580 676 285 468 853 556 875 175 227 172 176 241 354 420 356 276 368 489 828 314 538 135 5 402 92 742
0 0 0 0 0 0 0 0 0 0 0 0 0 0 0 0 0 0 0 0 0 0 0 0 0 0 0 0 0 0 0 0 0 0 0 0 0 0 0 0 0 0 0 0 0 0 0 0 0 0 0 0 0 0 0 0 0 0 0 0 0 0 0 0 0 0 0 0 0 0 0 0 0 0 0 0 0 0 0 0 0 0 0 0 0 0 0 0 0 0 0 0 0 0 0 0 0 0 0 0
31 791 671 530 44 81 727 163 444 65 139 530 612 38 302 89 917 30 196 555 958 754 581 335 302 121 205 498 128 143 494 472 18 97 865 76 496 989 199 853 95 755 782 749 507 547 540 867 430 760 216 719 146 79 713 606 849 573 58 620 428 416 248 746 745 236 499 565 473 101 642 169 486 513 942 139 531 101 899 365 409 297 421 517 754 570 478 583 568 347 69 723 214 980 929 343 317 225 304 432
317 108 506 415 838 48 88 848 396 876 851 656 583 86 299 236 32 858 426 632 375 737 125 750 337 685 660 211 445 355 938 961 931 118 707 487 194 722 807 173 651 505 16 598 672 59 925 126 310 485 802 421 862 997 779 257 54 246 40 767 228 410 8 561 640 176 860 279 449 550 318 860 59 775 404 917 838 869 707 346 551 777 126 632 905 572 760 592 347 875 989 915 464 947 808 116 401 312 531 663
0 0 0 0 0 0 0 0 0 0 0 0 0 0 0 0 0 0 0 0 0 0 0 0 0 0 0 0 0 0 0 0 0 0 0 0 0 0 0 0 0 0 0 0 0 0 0 0 0 0 0 0 0 0 0 0 0 0 0 0 0 0 0 0 0 0 0 0 0 0 0 0 0 0 0 0 0 0 0 0 0 0 0 0 0 0 0 0 0 0 0 0 0 0 0 0 0 0 0 0
71 7 582 625 623 990 337 122 312 763 295 856 229 262 842 490 422 299 44 183 390 95 889 612 723 105 481 627 177 706 352 806 871 296 705 512 786 535 394 873 379 55 913 287 24 992 268 556 305 180 471 855 185 735 42 692 931 626 969 828 831 599 291 607 607 8 625 498 802 344 315 79 191 377 651 369 706 430 497 13 274 54 211 230 365 88 575 893 148 597 565 549 88 496 997 111 762 452 593 121
897 478 357 776 33 426 426 3 882 764 605 401 419 917 553 695 858 683 298 436 570 120 437 280 579 105 312 933 420 657 617 424 265 890 809 657 584 339 481 139 527 508 680 336 877 525 240 831 665 295 155 146 82 571 919 835 907 26 164 156 363 594 208 20 784 94 682 479 38 861 636 813 936 320 948 242 490 14 664 118 691 738 819 87 62 129 919 538 403 868 600 255 492 289 909 789 485 900 689 995
0 0 0 0 0 0 0 0 0 0 0 0 0 0 0 0 0 0 0 0 0 0 0 0 0 0 0 0 0 0 0 0 0 0 0 0 0 0 0 0 0 0 0 0 0 0 0 0 0 0 0 0 0 0 0 0 0 0 0 0 0 0 0 0 0 0 0 0 0 0 0 0 0 0 0 0 0 0 0 0 0 0 0 0 0 0 0 0 0 0 0 0 0 0 0 0 0 0 0 0
649 369 221 239 226 971 875 833 355 33 188 851 904 461 17 576 898 460 570 878 498 819 576 436 196 739 210 119 442 182 11 739 948 251 652 270 273 899 283 586 843 893 337 65 455 427 71 228 259 931 22 984 402 906 286 603 679 357 137 917 580 373 946 379 562 199 82 172 294 525 260 951 588 368 124 75 34 730 918 709 305 824 693 586 357 722 343 44 1000 522 724 950 854 268 427 368 912 641 899 685
592 883 437 196 191 303 857 958 293 210 852 756 220 76 374 297 528 151 28 869 901 103 683 178 271 812 660 574 209 373 276 234 14 193 295 153 178 893 104 593 528 206 507 594 849 336 594 60 701 554 244 828 817 459 939 182 985 368 520 913 921 590 256 628 157 451 752 870 698 292 69 818 816 184 172 11 863 861 505 442 693 446 371 832 815 469 842 608 325 230 882 980 339 364 389 651 83 638 997 347
0 0 0 0 0 0 0 0 0 0 0 0 0 0 0 0 0 0 0 0 0 0 0 0 0 0 0 0 0 0 0 0 0 0 0 0 0 0 0 0 0 0 0 0 0 0 0 0 0 0 0 0 0 0 0 0 0 0 0 0 0 0 0 0 0 0 0 0 0 0 0 0 0 0 0 0 0 0 0 0 0 0 0 0 0 0 0 0 0 0 0 0 0 0 0 0 0 0 0 0
690 719 343 62 19 222 633 439 988 325 242 40 830 409 480 809 697 92 468 207 677 395 197 541 383 981 640 928 90 290 220 70 254 829 442 376 518 857 638 671 252 544 750 322 797 14 152 775 730 668 583 39 321 820 690 801 683 879 555 289 412 874 66 522 296 365 930 64 294 567 839 975 453 183 353 515 313 290 603 794 579 106 764 139 588 267 628 95 805 849 141 459 271 159 493 268 939 567 30 132
638 338 264 451 558 537 384 150 126 906 906 462 637 354 203 369 404 622 879 767 725 476 862 477 803 74 226 44 285 476 235 334 327 532 844 241 310 818 437 776 34 530 571 714 810 885 367 980 285 215 305 267 218 309 169 606 589 564 72 108 587 825 37 714 360 694 647 724 268 830 398 844 731 813 182 496 800 979 902 713 634 829 253 186 107 494 439 213 219 354 66 470 714 902 57 761 436 723 11 354
0 0 0 0 0 0 0 0 0 0 0 0 0 0 0 0 0 0 0 0 0 0 0 0 0 0 0 0 0 0 0 0 0 0 0 0 0 0 0 0 0 0 0 0 0 0 0 0 0 0 0 0 0 0 0 0 0 0 0 0 0 0 0 0 0 0 0 0 0 0 0 0 0 0 0 0 0 0 0 0 0 0 0 0 0 0 0 0 0 0 0 0 0 0 0 0 0 0 0 0
230 948 803 592 379 733 672 581 685 447 58 567 198 119 380 98 765 610 743 836 151 756 733 920 920 334 830 285 215 810 384 352 424 336 237 90 912 726 245 233 539 903 143 997 70 386 871 10 170 922 424 127 558 931 67 335 369 744 804 735 114 114 38 785 984 5 522 996 389 886 637 144 361 831 655 361 332 936 26 467 256 227 697 939 393 721 183 642 604 16 574 623 479 756 886 345 152 374 757 724
296 935 651 880 306 456 724 133 92 12 84 711 348 79 565 947 66 597 315 966 43 447 600 513 191 72 465 937 635 481 419 334 352 878 75 167 59 807 746 94 415 341 378 934 828 591 270 870 329 711 362 267 956 627 250 271 613 166 559 579 852 697 997 979 371 742 873 394 532 861 583 363 578 863 384 835 157 547 729 482 712 957 300 918 780 454 729 19 763 147 699 560 481 805 179 715 691 311 752 578
0 0 0 0 0 0 0 0 0 0 0 0 0 0 0 0 0 0 0 0 0 0 0 0 0 0 0 0 0 0 0 0 0 0 0 0 0 0 0 0 0 0 0 0 0 0 0 0 0 0 0 0 0 0 0 0 0 0 0 0 0 0 0 0 0 0 0 0 0 0 0 0 0 0 0 0 0 0 0 0 0 0 0 0 0 0 0 0 0 0 0 0 0 0 0 0 0 0 0 0
888 525 275 657 963 114 893 125 3 464 349 745 789 303 768 320 413 934 189 339 893 255 408 798 489 88 80 26 483 131 552 79 502 790 594 844 537 419 778 140 140 541 921 912 486 164 725 858 628 924 525 399 602 250 92 805 713 583 807 444 79 872 235 152 938 952 886 469 55 995 79 756 62 894 238 80 117 60 955 362 382 410 345 751 515 828 14 447 248 94 892 815 845 302 991 753 630 521 552 204
541 486 340 320 293 108 306 312 259 574 885 359 145 342 860 473 98 194 905 679 753 837 32 113 112 67 140 550 11 729 106 704 558 557 968 970 556 852 939 305 811 761 973 369 764 182 104 137 252 202 611 747 686 343 724 815 702 54 183 691 921 398 460 702 634 632 288 281 926 853 196 806 2 459 510 217 988 791 265 174 905 319 38 651 764 69 158 820 2 83 856 173 459 474 188 498 948 179 218 279
0 0 0 0 0 0 0 0 0 0 0 0 0 0 0 0 0 0 0 0 0 0 0 0 0 0 0 0 0 0 0 0 0 0 0 0 0 0 0 0 0 0 0 0 0 0 0 0 0 0 0 0 0 0 0 0 0 0 0 0 0 0 0 0 0 0 0 0 0 0 0 0 0 0 0 0 0 0 0 0 0 0 0 0 0 0 0 0 0 0 0 0 0 0 0 0 0 0 0 0
770 507 663 142 879 388 236 937 653 643 599 443 231 669 328 300 106 716 510 637 276 465 281 862 375 328 222 209 78 739 352 26 613 578 429 204 972 902 486 655 558 403 880 468 565 652 578 67 620 808 796 212 838 880 417 195 601 362 870 836 922 152 823 293 230 917 976 901 293 663 153 761 875 73 465 40 107 592 848 424 15 602 204 541 887 44 573 48 789 306 679 68 74 580 667 146 92 879 705 154
79 358 453 990 834 896 256 158 398 592 649 655 631 825 966 890 7 685 767 133 34 92 905 373 696 917 874 247 327 998 415 184 496 578 898 535 949 714 96 388 709 858 999 465 976 77 175 842 18 587 227 677 194 84 38 392 96 970 148 748 927 909 692 754 793 38 278 734 629 871 812 376 807 456 50 111 335 473 75 828 458 830 237 623 746 892 25 269 259 42 588 11 151 932 677 318 806 985 941 306
0 0 0 0 0 0 0 0 0 0 0 0 0 0 0 0 0 0 0 0 0 0 0 0 0 0 0 0 0 0 0 0 0 0 0 0 0 0 0 0 0 0 0 0 0 0 0 0 0 0 0 0 0 0 0 0 0 0 0 0 0 0 0 0 0 0 0 0 0 0 0 0 0 0 0 0 0 0 0 0 0 0 0 0 0 0 0 0 0 0 0 0 0 0 0 0 0 0 0 0
752 277 671 299 841 609 350 319 499 167 176 122 354 507 131 290 177 312 184 941 441 321 731 446 598 329 119 746 378 638 546 900 113 348 845 395 843 199 152 640 4 979 457 432 646 120 644 441 372 648 662 932 677 911 202 843 890 25 326 150 168 915 913 352 949 878 108 731 824 743 245 720 676 512 849 838 388 387 409 72 142 199 461 390 723 464 336 894 552 969 519 871 978 854 124 921 623 258 692 985
761 290 259 780 711 462 440 384 56 542 402 765 534 707 969 833 216 26 162 348 154 459 255 271 11 256 321 861 43 861 649 758 577 636 983 55 148 376 70 366 244 323 618 733 864 167 932 747 991 231 522 26 414 978 907 509 84 205 782 462 145 469 566 14 557 778 80 837 746 876 265 320 115 476 865 673 945 210 281 17 931 426 146 892 476 463 598 110 695 274 829 641 320 493 660 575 16 835 353 322
0 0 0 0 0 0 0 0 0 0 0 0 0 0 0 0 0 0 0 0 0 0 0 0 0 0 0 0 0 0 0 0 0 0 0 0 0 0 0 0 0 0 0 0 0 0 0 0 0 0 0 0 0 0 0 0 0 0 0 0 0 0 0 0 0 0 0 0 0 0 0 0 0 0 0 0 0 0 0 0 0 0 0 0 0 0 0 0 0 0 0 0 0 0 0 0 0 0 0 0
255 281 560 550 999 896 68 719 7 126 844 78 315 198 354 938 273 398 186 793 310 392 682 359 637 380 719 968 872 842 349 614 613 883 968 652 892 987 172 661 43 256 339 458 273 793 977 308 548 422 391 709 659 12 954 307 870 530 442 541 398 505 365 557 363 951 262 166 383 112 315 226 290 679 559 574 637 524 24 324 653 792 221 872 20 258 38 136 885 446 952 572 975 413 119 807 788 178 940 295
396 275 816 624 807 869 486 330 281 295 539 639 628 550 801 148 754 44 911 783 1 25 1000 390 350 141 306 812 129 828 902 915 630 382 455 188 120 152 982 176 368 794 163 679 902 390 518 388 318 139 881 721 198 979 999 562 144 778 127 794 420 907 747 722 830 187 499 12 660 296 535 296 931 571 292 946 207 510 207 220 460 959 977 2 175 73 207 361 870 536 968 577 380 449 498 184 154 847 953 445
0 0 0 0 0 0 0 0 0 0 0 0 0 0 0 0 0 0 0 0 0 0 0 0 0 0 0 0 0 0 0 0 0 0 0 0 0 0 0 0 0 0 0 0 0 0 0 0 0 0 0 0 0 0 0 0 0 0 0 0 0 0 0 0 0 0 0 0 0 0 0 0 0 0 0 0 0 0 0 0 0 0 0 0 0 0 0 0 0 0 0 0 0 0 0 0 0 0 0 0
237 462 666 574 366 851 162 70 254 97 626 825 838 659 685 884 718 691 771 927 95 695 919 910 323 974 622 514 965 305 97 406 375 665 599 716 770 423 297 656 542 458 20 540 164 390 725 930 300 219 724 238 683 978 860 535 220 983 748 346 686 185 411 176 246 537 447 887 415 167 386 264 140 770 857 834 527 917 318 942 303 492 248 443 812 720 497 519 428 530 845 541 599 162 692 828 645 792 832 43
132 169 850 46 653 826 106 218 831 533 267 752 885 56 731 335 787 821 584 862 827 388 230 6 683 723 406 612 450 772 490 377 650 866 255 632 328 287 267 840 128 380 712 79 870 440 110 152 753 590 196 818 754 150 85 142 632 574 648 658 428 814 822 964 784 475 52 736 226 173 998 682 983 955 36 276 829 838 474 699 473 635 141 559 131 287 352 374 560 179 567 367 663 873 727 799 100 457 800 732
0 0 0 0 0 0 0 0 0 0 0 0 0 0 0 0 0 0 0 0 0 0 0 0 0 0 0 0 0 0 0 0 0 0 0 0 0 0 0 0 0 0 0 0 0 0 0 0 0 0 0 0 0 0 0 0 0 0 0 0 0 0 0 0 0 0 0 0 0 0 0 0 0 0 0 0 0 0 0 0 0 0 0 0 0 0 0 0 0 0 0 0 0 0 0 0 0 0 0 0
827 147 181 280 14 841 808 635 49 296 286 4 889 831 537 585 110 83 197 361 625 131 582 98 253 749 202 793 239 507 935 235 980 645 174 331 735 214 85 987 595 663 135 532 719 2 218 795 272 740 995 701 777 484 79 448 506 271 998 824 636 859 733 82 65 247 210 728 739 167 881 318 244 454 200 763 646 741 502 252 754 77 505 279 218 504 1 125 866 735 343 382 308 113 489 999 5 899 669 86
952 646 661 784 902 498 737 419 590 57 43 135 372 825 220 8 230 562 229 302 813 630 984 199 573 690 773 309 837 576 629 114 337 395 628 192 929 935 789 854 191 664 975 5 989 789 937 809 358 447 955 702 191 185 894 181 711 108 29 111 619 254 876 975 154 710 620 390 72 716 336 979 431 578 619 680 383 781 249 889 47 289 665 381 640 559 627 984 339 441 601 964 906 414 873 621 565 20 714 202
0 0 0 0 0 0 0 0 0 0 0 0 0 0 0 0 0 0 0 0 0 0 0 0 0 0 0 0 0 0 0 0 0 0 0 0 0 0 0 0 0 0 0 0 0 0 0 0 0 0 0 0 0 0 0 0 0 0 0 0 0 0 0 0 0 0 0 0 0 0 0 0 0 0 0 0 0 0 0 0 0 0 0 0 0 0 0 0 0 0 0 0 0 0 0 0 0 0 0 0
981 921 787 118 168 812 754 92 528 577 156 109 117 333 767 276 181 113 853 1000 659 658 790 344 444 177 768 649 687 456 294 180 305 186 415 351 377 47 770 89 665 950 546 1 573 107 748 715 331 325 251 44 942 997 530 479 656 29 424 897 155 959 770 98 63 998 430 911 717 868 506 714 357 484 627 128 444 655 238 401 962 594 454 882 662 778 568 892 477 155 800 973 605 493 16 788 855 610 507 904
341 100 34 972 106 592 906 403 117 540 968 6 106 36 780 134 687 346 753 446 362 865 224 800 175 67 398 56 544 991 526 646 465 66 423 976 863 824 84 561 398 407 959 237 586 798 131 399 198 987 862 782 746 270 108 848 867 949 605 56 671 920 858 978 964 199 627 232 619 502 972 231 389 31 692 501 499 234 283 332 322 313 585 593 58 146 736 906 804 876 240 325 882 725 676 888 431 765 975 102
0 0 0 0 0 0 0 0 0 0 0 0 0 0 0 0 0 0 0 0 0 0 0 0 0 0 0 0 0 0 0 0 0 0 0 0 0 0 0 0 0 0 0 0 0 0 0 0 0 0 0 0 0 0 0 0 0 0 0 0 0 0 0 0 0 0 0 0 0 0 0 0 0 0 0 0 0 0 0 0 0 0 0 0 0 0 0 0 0 0 0 0 0 0 0 0 0 0 0 0
910 549 347 557 745 62 834 609 357 976 916 738 91 336 572 365 394 205 694 522 457 941 994 996 685 121 55 157 238 266 641 531 842 502 98 709 136 2 73 257 850 264 80 603 28 813 509 389 497 622 970 999 762 505 831 13 367 488 235 175 860 209 293 425 306 566 122 228 67 255 561 883 784 365 178 678 764 386 575 161 711 395 296 998 560 243 506 699 797 423 868 1000 235 729 610 297 631 819 7 798
292 835 934 496 366 232 286 128 517 330 54 248 134 335 572 170 628 281 710 275 941 374 196 605 283 817 188 163 899 310 212 68 759 192 634 252 657 35 594 767 225 233 748 77 847 440 431 566 73 799 140 530 167 987 693 103 690 374 755 540 905 669 365 39 372 950 342 204 522 358 403 48 657 379 995 772 856 762 837 913 920 417 175 5 852 10 407 884 114 346 690 905 372 380 824 97 453 708 230 301
0 0 0 0 0 0 0 0 0 0 0 0 0 0 0 0 0 0 0 0 0 0 0 0 0 0 0 0 0 0 0 0 0 0 0 0 0 0 0 0 0 0 0 0 0 0 0 0 0 0 0 0 0 0 0 0 0 0 0 0 0 0 0 0 0 0 0 0 0 0 0 0 0 0 0 0 0 0 0 0 0 0 0 0 0 0 0 0 0 0 0 0 0 0 0 0 0 0 0 0
305 218 964 308 694 338 649 203 12 446 235 487 862 680 332 171 384 432 773 911 853 964 715 160 906 405 371 524 138 502 889 217 799 1000 894 450 943 975 394 301 112 175 617 851 747 308 683 461 6 508 797 193 609 960 185 942 684 364 826 107 841 970 613 903 549 463 362 693 971 941 266 726 484 809 464 199 925 295 667 872 400 889 326 547 460 164 330 77 614 467 99 526 562 387 675 97 24 972 965 102
768 897 104 906 863 41 492 652 18 224 152 949 236 679 708 9 308 807 129 179 471 602 882 401 471 973 103 600 822 520 574 893 121 883 992 174 408 771 277 449 78 499 149 585 988 413 181 97 940 752 961 209 558 79 47 497 498 930 217 27 152 484 323 538 532 523 254 141 533 594 394 700 981 8 46 740 493 637 988 960 300 208 269 461 445 107 973 577 295 734 264 344 267 185 92 559 363 255 740 481
0 0 0 0 0 0 0 0 0 0 0 0 0 0 0 0 0 0 0 0 0 0 0 0 0 0 0 0 0 0 0 0 0 0 0 0 0 0 0 0 0 0 0 0 0 0 0 0 0 0 0 0 0 0 0 0 0 0 0 0 0 0 0 0 0 0 0 0 0 0 0 0 0 0 0 0 0 0 0 0 0 0 0 0 0 0 0 0 0 0 0 0 0 0 0 0 0 0 0 0
73 871 100 575 587 868 498 389 909 428 3 168 242 461 218 21 46 77 406 98 667 687 724 889 679 8 960 57 556 526 624 635 349 817 783 932 296 180 880 369 234 174 625 458 179 940 596 686 279 119 679 765 465 225 143 318 398 45 486 83 817 24 537 931 787 192 343 788 969 240 485 361 459 828 602 493 229 739 153 876 4 453 70 270 245 278 8 664 148 364 323 953 764 457 582 186 621 835 121 206
45 574 56 758 531 72 212 190 662 805 1 415 659 221 432 955 332 169 178 64 69 995 855 190 130 148 548 438 772 273 39 653 766 652 988 169 312 924 110 176 840 54 851 638 514 156 345 220 165 101 850 698 446 170 293 547 36 501 506 852 716 871 286 94 659 668 862 572 843 915 554 771 175 852 89 171 384 552 753 138 450 664 28 16 370 700 389 598 522 592 704 164 240 985 53 326 529 735 758 294
0 0 0 0 0 0 0 0 0 0 0 0 0 0 0 0 0 0 0 0 0 0 0 0 0 0 0 0 0 0 0 0 0 0 0 0 0 0 0 0 0 0 0 0 0 0 0 0 0 0 0 0 0 0 0 0 0 0 0 0 0 0 0 0 0 0 0 0 0 0 0 0 0 0 0 0 0 0 0 0 0 0 0 0 0 0 0 0 0 0 0 0 0 0 0 0 0 0 0 0
358 734 451 885 302 299 297 490 101 776 883 122 125 354 662 573 765 660 794 606 640 896 758 964 597 720 116 616 991 141 732 495 980 270 607 41 984 732 56 804 301 874 33 361 101 896 382 568 534 555 515 37 761 73 887 544 420 374 611 874 475 342 243 729 254 672 617 649 771 452 286 48 930 941 977 631 30 535 162 84 840 446 55 78 162 733 220 452 534 731 32 88 830 199 787 451 553 214 952 824
838 983 716 52 110 697 133 792 997 847 164 519 981 132 586 277 461 860 820 954 214 66 87 367 656 931 679 121 383 933 709 81 86 101 272 181 515 348 37 989 147 214 642 611 45 506 663 474 229 318 711 804 990 356 386 178 544 719 233 437 511 457 4 804 285 269 689 134 674 894 712 604 681 505 752 629 536 15 782 433 275 549 279 216 729 185 917 744 994 320 617 868 491 659 601 915 862 213 83 816
0 0 0 0 0 0 0 0 0 0 0 0 0 0 0 0 0 0 0 0 0 0 0 0 0 0 0 0 0 0 0 0 0 0 0 0 0 0 0 0 0 0 0 0 0 0 0 0 0 0 0 0 0 0 0 0 0 0 0 0 0 0 0 0 0 0 0 0 0 0 0 0 0 0 0 0 0 0 0 0 0 0 0 0 0 0 0 0 0 0 0 0 0 0 0 0 0 0 0 0
372 508 176 776 907 790 768 710 227 787 176 784 189 31 789 164 506 868 786 719 252 915 515 40 909 272 787 976 369 451 535 528 156 462 756 12 161 72 251 542 906 184 421 873 771 512 243 290 770 660 32 960 19 539 33 362 312 852 336 283 945 617 237 144 208 905 828 833 429 180 806 351 149 817 505 444 874 365 260 873 467 151 874 38 722 113 914 798 323 220 974 198 380 749 9 410 227 586 418 333
269 646 381 262 502 748 212 334 967 628 644 796 341 748 973 873 214 383 55 941 968 23 614 454 402 326 123 816 737 385 538 701 463 565 385 457 445 703 432 984 768 762 738 759 317 993 371 952 705 492 182 494 980 166 702 748 142 167 905 611 157 238 932 67 42 147 753 221 208 697 454 598 471 378 315 239 689 305 973 400 614 288 859 684 283 870 326 6 836 671 269 598 683 958 624 918 404 848 329 540
0 0 0 0 0 0 0 0 0 0 0 0 0 0 0 0 0 0 0 0 0 0 0 0 0 0 0 0 0 0 0 0 0 0 0 0 0 0 0 0 0 0 0 0 0 0 0 0 0 0 0 0 0 0 0 0 0 0 0 0 0 0 0 0 0 0 0 0 0 0 0 0 0 0 0 0 0 0 0 0 0 0 0 0 0 0 0 0 0 0 0 0 0 0 0 0 0 0 0 0
257 119 592 954 730 877 984 167 620 984 766 957 610 283 199 100 15 136 611 506 290 342 270 916 229 191 923 625 936 772 750 272 607 612 499 800 631 889 565 811 651 395 445 647 194 798 288 556 362 182 738 78 63 561 857 71 498 32 31 111 484 323 813 272 421 994 407 410 506 440 952 173 980 591 814 666 831 566 390 546 557 351 908 210 434 81 985 925 64 111 866 918 595 609 200 161 26 449 247 23
726 85 666 326 794 893 834 190 407 694 858 82 651 947 385 341 317 668 532 763 346 185 827 205 716 70 120 618 611 973 606 105 388 429 764 890 546 490 75 721 205 822 205 186 674 674 262 395 421 76 492 884 60 77 483 918 371 768 40 156 814 945 160 489 83 149 569 124 714 113 542 985 923 769 723 548 573 332 454 122 346 870 425 97 703 651 482 621 250 660 386 496 481 478 384 739 671 234 834 84
0 0 0 0 0 0 0 0 0 0 0 0 0 0 0 0 0 0 0 0 0 0 0 0 0 0 0 0 0 0 0 0 0 0 0 0 0 0 0 0 0 0 0 0 0 0 0 0 0 0 0 0 0 0 0 0 0 0 0 0 0 0 0 0 0 0 0 0 0 0 0 0 0 0 0 0 0 0 0 0 0 0 0 0 0 0 0 0 0 0 0 0 0 0 0 0 0 0 0 0
158 205 255 753 838 973 162 362 677 94 676 889 131 138 540 693 917 736 762 443 289 468 62 418 337 966 176 489 43 975 852 893 364 362 156 3 797 782 724 496 865 613 913 397 974 752 451 821 941 28 678 422 48 743 8 150 760 556 914 653 756 322 195 855 184 722 292 228 137 600 631 264 629 357 785 245 755 17 394 184 623 456 89 393 403 310 18 676 995 251 76 933 811 134 142 635 568 401 632 410
997 709 84 380 98 502 685 102 984 491 946 587 437 75 904 624 144 739 275 867 593 379 429 219 822 87 334 422 293 858 1000 410 22 910 165 768 491 429 592 136 675 557 832 740 7 543 415 793 103 331 370 25 370 254 502 471 347 289 429 297 101 713 450 938 825 720 904 198 687 207 709 630 686 847 110 799 251 88 349 373 751 726 176 148 899 58 589 805 442 944 695 355 78 863 852 570 969 645 714 994
0 0 0 0 0 0 0 0 0 0 0 0 0 0 0 0 0 0 0 0 0 0 0 0 0 0 0 0 0 0 0 0 0 0 0 0 0 0 0 0 0 0 0 0 0 0 0 0 0 0 0 0 0 0 0 0 0 0 0 0 0 0 0 0 0 0 0 0 0 0 0 0 0 0 0 0 0 0 0 0 0 0 0 0 0 0 0 0 0 0 0 0 0 0 0 0 0 0 0 0
82 697 91 589 465 80 961 998 284 29 536 59 585 458 342 650 725 723 222 277 64 628 815 995 244 836 201 991 367 64 282 931 719 874 978 85 367 261 632 44 864 829 251 787 776 115 503 466 249 460 142 142 556 186 186 729 2 9 78 807 769 935 119 851 847 134 573 946 90 954 684 314 835 111 693 971 574 679 762 392 607 286 785 2 925 918 212 48 442 293 640 300 233 910 761 559 308 604 57 384
615 674 95 127 214 373 995 540 802 922 454 211 251 287 332 562 375 548 373 223 77 783 816 452 860 753 641 146 960 28 849 199 367 781 428 383 715 359 145 981 751 530 8 772 425 571 437 447 612 344 410 110 790 209 564 627 76 519 788 390 203 766 82 137 583 395 475 930 173 607 891 582 610 413 231 594 139 413 395 89 834 193 498 353 28 243 47 615 907 154 589 403 687 690 70 854 744 64 462 899
0 0 0 0 0 0 0 0 0 0 0 0 0 0 0 0 0 0 0 0 0 0 0 0 0 0 0 0 0 0 0 0 0 0 0 0 0 0 0 0 0 0 0 0 0 0 0 0 0 0 0 0 0 0 0 0 0 0 0 0 0 0 0 0 0 0 0 0 0 0 0 0 0 0 0 0 0 0 0 0 0 0 0 0 0 0 0 0 0 0 0 0 0 0 0 0 0 0 0 0
508 424 416 511 985 284 396 606 561 324 808 367 46 896 773 862 811 774 479 977 635 961 365 174 221 257 732 578 801 492 14 997 923 303 187 955 454 805 404 750 685 26 199 705 989 716 17 657 128 396 445 751 519 271 219 774 190 443 618 998 23 304 11 189 411 909 538 142 139 882 501 262 926 434 896 366 171 878 540 863 761 703 862 86 543 335 477 770 981 754 174 152 913 250 771 192 50 217 4 789
499 269 678 180 383 323 938 814 648 238 649 974 985 954 356 383 918 320 324 706 251 284 501 774 479 847 816 925 899 879 742 201 22 31 554 218 830 480 696 342 846 652 412 56 298 976 10 188 204 230 319 55 495 783 122 493 571 538 811 671 481 4 605 711 567 214 39 964 116 133 173 519 280 441 608 354 886 410 442 602 603 426 813 408 201 464 35 229 908 194 446 705 231 615 198 533 418 293 896 310
0 0 0 0 0 0 0 0 0 0 0 0 0 0 0 0 0 0 0 0 0 0 0 0 0 0 0 0 0 0 0 0 0 0 0 0 0 0 0 0 0 0 0 0 0 0 0 0 0 0 0 0 0 0 0 0 0 0 0 0 0 0 0 0 0 0 0 0 0 0 0 0 0 0 0 0 0 0 0 0 0 0 0 0 0 0 0 0 0 0 0 0 0 0 0 0 0 0 0 0
880 669 53 569 573 632 942 436 159 188 720 192 669 875 429 942 757 719 106 4 676 226 136 719 280 811 731 256 716 807 463 15 198 594 561 254 856 930 730 573 933 675 939 523 47 257 137 237 133 564 528 334 495 892 883 419 115 92 952 275 936 89 283 636 662 398 640 868 4 769 304 132 113 445 354 949 727 972 962 225 64 787 113 126 935 826 131 988 338 373 375 643 288 756 58 83 573 711 482 846
333 970 838 52 383 98 660 311 988 495 870 541 484 904 408 874 613 337 857 380 294 384 458 833 412 945 212 858 214 178 525 588 973 883 144 761 389 705 350 973 95 948 69 235 654 550 10 843 124 882 494 180 426 808 448 313 54 643 797 375 361 296 488 83 866 278 777 431 493 891 814 185 221 542 87 477 161 431 244 419 446 940 337 114 275 389 744 192 961 783 220 100 911 838 920 751 979 443 6 173
0 0 0 0 0 0 0 0 0 0 0 0 0 0 0 0 0 0 0 0 0 0 0 0 0 0 0 0 0 0 0 0 0 0 0 0 0 0 0 0 0 0 0 0 0 0 0 0 0 0 0 0 0 0 0 0 0 0 0 0 0 0 0 0 0 0 0 0 0 0 0 0 0 0 0 0 0 0 0 0 0 0 0 0 0 0 0 0 0 0 0 0 0 0 0 0 0 0 0 0
706 210 695 17 487 255 617 821 383 538 553 339 205 644 619 394 743 795 43 957 677 736 383 712 195 30 395 426 419 238 615 552 803 233 808 902 335 959 216 193 906 25 36 970 176 687 731 667 442 777 994 61 263 66 689 446 601 89 783 880 375 319 401 606 515 447 809 525 854 322 435 687 420 102 109 676 588 340 291 122 765 534 888 790 161 737 304 167 811 114 180 85 177 534 104 392 135 551 546 364
576 528 408 872 528 678 425 4 893 38 976 143 762 35 801 324 328 948 324 700 585 791 922 378 924 645 836 424 696 421 108 408 906 783 679 164 219 719 311 787 323 605 91 349 958 827 421 776 246 908 365 171 375 899 863 530 943 11 38 738 207 312 883 790 163 604 460 326 319 210 947 603 768 459 809 164 548 23 165 504 36 214 208 354 802 82 814 6 654 596 313 392 461 114 241 929 6 764 569 650
0 0 0 0 0 0 0 0 0 0 0 0 0 0 0 0 0 0 0 0 0 0 0 0 0 0 0 0 0 0 0 0 0 0 0 0 0 0 0 0 0 0 0 0 0 0 0 0 0 0 0 0 0 0 0 0 0 0 0 0 0 0 0 0 0 0 0 0 0 0 0 0 0 0 0 0 0 0 0 0 0 0 0 0 0 0 0 0 0 0 0 0 0 0 0 0 0 0 0 0
129 365 503 672 83 862 240 831 322 865 415 781 728 389 72 587 812 269 25 796 88 979 382 985 280 843 612 669 152 606 169 898 683 248 305 960 141 790 379 452 951 936 234 239 481 106 659 194 550 549 634 785 125 200 910 24 628 162 476 201 486 929 944 620 827 449 132 79 679 678 624 19 299 132 67 557 753 405 409 753 881 436 132 539 736 342 403 480 609 597 656 638 812 34 695 207 201 509 114 449
669 970 412 989 73 813 372 906 285 448 46 261 26 747 888 415 219 124 821 93 493 557 916 940 522 770 629 283 599 957 121 212 732 676 964 164 564 993 949 564 246 226 219 157 935 705 937 327 850 809 125 31 307 805 856 798 506 50 637 670 877 175 459 706 737 321 251 731 750 858 373 106 652 151 160 210 475 867 224 120 83 844 348 375 404 334 383 284 9 705 60 855 17 389 691 343 554 334 343 425
0 0 0 0 0 0 0 0 0 0 0 0 0 0 0 0 0 0 0 0 0 0 0 0 0 0 0 0 0 0 0 0 0 0 0 0 0 0 0 0 0 0 0 0 0 0 0 0 0 0 0 0 0 0 0 0 0 0 0 0 0 0 0 0 0 0 0 0 0 0 0 0 0 0 0 0 0 0 0 0 0 0 0 0 0 0 0 0 0 0 0 0 0 0 0 0 0 0 0 0
331 253 510 937 940 365 933 53 26 73 52 368 218 793 176 492 416 90 293 204 842 479 716 195 818 962 990 127 247 479 397 178 895 661 490 938 395 576 252 142 85 479 5 567 132 418 824 281 380 756 603 356 534 963 375 208 283 469 184 665 576 606 896 31 883 734 187 942 589 930 284 862 790 477 574 240 671 600 402 987 574 456 99 586 913 615 837 763 411 954 556 703 171 423 369 320 317 927 837 153
710 188 93 160 223 908 626 118 674 453 984 697 7 181 371 210 858 114 427 191 676 210 744 240 993 959 832 868 282 206 740 224 823 825 274 659 138 175 351 639 279 417 341 975 958 781 687 579 582 422 542 494 992 319 101 160 854 104 39 666 987 931 879 119 984 731 609 129 414 624 565 142 956 277 614 196 92 426 298 191 763 365 572 845 953 251 451 683 766 639 361 92 432 142 556 674 664 884 983 877
0 0 0 0 0 0 0 0 0 0 0 0 0 0 0 0 0 0 0 0 0 0 0 0 0 0 0 0 0 0 0 0 0 0 0 0 0 0 0 0 0 0 0 0 0 0 0 0 0 0 0 0 0 0 0 0 0 0 0 0 0 0 0 0 0 0 0 0 0 0 0 0 0 0 0 0 0 0 0 0 0 0 0 0 0 0 0 0 0 0 0 0 0 0 0 0 0 0 0 0
46 722 144 23 509 956 632 433 662 583 39 154 84 941 656 325 431 930 814 455 169 543 413 283 422 272 28 851 633 373 294 371 238 685 76 443 747 722 571 181 753 755 134 904 418 209 152 341 154 731 74 901 175 775 595 843 36 79 96 297 871 934 797 254 867 432 333 299 838 575 347 182 737 145 683 607 715 419 826 55 817 826 523 541 706 226 24 622 186 766 293 249 154 718 392 571 681 734 16 939
374 932 931 272 974 237 259 850 37 340 501 823 871 6 553 271 721 525 657 139 909 588 416 109 136 172 271 99 955 642 919 882 270 194 49 230 732 300 249 962 851 605 392 87 917 347 830 7 858 932 754 957 222 526 235 158 236 653 49 431 422 644 412 154 996 917 392 119 966 203 660 572 999 933 866 410 993 281 85 901 204 355 497 465 991 218 671 393 229 358 268 189 472 554 468 851 307 256 736 327
0 0 0 0 0 0 0 0 0 0 0 0 0 0 0 0 0 0 0 0 0 0 0 0 0 0 0 0 0 0 0 0 0 0 0 0 0 0 0 0 0 0 0 0 0 0 0 0 0 0 0 0 0 0 0 0 0 0 0 0 0 0 0 0 0 0 0 0 0 0 0 0 0 0 0 0 0 0 0 0 0 0 0 0 0 0 0 0 0 0 0 0 0 0 0 0 0 0 0 0
929 435 214 744 814 202 309 673 969 190 354 463 676 817 57 361 879 519 896 642 713 778 240 661 424 979 805 598 344 317 550 760 368 532 34 798 780 157 86 925 671 374 711 360 873 943 326 282 594 52 971 422 625 846 770 322 45 510 747 887 409 749 781 610 840 810 620 237 375 383 538 27 583 505 675 271 331 565 914 384 48 460 879 668 150 29 816 944 958 469 722 275 410 289 358 497 538 833 600 128
710 641 243 687 585 92 329 654 660 815 604 26 193 381 876 478 489 184 985 509 797 800 767 773 902 741 273 948 609 775 190 271 658 375 741 725 651 314 872 481 315 143 646 316 31 996 416 584 234 735 647 132 219 584 694 962 159 384 316 928 553 968 861 973 691 970 766 8 277 62 601 803 697 550 715 913 48 186 321 829 993 935 104 240 193 41 922 282 692 596 419 121 302 615 954 357 555 514 883 338
0 0 0 0 0 0 0 0 0 0 0 0 0 0 0 0 0 0 0 0 0 0 0 0 0 0 0 0 0 0 0 0 0 0 0 0 0 0 0 0 0 0 0 0 0 0 0 0 0 0 0 0 0 0 0 0 0 0 0 0 0 0 0 0 0 0 0 0 0 0 0 0 0 0 0 0 0 0 0 0 0 0 0 0 0 0 0 0 0 0 0 0 0 0 0 0 0 0 0 0
644 385 283 460 860 321 116 10 655 839 678 510 640 961 883 477 697 493 509 285 956 91 711 988 36 591 748 556 634 34 791 973 167 175 884 704 867 578 394 197 841 542 127 283 218 44 566 185 229 575 352 886 723 737 692 949 853 688 621 19 77 500 630 550 779 835 123 275 914 29 21 592 616 250 652 775 94 766 382 752 72 916 735 300 980 407 169 765 502 560 968 595 821 468 663 100 183 577 558 192
854 689 393 860 253 748 266 269 515 224 24 201 935 291 844 309 563 333 492 683 741 384 677 998 695 738 386 451 670 248 97 554 441 882 307 890 977 529 516 175 193 139 39 341 22 998 929 596 661 922 492 310 109 904 89 565 128 370 475 280 124 564 87 924 907 154 96 145 40 116 508 200 215 349 713 860 136 868 985 104 738 808 74 117 271 645 314 484 976 908 811 970 973 638 405 41 708 911 139 142
0 0 0 0 0 0 0 0 0 0 0 0 0 0 0 0 0 0 0 0 0 0 0 0 0 0 0 0 0 0 0 0 0 0 0 0 0 0 0 0 0 0 0 0 0 0 0 0 0 0 0 0 0 0 0 0 0 0 0 0 0 0 0 0 0 0 0 0 0 0 0 0 0 0 0 0 0 0 0 0 0 0 0 0 0 0 0 0 0 0 0 0 0 0 0 0 0 0 0 0
691 414 294 889 567 805 639 755 751 852 350 773 49 162 868 887 696 177 640 960 177 185 67 282 74 764 463 627 996 334 926 899 150 904 944 193 509 71 522 763 524 810 838 218 272 71 50 900 587 866 546 116 848 833 356 536 642 93 845 508 823 309 655 800 377 244 837 677 114 439 402 900 833 654 40 701 44 656 122 317 639 143 742 979 993 296 835 596 408 255 109 218 127 847 640 886 827 95 918 603
731 104 770 119 271 180 3 181 174 942 203 834 273 77 201 856 709 434 45 722 510 421 855 994 946 470 410 120 278 117 280 182 323 857 885 550 57 682 842 590 274 76 762 755 454 616 56 744 904 100 840 282 748 472 997 99 82 814 855 1 648 432 23 520 227 181 225 573 374 617 630 867 29 519 764 734 296 458 166 644 26 673 718 912 655 455 251 792 291 404 196 800 172 998 567 939 653 877 188 364
0 0 0 0 0 0 0 0 0 0 0 0 0 0 0 0 0 0 0 0 0 0 0 0 0 0 0 0 0 0 0 0 0 0 0 0 0 0 0 0 0 0 0 0 0 0 0 0 0 0 0 0 0 0 0 0 0 0 0 0 0 0 0 0 0 0 0 0 0 0 0 0 0 0 0 0 0 0 0 0 0 0 0 0 0 0 0 0 0 0 0 0 0 0 0 0 0 0 0 0
872 979 962 749 27 633 554 115 355 502 515 773 820 191 521 692 502 27 247 471 590 924 392 283 674 405 333 432 579 454 912 681 535 897 334 369 937 331 838 382 466 289 262 411 258 766 283 389 214 604 229 637 684 364 65 83 12 203 404 754 304 946 84 626 940 735 181 852 736 57 381 620 693 288 620 762 494 845 933 956 398 434 886 895 654 442 394 637 648 71 4 361 403 48 417 68 90 505 357 701
793 309 537 996 695 233 245 377 506 362 141 640 921 822 712 809 904 453 729 32 860 868 9 565 4 811 528 672 29 472 719 20 108 247 529 773 690 50 275 853 120 960 756 529 822 913 598 837 979 701 340 767 492 845 841 812 934 347 389 840 466 9 990 879 44 560 818 553 803 455 267 754 734 826 351 133 806 301 357 233 924 215 43 490 954 272 890 102 396 577 477 775 941 75 740 599 725 250 167 887
0 0 0 0 0 0 0 0 0 0 0 0 0 0 0 0 0 0 0 0 0 0 0 0 0 0 0 0 0 0 0 0 0 0 0 0 0 0 0 0 0 0 0 0 0 0 0 0 0 0 0 0 0 0 0 0 0 0 0 0 0 0 0 0 0 0 0 0 0 0 0 0 0 0 0 0 0 0 0 0 0 0 0 0 0 0 0 0 0 0 0 0 0 0 0 0 0 0 0 0
983 252 754 369 692 578 779 853 101 544 871 919 640 800 444 516 20 126 989 494 153 397 567 406 728 48 446 348 536 3 915 433 169 259 836 968 945 81 183 446 797 777 552 706 81 505 879 797 748 40 512 298 485 502 937 809 611 458 365 257 474 160 177 429 772 257 32 991 325 509 608 315 840 166 778 257 893 414 372 754 431 912 639 708 125 163 454 767 371 692 401 213 554 939 707 337 974 817 685 644
125 548 904 817 569 859 369 748 372 753 721 174 840 457 530 18 555 43 139 261 1 165 798 833 361 900 296 550 980 307 875 107 63 838 686 539 545 555 635 938 378 911 243 131 882 210 572 457 9 151 278 641 57 199 251 372 435 574 86 558 81 912 91 613 331 940 191 634 613 686 845 130 213 308 490 786 583 730 396 273 332 446 580 904 242 828 202 639 962 467 241 261 989 994 742 756 405 110 757 125
0 0 0 0 0 0 0 0 0 0 0 0 0 0 0 0 0 0 0 0 0 0 0 0 0 0 0 0 0 0 0 0 0 0 0 0 0 0 0 0 0 0 0 0 0 0 0 0 0 0 0 0 0 0 0 0 0 0 0 0 0 0 0 0 0 0 0 0 0 0 0 0 0 0 0 0 0 0 0 0 0 0 0 0 0 0 0 0 0 0 0 0 0 0 0 0 0 0 0 0
288 861 493 852 377 105 811 244 240 846 82 973 764 136 586 219 702 913 60 646 127 400 168 417 568 926 755 904 351 219 224 588 84 859 285 731 202 126 190 608 383 1000 151 789 413 625 245 264 678 739 400 725 663 179 169 337 463 441 600 220 196 60 776 98 372 731 587 588 103 105 863 995 666 377 72 487 799 531 154 144 705 509 495 669 631 348 340 711 328 68 67 181 549 389 446 759 855 194 724 329
335 279 625 907 812 923 736 579 845 59 218 929 723 926 420 276 307 628 466 170 824 882 55 856 865 66 501 693 247 907 677 303 267 345 337 114 794 33 635 261 227 219 669 982 6 640 707 225 140 897 436 289 206 246 734 476 226 682 808 72 631 342 27 467 589 45 217 423 279 211 828 167 401 260 49 111 525 816 497 113 597 182 391 781 728 335 56 549 844 8 894 503 652 743 567 499 954 680 327 70
0 0 0 0 0 0 0 0 0 0 0 0 0 0 0 0 0 0 0 0 0 0 0 0 0 0 0 0 0 0 0 0 0 0 0 0 0 0 0 0 0 0 0 0 0 0 0 0 0 0 0 0 0 0 0 0 0 0 0 0 0 0 0 0 0 0 0 0 0 0 0 0 0 0 0 0 0 0 0 0 0 0 0 0 0 0 0 0 0 0 0 0 0 0 0 0 0 0 0 0
550 874 357 132 924 3 790 862 742 311 274 559 799 772 892 236 877 646 862 91 495 107 863 395 159 819 371 125 840 585 529 740 71 126 573 785 531 293 675 8 423 338 707 211 811 583 629 784 216 526 89 299 825 347 416 738 579 481 315 835 587 606 594 110 453 593 314 43 128 174 523 177 9 232 52 127 393 193 383 214 410 419 758 5 346 249 830 389 37 43 446 725 511 927 1000 781 576 925 93 975
503 480 777 35 350 798 521 809 802 83 67 281 855 676 654 438 441 391 365 282 863 240 333 873 270 753 887 318 203 480 986 156 60 500 912 362 99 733 663 125 586 200 525 881 302 151 737 958 824 333 531 132 290 82 294 356 163 803 941 347 300 494 174 949 399 815 133 651 903 719 669 976 780 636 208 800 263 143 811 472 859 159 62 536 845 175 320 957 61 512 843 552 379 995 135 78 949 832 579 327
0 0 0 0 0 0 0 0 0 0 0 0 0 0 0 0 0 0 0 0 0 0 0 0 0 0 0 0 0 0 0 0 0 0 0 0 0 0 0 0 0 0 0 0 0 0 0 0 0 0 0 0 0 0 0 0 0 0 0 0 0 0 0 0 0 0 0 0 0 0 0 0 0 0 0 0 0 0 0 0 0 0 0 0 0 0 0 0 0 0 0 0 0 0 0 0 0 0 0 0
49 957 928 267 484 803 107 793 808 706 286 381 331 780 99 293 935 473 988 850 341 857 932 319 519 197 396 577 15 93 340 189 744 225 215 897 259 194 909 688 555 941 800 424 752 431 198 657 437 86 726 369 805 571 419 921 73 560 974 273 689 615 521 36 359 633 862 934 5 121 296 664 762 423 237 515 625 944 47 269 750 831 368 492 234 87 763 613 415 464 95 179 505 448 275 616 839 823 882 67
754 38 92 690 750 94 191 942 375 720 859 301 396 190 39 432 234 381 764 398 7 133 325 952 789 905 95 974 230 291 167 788 780 790 695 324 426 179 931 99 280 255 179 776 10 169 144 422 715 846 160 705 833 639 214 479 54 704 177 463 565 584 631 629 761 308 794 673 9 235 546 322 256 142 265 293 916 883 534 204 794 600 172 69 431 476 71 899 307 905 328 268 497 767 39 179 274 979 664 734
0 0 0 0 0 0 0 0 0 0 0 0 0 0 0 0 0 0 0 0 0 0 0 0 0 0 0 0 0 0 0 0 0 0 0 0 0 0 0 0 0 0 0 0 0 0 0 0 0 0 0 0 0 0 0 0 0 0 0 0 0 0 0 0 0 0 0 0 0 0 0 0 0 0 0 0 0 0 0 0 0 0 0 0 0 0 0 0 0 0 0 0 0 0 0 0 0 0 0 0
736 588 832 7 507 7 436 491 320 517 163 899 675 690 621 546 206 489 589 204 942 543 272 45 295 348 488 263 469 327 398 806 85 458 551 423 328 772 992 799 939 70 206 20 890 703 150 600 510 962 428 720 35 210 160 368 832 44 145 209 680 880 195 601 84 520 741 86 802 73 745 331 158 993 242 202 345 287 783 883 697 7 633 95 924 584 967 850 282 876 807 522 865 706 916 739 687 568 110 922
793 338 745 76 140 970 50 314 875 267 94 526 918 134 376 768 265 371 19 281 532 954 277 934 564 867 357 467 535 361 568 51 611 702 32 183 8 99 561 609 377 993 219 884 519 101 402 419 205 972 806 577 712 170 856 647 138 762 508 656 604 573 104 247 541 175 706 773 207 638 260 332 947 101 17 392 460 683 104 911 408 467 373 781 394 588 477 650 499 170 58 664 934 540 853 985 582 123 698 219
0 0 0 0 0 0 0 0 0 0 0 0 0 0 0 0 0 0 0 0 0 0 0 0 0 0 0 0 0 0 0 0 0 0 0 0 0 0 0 0 0 0 0 0 0 0 0 0 0 0 0 0 0 0 0 0 0 0 0 0 0 0 0 0 0 0 0 0 0 0 0 0 0 0 0 0 0 0 0 0 0 0 0 0 0 0 0 0 0 0 0 0 0 0 0 0 0 0 0 0
852 3 712 194 620 465 670 766 997 77 572 507 2 841 98 61 498 498 388 175 120 450 442 108 529 526 304 482 324 888 164 728 298 694 714 426 61 709 218 327 983 568 564 389 231 646 259 552 704 381 741 470 16 935 465 481 176 732 306 636 905 588 893 975 288 537 313 150 753 862 958 193 929 71 793 58 394 649 74 224 259 581 158 415 817 256 677 895 372 845 165 335 457 63 695 582 561 425 880 824
674 404 63 842 710 618 176 181 507 845 763 671 612 571 995 284 391 762 63 85 279 553 605 8 577 318 410 221 235 69 642 506 335 166 683 388 105 451 532 228 630 298 493 47 461 356 946 747 487 495 172 89 171 701 166 251 99 359 887 385 236 305 863 365 794 272 678 729 419 457 13 981 791 977 76 673 275 656 796 769 633 256 719 295 302 403 973 834 55 90 962 494 21 17 125 405 262 266 412 373
0 0 0 0 0 0 0 0 0 0 0 0 0 0 0 0 0 0 0 0 0 0 0 0 0 0 0 0 0 0 0 0 0 0 0 0 0 0 0 0 0 0 0 0 0 0 0 0 0 0 0 0 0 0 0 0 0 0 0 0 0 0 0 0 0 0 0 0 0 0 0 0 0 0 0 0 0 0 0 0 0 0 0 0 0 0 0 0 0 0 0 0 0 0 0 0 0 0 0 0
373 900 381 599 275 711 238 765 142 872 189 73 659 656 392 592 318 548 953 487 816 749 470 764 911 205 425 671 761 450 719 964 144 850 522 845 96 835 368 216 684 195 69 376 307 623 136 322 883 641 727 906 645 479 67 609 884 137 249 802 784 598 387 135 212 503 32 933 783 485 815 866 348 995 604 790 834 714 873 331 848 781 535 786 780 144 257 506 745 339 470 556 465 543 859 411 49 162 692 960
610 677 836 636 272 8 543 912 307 794 367 238 305 194 602 595 164 410 906 128 50 926 103 585 2 301 252 551 479 71 11 921 904 764 445 304 848 564 502 446 626 828 841 70 899 380 857 170 292 20 210 796 167 279 562 318 206 593 244 295 659 19 267 973 806 410 462 293 896 439 269 969 984 14 319 979 259 419 146 563 783 200 867 227 513 954 729 726 378 612 161 145 772 908 49 636 142 270 996 291
0 0 0 0 0 0 0 0 0 0 0 0 0 0 0 0 0 0 0 0 0 0 0 0 0 0 0 0 0 0 0 0 0 0 0 0 0 0 0 0 0 0 0 0 0 0 0 0 0 0 0 0 0 0 0 0 0 0 0 0 0 0 0 0 0 0 0 0 0 0 0 0 0 0 0 0 0 0 0 0 0 0 0 0 0 0 0 0 0 0 0 0 0 0 0 0 0 0 0 0
191 201 34 464 950 330 42 829 894 757 781 279 607 265 738 996 552 945 138 178 634 191 372 271 332 99 310 917 14 181 746 839 779 798 138 304 710 73 853 313 225 77 714 141 443 151 952 31 849 702 490 976 907 221 460 559 853 215 325 474 212 833 64 351 704 109 595 536 87 45 237 417 917 134 306 358 345 199 60 163 733 699 517 737 320 445 153 348 397 388 886 527 437 167 990 603 712 751 854 480
293 271 607 381 995 713 50 579 719 489 290 116 529 761 467 633 480 651 866 455 656 281 831 62 979 289 432 271 763 63 238 164 445 8 300 636 363 860 297 117 242 751 312 309 385 915 68 639 879 191 369 473 565 488 136 381 666 726 908 683 779 295 777 986 659 36 230 966 161 60 700 400 885 10 629 894 86 969 610 527 263 609 909 264 368 258 375 52 717 655 463 177 876 261 191 880 135 8 573 25
0 0 0 0 0 0 0 0 0 0 0 0 0 0 0 0 0 0 0 0 0 0 0 0 0 0 0 0 0 0 0 0 0 0 0 0 0 0 0 0 0 0 0 0 0 0 0 0 0 0 0 0 0 0 0 0 0 0 0 0 0 0 0 0 0 0 0 0 0 0 0 0 0 0 0 0 0 0 0 0 0 0 0 0 0 0 0 0 0 0 0 0 0 0 0 0 0 0 0 0
433 142 940 435 717 262 268 435 188 680 186 522 961 225 150 806 465 511 811 638 375 595 930 111 986 511 805 369 869 838 503 638 538 569 645 429 566 901 459 381 689 9 572 110 586 536 666 251 120 98 626 881 93 998 662 85 41 24 703 412 210 406 559 261 776 745 381 947 668 524 360 149 17 711 243 784 656 744 808 852 551 645 879 830 76 814 671 966 306 852 1000 853 872 528 426 885 857 331 265 483
70 542 942 152 340 862 881 121 187 991 899 930 979 42 246 236 807 797 663 190 968 441 53 322 315 706 717 893 528 524 641 674 149 567 429 841 684 289 956 736 994 245 953 547 440 245 959 985 434 819 254 169 501 468 982 23 403 652 95 72 220 872 433 18 815 529 261 406 829 526 740 328 513 83 189 245 599 645 436 870 794 464 978 556 295 375 867 600 190 486 793 692 948 57 855 188 203 848 300 360
0 0 0 0 0 0 0 0 0 0 0 0 0 0 0 0 0 0 0 0 0 0 0 0 0 0 0 0 0 0 0 0 0 0 0 0 0 0 0 0 0 0 0 0 0 0 0 0 0 0 0 0 0 0 0 0 0 0 0 0 0 0 0 0 0 0 0 0 0 0 0 0 0 0 0 0 0 0 0 0 0 0 0 0 0 0 0 0 0 0 0 0 0 0 0 0 0 0 0 0
5 344 728 439 111 347 952 764 893 21 816 903 247 21 980 661 205 455 971 251 46 13 168 20 659 984 261 994 605 952 878 924 195 396 113 112 786 873 163 858 270 216 563 462 356 734 512 300 443 630 761 871 797 306 12 403 684 720 170 528 104 758 404 114 746 335 389 879 583 2 937 27 118 167 492 228 803 950 176 922 645 908 172 764 914 70 939 585 353 794 801 406 972 509 213 973 420 102 495 131
659 269 45 305 583 366 263 950 894 907 566 764 865 911 128 86 367 602 762 687 923 970 254 187 627 393 641 16 880 470 749 370 719 311 593 840 803 770 484 993 152 562 624 98 521 265 361 904 650 484 773 124 838 898 121 803 741 670 398 964 338 121 731 926 209 713 72 702 306 222 844 200 702 568 597 55 192 141 725 220 911 918 459 128 709 581 403 560 315 637 502 260 869 874 603 920 581 292 124 453
0 0 0 0 0 0 0 0 0 0 0 0 0 0 0 0 0 0 0 0 0 0 0 0 0 0 0 0 0 0 0 0 0 0 0 0 0 0 0 0 0 0 0 0 0 0 0 0 0 0 0 0 0 0 0 0 0 0 0 0 0 0 0 0 0 0 0 0 0 0 0 0 0 0 0 0 0 0 0 0 0 0 0 0 0 0 0 0 0 0 0 0 0 0 0 0 0 0 0 0
768 899 408 87 563 484 668 189 262 871 589 632 753 640 493 252 271 696 653 228 285 824 857 639 55 470 996 27 237 123 313 691 399 324 192 600 691 145 112 209 378 916 482 374 168 734 794 453 474 762 425 167 772 647 702 602 697 720 328 640 133 752 742 811 670 392 555 743 480 102 293 417 591 349 506 449 639 465 620 826 110 695 992 711 72 727 892 112 109 786 512 402 87 73 125 882 736 663 560 968
52 818 122 247 575 750 741 421 985 78 679 265 411 327 412 405 477 85 803 705 576 478 849 296 127 174 361 521 257 194 631 702 652 793 883 34 809 96 608 294 453 536 735 239 499 791 781 884 278 520 869 108 586 331 486 237 517 702 89 924 346 613 184 404 265 821 894 766 419 304 646 202 776 989 219 91 589 665 32 534 317 678 875 299 126 96 811 908 417 634 940 563 214 617 617 267 239 68 11 228
0 0 0 0 0 0 0 0 0 0 0 0 0 0 0 0 0 0 0 0 0 0 0 0 0 0 0 0 0 0 0 0 0 0 0 0 0 0 0 0 0 0 0 0 0 0 0 0 0 0 0 0 0 0 0 0 0 0 0 0 0 0 0 0 0 0 0 0 0 0 0 0 0 0 0 0 0 0 0 0 0 0 0 0 0 0 0 0 0 0 0 0 0 0 0 0 0 0 0 0
27 532 547 978 296 703 96 299 935 909 340 191 924 357 959 540 101 696 5 477 852 624 190 503 343 601 28 375 587 75 369 120 21 669 331 39 262 711 548 937 86 560 332 354 104 930 232 211 155 975 135 580 840 395 26 111 689 734 554 230 538 522 207 31 916 826 961 791 134 438 698 977 900 379 341 465 293 922 808 510 175 227 480 979 819 778 863 737 919 105 441 376 658 777 62 529 464 980 814 520
665 11 280 486 589 561 171 512 295 346 11 183 329 365 134 441 684 289 216 733 251 581 297 555 861 786 909 128 307 719 858 49 260 170 421 262 115 665 106 762 452 284 40 668 22 969 601 843 330 379 79 164 830 187 92 738 369 862 886 739 820 544 870 781 468 686 237 143 984 237 230 976 309 563 529 267 568 136 507 281 368 66 323 750 960 208 676 392 409 758 34 784 167 265 662 164 200 126 85 88
0 0 0 0 0 0 0 0 0 0 0 0 0 0 0 0 0 0 0 0 0 0 0 0 0 0 0 0 0 0 0 0 0 0 0 0 0 0 0 0 0 0 0 0 0 0 0 0 0 0 0 0 0 0 0 0 0 0 0 0 0 0 0 0 0 0 0 0 0 0 0 0 0 0 0 0 0 0 0 0 0 0 0 0 0 0 0 0 0 0 0 0 0 0 0 0 0 0 0 0
81 734 993 806 279 413 816 846 475 101 283 806 891 283 54 209 365 19 606 439 366 24 220 818 25 757 859 124 564 150 181 112 301 291 198 612 300 747 55 879 976 812 415 707 243 248 391 983 725 586 773 674 245 647 753 858 450 104 48 266 814 232 962 537 735 309 453 340 171 938 525 660 893 197 893 634 721 109 501 822 549 832 631 585 853 593 52 282 489 825 699 790 617 973 23 674 95 99 554 179
403 545 433 988 325 696 91 252 462 662 125 257 367 970 470 417 684 846 57 555 698 677 308 424 38 963 129 44 549 846 193 320 177 701 131 369 701 460 599 364 216 488 2 184 261 586 16 490 9 690 474 125 416 848 813 854 441 624 514 528 29 854 202 68 856 987 712 991 441 349 998 662 135 777 623 441 218 427 164 352 151 90 324 958 299 799 340 646 569 516 396 408 318 335 224 214 133 609 116 642
0 0 0 0 0 0 0 0 0 0 0 0 0 0 0 0 0 0 0 0 0 0 0 0 0 0 0 0 0 0 0 0 0 0 0 0 0 0 0 0 0 0 0 0 0 0 0 0 0 0 0 0 0 0 0 0 0 0 0 0 0 0 0 0 0 0 0 0 0 0 0 0 0 0 0 0 0 0 0 0 0 0 0 0 0 0 0 0 0 0 0 0 0 0 0 0 0 0 0 0
756 259 796 58 965 741 272 142 332 398 1 362 637 819 672 870 690 242 627 758 845 101 530 336 758 352 973 458 761 733 606 833 992 594 348 970 933 82 129 766 930 81 701 723 979 348 486 653 670 873 616 134 330 155 164 58 655 490 612 173 523 930 55 411 29 83 68 796 610 453 213 280 711 650 644 960 656 385 163 740 671 539 373 639 282 838 116 835 13 606 284 842 894 704 136 970 637 427 677 815
988 726 900 490 825 878 370 65 620 356 796 51 947 125 559 882 372 991 895 757 978 341 833 20 42 619 463 405 194 515 610 439 527 427 189 35 888 471 47 44 48 780 340 39 747 77 554 958 823 463 485 780 607 536 181 581 933 656 348 284 726 927 580 412 676 50 166 56 567 814 542 700 91 913 122 486 975 49 729 504 599 31 511 580 926 53 60 324 475 267 124 743 506 944 732 297 103 444 644 846
0 0 0 0 0 0 0 0 0 0 0 0 0 0 0 0 0 0 0 0 0 0 0 0 0 0 0 0 0 0 0 0 0 0 0 0 0 0 0 0 0 0 0 0 0 0 0 0 0 0 0 0 0 0 0 0 0 0 0 0 0 0 0 0 0 0 0 0 0 0 0 0 0 0 0 0 0 0 0 0 0 0 0 0 0 0 0 0 0 0 0 0 0 0 0 0 0 0 0 0
465 809 157 33 562 935 953 189 547 149 51 271 538 840 527 943 304 908 286 12 276 776 909 502 853 984 17 740 513 34 423 507 655 931 913 602 82 376 867 583 568 429 989 977 127 619 849 909 476 32 439 515 161 60 913 347 277 422 278 282 668 60 549 21 80 48 660 154 5 374 561 137 602 601 187 519 962 213 933 654 956 615 76 97 992 198 727 903 291 251 380 814 839 926 371 78 225 102 387 14
676 765 778 220 395 900 13 233 60 964 393 716 298 626 83 914 829 432 222 753 721 41 767 719 471 1 158 315 634 351 543 262 819 191 200 631 5 429 909 787 532 534 569 316 254 881 101 49 653 58 423 14 720 983 899 218 459 479 357 825 994 290 53 458 751 600 297 941 830 422 74 282 983 766 588 295 575 448 531 404 973 622 282 401 191 47 947 254 818 639 484 563 962 123 84 802 221 735 448 259
0 0 0 0 0 0 0 0 0 0 0 0 0 0 0 0 0 0 0 0 0 0 0 0 0 0 0 0 0 0 0 0 0 0 0 0 0 0 0 0 0 0 0 0 0 0 0 0 0 0 0 0 0 0 0 0 0 0 0 0 0 0 0 0 0 0 0 0 0 0 0 0 0 0 0 0 0 0 0 0 0 0 0 0 0 0 0 0 0 0 0 0 0 0 0 0 0 0 0 0
615 608 934 722 610 73 674 992 887 137 701 831 638 729 108 68 422 177 284 84 949 127 328 374 9 353 820 204 410 497 246 336 229 530 324 614 766 990 638 857 968 324 210 805 24 366 351 800 158 689 804 278 913 500 567 947 909 273 668 877 580 111 508 524 401 216 894 259 1 862 295 343 915 455 548 698 906 531 402 433 37 946 644 133 197 402 167 74 845 243 282 183 93 161 435 406 906 811 826 470
248 2 518 288 936 857 124 999 779 405 288 579 658 141 679 128 535 720 456 597 519 313 493 255 320 342 350 98 244 669 843 848 781 167 844 95 936 325 15 77 999 990 541 742 345 156 852 719 350 538 502 231 330 597 731 704 455 354 968 195 274 292 447 366 969 625 424 392 317 672 697 197 300 957 110 863 925 706 64 815 806 699 1 899 56 88 889 481 185 352 948 302 661 959 107 310 113 58 5 438
0 0 0 0 0 0 0 0 0 0 0 0 0 0 0 0 0 0 0 0 0 0 0 0 0 0 0 0 0 0 0 0 0 0 0 0 0 0 0 0 0 0 0 0 0 0 0 0 0 0 0 0 0 0 0 0 0 0 0 0 0 0 0 0 0 0 0 0 0 0 0 0 0 0 0 0 0 0 0 0 0 0 0 0 0 0 0 0 0 0 0 0 0 0 0 0 0 0 0 0
620 5 934 111 629 933 288 996 905 867 34 938 77 798 947 718 494 729 88 593 285 446 68 96 198 66 857 646 349 542 979 37 270 128 466 584 29 301 196 877 97 830 508 680 26 801 290 283 183 723 931 109 612 252 691 868 572 97 731 919 47 859 524 963 926 124 167 894 543 313 769 647 869 792 851 303 121 411 118 388 373 758 658 821 830 578 358 883 545 330 117 941 459 484 351 223 1 23 810 478
181 619 926 578 211 606 815 559 160 747 204 338 997 210 657 734 223 782 435 297 96 704 995 318 143 241 704 310 912 704 65 674 727 810 387 922 568 433 75 827 364 616 33 314 604 219 938 973 770 656 647 774 890 180 576 493 150 679 641 502 181 997 692 107 459 700 681 758 894 459 927 153 184 563 230 89 634 754 390 454 221 193 903 38 662 351 783 52 464 25 890 685 216 908 432 4 338 353 933 644
0 0 0 0 0 0 0 0 0 0 0 0 0 0 0 0 0 0 0 0 0 0 0 0 0 0 0 0 0 0 0 0 0 0 0 0 0 0 0 0 0 0 0 0 0 0 0 0 0 0 0 0 0 0 0 0 0 0 0 0 0 0 0 0 0 0 0 0 0 0 0 0 0 0 0 0 0 0 0 0 0 0 0 0 0 0 0 0 0 0 0 0 0 0 0 0 0 0 0 0
540 449 536 922 176 723 849 102 905 72 669 273 461 886 803 730 234 771 644 484 594 268 623 82 38 496 717 999 829 839 816 751 212 891 731 468 43 279 981 240 650 369 972 881 664 741 956 316 825 649 60 658 154 184 542 566 568 224 566 810 967 333 217 71 949 500 316 119 613 827 249 922 413 241 397 773 714 563 68 569 900 26 416 281 143 822 461 975 278 999 93 490 36 23 155 910 324 914 649 155
936 617 889 268 578 279 210 885 182 55 350 60 998 907 852 204 340 979 500 14 114 543 282 309 163 934 735 27 890 473 824 212 643 140 970 945 544 936 696 67 667 816 353 729 219 214 59 264 706 476 220 324 489 583 330 294 844 254 305 224 134 248 529 243 627 366 719 156 281 624 42 782 711 231 53 257 196 832 548 608 98 942 363 296 118 502 421 781 695 839 618 735 729 176 262 665 609 455 586 759
0 0 0 0 0 0 0 0 0 0 0 0 0 0 0 0 0 0 0 0 0 0 0 0 0 0 0 0 0 0 0 0 0 0 0 0 0 0 0 0 0 0 0 0 0 0 0 0 0 0 0 0 0 0 0 0 0 0 0 0 0 0 0 0 0 0 0 0 0 0 0 0 0 0 0 0 0 0 0 0 0 0 0 0 0 0 0 0 0 0 0 0 0 0 0 0 0 0 0 0
401 602 453 206 969 823 566 512 600 447 59 808 353 440 595 653 261 864 369 235 878 940 976 970 741 779 578 186 245 360 893 916 613 457 317 995 963 994 279 981 976 668 486 962 443 437 75 92 924 991 524 796 386 60 419 312 207 503 373 852 895 566 884 451 6 245 35 944 451 993 234 525 715 722 768 147 668 771 136 622 319 45 384 212 781 804 199 595 354 167 60 121 534 111 752 758 659 47 301 437
979 148 384 558 520 724 49 433 557 202 789 814 187 954 287 702 851 704 727 50 976 787 22 55 816 613 154 581 860 791 266 94 725 527 842 433 244 297 882 445 127 445 883 39 464 987 83 561 852 129 731 985 118 848 35 741 117 798 351 461 943 545 892 55 779 512 270 400 762 131 888 374 726 788 20 316 349 843 570 643 572 406 944 680 978 11 676 276 496 260 22 91 562 594 586 687 183 914 415 536
0 0 0 0 0 0 0 0 0 0 0 0 0 0 0 0 0 0 0 0 0 0 0 0 0 0 0 0 0 0 0 0 0 0 0 0 0 0 0 0 0 0 0 0 0 0 0 0 0 0 0 0 0 0 0 0 0 0 0 0 0 0 0 0 0 0 0 0 0 0 0 0 0 0 0 0 0 0 0 0 0 0 0 0 0 0 0 0 0 0 0 0 0 0 0 0 0 0 0 0
70 67 199 461 395 321 750 11 544 80 415 534 320 647 897 737 649 665 466 703 634 94 583 472 928 681 652 436 299 539 929 961 649 445 278 668 224 427 828 337 953 83 391 771 36 901 150 901 584 73 952 11 349 745 381 813 660 404 258 812 396 269 680 103 950 760 648 631 980 9 713 445 470 105 499 130 286 20 978 722 870 618 439 79 518 364 572 727 917 421 154 838 398 909 415 704 284 906 362 320
592 839 241 423 222 942 69 419 253 473 774 739 820 917 473 581 414 905 311 893 741 258 529 169 917 839 866 722 461 352 315 771 999 194 285 11 658 265 358 300 586 562 302 424 578 418 549 238 238 574 179 2 630 280 509 770 348 724 753 562 731 688 769 986 21 450 125 583 938 841 167 173 883 30 764 105 231 167 794 81 475 234 986 319 795 108 23 322 609 275 432 473 744 471 299 329 516 965 591 806
0 0 0 0 0 0 0 0 0 0 0 0 0 0 0 0 0 0 0 0 0 0 0 0 0 0 0 0 0 0 0 0 0 0 0 0 0 0 0 0 0 0 0 0 0 0 0 0 0 0 0 0 0 0 0 0 0 0 0 0 0 0 0 0 0 0 0 0 0 0 0 0 0 0 0 0 0 0 0 0 0 0 0 0 0 0 0 0 0 0 0 0 0 0 0 0 0 0 0 0
322 100 42 182 424 911 83 765 919 16 869 775 674 696 553 616 682 815 260 383 395 275 538 163 816 810 613 615 225 708 895 622 24 866 670 695 243 457 482 582 139 372 999 149 376 773 976 234 261 833 326 390 946 270 225 546 839 275 481 322 510 34 38 947 324 33 371 29 948 630 378 583 874 957 166 319 879 966 590 854 645 699 397 860 147 707 622 835 516 784 301 293 756 455 338 469 937 6 810 548
109 102 104 808 212 828 410 961 832 520 598 942 744 435 514 375 781 719 640 677 503 574 301 257 447 923 733 429 698 219 802 994 636 867 823 691 371 34 480 530 783 184 374 7 34 99 66 613 527 50 118 731 967 735 860 652 769 619 938 804 105 247 153 391 606 174 863 992 177 373 588 253 903 426 160 299 234 518 113 741 413 987 629 684 588 396 615 611 276 365 947 522 780 983 708 492 705 589 113 627
0 0 0 0 0 0 0 0 0 0 0 0 0 0 0 0 0 0 0 0 0 0 0 0 0 0 0 0 0 0 0 0 0 0 0 0 0 0 0 0 0 0 0 0 0 0 0 0 0 0 0 0 0 0 0 0 0 0 0 0 0 0 0 0 0 0 0 0 0 0 0 0 0 0 0 0 0 0 0 0 0 0 0 0 0 0 0 0 0 0 0 0 0 0 0 0 0 0 0 0
736 872 680 271 360 804 688 702 104 622 553 764 772 659 225 579 253 316 634 705 441 30 998 242 697 267 469 339 11 758 759 650 35 997 11 635 268 100 115 935 731 420 676 812 251 956 640 467 730 389 981 935 791 431 539 431 989 60 371 909 288 667 457 83 722 526 73 357 215 656 461 582 919 294 65 66 737 841 997 423 467 405 321 247 9 63 797 14 908 543 447 841 408 662 9 559 732 84 208 871
580 251 486 810 867 447 161 977 241 350 183 236 396 628 108 345 178 854 996 958 797 852 420 165 382 452 30 995 535 518 336 226 371 990 834 635 487 972 571 371 378 282 94 742 180 524 197 702 494 272 143 308 953 669 242 8 863 710 463 317 661 72 986 692 847 948 957 842 43 448 474 300 868 656 442 79 561 636 898 319 789 578 353 384 597 605 436 331 827 502 910 622 796 154 943 380 894 121 630 569
0 0 0 0 0 0 0 0 0 0 0 0 0 0 0 0 0 0 0 0 0 0 0 0 0 0 0 0 0 0 0 0 0 0 0 0 0 0 0 0 0 0 0 0 0 0 0 0 0 0 0 0 0 0 0 0 0 0 0 0 0 0 0 0 0 0 0 0 0 0 0 0 0 0 0 0 0 0 0 0 0 0 0 0 0 0 0 0 0 0 0 0 0 0 0 0 0 0 0 0
516 591 390 81 513 807 214 298 556 473 340 459 590 317 685 10 230 815 624 297 398 719 703 547 224 361 417 402 485 566 260 395 661 88 736 560 872 110 845 282 587 530 117 779 531 414 689 903 746 422 71 243 922 115 990 757 841 48 154 568 407 810 128 985 519 482 467 736 165 670 539 973 729 499 963 953 968 490 641 951 828 917 949 936 76 425 968 900 7 264 734 390 528 758 324 351 642 709 460 331
588 879 459 396 622 705 199 209 11 389 521 137 946 623 370 75 878 949 127 877 683 994 378 606 845 664 112 551 262 620 655 378 633 789 253 92 997 863 947 221 544 467 620 898 437 615 913 750 702 398 680 12 52 259 685 787 945 193 847 824 917 145 181 252 672 884 481 458 439 387 577 231 487 269 213 569 331 804 785 515 816 868 782 475 13 246 46 578 375 683 106 920 467 870 203 445 48 487 641 567
0 0 0 0 0 0 0 0 0 0 0 0 0 0 0 0 0 0 0 0 0 0 0 0 0 0 0 0 0 0 0 0 0 0 0 0 0 0 0 0 0 0 0 0 0 0 0 0 0 0 0 0 0 0 0 0 0 0 0 0 0 0 0 0 0 0 0 0 0 0 0 0 0 0 0 0 0 0 0 0 0 0 0 0 0 0 0 0 0 0 0 0 0 0 0 0 0 0 0 0
498 978 684 971 686 846 296 667 989 654 699 259 230 509 77 261 496 408 185 272 245 665 817 657 577 556 563 948 659 609 136 950 606 759 960 917 952 551 603 48 193 449 379 796 355 501 42 123 917 831 365 908 979 96 529 719 639 594 577 827 299 993 976 958 746 462 573 804 449 447 39 214 254 493 94 537 565 424 24 775 511 387 38 562 69 347 554 854 109 42 153 506 759 807 58 327 605 117 413 81
328 116 458 722 217 963 435 187 883 924 759 709 255 703 601 164 159 838 280 706 828 787 125 772 164 275 206 163 579 958 438 620 648 349 399 350 317 921 571 653 375 341 262 177 906 688 946 913 943 801 513 854 130 519 548 275 315 276 561 564 770 946 270 673 883 574 41 562 597 827 297 913 751 130 486 24 449 914 900 671 439 558 828 557 617 837 247 216 601 8 895 542 720 950 43 883 641 399 470 136
0 0 0 0 0 0 0 0 0 0 0 0 0 0 0 0 0 0 0 0 0 0 0 0 0 0 0 0 0 0 0 0 0 0 0 0 0 0 0 0 0 0 0 0 0 0 0 0 0 0 0 0 0 0 0 0 0 0 0 0 0 0 0 0 0 0 0 0 0 0 0 0 0 0 0 0 0 0 0 0 0 0 0 0 0 0 0 0 0 0 0 0 0 0 0 0 0 0 0 0
771 161 215 492 816 25 215 794 396 730 253 803 60 766 735 659 68 447 522 738 34 980 342 758 800 229 51 297 841 667 954 604 641 12 584 953 969 825 847 476 639 40 973 731 503 224 617 5 675 478 271 78 174 262 129 16 946 307 660 331 65 205 386 715 985 393 864 681 544 456 40 153 309 812 253 753 442 294 847 372 52 313 357 732 220 944 75 383 40 614 26 588 134 357 900 146 268 169 811 868
916 257 82 411 230 93 37 469 792 56 691 562 762 40 282 632 950 878 373 270 621 489 156 769 296 543 301 892 847 409 340 806 572 260 597 350 764 805 487 925 990 15 434 744 971 829 382 127 196 324 677 916 172 882 793 144 637 665 337 125 492 49 911 702 645 342 339 512 917 344 763 856 434 158 733 337 384 215 235 378 438 261 720 287 819 447 133 184 508 335 295 350 843 492 722 668 798 986 556 846
0 0 0 0 0 0 0 0 0 0 0 0 0 0 0 0 0 0 0 0 0 0 0 0 0 0 0 0 0 0 0 0 0 0 0 0 0 0 0 0 0 0 0 0 0 0 0 0 0 0 0 0 0 0 0 0 0 0 0 0 0 0 0 0 0 0 0 0 0 0 0 0 0 0 0 0 0 0 0 0 0 0 0 0 0 0 0 0 0 0 0 0 0 0 0 0 0 0 0 0
18 219 356 706 448 111 224 199 143 599 652 151 612 412 621 593 60 938 702 535 617 464 275 535 840 525 94 710 90 570 597 762 288 975 946 357 790 633 595 624 587 671 626 547 941 509 176 719 800 102 649 268 893 789 809 341 98 381 90 597 483 408 986 343 974 205 24 328 1 5 431 273 928 71 402 122 427 765 717 494 559 489 327 480 794 665 773 688 795 122 308 239 826 743 658 997 5 415 856 905
214 154 934 31 652 89 388 321 734 45 388 69 732 409 784 432 335 44 218 612 740 1000 394 285 646 980 431 807 275 67 129 946 992 495 538 21 673 891 678 735 473 241 640 973 739 72 528 47 787 180 938 295 775 485 179 817 857 436 394 710 462 399 291 382 98 874 85 182 995 255 420 637 150 993 511 582 498 588 995 17 740 808 553 10 927 430 102 157 44 258 901 374 930 891 536 255 762 39 393 514
0 0 0 0 0 0 0 0 0 0 0 0 0 0 0 0 0 0 0 0 0 0 0 0 0 0 0 0 0 0 0 0 0 0 0 0 0 0 0 0 0 0 0 0 0 0 0 0 0 0 0 0 0 0 0 0 0 0 0 0 0 0 0 0 0 0 0 0 0 0 0 0 0 0 0 0 0 0 0 0 0 0 0 0 0 0 0 0 0 0 0 0 0 0 0 0 0 0 0 0
616 5 721 525 312 181 723 183 37 232 265 228 903 963 925 362 699 606 2 422 142 561 415 673 338 79 332 287 448 99 500 48 782 884 847 415 4 868 136 495 306 851 435 220 671 724 468 647 216 61 928 208 655 96 355 955 815 421 274 423 701 68 864 758 193 115 330 700 652 797 433 383 482 112 850 755 856 660 461 198 422 927 108 38 596 666 530 555 202 861 912 849 531 631 656 163 432 443 593 219
347 151 858 921 983 846 755 99 134 293 634 492 227 989 170 888 355 247 723 629 252 274 79 876 332 936 309 825 222 757 517 779 953 952 281 840 527 667 680 296 769 910 886 634 379 172 499 485 525 681 798 667 128 255 90 993 637 412 544 916 870 945 176 82 45 714 78 370 915 123 796 312 208 293 348 573 775 973 918 943 747 201 419 814 934 906 771 301 765 234 865 628 752 203 428 415 45 735 521 158
0 0 0 0 0 0 0 0 0 0 0 0 0 0 0 0 0 0 0 0 0 0 0 0 0 0 0 0 0 0 0 0 0 0 0 0 0 0 0 0 0 0 0 0 0 0 0 0 0 0 0 0 0 0 0 0 0 0 0 0 0 0 0 0 0 0 0 0 0 0 0 0 0 0 0 0 0 0 0 0 0 0 0 0 0 0 0 0 0 0 0 0 0 0 0 0 0 0 0 0
365 549 119 417 776 281 224 744 157 848 113 460 754 81 951 410 861 177 64 920 911 315 359 752 208 237 858 392 291 876 569 347 589 778 871 121 660 90 392 730 85 491 63 959 551 735 153 696 419 352 424 733 687 101 743 43 268 95 465 469 198 71 122 49 821 222 626 321 440 493 150 102 69 112 561 504 390 411 401 855 975 587 811 921 346 376 196 614 362 31 324 921 739 465 550 887 580 305 581 537
846 456 800 339 424 103 797 891 15 154 745 964 195 278 825 108 967 661 492 300 850 941 489 528 612 445 747 50 925 241 887 849 451 374 312 357 878 927 214 472 98 1000 285 317 150 251 513 964 322 630 304 831 454 919 138 523 329 873 744 103 818 643 895 686 663 137 195 474 765 664 88 252 166 455 496 823 45 248 255 767 470 709 622 546 964 767 428 439 310 38 669 137 65 438 370 606 665 249 34 441
0 0 0 0 0 0 0 0 0 0 0 0 0 0 0 0 0 0 0 0 0 0 0 0 0 0 0 0 0 0 0 0 0 0 0 0 0 0 0 0 0 0 0 0 0 0 0 0 0 0 0 0 0 0 0 0 0 0 0 0 0 0 0 0 0 0 0 0 0 0 0 0 0 0 0 0 0 0 0 0 0 0 0 0 0 0 0 0 0 0 0 0 0 0 0 0 0 0 0 0
732 660 350 196 151 36 604 730 316 67 869 349 323 753 426 157 167 787 441 23 509 69 513 159 71 369 263 120 938 988 391 213 215 144 480 956 201 735 651 423 748 509 460 610 525 796 487 237 86 666 320 382 78 667 323 389 927 357 930 998 97 142 169 279 243 815 872 922 791 910 594 150 567 831 383 244 756 679 8 409 721 860 214 425 890 406 143 94 411 847 974 756 955 684 609 369 151 766 932 770
548 924 123 343 858 754 495 33 737 805 1000 581 802 772 339 560 530 445 371 920 965 691 158 34 942 853 824 978 125 457 688 678 736 202 50 935 572 641 797 76 561 815 510 211 311 811 516 957 625 175 340 238 346 42 680 893 328 482 63 150 408 561 945 83 930 200 548 517 407 996 572 874 849 752 583 85 101 168 879 747 380 297 326 896 405 498 820 662 216 527 279 624 751 544 205 708 61 58 958 472
0 0 0 0 0 0 0 0 0 0 0 0 0 0 0 0 0 0 0 0 0 0 0 0 0 0 0 0 0 0 0 0 0 0 0 0 0 0 0 0 0 0 0 0 0 0 0 0 0 0 0 0 0 0 0 0 0 0 0 0 0 0 0 0 0 0 0 0 0 0 0 0 0 0 0 0 0 0 0 0 0 0 0 0 0 0 0 0 0 0 0 0 0 0 0 0 0 0 0 0
436 68 497 929 511 546 476 739 992 613 736 54 168 667 276 469 815 400 512 502 543 90 822 200 203 130 116 280 514 534 3 82 574 126 839 621 669 687 236 314 511 358 588 483 68 347 785 296 281 859 476 807 39 716 940 798 867 349 593 473 609 735 102 823 269 359 150 999 214 828 204 217 459 236 706 953 592 472 615 950 78 492 585 762 935 235 42 971 394 543 748 178 822 454 187 562 589 228 331 981
199 333 945 712 680 120 84 86 629 159 51 464 709 801 856 403 958 872 185 339 553 248 12 435 388 711 661 739 964 866 217 227 533 587 472 545 350 930 569 263 330 781 503 166 182 928 507 99 124 17 894 240 798 513 18 772 304 615 231 832 434 159 143 825 95 179 475 118 490 938 625 11 244 901 223 674 565 628 562 628 414 418 142 375 449 819 980 656 896 884 879 839 820 857 232 79 407 711 352 769
0 0 0 0 0 0 0 0 0 0 0 0 0 0 0 0 0 0 0 0 0 0 0 0 0 0 0 0 0 0 0 0 0 0 0 0 0 0 0 0 0 0 0 0 0 0 0 0 0 0 0 0 0 0 0 0 0 0 0 0 0 0 0 0 0 0 0 0 0 0 0 0 0 0 0 0 0 0 0 0 0 0 0 0 0 0 0 0 0 0 0 0 0 0 0 0 0 0 0 0
192 477 140 968 434 19 281 532 249 751 133 459 434 577 520 337 871 445 915 827 231 783 188 781 313 29 864 130 943 509 308 437 980 732 626 573 215 429 822 293 131 836 640 144 317 649 767 375 281 515 14 261 762 249 374 858 104 762 549 898 906 449 907 412 569 833 254 677 741 608 149 599 173 431 763 343 107 276 287 339 425 871 319 301 850 660 284 398 229 703 589 39 30 372 250 679 283 823 62 282
457 248 983 509 248 71 717 240 709 47 408 61 761 258 550 644 270 153 111 523 405 505 865 731 586 265 754 829 476 2 233 196 685 635 44 816 898 203 332 752 1000 750 253 919 653 327 736 600 919 637 14 161 175 567 142 398 749 88 951 977 646 7 411 222 437 990 15 596 924 618 773 344 813 79 131 40 388 327 536 758 267 733 535 925 968 581 135 854 855 978 805 545 270 14 3 977 581 822 376 871
0 0 0 0 0 0 0 0 0 0 0 0 0 0 0 0 0 0 0 0 0 0 0 0 0 0 0 0 0 0 0 0 0 0 0 0 0 0 0 0 0 0 0 0 0 0 0 0 0 0 0 0 0 0 0 0 0 0 0 0 0 0 0 0 0 0 0 0 0 0 0 0 0 0 0 0 0 0 0 0 0 0 0 0 0 0 0 0 0 0 0 0 0 0 0 0 0 0 0 0
252 158 224 511 305 428 605 599 248 26 669 874 116 888 695 186 395 521 482 59 136 932 696 306 620 779 185 413 214 853 283 437 558 972 947 894 152 264 169 759 306 679 613 143 79 555 644 573 396 479 973 969 887 416 26 297 815 494 116 929 131 650 734 410 455 855 305 612 950 103 179 451 483 856 181 774 620 454 967 553 344 705 863 105 306 249 232 392 50 280 908 805 666 739 105 211 489 806 191 894
388 804 293 421 478 544 944 8 710 729 852 851 356 440 426 869 21 963 362 328 636 183 454 232 490 399 545 297 749 677 858 519 836 349 500 312 196 735 5 140 382 760 415 554 772 556 604 394 99 566 797 421 717 494 417 571 72 912 312 205 806 760 568 424 758 934 620 279 571 93 28 700 760 274 221 430 800 258 537 209 475 694 453 222 308 184 517 192 981 942 569 786 40 232 139 763 61 613 659 455
0 0 0 0 0 0 0 0 0 0 0 0 0 0 0 0 0 0 0 0 0 0 0 0 0 0 0 0 0 0 0 0 0 0 0 0 0 0 0 0 0 0 0 0 0 0 0 0 0 0 0 0 0 0 0 0 0 0 0 0 0 0 0 0 0 0 0 0 0 0 0 0 0 0 0 0 0 0 0 0 0 0 0 0 0 0 0 0 0 0 0 0 0 0 0 0 0 0 0 0
209 443 142 757 845 452 483 463 420 783 442 194 157 931 67 363 486 187 706 646 301 877 110 304 315 782 570 616 28 402 786 111 180 720 377 217 812 775 993 421 769 489 397 955 388 929 754 773 978 781 616 577 191 244 269 312 192 446 197 404 892 906 594 375 893 120 260 93 969 254 177 273 724 920 530 440 224 509 771 411 8 152 234 387 40 685 202 777 444 838 602 271 849 634 547 617 71 971 376 771
72 223 341 240 549 200 568 802 386 849 378 119 817 152 236 490 667 308 609 120 294 969 380 878 240 505 240 227 160 862 734 471 758 240 149 464 927 175 539 806 173 954 351 731 806 10 143 528 48 460 809 653 493 555 497 817 879 787 721 83 602 244 736 555 449 933 580 589 418 919 470 595 366 149 243 18 333 259 570 728 734 628 532 608 935 637 576 553 666 803 914 106 947 482 599 389 81 460 748 264
0 0 0 0 0 0 0 0 0 0 0 0 0 0 0 0 0 0 0 0 0 0 0 0 0 0 0 0 0 0 0 0 0 0 0 0 0 0 0 0 0 0 0 0 0 0 0 0 0 0 0 0 0 0 0 0 0 0 0 0 0 0 0 0 0 0 0 0 0 0 0 0 0 0 0 0 0 0 0 0 0 0 0 0 0 0 0 0 0 0 0 0 0 0 0 0 0 0 0 0
693 966 171 530 271 335 313 978 7 45 554 631 382 899 955 234 213 535 371 763 721 735 579 667 169 440 939 588 117 449 9 10 36 490 9 239 930 902 84 66 64 850 685 740 355 824 707 962 357 856 138 773 438 770 397 568 550 671 380 770 13 775 591 582 581 954 936 162 851 587 73 23 266 984 58 852 959 537 614 846 94 108 348 294 670 587 316 44 895 689 564 875 801 502 854 570 973 212 278 331
87 293 674 983 156 772 486 792 547 101 831 80 165 632 250 544 850 155 197 686 420 135 669 533 897 699 428 175 351 18 247 499 169 626 492 737 430 12 284 31 955 215 260 837 198 889 203 51 988 514 463 863 124 105 99 891 257 509 220 23 358 849 747 98 353 846 947 648 777 92 261 995 704 339 613 813 964 82 984 168 197 460 494 540 394 464 373 174 744 684 62 133 180 964 617 951 640 520 670 638
0 0 0 0 0 0 0 0 0 0 0 0 0 0 0 0 0 0 0 0 0 0 0 0 0 0 0 0 0 0 0 0 0 0 0 0 0 0 0 0 0 0 0 0 0 0 0 0 0 0 0 0 0 0 0 0 0 0 0 0 0 0 0 0 0 0 0 0 0 0 0 0 0 0 0 0 0 0 0 0 0 0 0 0 0 0 0 0 0 0 0 0 0 0 0 0 0 0 0 0
216 653 304 668 212 516 952 983 868 233 815 14 234 182 870 253 277 93 326 773 972 445 666 568 24 366 253 63 812 633 12 321 662 300 123 802 20 536 360 352 81 640 956 836 677 237 372 895 376 67 822 365 413 653 90 134 633 331 316 589 688 904 974 543 925 259 698 58 325 426 329 332 492 246 870 958 534 748 761 610 209 199 599 608 651 345 781 107 712 564 598 749 981 953 840 621 880 170 789 812
884 809 722 939 780 376 511 719 779 643 387 88 703 405 477 266 377 920 260 63 368 251 781 433 530 198 283 712 981 195 896 749 583 259 630 370 173 630 485 510 171 386 963 306 54 854 72 889 125 49 86 762 863 915 415 590 405 991 681 898 402 909 767 864 966 900 660 495 424 592 278 783 482 462 135 274 313 461 667 619 156 905 245 29 395 424 456 36 432 205 581 242 288 785 130 763 258 161 687 925
0 0 0 0 0 0 0 0 0 0 0 0 0 0 0 0 0 0 0 0 0 0 0 0 0 0 0 0 0 0 0 0 0 0 0 0 0 0 0 0 0 0 0 0 0 0 0 0 0 0 0 0 0 0 0 0 0 0 0 0 0 0 0 0 0 0 0 0 0 0 0 0 0 0 0 0 0 0 0 0 0 0 0 0 0 0 0 0 0 0 0 0 0 0 0 0 0 0 0 0
811 483 822 747 63 279 618 320 899 42 98 839 943 930 245 830 597 530 442 676 662 253 964 183 681 747 901 920 942 417 554 590 874 290 78 839 848 398 747 880 571 210 394 48 102 567 824 13 253 231 661 570 603 530 531 844 959 942 198 131 267 473 972 685 790 177 599 815 966 463 271 257 786 177 711 672 258 538 298 243 517 830 459 532 608 95 369 812 625 978 675 751 934 142 621 914 294 183 10 177
342 923 242 359 549 393 126 752 898 825 513 157 301 487 282 66 36 836 71 468 717 676 894 586 476 922 945 898 243 4 315 462 304 659 382 490 418 685 437 334 146 806 108 586 657 953 140 262 975 71 982 25 246 925 607 346 289 962 339 556 808 345 835 635 893 443 989 483 237 58 811 916 863 956 551 369 548 869 934 553 173 437 752 525 402 816 491 480 601 610 937 947 728 792 330 126 908 623 850 800
0 0 0 0 0 0 0 0 0 0 0 0 0 0 0 0 0 0 0 0 0 0 0 0 0 0 0 0 0 0 0 0 0 0 0 0 0 0 0 0 0 0 0 0 0 0 0 0 0 0 0 0 0 0 0 0 0 0 0 0 0 0 0 0 0 0 0 0 0 0 0 0 0 0 0 0 0 0 0 0 0 0 0 0 0 0 0 0 0 0 0 0 0 0 0 0 0 0 0 0
885 887 149 629 922 363 496 859 937 551 716 86 705 188 422 930 496 557 484 373 252 344 148 375 723 73 562 673 698 737 739 202 793 320 784 483 205 138 372 203 679 788 637 947 462 727 204 195 42 456 337 447 540 674 945 973 59 709 690 803 570 748 951 512 3 925 583 924 659 438 75 7 399 149 143 51 458 650 500 709 445 501 223 333 802 832 964 939 334 134 455 660 474 674 95 610 758 806 388 738
528 104 301 829 265 517 860 407 546 360 442 575 330 340 597 546 314 844 792 504 606 714 115 350 22 55 92 655 669 49 760 261 902 229 626 464 339 964 907 428 20 85 86 593 940 758 226 390 285 480 469 384 280 471 325 121 914 232 295 857 691 975 102 374 984 958 425 744 972 509 120 983 866 490 443 214 534 434 655 31 90 726 817 396 146 624 911 236 377 878 780 501 702 198 724 347 114 650 937 845
0 0 0 0 0 0 0 0 0 0 0 0 0 0 0 0 0 0 0 0 0 0 0 0 0 0 0 0 0 0 0 0 0 0 0 0 0 0 0 0 0 0 0 0 0 0 0 0 0 0 0 0 0 0 0 0 0 0 0 0 0 0 0 0 0 0 0 0 0 0 0 0 0 0 0 0 0 0 0 0 0 0 0 0 0 0 0 0 0 0 0 0 0 0 0 0 0 0 0 0
488 726 624 314 693 50 127 806 513 778 812 931 400 402 564 89 765 919 377 758 380 657 167 829 72 573 787 5 677 391 901 658 43 343 357 306 163 15 287 163 226 57 78 244 405 524 426 338 729 963 333 321 490 724 134 825 615 3 95 239 96 906 123 172 709 635 822 549 462 315 704 630 963 179 983 646 268 234 875 966 580 56 701 220 535 783 214 472 73 990 976 377 97 341 501 413 808 406 753 985
872 817 811 679 135 879 324 500 404 701 123 990 907 967 598 150 508 792 468 110 218 44 610 53 761 279 114 847 943 843 343 460 501 652 562 177 121 638 840 273 180 854 437 998 84 344 848 194 165 203 170 585 380 140 955 954 151 647 328 267 308 741 18 887 849 639 212 448 569 410 917 929 7 3 95 242 570 584 435 671 22 399 25 800 548 861 23 749 407 204 323 42 340 439 39 265 970 584 701 327
0 0 0 0 0 0 0 0 0 0 0 0 0 0 0 0 0 0 0 0 0 0 0 0 0 0 0 0 0 0 0 0 0 0 0 0 0 0 0 0 0 0 0 0 0 0 0 0 0 0 0 0 0 0 0 0 0 0 0 0 0 0 0 0 0 0 0 0 0 0 0 0 0 0 0 0 0 0 0 0 0 0 0 0 0 0 0 0 0 0 0 0 0 0 0 0 0 0 0 0
786 88 250 745 220 697 668 144 738 976 772 625 198 864 728 622 454 732 365 619 63 800 657 679 971 261 462 861 354 37 901 174 652 33 926 67 907 778 61 48 941 216 484 402 91 525 639 210 60 971 986 676 807 609 809 205 319 42 142 235 532 13 49 705 234 893 869 887 147 121 463 993 575 14 307 566 580 700 484 224 32 574 515 358 24 508 121 691 92 77 882 406 471 553 683 866 385 243 331 254
239 705 834 972 767 161 112 813 215 301 763 899 123 528 509 330 289 595 343 61 633 960 64 280 945 513 74 535 949 652 812 821 828 992 377 539 484 563 536 294 299 58 321 984 431 439 356 189 69 473 774 430 785 18 985 754 314 270 556 763 794 275 441 58 338 863 378 924 948 451 46 722 850 522 21 491 943 594 124 120 81 590 463 760 836 203 453 587 814 733 564 668 856 480 493 318 808 724 390 942
0 0 0 0 0 0 0 0 0 0 0 0 0 0 0 0 0 0 0 0 0 0 0 0 0 0 0 0 0 0 0 0 0 0 0 0 0 0 0 0 0 0 0 0 0 0 0 0 0 0 0 0 0 0 0 0 0 0 0 0 0 0 0 0 0 0 0 0 0 0 0 0 0 0 0 0 0 0 0 0 0 0 0 0 0 0 0 0 0 0 0 0 0 0 0 0 0 0 0 0
721 243 845 132 988 858 510 71 22 796 697 859 661 566 651 409 786 721 313 5 428 987 560 82 358 827 689 387 867 601 70 245 352 108 927 622 115 810 563 742 888 780 657 578 120 335 943 438 592 740 957 90 611 47 952 957 801 6 903 336 369 873 287 829 197 552 549 843 863 324 204 81 415 897 256 834 172 175 928 26 222 107 186 436 763 551 366 270 620 142 787 18 349 967 650 55 325 447 527 923
292 70 618 558 365 537 228 52 260 407 929 460 628 999 619 714 514 577 24 216 947 403 785 240 699 337 355 996 873 60 155 843 338 734 560 395 748 87 53 890 782 851 774 63 585 931 516 686 935 863 716 15 429 826 980 227 482 306 684 644 420 762 233 198 615 749 768 790 980 83 604 958 293 78 935 855 254 292 270 492 415 211 381 655 221 784 255 645 614 560 936 90 961 398 826 477 604 635 52 280
0 0 0 0 0 0 0 0 0 0 0 0 0 0 0 0 0 0 0 0 0 0 0 0 0 0 0 0 0 0 0 0 0 0 0 0 0 0 0 0 0 0 0 0 0 0 0 0 0 0 0 0 0 0 0 0 0 0 0 0 0 0 0 0 0 0 0 0 0 0 0 0 0 0 0 0 0 0 0 0 0 0 0 0 0 0 0 0 0 0 0 0 0 0 0 0 0 0 0 0
861 561 837 572 4 748 66 179 211 473 243 105 55 587 816 953 745 853 490 388 991 922 883 316 790 190 324 405 348 639 123 374 442 658 885 152 602 953 196 194 805 161 760 804 387 498 857 243 829 630 200 721 865 631 597 679 687 521 668 264 405 842 266 322 452 905 764 747 704 709 286 62 960 912 516 158 973 772 391 47 341 713 434 763 671 644 698 75 939 10 106 779 548 867 397 576 965 110 291 226
983 64 935 955 360 30 283 997 687 43 528 352 989 441 938 29 513 772 249 228 114 137 745 398 448 699 666 904 453 81 894 714 874 809 554 763 500 504 280 338 377 818 831 338 64 139 951 307 784 129 428 40 420 573 786 775 816 969 302 619 436 806 506 846 733 165 875 15 494 497 505 570 150 748 213 298 820 789 740 38 841 917 666 482 818 400 767 739 813 885 656 968 272 388 576 720 706 773 855 953
0 0 0 0 0 0 0 0 0 0 0 0 0 0 0 0 0 0 0 0 0 0 0 0 0 0 0 0 0 0 0 0 0 0 0 0 0 0 0 0 0 0 0 0 0 0 0 0 0 0 0 0 0 0 0 0 0 0 0 0 0 0 0 0 0 0 0 0 0 0 0 0 0 0 0 0 0 0 0 0 0 0 0 0 0 0 0 0 0 0 0 0 0 0 0 0 0 0 0 0
795 252 503 410 176 749 324 8 115 890 886 424 481 795 444 250 836 792 839 273 549 565 546 13 788 29 250 710 983 622 193 537 9 614 222 396 135 603 929 930 875 779 754 538 375 367 611 742 93 823 94 793 89 438 116 456 877 490 131 905 266 355 765 606 706 347 807 387 516 887 630 131 884 368 790 813 846 553 328 482 190 947 4 52 669 822 108 944 873 148 916 706 618 927 885 722 908 969 9 656
240 779 521 555 27 929 693 83 786 130 490 812 570 45 429 527 901 411 316 690 490 332 827 298 379 725 376 32 977 380 564 528 684 712 519 960 970 610 114 244 129 61 839 343 94 633 493 640 212 534 11 326 665 923 605 128 29 459 726 901 920 29 982 943 886 301 283 921 337 156 148 491 768 380 433 872 107 80 994 954 592 275 362 498 508 235 922 904 600 68 943 213 84 992 421 426 838 84 972 988
0 0 0 0 0 0 0 0 0 0 0 0 0 0 0 0 0 0 0 0 0 0 0 0 0 0 0 0 0 0 0 0 0 0 0 0 0 0 0 0 0 0 0 0 0 0 0 0 0 0 0 0 0 0 0 0 0 0 0 0 0 0 0 0 0 0 0 0 0 0 0 0 0 0 0 0 0 0 0 0 0 0 0 0 0 0 0 0 0 0 0 0 0 0 0 0 0 0 0 0
706 341 296 489 979 436 448 825 47 522 924 969 382 856 839 529 935 796 162 248 643 410 637 400 944 149 91 30 556 561 746 156 953 368 45 217 362 115 386 647 312 676 480 186 256 736 33 937 748 545 536 957 33 827 970 926 372 993 733 543 592 47 798 15 313 454 420 785 857 162 686 768 121 708 770 105 53 142 769 208 811 422 675 92 27 50 896 845 857 3 905 468 942 43 769 401 952 369 245 838
951 415 230 468 33 647 189 385 614 781 327 431 998 86 231 52 76 109 750 412 388 501 844 522 73 760 885 735 362 28 36 690 193 392 572 506 424 410 638 583 522 20 473 102 671 553 821 112 553 482 494 841 247 191 830 396 820 534 760 481 600 665 911 318 833 676 58 506 277 307 38 822 388 633 576 287 381 922 454 613 529 326 135 604 547 143 838 585 826 861 812 735 81 917 777 881 221 789 639 978
0 0 0 0 0 0 0 0 0 0 0 0 0 0 0 0 0 0 0 0 0 0 0 0 0 0 0 0 0 0 0 0 0 0 0 0 0 0 0 0 0 0 0 0 0 0 0 0 0 0 0 0 0 0 0 0 0 0 0 0 0 0 0 0 0 0 0 0 0 0 0 0 0 0 0 0 0 0 0 0 0 0 0 0 0 0 0 0 0 0 0 0 0 0 0 0 0 0 0 0
124 993 522 143 582 709 324 873 330 876 623 767 242 901 52 225 580 162 97 395 454 695 845 609 48 360 600 889 311 205 850 307 349 952 883 765 245 573 138 550 587 702 2 654 722 317 483 88 37 632 630 405 791 221 420 366 645 5 758 477 415 355 298 970 625 862 465 531 757 705 937 50 980 762 357 736 109 240 625 969 116 143 154 666 319 728 508 976 87 561 339 656 227 884 985 902 118 342 692 22
310 148 523 601 715 142 323 316 829 541 330 661 47 680 660 299 250 278 28 219 896 194 989 282 656 999 254 562 9 45 337 708 280 176 815 432 541 433 317 553 507 734 634 378 534 992 694 64 864 93 10 593 397 876 637 849 629 823 548 799 723 628 112 209 515 495 306 804 911 858 168 821 41 164 584 650 372 912 153 735 757 295 355 616 381 541 492 605 163 315 346 372 432 911 675 457 701 854 421 48
0 0 0 0 0 0 0 0 0 0 0 0 0 0 0 0 0 0 0 0 0 0 0 0 0 0 0 0 0 0 0 0 0 0 0 0 0 0 0 0 0 0 0 0 0 0 0 0 0 0 0 0 0 0 0 0 0 0 0 0 0 0 0 0 0 0 0 0 0 0 0 0 0 0 0 0 0 0 0 0 0 0 0 0 0 0 0 0 0 0 0 0 0 0 0 0 0 0 0 0
677 851 229 530 517 531 391 30 272 886 142 799 632 958 716 942 351 367 7 388 935 41 404 456 675 656 511 783 259 150 69 58 673 623 984 670 861 915 913 91 234 176 897 167 240 820 252 87 16 674 103 725 761 984 719 22 751 394 206 470 221 220 235 342 275 332 179 854 125 230 936 951 440 213 667 941 337 620 48 610 799 605 755 54 912 164 31 272 24 619 580 518 859 712 315 265 470 593 322 272
418 905 256 752 935 927 65 768 401 955 109 609 278 173 709 962 701 726 959 129 511 843 554 612 351 452 466 678 732 764 411 17 879 556 983 34 193 285 317 878 545 10 762 248 761 613 728 96 187 461 26 511 393 902 323 291 786 637 662 7 825 748 102 215 410 566 652 979 524 3 52 346 640 672 139 212 236 697 350 463 310 881 64 777 43 879 971 457 917 333 588 498 249 799 836 790 702 256 917 688
0 0 0 0 0 0 0 0 0 0 0 0 0 0 0 0 0 0 0 0 0 0 0 0 0 0 0 0 0 0 0 0 0 0 0 0 0 0 0 0 0 0 0 0 0 0 0 0 0 0 0 0 0 0 0 0 0 0 0 0 0 0 0 0 0 0 0 0 0 0 0 0 0 0 0 0 0 0 0 0 0 0 0 0 0 0 0 0 0 0 0 0 0 0 0 0 0 0 0 0
681 482 723 656 347 993 792 801 983 52 394 295 501 627 121 917 746 268 160 206 696 905 16 740 236 984 201 521 613 827 337 123 608 948 59 604 702 38 701 303 10 525 787 753 139 778 460 632 2 792 400 194 211 829 913 215 298 112 581 438 434 900 234 85 578 402 843 427 989 408 842 90 127 595 755 487 332 536 19 707 25 538 937 232 781 679 593 731 741 801 486 173 652 286 675 193 134 105 622 587
568 979 713 320 595 211 484 474 532 243 80 66 878 22 611 175 110 932 460 77 286 211 296 37 568 262 895 352 475 670 431 65 260 487 414 170 647 217 327 346 219 277 332 916 860 606 160 400 365 655 605 545 62 79 167 975 903 433 990 227 964 330 448 810 327 454 803 985 481 859 31 296 422 429 428 9 879 279 475 182 702 346 543 504 217 504 553 545 29 989 787 72 941 580 363 908 832 151 982 222
0 0 0 0 0 0 0 0 0 0 0 0 0 0 0 0 0 0 0 0 0 0 0 0 0 0 0 0 0 0 0 0 0 0 0 0 0 0 0 0 0 0 0 0 0 0 0 0 0 0 0 0 0 0 0 0 0 0 0 0 0 0 0 0 0 0 0 0 0 0 0 0 0 0 0 0 0 0 0 0 0 0 0 0 0 0 0 0 0 0 0 0 0 0 0 0 0 0 0 0
508 597 185 487 427 837 549 311 41 193 418 552 963 278 353 94 901 906 700 835 828 461 214 952 906 75 239 514 443 881 831 317 580 988 61 587 62 510 840 135 593 476 966 10 293 302 770 139 897 146 404 355 668 494 374 737 472 226 380 497 491 685 846 645 253 928 901 860 753 39 15 915 861 499 280 765 279 920 386 80 31 355 775 754 582 267 127 123 662 484 545 527 856 904 223 867 897 703 387 177
180 464 206 883 249 379 454 826 907 658 241 583 1000 603 33 221 491 16 657 421 909 225 831 852 837 718 321 113 496 267 237 919 659 357 989 404 256 948 128 796 32 138 715 594 16 669 373 281 632 461 354 195 333 685 517 844 454 643 352 453 428 434 488 376 963 768 328 637 308 799 763 132 256 240 871 911 330 407 695 410 359 248 529 511 137 79 566 731 700 680 12 516 237 146 320 872 533 624 611 923
0 0 0 0 0 0 0 0 0 0 0 0 0 0 0 0 0 0 0 0 0 0 0 0 0 0 0 0 0 0 0 0 0 0 0 0 0 0 0 0 0 0 0 0 0 0 0 0 0 0 0 0 0 0 0 0 0 0 0 0 0 0 0 0 0 0 0 0 0 0 0 0 0 0 0 0 0 0 0 0 0 0 0 0 0 0 0 0 0 0 0 0 0 0 0 0 0 0 0 0
48 101 666 778 212 515 884 351 821 917 273 251 313 364 934 437 626 700 186 933 561 601 190 674 346 54 887 489 132 340 700 530 586 404 8 89 613 245 938 912 573 176 620 103 44 485 1 177 987 661 126 24 361 480 366 528 171 83 857 386 627 585 859 343 428 507 40 1000 302 275 664 410 327 665 1000 759 189 447 407 308 569 66 678 695 901 211 758 608 839 410 455 735 386 577 979 319 241 720 311 868
623 628 768 651 695 610 304 217 533 714 539 533 55 731 677 409 982 468 479 949 729 450 505 361 83 192 977 974 599 87 396 291 775 194 425 527 380 405 863 991 613 998 752 475 332 878 684 293 678 961 590 697 357 178 181 5 916 386 391 968 671 875 139 341 946 723 54 986 493 325 959 478 499 886 445 107 157 470 205 680 622 150 722 535 802 466 43 553 564 901 665 934 860 389 250 467 844 39 318 256
0 0 0 0 0 0 0 0 0 0 0 0 0 0 0 0 0 0 0 0 0 0 0 0 0 0 0 0 0 0 0 0 0 0 0 0 0 0 0 0 0 0 0 0 0 0 0 0 0 0 0 0 0 0 0 0 0 0 0 0 0 0 0 0 0 0 0 0 0 0 0 0 0 0 0 0 0 0 0 0 0 0 0 0 0 0 0 0 0 0 0 0 0 0 0 0 0 0 0 0
480 899 253 86 575 754 954 953 455 703 180 754 61 160 306 115 345 128 378 923 241 659 366 502 226 956 153 799 2 405 333 108 829 532 299 928 290 163 416 363 795 924 612 153 549 17 908 171 729 493 650 450 47 822 302 146 309 822 811 665 363 845 192 107 542 478 626 604 641 907 332 668 744 366 987 39 789 955 202 186 117 667 669 747 482 171 988 834 632 7 909 800 851 164 591 563 521 133 375 163
276 180 373 441 81 372 5 489 316 700 130 896 699 519 198 554 378 230 360 402 183 325 851 132 186 731 238 152 351 939 669 405 547 445 377 82 909 370 324 903 630 127 125 659 786 573 996 874 272 862 821 218 799 918 803 354 226 960 382 992 940 848 712 916 888 387 469 790 21 534 373 845 838 951 32 581 505 314 18 882 49 632 888 529 719 485 728 204 579 136 294 933 641 201 118 673 389 585 632 188
0 0 0 0 0 0 0 0 0 0 0 0 0 0 0 0 0 0 0 0 0 0 0 0 0 0 0 0 0 0 0 0 0 0 0 0 0 0 0 0 0 0 0 0 0 0 0 0 0 0 0 0 0 0 0 0 0 0 0 0 0 0 0 0 0 0 0 0 0 0 0 0 0 0 0 0 0 0 0 0 0 0 0 0 0 0 0 0 0 0 0 0 0 0 0 0 0 0 0 0
701 766 181 195 834 737 731 841 253 899 352 235 759 310 531 904 220 663 370 350 921 97 760 31 627 877 971 9 357 655 616 272 351 210 233 787 818 553 430 138 490 316 660 697 214 533 776 77 413 725 674 201 344 26 171 161 152 366 295 242 642 134 334 519 39 359 130 206 646 873 759 599 527 227 950 21 651 927 540 778 793 927 830 692 694 646 165 954 439 141 897 990 44 190 707 660 63 845 108 388
503 660 262 209 275 520 682 948 769 899 410 397 658 196 801 482 722 769 887 716 642 469 931 625 270 866 954 804 989 529 856 498 636 793 955 106 739 694 961 537 204 782 268 963 589 639 481 894 227 490 697 839 362 831 312 632 482 688 159 511 254 131 669 984 635 501 184 957 958 858 549 470 601 492 28 255 995 797 416 313 95 506 924 753 197 680 333 380 368 717 944 214 963 315 595 526 4 453 276 8
0 0 0 0 0 0 0 0 0 0 0 0 0 0 0 0 0 0 0 0 0 0 0 0 0 0 0 0 0 0 0 0 0 0 0 0 0 0 0 0 0 0 0 0 0 0 0 0 0 0 0 0 0 0 0 0 0 0 0 0 0 0 0 0 0 0 0 0 0 0 0 0 0 0 0 0 0 0 0 0 0 0 0 0 0 0 0 0 0 0 0 0 0 0 0 0 0 0 0 0
554 87 461 692 407 663 242 676 134 458 266 753 543 600 25 950 193 765 207 109 269 974 862 379 574 249 205 778 512 954 135 853 421 947 453 797 579 719 360 305 277 489 740 935 856 548 849 268 76 98 721 685 103 709 814 713 852 769 993 581 429 630 391 389 543 887 796 412 849 262 962 13 413 310 704 478 192 828 478 59 778 41 364 780 563 495 842 590 459 993 656 720 224 352 492 710 410 876 853 506
854 144 147 633 390 958 949 836 527 953 520 996 624 940 671 275 681 974 424 843 458 345 938 189 428 337 179 721 827 892 586 528 55 71 917 363 690 25 669 215 517 262 467 838 384 588 551 632 193 3 728 623 750 935 486 66 829 600 636 531 429 211 168 192 63 776 350 677 585 847 439 204 365 416 823 926 340 528 918 511 364 810 293 655 111 843 212 907 752 643 31 120 595 785 537 671 541 451 841 171
0 0 0 0 0 0 0 0 0 0 0 0 0 0 0 0 0 0 0 0 0 0 0 0 0 0 0 0 0 0 0 0 0 0 0 0 0 0 0 0 0 0 0 0 0 0 0 0 0 0 0 0 0 0 0 0 0 0 0 0 0 0 0 0 0 0 0 0 0 0 0 0 0 0 0 0 0 0 0 0 0 0 0 0 0 0 0 0 0 0 0 0 0 0 0 0 0 0 0 0
900 671 103 492 900 355 179 942 406 872 596 423 595 658 366 678 915 337 337 402 142 171 572 480 715 852 903 811 563 700 790 98 939 622 937 326 939 60 231 977 316 276 361 797 509 274 100 153 480 920 257 504 493 680 3 308 605 674 428 752 901 812 2 485 103 230 980 767 319 487 937 397 135 213 489 221 669 603 229 67 319 304 745 811 427 101 932 534 563 450 311 127 394 421 480 757 173 567 386 527
241 275 310 857 435 946 475 190 362 325 592 498 91 753 572 425 358 127 122 160 333 754 590 792 145 236 670 806 202 92 720 242 974 767 26 795 157 3 521 401 224 43 554 15 33 254 371 268 104 111 181 763 221 952 536 376 456 387 516 47 86 930 728 302 622 40 365 658 95 244 287 57 539 985 640 498 345 522 982 530 622 95 354 349 34 122 256 489 177 917 413 246 751 824 416 78 377 931 395 783
0 0 0 0 0 0 0 0 0 0 0 0 0 0 0 0 0 0 0 0 0 0 0 0 0 0 0 0 0 0 0 0 0 0 0 0 0 0 0 0 0 0 0 0 0 0 0 0 0 0 0 0 0 0 0 0 0 0 0 0 0 0 0 0 0 0 0 0 0 0 0 0 0 0 0 0 0 0 0 0 0 0 0 0 0 0 0 0 0 0 0 0 0 0 0 0 0 0 0 0
962 602 96 187 307 26 730 884 756 555 13 88 454 705 185 859 394 38 218 592 920 640 161 433 983 157 487 64 448 854 6 452 153 300 81 674 570 445 907 692 990 677 873 270 867 824 601 97 816 212 986 563 908 751 865 735 210 901 433 797 182 959 475 298 743 858 723 432 857 604 98 345 158 48 775 132 464 583 148 825 132 136 704 5 228 358 827 536 930 918 103 999 716 793 722 512 813 938 242 830
109 237 186 189 896 973 626 702 316 634 447 158 172 381 322 324 215 509 897 423 55 475 859 920 642 286 491 495 621 248 454 448 788 891 614 238 964 277 704 89 686 31 408 703 486 911 311 168 604 909 995 1 27 549 765 681 299 963 624 16 515 42 154 787 932 157 54 226 591 257 357 352 519 767 747 464 911 618 332 439 422 370 798 965 399 555 383 39 255 587 651 8 97 761 498 762 236 310 175 104
0 0 0 0 0 0 0 0 0 0 0 0 0 0 0 0 0 0 0 0 0 0 0 0 0 0 0 0 0 0 0 0 0 0 0 0 0 0 0 0 0 0 0 0 0 0 0 0 0 0 0 0 0 0 0 0 0 0 0 0 0 0 0 0 0 0 0 0 0 0 0 0 0 0 0 0 0 0 0 0 0 0 0 0 0 0 0 0 0 0 0 0 0 0 0 0 0 0 0 0
666 935 59 776 347 925 501 826 793 771 880 459 396 172 628 146 188 237 948 935 873 146 409 38 554 543 727 276 96 552 743 207 173 240 663 728 251 695 644 614 619 555 70 77 777 895 351 187 278 731 864 522 989 853 214 16 693 619 439 845 983 187 87 175 522 421 68 459 919 874 838 50 832 480 490 453 329 745 250 118 572 405 974 558 924 189 815 623 986 753 771 33 389 239 777 437 226 81 915 378
701 321 956 118 155 61 446 937 67 875 199 201 591 613 116 642 705 167 954 6 37 254 570 284 613 257 26 279 928 196 79 400 320 607 548 465 666 234 899 931 767 943 635 125 945 421 731 417 413 419 220 943 735 400 717 871 322 25 637 250 637 785 420 562 484 159 431 535 374 892 22 406 198 81 152 774 499 552 630 25 458 1 919 578 547 301 975 986 680 355 780 824 798 872 43 564 901 678 118 382
0 0 0 0 0 0 0 0 0 0 0 0 0 0 0 0 0 0 0 0 0 0 0 0 0 0 0 0 0 0 0 0 0 0 0 0 0 0 0 0 0 0 0 0 0 0 0 0 0 0 0 0 0 0 0 0 0 0 0 0 0 0 0 0 0 0 0 0 0 0 0 0 0 0 0 0 0 0 0 0 0 0 0 0 0 0 0 0 0 0 0 0 0 0 0 0 0 0 0 0
982 890 259 954 526 184 917 340 655 134 114 188 191 134 458 771 773 190 79 878 40 23 819 400 340 241 874 38 376 304 250 777 966 740 914 578 875 394 154 824 998 311 227 723 772 929 348 165 527 242 356 579 460 864 865 967 190 917 907 358 560 459 226 240 450 136 919 665 938 826 675 47 753 653 463 610 65 395 800 211 735 25 3 985 699 992 260 571 649 379 386 849 489 172 557 756 380 993 96 9
911 320 884 95 555 274 673 406 714 606 747 966 591 215 514 926 905 810 325 640 772 709 890 39 597 759 562 322 999 605 271 582 463 566 24 838 973 308 369 498 769 105 733 694 881 75 589 168 384 50 183 90 178 185 297 597 413 320 768 555 97 441 479 252 756 704 418 258 625 714 678 110 985 686 148 736 714 697 500 674 748 118 224 359 4 877 363 460 300 720 38 927 458 225 517 889 381 547 511 7
0 0 0 0 0 0 0 0 0 0 0 0 0 0 0 0 0 0 0 0 0 0 0 0 0 0 0 0 0 0 0 0 0 0 0 0 0 0 0 0 0 0 0 0 0 0 0 0 0 0 0 0 0 0 0 0 0 0 0 0 0 0 0 0 0 0 0 0 0 0 0 0 0 0 0 0 0 0 0 0 0 0 0 0 0 0 0 0 0 0 0 0 0 0 0 0 0 0 0 0
318 479 652 826 931 179 897 854 173 351 364 404 794 821 975 396 827 298 815 455 588 98 670 519 69 456 242 816 733 207 452 4 88 9 12 164 348 895 824 49 395 482 192 972 308 216 967 733 944 355 776 278 244 304 780 279 456 150 90 98 661 645 142 540 669 869 410 32 595 767 843 756 879 963 700 49 20 63 627 790 946 668 217 222 252 939 604 804 276 431 187 742 999 4 114 547 594 805 911 499
127 290 852 399 994 597 328 9 963 771 375 807 292 849 447 104 649 237 233 923 524 859 410 216 752 851 437 628 964 894 302 240 239 460 199 556 604 324 520 328 56 334 852 160 636 263 444 678 246 421 825 670 822 624 871 439 733 341 703 164 900 423 904 153 722 358 770 482 53 894 705 473 678 533 852 189 568 242 822 484 147 535 137 503 972 715 321 880 994 216 44 109 122 535 972 529 560 297 233 835
0 0 0 0 0 0 0 0 0 0 0 0 0 0 0 0 0 0 0 0 0 0 0 0 0 0 0 0 0 0 0 0 0 0 0 0 0 0 0 0 0 0 0 0 0 0 0 0 0 0 0 0 0 0 0 0 0 0 0 0 0 0 0 0 0 0 0 0 0 0 0 0 0 0 0 0 0 0 0 0 0 0 0 0 0 0 0 0 0 0 0 0 0 0 0 0 0 0 0 0
57 986 919 62 679 806 403 902 944 43 359 619 954 135 959 442 428 155 783 100 673 614 628 115 830 347 116 853 822 129 998 126 192 397 642 208 198 732 526 566 7 665 413 230 133 376 501 374 547 743 438 521 74 83 756 212 728 508 599 801 195 209 761 729 670 94 531 969 585 236 809 877 220 733 476 952 311 602 347 385 44 482 695 199 382 511 300 948 343 217 468 559 45 185 438 838 782 826 306 707
693 34 862 700 892 999 680 614 993 344 117 507 124 451 724 127 892 636 821 397 406 167 588 337 384 815 239 546 180 444 479 52 938 920 441 93 441 113 404 116 270 309 437 867 470 561 333 541 528 439 673 892 41 187 566 558 232 315 152 42 268 334 417 107 747 843 763 712 172 606 461 388 123 748 229 406 724 139 846 782 591 340 842 554 303 683 438 180 638 687 351 313 832 71 868 369 550 963 795 523
0 0 0 0 0 0 0 0 0 0 0 0 0 0 0 0 0 0 0 0 0 0 0 0 0 0 0 0 0 0 0 0 0 0 0 0 0 0 0 0 0 0 0 0 0 0 0 0 0 0 0 0 0 0 0 0 0 0 0 0 0 0 0 0 0 0 0 0 0 0 0 0 0 0 0 0 0 0 0 0 0 0 0 0 0 0 0 0 0 0 0 0 0 0 0 0 0 0 0 0
798 266 531 693 536 116 667 742 499 598 612 824 773 988 749 418 304 798 511 584 88 818 643 383 666 454 165 274 641 980 637 153 440 968 734 110 888 797 543 707 276 916 257 2 59 566 53 4 62 112 145 643 756 601 689 290 117 515 956 604 742 715 795 172 292 103 914 178 67 437 768 512 904 129 35 630 505 513 102 659 86 289 656 704 849 995 53 446 893 53 408 296 475 170 653 735 922 212 244 810
274 534 637 273 708 529 925 23 291 317 198 584 195 725 590 363 167 212 601 60 459 968 65 776 880 325 205 575 425 72 848 701 539 646 604 223 291 1 958 294 104 311 277 96 650 384 670 268 280 651 351 201 683 168 535 984 495 789 773 769 458 17 501 823 609 212 636 886 845 583 905 509 984 592 933 63 607 887 226 436 454 139 279 939 880 664 819 576 779 774 172 84 875 28 614 874 972 984 370 470
0 0 0 0 0 0 0 0 0 0 0 0 0 0 0 0 0 0 0 0 0 0 0 0 0 0 0 0 0 0 0 0 0 0 0 0 0 0 0 0 0 0 0 0 0 0 0 0 0 0 0 0 0 0 0 0 0 0 0 0 0 0 0 0 0 0 0 0 0 0 0 0 0 0 0 0 0 0 0 0 0 0 0 0 0 0 0 0 0 0 0 0 0 0 0 0 0 0 0 0
575 39 760 48 949 430 135 195 89 987 432 697 405 117 777 635 722 634 349 171 647 763 833 775 806 167 163 831 61 708 509 436 895 689 817 390 227 326 378 845 980 413 155 81 656 843 848 579 621 535 163 839 380 744 988 821 194 647 822 345 789 360 572 516 577 987 427 179 129 693 597 474 260 407 958 378 445 644 763 429 127 1 596 786 261 982 607 66 122 68 611 231 795 371 635 238 606 433 460 489
493 49 742 771 978 897 192 73 60 27 694 512 264 826 234 20 821 141 109 682 311 883 230 678 724 716 348 786 667 259 341 296 253 975 177 91 319 926 39 655 318 231 553 693 973 332 101 918 500 559 21 542 777 375 798 96 992 745 262 805 61 271 760 664 839 174 416 716 617 778 295 828 444 211 129 661 296 115 271 290 254 442 312 182 778 665 327 885 675 808 977 744 520 138 853 13 45 425 199 66
0 0 0 0 0 0 0 0 0 0 0 0 0 0 0 0 0 0 0 0 0 0 0 0 0 0 0 0 0 0 0 0 0 0 0 0 0 0 0 0 0 0 0 0 0 0 0 0 0 0 0 0 0 0 0 0 0 0 0 0 0 0 0 0 0 0 0 0 0 0 0 0 0 0 0 0 0 0 0 0 0 0 0 0 0 0 0 0 0 0 0 0 0 0 0 0 0 0 0 0
609 469 107 768 322 546 942 918 669 636 95 997 930 100 38 213 968 85 650 556 484 319 948 213 867 827 65 417 755 621 16 170 11 41 571 40 627 404 494 206 912 84 997 677 18 128 504 93 12 4 833 36 587 240 301 458 947 11 965 457 933 607 567 84 731 580 45 3 895 348 661 956 413 713 114 320 558 874 964 758 764 568 271 523 854 97 309 984 679 762 987 344 126 949 97 68 739 814 263 162
295 901 596 480 793 859 619 130 545 816 892 667 86 488 358 432 326 281 205 864 363 542 748 711 169 172 571 90 472 688 272 790 329 801 772 429 880 933 878 199 198 307 492 256 307 809 718 190 535 39 729 370 28 338 686 337 660 793 505 191 86 955 541 126 637 121 902 589 214 384 288 721 27 979 286 308 334 304 313 183 65 421 323 340 292 526 270 186 409 621 105 736 592 773 976 143 789 868 862 48
0 0 0 0 0 0 0 0 0 0 0 0 0 0 0 0 0 0 0 0 0 0 0 0 0 0 0 0 0 0 0 0 0 0 0 0 0 0 0 0 0 0 0 0 0 0 0 0 0 0 0 0 0 0 0 0 0 0 0 0 0 0 0 0 0 0 0 0 0 0 0 0 0 0 0 0 0 0 0 0 0 0 0 0 0 0 0 0 0 0 0 0 0 0 0 0 0 0 0 0
573 777 494 832 815 121 115 83 7 33 892 728 720 35 868 136 982 789 277 431 556 546 379 446 560 644 280 581 308 37 121 134 931 350 642 598 384 705 701 302 555 21 424 14 901 198 12 620 705 152 784 285 443 986 414 28 236 359 280 767 916 994 137 780 883 571 554 343 73 200 416 445 421 680 717 552 853 632 454 838 397 357 947 638 420 326 883 650 612 152 14 41 898 995 54 464 790 545 383 229
573 729 4 468 520 617 350 47 897 522 759 92 100 700 64 911 649 999 360 137 407 655 150 895 484 490 305 187 364 942 721 348 365 922 189 663 329 829 436 3 510 711 675 689 747 365 948 237 99 913 861 171 582 31 244 270 838 127 241 970 212 587 234 669 726 150 743 355 623 54 712 936 57 670 985 840 374 708 40 855 241 759 571 399 692 35 660 347 229 819 665 659 60 23 428 82 137 73 247 408
0 0 0 0 0 0 0 0 0 0 0 0 0 0 0 0 0 0 0 0 0 0 0 0 0 0 0 0 0 0 0 0 0 0 0 0 0 0 0 0 0 0 0 0 0 0 0 0 0 0 0 0 0 0 0 0 0 0 0 0 0 0 0 0 0 0 0 0 0 0 0 0 0 0 0 0 0 0 0 0 0 0 0 0 0 0 0 0 0 0 0 0 0 0 0 0 0 0 0 0
175 649 619 499 653 150 583 924 450 937 581 206 791 840 464 441 308 948 325 281 521 745 743 899 197 8 437 687 409 425 611 117 585 681 607 797 528 12 164 438 590 715 142 752 130 795 117 906 548 238 636 726 933 668 140 190 698 507 669 440 37 290 454 368 386 771 267 838 429 954 254 580 951 671 354 984 51 597 388 630 327 566 316 389 648 195 492 203 601 435 209 814 323 33 470 285 403 984 41 241
430 263 473 951 612 892 903 793 721 439 69 182 200 634 288 185 833 257 752 132 994 123 353 962 539 95 955 168 648 901 554 85 942 713 3 528 822 66 441 788 698 556 503 963 289 740 999 217 446 453 58 883 187 951 395 205 610 709 642 789 928 358 254 732 617 718 194 691 984 499 973 563 528 924 672 795 776 608 978 124 407 782 502 940 187 993 467 139 801 415 819 876 169 674 364 935 212 634 777 253
0 0 0 0 0 0 0 0 0 0 0 0 0 0 0 0 0 0 0 0 0 0 0 0 0 0 0 0 0 0 0 0 0 0 0 0 0 0 0 0 0 0 0 0 0 0 0 0 0 0 0 0 0 0 0 0 0 0 0 0 0 0 0 0 0 0 0 0 0 0 0 0 0 0 0 0 0 0 0 0 0 0 0 0 0 0 0 0 0 0 0 0 0 0 0 0 0 0 0 0
814 201 288 992 152 745 607 207 722 431 185 170 234 24 603 789 711 819 155 901 756 262 841 837 516 533 533 834 954 421 795 968 235 183 55 950 953 693 761 116 929 968 298 200 228 921 283 999 563 719 404 523 624 252 811 142 194 340 757 881 914 774 374 917 462 598 755 327 229 828 899 585 197 364 308 405 577 171 755 396 210 593 353 589 503 526 182 594 520 234 849 397 814 906 204 653 577 650 563 475
614 515 860 300 925 57 143 110 191 846 986 84 1 975 701 216 650 149 325 53 388 172 984 520 586 430 395 624 589 904 622 154 646 687 107 967 611 762 110 412 768 119 523 703 204 111 182 577 721 837 71 787 979 717 811 527 538 635 658 247 34 821 11 482 697 968 341 990 125 196 532 944 475 340 649 553 61 183 180 589 446 74 39 522 204 612 104 382 15 109 256 292 963 487 71 296 233 428 180 137
0 0 0 0 0 0 0 0 0 0 0 0 0 0 0 0 0 0 0 0 0 0 0 0 0 0 0 0 0 0 0 0 0 0 0 0 0 0 0 0 0 0 0 0 0 0 0 0 0 0 0 0 0 0 0 0 0 0 0 0 0 0 0 0 0 0 0 0 0 0 0 0 0 0 0 0 0 0 0 0 0 0 0 0 0 0 0 0 0 0 0 0 0 0 0 0 0 0 0 0
190 776 495 531 875 75 3 720 74 365 778 196 921 231 236 475 398 57 380 626 664 706 995 467 471 622 294 309 694 349 332 460 738 161 155 12 772 207 748 338 589 327 324 777 178 642 100 385 746 449 11 394 671 328 236 415 198 332 796 339 2 224 840 284 383 634 778 565 339 174 562 592 850 827 32 510 887 129 404 295 319 432 240 212 379 118 662 354 12 675 507 990 20 850 353 564 895 710 756 876
624 435 490 369 325 589 879 20 783 769 946 653 670 490 748 684 499 942 21 84 270 380 960 820 566 130 574 657 969 449 395 214 36 230 309 314 420 717 528 190 660 796 822 894 952 483 383 2 337 735 336 718 267 931 661 73 478 542 266 897 281 940 132 566 47 998 100 792 889 958 486 228 640 241 903 283 714 13 311 2 784 514 712 852 65 143 811 273 934 451 261 12 717 372 398 437 816 980 557 652
0 0 0 0 0 0 0 0 0 0 0 0 0 0 0 0 0 0 0 0 0 0 0 0 0 0 0 0 0 0 0 0 0 0 0 0 0 0 0 0 0 0 0 0 0 0 0 0 0 0 0 0 0 0 0 0 0 0 0 0 0 0 0 0 0 0 0 0 0 0 0 0 0 0 0 0 0 0 0 0 0 0 0 0 0 0 0 0 0 0 0 0 0 0 0 0 0 0 0 0
934 702 394 395 81 283 181 591 585 5 143 994 109 392 794 468 394 231 863 593 278 598 126 660 531 904 404 462 999 744 428 797 960 855 258 517 667 240 78 29 102 208 654 943 586 983 892 975 278 605 713 596 60 183 817 337 697 83 119 88 217 824 743 356 152 888 602 280 417 771 408 274 530 392 993 453 964 248 125 124 599 262 860 860 458 363 393 149 696 169 921 888 519 587 173 756 265 413 284 75
143 195 764 365 967 998 686 141 619 134 545 973 305 745 447 749 521 182 96 805 763 633 9 707 714 547 909 771 55 697 663 77 192 440 536 187 439 759 219 239 760 834 890 599 876 915 195 695 476 455 818 667 888 442 874 493 275 548 737 582 888 954 233 733 923 516 27 72 658 116 38 482 171 996 700 215 35 692 420 713 39 291 823 438 548 49 766 719 141 663 55 60 862 468 935 356 897 343 758 89
0 0 0 0 0 0 0 0 0 0 0 0 0 0 0 0 0 0 0 0 0 0 0 0 0 0 0 0 0 0 0 0 0 0 0 0 0 0 0 0 0 0 0 0 0 0 0 0 0 0 0 0 0 0 0 0 0 0 0 0 0 0 0 0 0 0 0 0 0 0 0 0 0 0 0 0 0 0 0 0 0 0 0 0 0 0 0 0 0 0 0 0 0 0 0 0 0 0 0 0
827 969 978 536 320 755 171 286 938 208 265 625 450 775 680 977 875 453 260 117 57 734 660 792 859 960 855 54 476 810 358 732 607 170 835 266 586 713 393 753 626 313 816 801 301 99 301 891 601 165 947 145 37 855 369 562 119 891 531 901 557 7 405 250 187 649 61 796 222 6 706 283 956 362 501 709 754 765 225 443 971 679 529 290 903 85 671 767 326 397 874 278 756 203 665 559 361 925 357 124
705 462 317 68 173 221 550 775 725 273 720 256 418 766 789 363 537 17 306 771 594 730 104 889 732 434 922 595 479 292 147 403 315 854 662 510 20 763 747 600 974 246 337 856 582 846 216 138 254 277 382 39 576 279 636 159 586 351 863 945 652 480 362 960 860 181 27 919 867 917 13 861 206 435 648 463 109 883 68 640 863 381 650 363 410 958 187 902 560 350 814 304 991 930 108 834 286 269 171 85
0 0 0 0 0 0 0 0 0 0 0 0 0 0 0 0 0 0 0 0 0 0 0 0 0 0 0 0 0 0 0 0 0 0 0 0 0 0 0 0 0 0 0 0 0 0 0 0 0 0 0 0 0 0 0 0 0 0 0 0 0 0 0 0 0 0 0 0 0 0 0 0 0 0 0 0 0 0 0 0 0 0 0 0 0 0 0 0 0 0 0 0 0 0 0 0 0 0 0 0
350 722 425 389 524 167 298 113 503 630 295 166 37 879 338 651 757 377 644 646 403 141 64 590 955 489 381 949 154 306 235 346 247 376 655 667 912 961 346 653 819 489 786 469 326 717 22 864 953 320 407 185 556 484 221 387 590 3 14 64 845 87 463 209 922 495 274 750 124 395 764 122 396 307 989 531 416 151 321 853 72 87 592 680 191 313 593 944 404 225 619 2 469 88 626 699 497 868 433 612
956 325 139 912 927 629 261 517 620 909 757 75 795 373 766 255 405 830 29 894 192 787 165 558 999 268 56 350 124 823 66 442 562 631 254 466 921 462 563 12 105 718 417 496 927 108 622 153 204 29 208 619 706 843 882 210 705 636 470 662 250 808 583 66 611 796 238 617 978 949 139 412 424 436 537 864 751 952 997 329 576 322 625 445 206 547 13 147 80 316 730 411 846 717 267 677 239 376 77 513
0 0 0 0 0 0 0 0 0 0 0 0 0 0 0 0 0 0 0 0 0 0 0 0 0 0 0 0 0 0 0 0 0 0 0 0 0 0 0 0 0 0 0 0 0 0 0 0 0 0 0 0 0 0 0 0 0 0 0 0 0 0 0 0 0 0 0 0 0 0 0 0 0 0 0 0 0 0 0 0 0 0 0 0 0 0 0 0 0 0 0 0 0 0 0 0 0 0 0 0
8 336 515 93 598 996 60 360 670 728 560 896 164 718 768 666 602 354 150 157 605 57 546 617 356 233 579 266 886 531 338 287 776 803 548 564 663 396 953 72 928 115 954 223 576 275 33 880 363 973 744 965 903 974 631 551 52 190 102 217 915 473 844 133 241 853 235 989 922 26 928 753 803 506 792 822 60 191 733 620 244 672 443 14 927 300 187 796 796 462 807 94 272 218 986 910 877 851 347 423
661 949 108 689 880 301 978 948 431 609 343 433 29 64 509 687 732 809 825 950 503 447 596 548 494 68 716 390 353 129 648 464 542 634 170 908 994 518 96 260 277 907 433 8 230 148 419 236 532 573 862 349 932 477 756 935 770 915 340 937 803 340 809 208 429 642 109 808 270 505 72 241 684 740 425 940 666 907 538 301 128 199 821 974 94 837 364 662 144 261 449 136 568 86 624 199 221 809 377 833
0 0 0 0 0 0 0 0 0 0 0 0 0 0 0 0 0 0 0 0 0 0 0 0 0 0 0 0 0 0 0 0 0 0 0 0 0 0 0 0 0 0 0 0 0 0 0 0 0 0 0 0 0 0 0 0 0 0 0 0 0 0 0 0 0 0 0 0 0 0 0 0 0 0 0 0 0 0 0 0 0 0 0 0 0 0 0 0 0 0 0 0 0 0 0 0 0 0 0 0
96 355 487 22 37 746 558 109 289 982 533 748 534 901 955 771 717 459 965 770 694 704 499 78 717 754 622 164 331 822 657 324 369 208 689 702 165 127 118 351 541 580 520 572 945 195 427 90 328 617 796 950 158 651 267 626 532 581 558 616 438 825 200 138 753 790 105 819 442 302 219 61 978 893 887 616 296 746 178 786 112 204 773 899 158 969 355 488 844 973 904 954 75 615 842 11 658 36 204 190
200 718 753 251 904 226 184 201 164 390 889 368 606 852 105 741 743 560 746 788 600 475 548 974 953 326 76 457 836 191 119 945 737 908 422 990 299 988 995 269 464 993 488 357 332 380 166 848 333 203 607 150 447 441 923 403 365 874 2 23 950 391 52 475 959 808 29 144 928 793 147 823 563 264 482 335 803 230 127 998 276 830 45 571 750 663 365 123 755 47 759 323 250 388 747 593 436 269 669 484
0 0 0 0 0 0 0 0 0 0 0 0 0 0 0 0 0 0 0 0 0 0 0 0 0 0 0 0 0 0 0 0 0 0 0 0 0 0 0 0 0 0 0 0 0 0 0 0 0 0 0 0 0 0 0 0 0 0 0 0 0 0 0 0 0 0 0 0 0 0 0 0 0 0 0 0 0 0 0 0 0 0 0 0 0 0 0 0 0 0 0 0 0 0 0 0 0 0 0 0
526 815 4 582 602 900 356 782 609 526 678 52 444 307 505 652 255 4 490 61 421 522 890 507 644 435 863 35 59 452 61 484 57 907 177 935 643 948 796 355 951 950 380 148 635 865 290 949 294 925 78 812 188 503 135 421 26 970 213 708 950 904 707 412 349 924 46 61 914 18 715 869 349 201 424 875 99 852 708 777 109 885 770 75 950 313 447 414 190 646 808 764 261 857 682 649 783 385 636 554
949 69 893 239 678 952 464 196 659 521 286 277 91 416 505 937 130 822 530 49 410 423 627 82 307 232 676 893 539 91 689 612 836 390 60 979 764 381 324 558 477 334 43 144 835 837 484 69 873 587 880 829 253 146 486 972 299 36 221 147 723 140 384 355 982 397 757 270 391 148 622 303 209 80 652 389 958 858 602 250 418 131 603 48 449 515 364 534 83 507 984 352 467 636 74 616 441 378 797 464
0 0 0 0 0 0 0 0 0 0 0 0 0 0 0 0 0 0 0 0 0 0 0 0 0 0 0 0 0 0 0 0 0 0 0 0 0 0 0 0 0 0 0 0 0 0 0 0 0 0 0 0 0 0 0 0 0 0 0 0 0 0 0 0 0 0 0 0 0 0 0 0 0 0 0 0 0 0 0 0 0 0 0 0 0 0 0 0 0 0 0 0 0 0 0 0 0 0 0 0
556 75 511 145 758 665 136 969 232 742 221 732 635 333 521 641 466 844 209 677 549 952 248 849 667 633 874 140 196 505 866 671 598 587 364 372 328 244 753 220 766 171 93 595 311 198 641 487 143 895 179 717 895 847 521 958 276 927 870 994 966 42 577 216 225 660 264 534 503 237 73 751 299 957 105 450 729 452 56 949 343 991 726 685 388 293 594 371 43 667 259 548 714 339 927 255 264 666 280 261
784 874 123 344 876 441 996 6 13 464 137 242 926 330 698 589 155 438 756 815 786 47 835 977 914 202 501 216 842 984 962 871 621 271 639 567 542 770 361 254 272 838 711 99 77 779 777 403 365 184 358 664 388 450 107 145 531 766 825 656 15 397 743 81 655 916 648 875 667 917 581 264 896 260 454 273 590 535 510 687 191 317 437 163 194 746 400 379 64 471 179 285 923 846 389 748 33 82 325 667
0 0 0 0 0 0 0 0 0 0 0 0 0 0 0 0 0 0 0 0 0 0 0 0 0 0 0 0 0 0 0 0 0 0 0 0 0 0 0 0 0 0 0 0 0 0 0 0 0 0 0 0 0 0 0 0 0 0 0 0 0 0 0 0 0 0 0 0 0 0 0 0 0 0 0 0 0 0 0 0 0 0 0 0 0 0 0 0 0 0 0 0 0 0 0 0 0 0 0 0
764 414 940 711 70 278 879 287 828 256 268 619 942 323 252 830 663 552 642 179 228 786 166 210 80 591 654 871 585 436 276 473 872 525 908 496 652 595 240 26 186 34 15 506 755 490 84 330 966 476 716 213 378 868 418 260 457 988 414 120 357 532 538 818 839 547 854 448 497 342 316 769 400 822 700 640 808 577 889 232 207 329 852 451 320 543 724 631 582 995 469 474 952 383 634 614 53 467 303 920
918 694 537 741 627 864 692 165 840 233 617 65 459 131 904 952 696 525 688 519 903 107 620 182 510 752 3 812 201 846 432 793 759 553 63 571 407 158 913 162 49 525 148 173 170 1000 177 860 909 680 71 941 838 136 175 209 615 364 660 605 679 924 539 907 20 288 333 514 117 904 388 771 616 178 522 493 587 928 928 317 905 86 742 735 40 873 530 254 365 468 585 195 166 903 554 62 86 595 710 453
0 0 0 0 0 0 0 0 0 0 0 0 0 0 0 0 0 0 0 0 0 0 0 0 0 0 0 0 0 0 0 0 0 0 0 0 0 0 0 0 0 0 0 0 0 0 0 0 0 0 0 0 0 0 0 0 0 0 0 0 0 0 0 0 0 0 0 0 0 0 0 0 0 0 0 0 0 0 0 0 0 0 0 0 0 0 0 0 0 0 0 0 0 0 0 0 0 0 0 0
558 582 190 13 755 96 525 659 103 233 667 46 547 821 695 868 864 655 675 655 706 805 397 864 312 472 786 994 338 655 956 756 66 241 726 31 702 982 61 831 403 2 578 987 584 904 769 534 279 419 50 681 243 686 475 153 686 566 626 835 253 19 423 535 761 425 539 337 840 873 30 998 218 44 742 604 322 515 839 525 335 673 537 810 462 941 493 966 878 849 368 699 64 418 570 50 630 8 850 468
31 914 772 380 113 575 766 115 244 696 423 561 806 787 240 390 241 29 12 962 891 808 325 393 992 847 979 772 226 751 758 789 793 969 782 397 715 665 48 928 446 589 802 191 727 536 154 101 682 917 700 808 603 388 774 233 757 1000 863 932 124 484 945 803 688 863 369 572 631 70 937 60 538 583 861 592 727 309 170 642 526 542 380 558 138 534 25 49 532 25 329 200 744 584 315 669 432 881 641 127
0 0 0 0 0 0 0 0 0 0 0 0 0 0 0 0 0 0 0 0 0 0 0 0 0 0 0 0 0 0 0 0 0 0 0 0 0 0 0 0 0 0 0 0 0 0 0 0 0 0 0 0 0 0 0 0 0 0 0 0 0 0 0 0 0 0 0 0 0 0 0 0 0 0 0 0 0 0 0 0 0 0 0 0 0 0 0 0 0 0 0 0 0 0 0 0 0 0 0 0
867 649 34 372 369 152 256 487 116 859 277 178 71 653 56 500 108 276 372 487 242 300 299 843 465 552 977 173 290 697 966 53 512 18 944 209 467 315 982 816 675 13 824 191 649 952 278 354 595 212 243 559 815 477 796 37 284 745 304 112 803 921 85 188 279 545 409 668 726 824 585 813 91 542 885 429 982 75 379 715 351 807 765 965 760 99 769 913 161 135 735 592 633 5 442 647 700 173 906 943
131 69 609 602 916 383 439 80 260 942 858 531 923 257 499 7 224 1000 54 549 85 472 67 660 381 668 103 879 378 44 10 686 582 900 520 78 510 43 135 336 987 363 348 828 300 869 691 279 629 316 742 63 567 636 930 681 694 530 608 7 89 52 243 88 34 166 910 826 536 240 821 914 981 603 806 573 190 161 893 151 1 260 28 965 10 381 616 13 82 53 22 291 866 943 573 765 883 610 941 693
0 0 0 0 0 0 0 0 0 0 0 0 0 0 0 0 0 0 0 0 0 0 0 0 0 0 0 0 0 0 0 0 0 0 0 0 0 0 0 0 0 0 0 0 0 0 0 0 0 0 0 0 0 0 0 0 0 0 0 0 0 0 0 0 0 0 0 0 0 0 0 0 0 0 0 0 0 0 0 0 0 0 0 0 0 0 0 0 0 0 0 0 0 0 0 0 0 0 0 0
433 839 989 52 963 21 300 331 237 404 441 532 174 660 524 67 624 296 188 852 87 881 235 230 444 171 362 494 220 877 241 974 99 383 480 269 246 293 281 6 463 418 497 955 624 82 593 349 135 976 165 62 466 511 436 122 351 255 356 163 128 298 898 714 160 707 704 263 891 94 237 960 335 816 707 210 173 303 195 902 669 203 478 290 781 240 452 349 818 758 490 675 668 934 292 592 790 143 764 791
784 86 50 41 234 779 89 165 922 610 15 950 964 63 101 354 436 586 809 814 372 959 431 202 567 557 482 529 529 569 442 905 868 611 641 40 571 549 357 237 568 525 629 858 192 120 659 834 88 928 899 599 905 160 519 213 528 33 211 262 475 944 51 126 309 525 649 137 91 84 718 368 511 248 328 860 954 869 856 822 948 458 965 879 62 702 851 577 790 125 279 478 979 619 778 715 152 774 998 481
0 0 0 0 0 0 0 0 0 0 0 0 0 0 0 0 0 0 0 0 0 0 0 0 0 0 0 0 0 0 0 0 0 0 0 0 0 0 0 0 0 0 0 0 0 0 0 0 0 0 0 0 0 0 0 0 0 0 0 0 0 0 0 0 0 0 0 0 0 0 0 0 0 0 0 0 0 0 0 0 0 0 0 0 0 0 0 0 0 0 0 0 0 0 0 0 0 0 0 0
363 432 893 684 978 689 873 319 9 248 723 126 534 575 175 824 32 21 444 766 911 417 920 764 588 447 531 987 127 579 560 325 205 829 980 578 88 536 369 608 482 125 817 383 280 822 901 602 584 404 803 806 82 778 963 677 304 50 493 277 809 96 854 820 70 401 581 421 969 264 478 193 209 894 762 118 32 284 274 366 71 660 209 1000 713 48 921 299 251 387 691 5 421 260 665 731 864 863 864 988
696 751 410 362 791 18 577 897 338 342 880 430 696 154 498 264 781 951 944 694 105 6 990 778 205 962 273 952 677 717 891 347 670 955 161 660 559 136 97 701 889 103 481 76 139 962 632 433 761 819 592 173 364 551 474 182 129 426 932 362 637 134 802 199 94 102 981 67 444 947 462 580 937 363 964 804 309 929 368 248 922 423 165 522 785 810 625 873 512 905 474 956 386 102 519 362 629 285 972 774
0 0 0 0 0 0 0 0 0 0 0 0 0 0 0 0 0 0 0 0 0 0 0 0 0 0 0 0 0 0 0 0 0 0 0 0 0 0 0 0 0 0 0 0 0 0 0 0 0 0 0 0 0 0 0 0 0 0 0 0 0 0 0 0 0 0 0 0 0 0 0 0 0 0 0 0 0 0 0 0 0 0 0 0 0 0 0 0 0 0 0 0 0 0 0 0 0 0 0 0
473 569 370 825 474 981 399 540 671 58 362 931 94 441 382 308 919 239 718 407 658 36 137 949 301 838 270 822 699 580 473 95 226 188 809 994 834 938 118 187 959 107 604 308 212 520 400 299 520 95 162 49 994 31 438 401 333 217 879 651 566 128 429 339 973 869 333 291 909 425 256 658 616 992 721 587 636 678 653 949 444 564 860 66 670 872 643 729 753 973 520 930 810 345 499 431 271 497 100 378
328 338 460 67 889 877 877 942 448 450 453 550 452 3 465 115 478 271 681 922 257 264 773 572 284 910 850 574 723 925 978 739 628 724 559 355 498 660 23 876 950 842 756 265 373 464 850 551 855 741 514 598 525 981 257 430 356 693 9 921 674 559 781 880 288 524 228 931 354 859 860 680 445 125 480 519 422 356 396 472 63 757 863 956 857 559 367 373 497 834 906 160 129 370 748 224 611 437 995 305
0 0 0 0 0 0 0 0 0 0 0 0 0 0 0 0 0 0 0 0 0 0 0 0 0 0 0 0 0 0 0 0 0 0 0 0 0 0 0 0 0 0 0 0 0 0 0 0 0 0 0 0 0 0 0 0 0 0 0 0 0 0 0 0 0 0 0 0 0 0 0 0 0 0 0 0 0 0 0 0 0 0 0 0 0 0 0 0 0 0 0 0 0 0 0 0 0 0 0 0
228 800 901 662 963 248 160 534 834 627 462 97 970 2 157 50 997 866 638 226 151 110 157 500 289 494 922 721 54 43 628 688 39 856 499 441 145 722 123 825 638 408 634 212 517 743 331 364 171 366 960 668 402 561 329 458 308 933 684 543 239 155 395 643 5 990 482 72 749 939 987 48 852 273 220 102 687 84 987 677 337 901 12 464 289 125 993 934 9 641 765 846 474 17 265 852 241 409 71 511
372 948 672 905 36 574 440 48 12 791 615 864 866 306 461 47 790 341 148 441 461 757 55 185 889 175 131 69 806 315 228 717 805 284 999 311 849 95 976 896 339 565 101 431 667 454 859 466 925 441 900 101 702 220 679 443 600 92 770 650 153 428 981 393 27 86 544 719 553 779 848 440 738 60 745 639 209 863 807 215 839 503 397 759 277 654 443 847 800 441 196 899 65 769 414 256 895 464 900 346
0 0 0 0 0 0 0 0 0 0 0 0 0 0 0 0 0 0 0 0 0 0 0 0 0 0 0 0 0 0 0 0 0 0 0 0 0 0 0 0 0 0 0 0 0 0 0 0 0 0 0 0 0 0 0 0 0 0 0 0 0 0 0 0 0 0 0 0 0 0 0 0 0 0 0 0 0 0 0 0 0 0 0 0 0 0 0 0 0 0 0 0 0 0 0 0 0 0 0 0
12 685 145 705 224 870 804 2 203 114 747 753 897 54 12 541 431 244 943 144 586 117 486 525 339 763 5 660 712 379 61 710 130 989 855 747 453 599 95 333 396 116 816 679 919 237 117 279 195 225 905 641 94 370 310 876 295 742 395 305 89 790 221 968 592 261 192 177 937 321 30 305 603 392 46 278 848 397 662 408 271 252 993 418 289 59 717 980 562 501 598 325 505 555 786 29 998 316 278 859
550 158 191 416 201 185 887 32 46 628 370 136 74 26 15 177 450 272 186 682 52 814 144 558 373 251 773 320 567 186 842 599 530 964 452 927 830 267 846 815 11 751 510 726 887 21 217 982 133 816 731 728 208 993 313 387 297 466 50 889 879 246 643 49 851 678 173 353 201 534 190 78 623 399 475 732 453 119 539 124 937 619 697 903 515 102 157 361 246 551 846 885 763 959 329 572 201 66 277 632
0 0 0 0 0 0 0 0 0 0 0 0 0 0 0 0 0 0 0 0 0 0 0 0 0 0 0 0 0 0 0 0 0 0 0 0 0 0 0 0 0 0 0 0 0 0 0 0 0 0 0 0 0 0 0 0 0 0 0 0 0 0 0 0 0 0 0 0 0 0 0 0 0 0 0 0 0 0 0 0 0 0 0 0 0 0 0 0 0 0 0 0 0 0 0 0 0 0 0 0
162 981 674 742 930 757 754 792 569 139 562 424 320 20 17 244 922 488 491 224 288 365 903 29 269 617 757 784 964 895 938 12 805 496 395 45 721 335 50 12 131 212 114 640 76 142 516 290 264 119 798 500 577 409 946 575 918 262 365 222 477 976 743 780 154 681 589 379 426 30 350 469 857 213 485 42 73 562 28 596 494 466 836 851 201 66 944 778 234 334 847 518 658 111 154 113 410 894 994 822
726 584 315 99 643 810 626 805 318 377 394 544 333 141 906 441 902 396 454 478 183 230 61 788 638 572 53 147 745 976 196 201 11 169 222 510 144 768 790 933 355 169 527 825 143 493 814 947 934 59 146 841 634 169 333 827 650 612 543 83 999 369 155 723 944 886 174 775 223 692 536 17 242 658 362 53 953 25 39 636 637 56 523 503 580 72 340 440 933 7 134 928 762 633 215 702 385 1 995 35
0 0 0 0 0 0 0 0 0 0 0 0 0 0 0 0 0 0 0 0 0 0 0 0 0 0 0 0 0 0 0 0 0 0 0 0 0 0 0 0 0 0 0 0 0 0 0 0 0 0 0 0 0 0 0 0 0 0 0 0 0 0 0 0 0 0 0 0 0 0 0 0 0 0 0 0 0 0 0 0 0 0 0 0 0 0 0 0 0 0 0 0 0 0 0 0 0 0 0 0
817 544 589 192 253 299 8 454 406 480 129 22 183 807 801 495 671 345 669 587 892 289 2 758 310 674 336 709 797 209 831 179 232 84 742 996 133 35 657 112 153 458 229 127 112 212 968 742 142 517 396 13 202 623 429 728 391 518 136 553 967 928 735 212 296 517 464 265 542 690 116 515 81 272 932 407 998 324 18 246 851 597 850 248 283 218 951 82 522 918 132 771 854 260 585 341 731 832 218 233
477 200 772 656 977 129 603 392 132 542 703 150 157 122 158 89 852 658 171 933 66 340 527 122 706 963 383 607 372 424 323 456 855 606 826 909 605 230 300 417 483 307 179 846 275 501 642 699 303 406 747 864 607 622 809 445 489 3 758 324 708 206 303 728 861 276 790 486 514 401 761 233 291 197 292 786 209 105 829 662 449 826 686 898 438 570 196 8 41 904 462 284 305 972 403 512 725 60 249 852
0 0 0 0 0 0 0 0 0 0 0 0 0 0 0 0 0 0 0 0 0 0 0 0 0 0 0 0 0 0 0 0 0 0 0 0 0 0 0 0 0 0 0 0 0 0 0 0 0 0 0 0 0 0 0 0 0 0 0 0 0 0 0 0 0 0 0 0 0 0 0 0 0 0 0 0 0 0 0 0 0 0 0 0 0 0 0 0 0 0 0 0 0 0 0 0 0 0 0 0
940 784 308 424 483 112 709 919 230 879 685 943 735 354 810 503 682 334 787 397 147 159 222 952 297 120 810 868 631 820 560 748 209 565 750 137 75 605 199 161 79 759 515 681 258 323 189 595 689 160 804 623 69 594 297 943 685 753 939 146 685 175 867 350 62 391 568 320 325 176 652 995 341 630 101 123 376 130 593 184 654 197 165 927 875 278 463 547 933 393 326 65 182 205 136 226 671 424 352 810
547 142 133 738 495 253 446 734 661 963 293 200 447 447 154 202 535 937 973 344 540 255 974 900 499 633 974 557 654 350 106 886 83 201 591 372 469 52 857 42 912 774 361 353 265 245 13 643 491 708 475 284 18 87 784 380 431 15 279 749 424 560 982 446 838 559 78 384 347 668 797 973 329 763 20 196 256 574 269 370 181 78 847 289 945 272 985 986 838 455 46 94 207 546 363 93 261 856 991 341
0 0 0 0 0 0 0 0 0 0 0 0 0 0 0 0 0 0 0 0 0 0 0 0 0 0 0 0 0 0 0 0 0 0 0 0 0 0 0 0 0 0 0 0 0 0 0 0 0 0 0 0 0 0 0 0 0 0 0 0 0 0 0 0 0 0 0 0 0 0 0 0 0 0 0 0 0 0 0 0 0 0 0 0 0 0 0 0 0 0 0 0 0 0 0 0 0 0 0 0
582 866 994 237 252 120 958 558 498 499 633 352 552 574 244 632 15 551 204 333 552 254 219 92 385 847 166 131 12 630 19 617 521 404 914 488 102 453 390 436 825 207 254 633 169 53 407 445 117 138 363 240 70 145 506 999 312 376 915 655 984 186 527 799 580 843 87 666 519 765 544 471 517 739 691 26 271 905 308 959 231 676 402 397 159 377 281 884 566 404 208 97 887 37 58 764 898 732 954 406
363 956 438 988 249 901 501 629 221 335 883 67 792 524 247 876 410 556 886 863 462 217 102 325 337 960 135 401 752 48 536 103 157 356 766 677 411 988 539 211 804 960 258 363 198 630 701 696 477 163 767 610 611 918 13 700 992 303 630 653 982 983 357 304 14 643 199 177 327 934 616 248 986 6 308 988 257 148 873 169 600 505 311 531 687 835 541 604 819 735 333 100 510 768 829 285 656 52 329 64
0 0 0 0 0 0 0 0 0 0 0 0 0 0 0 0 0 0 0 0 0 0 0 0 0 0 0 0 0 0 0 0 0 0 0 0 0 0 0 0 0 0 0 0 0 0 0 0 0 0 0 0 0 0 0 0 0 0 0 0 0 0 0 0 0 0 0 0 0 0 0 0 0 0 0 0 0 0 0 0 0 0 0 0 0 0 0 0 0 0 0 0 0 0 0 0 0 0 0 0
337 235 249 937 771 773 333 922 514 141 883 733 455 96 191 873 116 940 346 152 462 736 577 815 149 991 108 567 558 962 940 937 494 320 364 721 517 56 35 147 170 399 20 306 100 842 413 225 777 86 371 460 26 119 604 967 422 942 472 240 20 410 324 292 921 734 229 816 428 743 374 78 16 3 150 935 687 389 840 106 766 727 402 596 307 423 952 492 436 634 96 169 500 950 325 299 395 420 428 725
643 309 22 871 611 422 779 950 709 679 484 721 995 920 762 733 516 394 180 854 817 957 920 360 613 142 844 397 909 76 606 537 405 4 12 104 41 97 481 19 29 21 902 12 639 271 168 772 919 165 196 585 266 965 705 250 284 195 23 598 39 441 301 480 611 895 274 971 969 71 311 841 652 55 5 794 634 655 609 247 674 481 689 264 430 106 17 124 329 265 46 51 72 993 932 321 641 349 59 781
0 0 0 0 0 0 0 0 0 0 0 0 0 0 0 0 0 0 0 0 0 0 0 0 0 0 0 0 0 0 0 0 0 0 0 0 0 0 0 0 0 0 0 0 0 0 0 0 0 0 0 0 0 0 0 0 0 0 0 0 0 0 0 0 0 0 0 0 0 0 0 0 0 0 0 0 0 0 0 0 0 0 0 0 0 0 0 0 0 0 0 0 0 0 0 0 0 0 0 0
266 68 975 14 166 995 79 283 458 452 272 878 42 640 421 209 987 39 141 683 376 907 784 272 760 301 679 168 268 699 327 459 801 149 823 715 835 572 785 405 93 270 271 775 5 168 921 890 804 209 396 114 820 429 144 143 636 224 377 477 591 983 906 504 371 115 924 177 270 121 558 150 14 767 518 842 290 701 10 236 227 59 613 738 393 231 5 278 39 43 795 716 153 282 14 216 577 993 76 68
613 248 406 486 958 457 720 752 72 754 605 143 121 724 187 669 962 800 634 599 926 359 390 50 557 7 466 771 855 425 633 587 860 979 717 375 379 761 884 479 173 226 105 701 40 687 299 526 9 844 40 994 662 432 608 858 354 601 732 548 855 722 335 673 110 792 884 603 226 329 423 483 757 756 502 436 1000 919 430 776 881 38 884 682 25 607 530 704 405 164 395 415 645 440 663 81 896 683 965 743
0 0 0 0 0 0 0 0 0 0 0 0 0 0 0 0 0 0 0 0 0 0 0 0 0 0 0 0 0 0 0 0 0 0 0 0 0 0 0 0 0 0 0 0 0 0 0 0 0 0 0 0 0 0 0 0 0 0 0 0 0 0 0 0 0 0 0 0 0 0 0 0 0 0 0 0 0 0 0 0 0 0 0 0 0 0 0 0 0 0 0 0 0 0 0 0 0 0 0 0
17 729 63 201 458 702 416 18 466 526 941 191 765 302 766 571 507 633 282 728 356 758 815 994 895 736 769 41 441 266 237 206 451 597 232 981 369 662 541 782 208 388 414 294 387 218 223 294 259 304 340 118 123 844 761 398 832 286 742 841 976 446 930 208 822 778 66 134 466 557 327 664 392 397 879 914 425 861 125 401 551 988 14 841 557 951 395 470 904 410 757 730 189 248 773 742 323 239 859 83
818 118 579 159 703 577 74 714 573 685 667 35 704 693 784 828 606 740 156 351 114 32 22 440 98 539 16 152 341 540 725 998 782 436 756 566 152 685 256 920 709 277 518 655 699 733 909 595 71 927 470 484 853 945 689 710 160 966 489 42 722 501 249 740 660 776 188 659 926 190 750 78 927 658 871 194 905 236 158 748 101 968 667 41 797 198 158 96 389 469 479 571 981 972 736 297 103 566 688 632
0 0 0 0 0 0 0 0 0 0 0 0 0 0 0 0 0 0 0 0 0 0 0 0 0 0 0 0 0 0 0 0 0 0 0 0 0 0 0 0 0 0 0 0 0 0 0 0 0 0 0 0 0 0 0 0 0 0 0 0 0 0 0 0 0 0 0 0 0 0 0 0 0 0 0 0 0 0 0 0 0 0 0 0 0 0 0 0 0 0 0 0 0 0 0 0 0 0 0 0
917 112 945 163 263 416 975 826 372 207 125 196 176 829 862 993 605 758 860 476 325 295 212 173 363 309 550 541 156 242 138 323 819 849 625 571 802 50 611 217 494 803 887 708 156 337 518 709 847 230 35 367 524 347 836 622 830 491 717 703 67 5 490 262 904 944 781 13 405 480 538 754 91 401 697 79 297 794 543 409 982 780 738 305 116 658 820 959 560 630 332 318 813 905 341 901 140 198 495 56
935 602 422 27 590 555 547 230 586 619 675 792 144 604 596 4 138 985 826 88 631 1 822 164 440 776 547 657 520 1 329 914 872 979 47 856 217 654 350 172 898 708 857 526 815 195 567 412 766 465 51 436 974 267 307 203 535 166 451 22 263 311 194 858 489 859 375 878 833 78 61 246 817 222 419 92 505 326 231 640 717 519 24 686 172 935 872 322 448 511 645 551 322 481 609 718 413 323 198 922
0 0 0 0 0 0 0 0 0 0 0 0 0 0 0 0 0 0 0 0 0 0 0 0 0 0 0 0 0 0 0 0 0 0 0 0 0 0 0 0 0 0 0 0 0 0 0 0 0 0 0 0 0 0 0 0 0 0 0 0 0 0 0 0 0 0 0 0 0 0 0 0 0 0 0 0 0 0 0 0 0 0 0 0 0 0 0 0 0 0 0 0 0 0 0 0 0 0 0 0
866 227 163 556 143 826 944 207 94 629 681 805 832 300 733 904 798 300 189 399 822 116 35 530 34 404 798 398 222 380 131 435 737 83 683 587 863 367 12 545 466 324 825 668 660 338 257 567 181 795 988 588 186 790 931 483 268 537 447 247 38 426 355 535 66 932 817 308 206 230 839 739 404 428 844 722 770 370 76 537 747 124 417 360 467 753 823 414 356 21 370 179 992 539 68 527 452 639 351 15
138 201 772 111 625 323 547 152 33 27 948 297 774 285 339 893 228 6 651 789 628 169 589 942 936 935 940 696 970 984 601 433 319 917 500 91 362 461 249 997 884 277 525 401 926 921 144 687 159 844 614 473 962 431 867 229 678 223 645 902 721 902 553 573 455 456 503 819 115 909 548 877 138 687 461 676 695 140 620 679 378 866 358 179 696 564 445 457 787 584 725 756 10 658 762 334 903 198 775 327
0 0 0 0 0 0 0 0 0 0 0 0 0 0 0 0 0 0 0 0 0 0 0 0 0 0 0 0 0 0 0 0 0 0 0 0 0 0 0 0 0 0 0 0 0 0 0 0 0 0 0 0 0 0 0 0 0 0 0 0 0 0 0 0 0 0 0 0 0 0 0 0 0 0 0 0 0 0 0 0 0 0 0 0 0 0 0 0 0 0 0 0 0 0 0 0 0 0 0 0
894 539 481 293 998 68 803 709 949 523 407 207 791 732 394 844 831 326 71 493 222 711 959 219 581 238 509 738 785 761 505 358 869 842 962 54 625 208 340 64 840 478 371 228 454 740 806 941 389 728 640 902 590 302 75 828 649 917 939 889 526 420 726 630 302 633 179 625 191 905 658 81 72 815 890 48 526 321 737 901 503 249 233 293 960 995 648 548 524 204 361 230 431 245 194 55 384 299 527 534
829 374 484 554 614 849 724 242 292 573 140 984 416 715 139 399 173 959 527 492 628 518 733 302 625 822 899 718 20 507 165 509 35 357 632 415 963 254 108 618 42 962 179 511 240 831 738 241 705 832 488 872 4 824 642 860 963 76 566 468 27 844 577 977 564 844 126 460 701 983 295 299 349 376 539 268 286 8 276 501 219 662 178 785 175 829 233 459 103 396 582 689 198 512 93 811 353 158 968 773
0 0 0 0 0 0 0 0 0 0 0 0 0 0 0 0 0 0 0 0 0 0 0 0 0 0 0 0 0 0 0 0 0 0 0 0 0 0 0 0 0 0 0 0 0 0 0 0 0 0 0 0 0 0 0 0 0 0 0 0 0 0 0 0 0 0 0 0 0 0 0 0 0 0 0 0 0 0 0 0 0 0 0 0 0 0 0 0 0 0 0 0 0 0 0 0 0 0 0 0
696 43 846 311 721 145 488 510 903 781 301 662 339 596 791 350 246 553 911 97 928 135 780 862 131 542 144 222 287 765 867 452 991 332 164 619 391 475 312 289 73 674 228 932 146 921 740 904 371 5 84 213 918 184 881 175 139 823 902 614 38 222 842 954 34 196 259 649 335 878 834 822 746 835 228 454 504 396 309 542 451 48 464 701 626 780 21 12 210 561 604 246 657 244 905 481 873 997 539 412
645 860 495 912 131 362 989 568 840 580 282 378 833 513 506 249 409 746 473 244 215 150 837 372 682 353 933 470 741 329 584 814 260 352 696 761 824 421 528 662 538 2 145 505 614 781 132 681 739 75 597 751 430 600 104 569 219 834 283 782 874 13 708 141 958 306 325 794 408 552 678 695 637 610 353 357 414 516 20 397 447 443 484 658 226 41 267 806 563 874 436 596 147 552 372 758 52 604 664 274
0 0 0 0 0 0 0 0 0 0 0 0 0 0 0 0 0 0 0 0 0 0 0 0 0 0 0 0 0 0 0 0 0 0 0 0 0 0 0 0 0 0 0 0 0 0 0 0 0 0 0 0 0 0 0 0 0 0 0 0 0 0 0 0 0 0 0 0 0 0 0 0 0 0 0 0 0 0 0 0 0 0 0 0 0 0 0 0 0 0 0 0 0 0 0 0 0 0 0 0
303 951 268 107 879 997 154 280 955 497 937 481 134 472 624 740 272 362 310 484 462 797 701 642 508 503 816 114 188 407 959 184 117 212 233 997 701 542 809 734 750 456 208 514 846 668 703 413 4 461 152 518 59 288 773 686 542 341 134 803 130 572 314 684 292 313 883 807 305 639 502 895 410 393 850 341 240 450 275 151 850 10 601 364 845 624 237 283 638 145 835 381 611 227 389 155 752 258 786 94
306 22 601 179 805 684 817 281 493 728 675 543 97 754 237 871 505 273 472 419 854 981 765 642 926 544 391 794 436 93 628 943 882 51 382 79 595 470 947 655 513 533 546 830 660 118 35 891 176 51 611 496 977 457 945 286 12 123 267 165 848 621 811 69 705 119 902 934 710 304 20 919 488 790 228 305 23 100 66 909 987 460 543 352 292 580 319 620 146 179 784 241 92 282 722 502 411 914 531 33
0 0 0 0 0 0 0 0 0 0 0 0 0 0 0 0 0 0 0 0 0 0 0 0 0 0 0 0 0 0 0 0 0 0 0 0 0 0 0 0 0 0 0 0 0 0 0 0 0 0 0 0 0 0 0 0 0 0 0 0 0 0 0 0 0 0 0 0 0 0 0 0 0 0 0 0 0 0 0 0 0 0 0 0 0 0 0 0 0 0 0 0 0 0 0 0 0 0 0 0
149 483 605 887 293 314 500 302 474 11 494 611 604 255 446 544 732 184 140 218 701 499 691 536 967 645 948 346 100 970 237 598 504 105 711 139 249 770 140 157 410 834 839 272 160 404 256 863 904 119 46 112 183 678 795 611 346 410 485 781 530 964 912 204 148 387 443 792 674 42 509 90 229 337 902 519 199 94 268 302 499 856 307 190 910 268 649 664 387 850 515 187 215 934 637 741 965 417 253 162
327 451 255 1 722 382 371 858 143 37 363 51 620 568 174 77 900 538 90 939 926 471 698 781 474 628 720 970 654 136 546 273 160 540 54 618 480 586 288 759 193 544 158 70 179 304 844 152 944 321 544 504 516 106 973 496 617 145 801 765 981 763 470 372 506 547 852 739 820 286 773 5 916 676 223 52 170 539 437 234 259 87 96 569 896 689 317 252 591 344 892 281 240 658 32 604 51 839 387 928
0 0 0 0 0 0 0 0 0 0 0 0 0 0 0 0 0 0 0 0 0 0 0 0 0 0 0 0 0 0 0 0 0 0 0 0 0 0 0 0 0 0 0 0 0 0 0 0 0 0 0 0 0 0 0 0 0 0 0 0 0 0 0 0 0 0 0 0 0 0 0 0 0 0 0 0 0 0 0 0 0 0 0 0 0 0 0 0 0 0 0 0 0 0 0 0 0 0 0 0
427 954 565 870 998 10 411 534 240 984 200 812 622 545 695 314 833 204 427 174 718 11 383 9 84 582 650 127 101 667 391 656 719 472 367 22 817 313 277 475 787 940 998 713 391 333 883 561 975 934 743 144 821 673 792 198 106 811 500 985 279 818 702 713 706 319 695 466 575 26 533 384 199 655 376 911 514 371 133 420 41 365 82 802 312 497 959 951 413 365 51 286 286 908 208 1 259 135 728 452
376 593 849 776 497 321 684 68 679 271 872 593 15 780 411 882 564 961 938 522 422 699 291 717 638 490 567 645 46 214 783 626 780 120 506 353 785 561 326 516 326 725 238 60 116 814 584 932 920 124 438 573 755 368 790 241 902 489 74 678 162 291 857 324 177 919 466 823 767 676 880 842 195 38 372 157 115 305 826 131 636 206 907 921 795 998 13 742 414 501 90 421 90 935 999 511 29 201 325 973
0 0 0 0 0 0 0 0 0 0 0 0 0 0 0 0 0 0 0 0 0 0 0 0 0 0 0 0 0 0 0 0 0 0 0 0 0 0 0 0 0 0 0 0 0 0 0 0 0 0 0 0 0 0 0 0 0 0 0 0 0 0 0 0 0 0 0 0 0 0 0 0 0 0 0 0 0 0 0 0 0 0 0 0 0 0 0 0 0 0 0 0 0 0 0 0 0 0 0 0
854 447 462 880 904 279 353 931 394 5 279 826 534 69 686 402 466 369 794 832 93 305 55 649 460 606 432 263 267 194 956 666 49 312 612 344 211 325 125 993 99 639 666 865 872 97 553 275 402 194 846 402 165 398 727 247 290 835 625 115 587 573 228 264 709 948 700 801 481 869 933 831 497 633 431 36 214 348 546 419 101 289 659 983 726 550 514 316 717 229 710 367 155 215 513 29 445 503 28 3
945 393 242 721 457 374 841 787 290 802 127 19 805 692 993 836 288 825 112 890 908 12 354 166 915 142 757 276 332 479 231 732 545 746 596 905 609 511 223 2 336 757 154 97 553 736 113 507 734 727 429 176 990 875 446 354 908 958 4 715 72 264 321 852 689 769 13 886 439 29 451 905 311 840 401 588 545 371 856 718 264 213 474 181 995 934 247 430 314 915 174 425 295 550 58 168 872 34 145 948
0 0 0 0 0 0 0 0 0 0 0 0 0 0 0 0 0 0 0 0 0 0 0 0 0 0 0 0 0 0 0 0 0 0 0 0 0 0 0 0 0 0 0 0 0 0 0 0 0 0 0 0 0 0 0 0 0 0 0 0 0 0 0 0 0 0 0 0 0 0 0 0 0 0 0 0 0 0 0 0 0 0 0 0 0 0 0 0 0 0 0 0 0 0 0 0 0 0 0 0
445 537 321 661 600 536 53 453 308 633 606 782 87 372 387 488 358 344 572 337 595 953 175 390 252 804 20 812 28 524 606 364 366 482 339 25 553 681 665 695 468 324 882 449 628 638 795 383 956 132 316 324 945 185 728 388 278 180 59 111 302 431 840 351 932 159 204 589 538 789 946 435 175 373 558 382 95 395 728 237 606 925 221 13 607 938 221 14 872 890 457 29 997 628 351 40 125 536 988 617
984 936 205 667 737 304 364 1 31 372 540 737 674 193 438 474 346 192 421 683 739 908 377 928 528 822 881 875 308 458 889 331 321 161 68 515 182 215 294 610 208 600 885 914 82 211 567 915 810 273 138 323 36 314 342 220 803 810 227 80 269 640 767 324 159 794 333 9 526 445 584 982 717 169 418 606 766 723 730 968 459 378 692 646 936 5 565 449 726 410 487 634 565 594 918 347 4 692 10 74
0 0 0 0 0 0 0 0 0 0 0 0 0 0 0 0 0 0 0 0 0 0 0 0 0 0 0 0 0 0 0 0 0 0 0 0 0 0 0 0 0 0 0 0 0 0 0 0 0 0 0 0 0 0 0 0 0 0 0 0 0 0 0 0 0 0 0 0 0 0 0 0 0 0 0 0 0 0 0 0 0 0 0 0 0 0 0 0 0 0 0 0 0 0 0 0 0 0 0 0
75 708 34 907 867 821 52 857 714 388 4 101 393 479 158 532 494 848 71 583 219 59 316 723 813 10 292 739 67 220 212 889 618 189 187 415 90 857 952 62 289 595 309 630 281 414 603 507 639 973 209 266 60 761 840 247 211 386 88 32 657 782 696 610 5 103 632 446 443 546 596 199 289 291 888 297 326 941 186 749 469 306 888 877 189 660 561 588 477 97 960 554 133 237 540 705 51 22 741 408
709 560 460 103 612 224 380 546 647 563 510 982 618 746 393 485 208 632 36 141 856 261 769 348 833 739 903 764 483 811 528 93 952 267 819 455 298 909 185 986 782 919 557 670 199 129 259 960 892 816 253 462 350 812 388 684 800 684 880 29 208 24 88 584 657 684 735 432 205 219 781 23 97 572 821 896 808 511 407 786 706 908 385 60 79 390 826 325 652 138 987 452 791 863 640 737 320 225 30 760
0 0 0 0 0 0 0 0 0 0 0 0 0 0 0 0 0 0 0 0 0 0 0 0 0 0 0 0 0 0 0 0 0 0 0 0 0 0 0 0 0 0 0 0 0 0 0 0 0 0 0 0 0 0 0 0 0 0 0 0 0 0 0 0 0 0 0 0 0 0 0 0 0 0 0 0 0 0 0 0 0 0 0 0 0 0 0 0 0 0 0 0 0 0 0 0 0 0 0 0
519 167 553 267 851 731 611 40 500 596 271 380 731 637 652 13 279 649 110 935 230 28 199 598 587 935 525 253 549 728 37 155 931 235 609 446 741 132 218 47 451 341 878 129 394 445 884 123 708 808 298 567 308 221 172 500 884 453 882 604 417 731 998 12 668 287 435 399 939 259 688 691 498 343 312 164 609 388 662 120 201 484 183 830 102 550 767 923 493 143 993 84 873 776 930 63 627 818 904 505
364 458 642 711 858 43 248 729 451 630 361 50 177 598 746 651 334 471 874 344 8 604 898 870 862 200 716 478 186 205 131 971 160 426 293 832 583 894 990 741 293 161 885 442 361 278 489 505 370 897 285 356 284 130 279 573 506 960 93 133 354 587 260 509 199 939 817 376 84 29 496 320 490 579 308 383 626 857 662 737 892 610 206 39 74 20 823 469 251 557 860 890 81 774 199 259 569 612 281 392
0 0 0 0 0 0 0 0 0 0 0 0 0 0 0 0 0 0 0 0 0 0 0 0 0 0 0 0 0 0 0 0 0 0 0 0 0 0 0 0 0 0 0 0 0 0 0 0 0 0 0 0 0 0 0 0 0 0 0 0 0 0 0 0 0 0 0 0 0 0 0 0 0 0 0 0 0 0 0 0 0 0 0 0 0 0 0 0 0 0 0 0 0 0 0 0 0 0 0 0
932 125 217 387 21 740 88 92 516 426 537 447 684 158 615 790 150 546 971 473 330 972 645 572 163 529 206 83 763 815 94 270 713 283 496 411 464 644 234 98 824 989 138 432 972 814 957 577 241 525 35 589 121 59 149 696 477 651 707 43 804 852 78 521 900 489 721 294 590 145 85 184 621 256 244 915 427 704 492 463 238 290 539 535 633 78 246 695 882 507 28 156 338 911 245 104 726 977 612 998
138 531 617 295 494 448 189 318 604 472 34 782 850 308 570 908 299 223 624 1 1 128 425 640 111 22 687 262 860 617 602 333 75 570 123 682 79 682 321 833 570 202 476 464 716 158 917 155 643 156 49 791 781 392 207 642 866 560 270 639 602 854 37 497 956 93 932 76 363 51 559 459 586 960 237 268 507 429 238 268 488 650 250 185 23 968 534 777 476 337 850 776 325 591 863 667 902 212 284 34
0 0 0 0 0 0 0 0 0 0 0 0 0 0 0 0 0 0 0 0 0 0 0 0 0 0 0 0 0 0 0 0 0 0 0 0 0 0 0 0 0 0 0 0 0 0 0 0 0 0 0 0 0 0 0 0 0 0 0 0 0 0 0 0 0 0 0 0 0 0 0 0 0 0 0 0 0 0 0 0 0 0 0 0 0 0 0 0 0 0 0 0 0 0 0 0 0 0 0 0
947 31 109 842 459 19 229 882 127 878 748 284 332 1000 993 748 700 959 418 688 832 99 294 745 551 274 234 134 303 24 468 98 368 639 489 295 167 821 249 701 807 503 46 714 712 979 971 328 858 354 261 87 893 640 297 792 787 393 104 973 10 770 445 52 41 698 185 112 269 889 972 78 259 574 359 575 813 722 795 162 417 592 914 85 390 661 783 811 252 667 552 411 65 562 535 134 854 276 104 687
428 987 565 683 883 72 619 725 59 563 230 673 591 152 788 475 135 653 926 42 563 821 888 330 390 429 161 517 200 319 960 542 611 445 900 903 722 573 213 123 619 985 175 18 353 789 84 328 781 322 801 495 850 891 656 582 849 106 199 419 982 512 729 377 67 682 822 476 856 710 103 396 577 52 396 246 571 125 414 391 98 180 869 415 289 405 794 212 261 302 46 898 305 201 149 931 842 230 423 552
0 0 0 0 0 0 0 0 0 0 0 0 0 0 0 0 0 0 0 0 0 0 0 0 0 0 0 0 0 0 0 0 0 0 0 0 0 0 0 0 0 0 0 0 0 0 0 0 0 0 0 0 0 0 0 0 0 0 0 0 0 0 0 0 0 0 0 0 0 0 0 0 0 0 0 0 0 0 0 0 0 0 0 0 0 0 0 0 0 0 0 0 0 0 0 0 0 0 0 0
983 917 316 281 124 547 456 64 247 152 92 337 140 527 26 880 927 305 955 794 336 620 995 808 47 747 923 81 472 926 706 51 875 467 416 244 106 243 102 717 404 103 747 254 667 268 629 654 770 794 349 23 546 992 395 487 896 842 315 940 576 632 449 111 248 567 34 944 929 26 327 463 45 365 568 693 700 808 138 5 998 778 387 446 123 712 34 803 544 142 97 131 834 989 506 42 112 94 9 858
903 881 783 218 654 92 516 764 683 846 384 356 926 331 676 844 133 944 536 952 277 279 145 573 371 618 824 739 805 216 206 826 215 481 611 150 113 782 598 843 875 429 310 543 839 340 286 784 208 511 569 456 417 891 452 607 467 37 840 892 668 377 574 191 626 443 855 65 266 849 718 830 638 441 214 941 389 855 128 507 788 385 873 337 986 936 659 354 369 46 68 340 240 691 503 373 423 429 101 498
0 0 0 0 0 0 0 0 0 0 0 0 0 0 0 0 0 0 0 0 0 0 0 0 0 0 0 0 0 0 0 0 0 0 0 0 0 0 0 0 0 0 0 0 0 0 0 0 0 0 0 0 0 0 0 0 0 0 0 0 0 0 0 0 0 0 0 0 0 0 0 0 0 0 0 0 0 0 0 0 0 0 0 0 0 0 0 0 0 0 0 0 0 0 0 0 0 0 0 0
713 264 417 364 191 931 539 184 225 548 845 751 309 690 238 719 913 31 819 939 864 146 379 47 171 20 647 64 616 526 53 437 214 613 586 754 690 278 995 64 112 484 249 27 501 794 82 570 983 957 79 418 424 77 68 992 89 718 566 714 566 354 705 326 210 633 995 659 901 420 187 2 540 443 373 38 163 865 849 185 818 462 570 942 499 486 355 617 47 880 77 595 840 177 781 612 792 219 243 282
925 247 427 766 596 909 697 361 650 334 20 332 267 491 757 880 236 349 952 241 897 191 753 908 63 267 293 761 2 743 531 287 172 207 838 769 774 633 267 550 923 98 358 945 383 172 846 87 60 701 128 235 281 979 709 244 793 672 340 649 65 411 185 973 215 119 102 744 672 122 879 511 604 102 603 242 337 849 689 196 842 243 451 4 375 200 781 666 740 348 909 284 629 526 712 601 882 621 863 56
0 0 0 0 0 0 0 0 0 0 0 0 0 0 0 0 0 0 0 0 0 0 0 0 0 0 0 0 0 0 0 0 0 0 0 0 0 0 0 0 0 0 0 0 0 0 0 0 0 0 0 0 0 0 0 0 0 0 0 0 0 0 0 0 0 0 0 0 0 0 0 0 0 0 0 0 0 0 0 0 0 0 0 0 0 0 0 0 0 0 0 0 0 0 0 0 0 0 0 0
987 563 304 394 958 836 420 57 245 143 206 541 213 979 939 231 95 381 488 673 341 476 4 297 226 824 467 228 549 566 124 756 817 56 793 506 249 982 42 979 610 732 85 314 520 267 231 985 488 49 333 116 460 773 663 117 662 456 72 938 747 490 459 661 175 759 794 513 523 55 135 770 702 480 766 814 313 810 801 565 825 951 723 816 205 764 580 445 950 560 168 496 25 289 326 100 826 982 107 381
691 626 76 831 515 429 698 849 398 94 495 541 779 182 197 199 89 214 742 298 248 800 678 287 38 681 930 802 816 906 118 231 400 189 488 381 47 382 849 556 567 960 557 434 536 104 349 621 690 441 424 482 125 424 507 818 14 952 191 838 329 938 881 137 878 45 47 10 365 890 844 683 261 596 363 170 558 68 60 611 967 143 550 387 351 720 871 206 420 396 849 466 87 491 536 944 300 292 366 92
0 0 0 0 0 0 0 0 0 0 0 0 0 0 0 0 0 0 0 0 0 0 0 0 0 0 0 0 0 0 0 0 0 0 0 0 0 0 0 0 0 0 0 0 0 0 0 0 0 0 0 0 0 0 0 0 0 0 0 0 0 0 0 0 0 0 0 0 0 0 0 0 0 0 0 0 0 0 0 0 0 0 0 0 0 0 0 0 0 0 0 0 0 0 0 0 0 0 0 0
385 228 633 432 811 88 827 916 428 709 867 559 730 414 512 667 864 76 321 382 796 639 109 640 273 362 624 400 309 517 824 442 999 213 525 470 846 552 443 847 106 770 410 757 460 885 755 955 460 502 426 185 716 94 461 583 345 851 217 371 256 339 341 580 927 267 351 868 302 430 826 955 693 478 35 643 554 701 862 465 627 478 688 590 76 898 46 435 482 931 121 263 412 359 490 936 481 372 469 115
580 415 63 520 633 432 110 567 284 912 454 436 834 515 82 789 826 730 471 982 781 995 856 623 98 503 701 170 427 495 396 933 691 908 843 317 588 497 114 131 926 935 693 59 307 923 263 121 560 683 261 152 634 388 532 28 395 773 753 284 207 543 138 627 258 70 283 373 687 693 812 108 543 381 747 188 433 424 454 830 971 820 493 666 720 387 591 449 10 692 381 143 322 674 597 83 187 787 63 80
0 0 0 0 0 0 0 0 0 0 0 0 0 0 0 0 0 0 0 0 0 0 0 0 0 0 0 0 0 0 0 0 0 0 0 0 0 0 0 0 0 0 0 0 0 0 0 0 0 0 0 0 0 0 0 0 0 0 0 0 0 0 0 0 0 0 0 0 0 0 0 0 0 0 0 0 0 0 0 0 0 0 0 0 0 0 0 0 0 0 0 0 0 0 0 0 0 0 0 0
29 749 512 507 951 42 709 995 644 939 367 340 443 928 917 211 124 744 515 106 531 424 324 772 491 254 365 673 679 241 668 170 960 689 870 753 650 537 200 734 415 690 436 87 505 732 73 537 48 391 275 505 495 407 795 130 760 444 450 575 934 798 72 48 539 578 383 646 769 409 56 220 591 129 22 163 716 327 365 691 341 744 204 580 338 244 828 439 243 845 96 217 406 478 101 281 773 596 589 561
268 336 906 258 644 674 308 749 550 195 991 150 52 692 679 319 479 924 6 805 752 863 7 742 433 423 278 582 773 623 150 576 415 886 941 850 393 731 215 801 998 334 249 383 112 895 789 878 636 573 281 44 635 428 198 939 216 948 679 723 808 610 193 743 851 54 74 254 654 417 839 898 673 371 549 563 552 105 306 957 204 244 567 220 50 634 953 814 860 26 984 961 803 477 792 879 364 486 507 574
0 0 0 0 0 0 0 0 0 0 0 0 0 0 0 0 0 0 0 0 0 0 0 0 0 0 0 0 0 0 0 0 0 0 0 0 0 0 0 0 0 0 0 0 0 0 0 0 0 0 0 0 0 0 0 0 0 0 0 0 0 0 0 0 0 0 0 0 0 0 0 0 0 0 0 0 0 0 0 0 0 0 0 0 0 0 0 0 0 0 0 0 0 0 0 0 0 0 0 0
972 282 898 253 501 736 911 301 303 825 286 87 616 129 809 189 452 866 177 347 130 459 97 780 669 735 650 37 980 265 268 624 941 270 488 935 732 623 957 655 144 766 413 872 270 422 847 367 384 196 267 314 44 805 127 226 758 465 924 624 103 209 673 442 179 715 876 972 887 181 63 715 304 377 597 500 6 12 890 281 588 695 253 514 737 321 764 907 184 866 983 14 277 682 690 744 490 855 501 237
644 474 840 687 262 997 347 126 425 4 694 622 296 887 95 918 253 975 556 396 591 169 99 136 7 679 490 377 24 719 660 961 560 531 943 852 654 521 94 668 49 711 61 54 693 698 96 84 290 484 516 739 792 730 493 376 941 929 906 355 649 35 658 233 49 842 79 155 926 760 810 654 942 132 547 789 701 683 666 17 708 43 499 719 889 996 451 660 551 785 364 142 320 75 113 846 254 647 580 964
0 0 0 0 0 0 0 0 0 0 0 0 0 0 0 0 0 0 0 0 0 0 0 0 0 0 0 0 0 0 0 0 0 0 0 0 0 0 0 0 0 0 0 0 0 0 0 0 0 0 0 0 0 0 0 0 0 0 0 0 0 0 0 0 0 0 0 0 0 0 0 0 0 0 0 0 0 0 0 0 0 0 0 0 0 0 0 0 0 0 0 0 0 0 0 0 0 0 0 0
421 294 815 257 111 151 358 871 440 622 579 695 182 14 756 12 51 144 341 584 452 68 877 994 595 531 85 639 686 976 547 35 551 377 839 537 26 974 644 716 424 478 197 371 711 858 244 627 998 288 494 178 922 656 346 937 868 737 461 973 526 99 520 728 130 913 695 447 770 537 644 84 211 614 389 844 960 102 587 232 791 685 207 422 780 917 655 408 805 756 506 771 421 182 798 999 431 69 140 723
896 558 260 596 827 119 142 772 728 174 975 609 857 113 621 776 585 47 855 415 649 219 197 41 140 14 185 116 114 415 307 573 719 892 243 666 502 210 225 218 578 587 89 146 159 18 222 290 425 344 428 968 659 432 207 479 171 809 419 185 985 279 970 886 649 209 180 198 154 888 203 962 958 270 501 582 908 422 937 633 222 537 949 713 378 364 410 230 401 257 114 944 468 586 919 862 849 565 565 608
0 0 0 0 0 0 0 0 0 0 0 0 0 0 0 0 0 0 0 0 0 0 0 0 0 0 0 0 0 0 0 0 0 0 0 0 0 0 0 0 0 0 0 0 0 0 0 0 0 0 0 0 0 0 0 0 0 0 0 0 0 0 0 0 0 0 0 0 0 0 0 0 0 0 0 0 0 0 0 0 0 0 0 0 0 0 0 0 0 0 0 0 0 0 0 0 0 0 0 0
339 73 235 205 605 724 559 726 533 659 832 704 490 25 157 4 988 568 949 182 84 248 981 148 763 583 137 403 705 219 832 670 982 405 482 496 393 500 22 337 447 770 952 449 5 420 348 839 946 418 33 924 193 158 979 928 636 28 282 940 964 985 957 608 536 743 900 241 283 152 101 519 731 100 451 62 861 20 763 483 485 979 54 640 794 393 55 676 465 752 482 11 458 275 913 777 628 181 564 569
807 198 161 707 62 346 583 863 469 684 188 764 997 44 147 240 182 276 371 509 668 859 899 515 322 259 69 366 75 626 32 194 223 411 315 402 719 844 526 474 415 949 153 559 201 933 254 943 856 519 580 753 184 160 495 756 253 963 439 573 126 934 499 492 327 761 740 765 886 415 531 264 938 746 87 496 941 877 30 64 177 98 797 781 393 763 461 610 695 564 677 682 190 119 347 377 728 844 381 546
0 0 0 0 0 0 0 0 0 0 0 0 0 0 0 0 0 0 0 0 0 0 0 0 0 0 0 0 0 0 0 0 0 0 0 0 0 0 0 0 0 0 0 0 0 0 0 0 0 0 0 0 0 0 0 0 0 0 0 0 0 0 0 0 0 0 0 0 0 0 0 0 0 0 0 0 0 0 0 0 0 0 0 0 0 0 0 0 0 0 0 0 0 0 0 0 0 0 0 0
223 323 226 543 313 710 394 69 836 81 800 903 134 605 302 739 782 550 445 925 513 880 205 222 961 351 329 702 375 754 598 680 410 465 606 195 735 909 843 210 647 722 724 211 160 597 13 87 931 922 461 309 212 555 483 692 657 590 134 258 845 682 357 173 501 318 260 921 86 839 174 964 591 798 366 103 308 610 809 639 334 892 475 440 186 951 305 799 105 999 825 935 445 395 433 248 390 269 847 46
166 610 179 803 378 416 807 560 365 476 569 697 538 849 294 648 389 971 350 51 309 104 185 720 836 948 652 289 199 787 274 924 327 929 182 326 934 118 442 39 369 901 339 934 991 197 315 354 834 746 562 37 213 528 781 106 14 864 480 636 633 427 202 281 78 198 59 458 534 517 503 197 399 185 559 313 36 289 48 947 274 632 632 541 267 107 988 735 321 924 973 130 898 274 787 551 699 112 19 152
0 0 0 0 0 0 0 0 0 0 0 0 0 0 0 0 0 0 0 0 0 0 0 0 0 0 0 0 0 0 0 0 0 0 0 0 0 0 0 0 0 0 0 0 0 0 0 0 0 0 0 0 0 0 0 0 0 0 0 0 0 0 0 0 0 0 0 0 0 0 0 0 0 0 0 0 0 0 0 0 0 0 0 0 0 0 0 0 0 0 0 0 0 0 0 0 0 0 0 0
674 966 560 989 562 92 763 627 892 993 908 952 175 49 215 866 735 257 99 699 721 405 725 283 682 529 568 582 76 356 577 749 720 568 480 406 231 820 209 665 103 708 683 75 494 793 296 724 975 640 110 122 132 236 1000 71 100 968 664 324 662 232 799 650 826 536 709 376 744 42 722 579 417 394 928 393 31 410 691 339 282 607 511 248 91 377 930 937 608 15 604 266 528 438 289 135 232 243 678 105
376 968 822 195 827 443 698 501 940 998 568 959 717 813 84 249 441 217 53 371 354 732 209 629 678 491 774 112 74 21 832 75 898 395 628 565 65 775 915 831 859 549 134 737 402 54 58 752 21 473 561 702 122 583 118 264 351 809 85 83 911 914 312 756 203 338 554 136 762 160 56 10 742 206 813 70 106 364 140 1000 561 473 794 780 773 965 730 630 954 826 98 273 99 72 564 521 161 167 666 523
0 0 0 0 0 0 0 0 0 0 0 0 0 0 0 0 0 0 0 0 0 0 0 0 0 0 0 0 0 0 0 0 0 0 0 0 0 0 0 0 0 0 0 0 0 0 0 0 0 0 0 0 0 0 0 0 0 0 0 0 0 0 0 0 0 0 0 0 0 0 0 0 0 0 0 0 0 0 0 0 0 0 0 0 0 0 0 0 0 0 0 0 0 0 0 0 0 0 0 0
775 491 712 301 123 889 598 546 792 767 377 66 948 307 646 953 507 146 133 412 542 417 436 691 929 770 681 305 288 768 503 610 956 508 144 602 140 182 956 10 730 335 336 561 915 220 429 301 151 7 185 368 230 391 954 174 979 68 619 122 463 926 576 81 388 319 583 128 287 67 240 121 265 756 733 841 541 380 529 327 486 379 971 335 324 140 227 552 47 760 565 13 976 197 817 55 877 37 76 477
27 175 959 376 604 889 229 575 505 61 718 2 288 225 643 379 724 414 764 953 708 718 304 809 438 688 467 991 429 105 396 244 240 176 90 464 85 172 887 984 784 767 925 496 644 110 464 687 855 868 17 831 785 12 331 838 559 654 485 281 976 920 269 884 784 338 145 416 145 872 327 787 750 822 229 539 782 17 178 273 437 397 503 868 1000 316 589 476 619 192 394 854 816 346 602 331 297 322 138 540
0 0 0 0 0 0 0 0 0 0 0 0 0 0 0 0 0 0 0 0 0 0 0 0 0 0 0 0 0 0 0 0 0 0 0 0 0 0 0 0 0 0 0 0 0 0 0 0 0 0 0 0 0 0 0 0 0 0 0 0 0 0 0 0 0 0 0 0 0 0 0 0 0 0 0 0 0 0 0 0 0 0 0 0 0 0 0 0 0 0 0 0 0 0 0 0 0 0 0 0
736 719 859 855 634 13 128 844 683 856 764 289 940 950 873 383 452 655 125 665 871 279 356 404 109 933 153 702 613 573 75 606 914 161 778 567 478 939 26 731 188 91 335 48 987 485 593 91 305 100 155 166 415 920 194 239 23 587 215 368 728 614 507 683 165 664 853 838 526 34 442 349 27 27 223 749 704 943 398 897 844 385 963 546 389 410 182 16 528 578 98 639 28 208 73 246 460 194 362 240
174 403 384 429 900 1 410 311 249 160 145 55 541 670 777 635 31 940 652 77 96 430 820 887 787 417 952 185 63 522 470 24 300 857 109 692 382 15 582 559 655 282 95 815 967 526 239 311 836 546 927 518 791 360 808 227 147 662 940 712 345 483 255 173 670 57 681 784 462 285 917 666 686 314 622 919 455 225 409 478 66 655 436 830 23 526 783 833 278 124 190 439 583 655 343 397 883 995 930 260
0 0 0 0 0 0 0 0 0 0 0 0 0 0 0 0 0 0 0 0 0 0 0 0 0 0 0 0 0 0 0 0 0 0 0 0 0 0 0 0 0 0 0 0 0 0 0 0 0 0 0 0 0 0 0 0 0 0 0 0 0 0 0 0 0 0 0 0 0 0 0 0 0 0 0 0 0 0 0 0 0 0 0 0 0 0 0 0 0 0 0 0 0 0 0 0 0 0 0 0
886 215 241 53 548 301 601 630 890 812 885 118 786 493 605 5 517 717 998 398 181 433 678 179 921 507 545 972 804 17 272 320 246 583 691 600 942 32 926 708 290 176 829 625 817 286 461 153 975 503 97 439 917 357 189 393 178 740 749 454 421 914 52 91 798 584 148 947 662 967 375 798 191 686 131 148 423 283 358 479 61 299 601 922 56 441 325 372 80 648 204 820 300 671 505 499 35 881 500 649
771 242 897 113 104 893 399 637 308 665 958 996 714 924 974 107 134 640 840 736 688 823 744 786 334 291 141 708 403 897 145 745 479 822 18 660 241 885 884 350 302 610 26 740 194 554 572 593 248 491 132 516 745 828 600 102 388 773 226 150 502 361 817 751 343 858 961 634 934 213 775 881 976 256 712 590 754 1000 610 965 978 693 103 570 545 173 88 735 693 31 624 20 661 776 578 884 348 782 303 267
0 0 0 0 0 0 0 0 0 0 0 0 0 0 0 0 0 0 0 0 0 0 0 0 0 0 0 0 0 0 0 0 0 0 0 0 0 0 0 0 0 0 0 0 0 0 0 0 0 0 0 0 0 0 0 0 0 0 0 0 0 0 0 0 0 0 0 0 0 0 0 0 0 0 0 0 0 0 0 0 0 0 0 0 0 0 0 0 0 0 0 0 0 0 0 0 0 0 0 0
30 189 737 622 491 991 238 514 564 984 202 796 99 820 481 792 586 399 338 253 510 325 977 757 100 880 338 238 807 6 16 272 810 521 873 953 781 235 485 998 616 248 490 258 833 155 197 879 5 819 793 929 928 380 877 465 30 221 152 813 816 867 637 731 904 240 407 460 621 344 315 519 971 528 101 373 500 850 980 584 116 164 251 695 312 536 442 23 17 778 872 141 858 712 733 668 144 531 670 449
400 84 989 767 923 586 561 437 298 895 615 265 206 989 311 672 112 683 877 435 153 752 758 625 18 962 912 372 324 9 217 8 219 254 699 176 916 475 153 654 428 832 143 378 79 328 301 405 853 153 906 508 474 683 547 524 241 930 160 64 292 57 432 452 264 983 925 563 303 488 627 153 446 952 82 224 194 476 330 868 413 343 1 366 788 596 435 856 568 886 288 646 323 51 680 433 193 523 353 176
0 0 0 0 0 0 0 0 0 0 0 0 0 0 0 0 0 0 0 0 0 0 0 0 0 0 0 0 0 0 0 0 0 0 0 0 0 0 0 0 0 0 0 0 0 0 0 0 0 0 0 0 0 0 0 0 0 0 0 0 0 0 0 0 0 0 0 0 0 0 0 0 0 0 0 0 0 0 0 0 0 0 0 0 0 0 0 0 0 0 0 0 0 0 0 0 0 0 0 0
683 45 909 781 91 5 531 300 851 102 927 818 928 206 829 453 517 859 896 68 645 593 929 33 433 535 22 454 476 410 941 876 146 847 276 613 648 965 730 88 453 847 23 161 561 944 893 454 506 78 946 236 829 646 441 741 435 997 37 679 534 166 810 241 368 39 209 438 192 222 474 933 125 594 716 134 385 695 840 351 48 913 993 633 818 900 558 724 718 884 776 194 6 745 226 920 561 111 607 889
995 263 910 177 358 677 425 890 30 25 927 58 628 219 782 134 775 486 899 687 631 5 901 275 91 304 272 907 384 791 47 511 34 745 851 79 94 17 690 364 221 776 326 279 732 611 168 414 147 582 216 691 772 649 874 431 913 199 547 840 540 728 356 598 732 238 985 679 375 805 118 987 940 967 752 157 827 226 820 847 591 160 852 434 260 702 823 238 111 673 308 114 551 954 494 183 60 84 536 578
0 0 0 0 0 0 0 0 0 0 0 0 0 0 0 0 0 0 0 0 0 0 0 0 0 0 0 0 0 0 0 0 0 0 0 0 0 0 0 0 0 0 0 0 0 0 0 0 0 0 0 0 0 0 0 0 0 0 0 0 0 0 0 0 0 0 0 0 0 0 0 0 0 0 0 0 0 0 0 0 0 0 0 0 0 0 0 0 0 0 0 0 0 0 0 0 0 0 0 0
286 565 932 799 579 723 258 174 65 880 283 402 353 656 353 14 468 234 702 632 865 940 468 28 159 885 713 931 192 973 868 898 333 237 881 958 490 364 397 641 470 527 466 613 231 691 357 883 646 624 134 365 484 723 58 791 374 753 718 567 805 477 749 803 826 434 815 818 832 282 105 934 12 24 10 44 11 778 952 716 846 106 205 166 265 967 942 170 188 541 831 21 319 595 892 70 414 447 914 683
756 201 240 243 573 916 938 888 85 33 211 899 750 601 789 776 203 845 783 460 940 268 947 262 133 545 79 907 850 597 240 906 944 759 143 702 305 661 234 143 948 109 206 73 97 751 461 769 9 406 277 784 266 365 827 143 533 132 901 870 541 721 80 956 970 635 756 816 497 766 399 978 202 337 741 588 3 408 638 863 628 13 798 293 375 444 376 98 680 580 332 43 451 200 536 713 176 186 340 517
0 0 0 0 0 0 0 0 0 0 0 0 0 0 0 0 0 0 0 0 0 0 0 0 0 0 0 0 0 0 0 0 0 0 0 0 0 0 0 0 0 0 0 0 0 0 0 0 0 0 0 0 0 0 0 0 0 0 0 0 0 0 0 0 0 0 0 0 0 0 0 0 0 0 0 0 0 0 0 0 0 0 0 0 0 0 0 0 0 0 0 0 0 0 0 0 0 0 0 0
61 382 830 83 132 967 550 778 499 450 720 935 85 52 219 120 479 233 730 718 796 767 508 948 370 913 822 953 411 225 107 326 907 552 117 109 183 355 281 962 607 437 719 384 503 771 703 983 910 995 762 722 154 836 16 45 537 760 405 56 33 882 376 309 711 603 112 88 947 223 269 82 857 225 669 99 177 169 873 574 475 885 524 301 320 280 859 189 286 98 37 976 772 114 350 548 242 488 256 52
978 831 509 471 818 896 446 742 506 62 620 1 527 503 299 798 181 410 999 125 724 258 940 291 502 213 652 290 153 629 334 192 375 679 293 423 286 487 229 70 413 574 628 698 474 787 768 343 926 636 186 221 630 418 885 904 903 28 810 533 325 198 904 614 265 606 896 493 246 987 909 792 466 908 521 552 258 756 520 975 382 628 773 175 325 96 170 785 153 468 42 490 194 734 65 350 820 514 320 117
0 0 0 0 0 0 0 0 0 0 0 0 0 0 0 0 0 0 0 0 0 0 0 0 0 0 0 0 0 0 0 0 0 0 0 0 0 0 0 0 0 0 0 0 0 0 0 0 0 0 0 0 0 0 0 0 0 0 0 0 0 0 0 0 0 0 0 0 0 0 0 0 0 0 0 0 0 0 0 0 0 0 0 0 0 0 0 0 0 0 0 0 0 0 0 0 0 0 0 0
368 908 738 901 399 404 996 19 403 263 53 860 322 241 796 578 637 455 485 204 160 51 219 720 110 478 503 543 225 587 375 183 46 769 275 192 426 271 985 920 861 560 298 534 687 577 450 721 979 705 339 989 119 213 870 145 263 460 282 523 382 29 917 848 607 190 359 79 203 341 422 109 548 944 631 658 276 786 364 539 299 315 956 515 215 415 189 74 770 533 201 621 190 835 273 662 358 522 335 525
223 168 858 177 842 126 128 766 797 466 794 131 622 735 700 299 290 572 762 482 128 481 470 822 931 135 399 271 663 738 210 246 450 966 637 36 298 64 135 954 232 242 227 893 387 533 254 795 537 931 355 372 423 5 112 60 504 876 947 84 851 286 445 27 40 302 71 477 738 697 866 298 949 459 776 205 729 687 882 651 318 837 370 587 512 730 8 84 717 522 70 344 5 158 139 833 629 662 530 79
0 0 0 0 0 0 0 0 0 0 0 0 0 0 0 0 0 0 0 0 0 0 0 0 0 0 0 0 0 0 0 0 0 0 0 0 0 0 0 0 0 0 0 0 0 0 0 0 0 0 0 0 0 0 0 0 0 0 0 0 0 0 0 0 0 0 0 0 0 0 0 0 0 0 0 0 0 0 0 0 0 0 0 0 0 0 0 0 0 0 0 0 0 0 0 0 0 0 0 0
267 853 935 411 831 869 952 270 725 453 891 116 592 825 441 229 57 810 423 905 980 798 39 340 369 456 936 492 857 855 90 437 161 389 702 553 767 927 461 142 83 705 372 877 437 453 598 198 384 624 616 908 734 478 221 769 370 924 134 222 57 529 932 32 259 637 755 440 99 116 95 254 722 188 662 254 798 190 47 329 697 869 92 823 371 334 450 753 738 120 542 357 90 405 174 170 820 591 626 584
680 497 26 99 237 813 727 123 28 296 432 317 529 645 258 475 252 364 563 877 623 327 918 971 83 161 473 336 129 498 81 348 473 301 427 371 664 756 652 288 41 140 451 361 568 165 778 74 468 296 364 73 129 174 64 196 357 632 962 169 994 985 971 612 609 943 865 378 594 22 949 380 753 356 916 483 330 522 917 247 743 792 376 340 469 153 202 452 677 436 597 14 433 776 154 180 345 853 86 216
0 0 0 0 0 0 0 0 0 0 0 0 0 0 0 0 0 0 0 0 0 0 0 0 0 0 0 0 0 0 0 0 0 0 0 0 0 0 0 0 0 0 0 0 0 0 0 0 0 0 0 0 0 0 0 0 0 0 0 0 0 0 0 0 0 0 0 0 0 0 0 0 0 0 0 0 0 0 0 0 0 0 0 0 0 0 0 0 0 0 0 0 0 0 0 0 0 0 0 0
221 110 489 397 689 807 239 261 371 865 956 729 750 984 13 315 848 793 962 599 210 599 935 453 249 197 249 478 645 385 139 613 999 431 130 198 242 968 881 359 436 315 635 580 626 403 416 918 273 721 943 438 102 534 789 490 383 606 514 65 870 956 157 405 297 427 787 743 682 488 63 162 734 249 320 484 143 92 844 589 36 408 395 501 180 447 734 440 900 362 119 751 178 372 415 541 550 10 835 595
966 472 861 46 625 454 32 727 399 692 276 194 953 699 800 79 800 85 875 923 647 585 215 500 913 396 997 551 952 593 234 199 290 854 631 909 87 586 797 591 507 719 89 722 656 358 451 697 19 477 358 371 107 936 518 862 360 475 70 131 321 438 847 16 363 568 139 217 6 45 158 491 75 771 384 149 457 494 691 219 263 564 515 674 875 25 141 798 2 198 695 283 646 749 966 712 615 85 498 425
0 0 0 0 0 0 0 0 0 0 0 0 0 0 0 0 0 0 0 0 0 0 0 0 0 0 0 0 0 0 0 0 0 0 0 0 0 0 0 0 0 0 0 0 0 0 0 0 0 0 0 0 0 0 0 0 0 0 0 0 0 0 0 0 0 0 0 0 0 0 0 0 0 0 0 0 0 0 0 0 0 0 0 0 0 0 0 0 0 0 0 0 0 0 0 0 0 0 0 0
582 431 715 38 889 566 38 595 4 419 747 59 540 79 612 188 826 513 519 669 247 644 551 735 213 106 988 677 734 978 106 949 693 849 236 855 408 200 157 652 678 556 442 397 270 151 848 922 63 828 204 135 761 136 55 160 390 993 125 112 314 216 519 581 220 4 540 25 406 430 122 468 522 160 350 925 9 876 491 356 764 264 878 403 379 729 890 767 305 813 156 954 158 778 241 480 775 835 556 877
70 311 85 690 194 656 273 261 99 562 202 664 379 245 532 540 679 602 635 757 141 223 8 191 720 244 589 520 443 844 980 744 627 364 761 199 852 675 588 884 835 952 829 747 617 383 416 102 315 509 208 942 276 332 297 327 98 374 326 488 642 496 756 635 982 544 614 75 713 244 948 272 947 260 908 322 604 449 303 92 642 732 839 338 12 149 600 407 400 51 837 43 537 770 580 575 654 729 586 719
0 0 0 0 0 0 0 0 0 0 0 0 0 0 0 0 0 0 0 0 0 0 0 0 0 0 0 0 0 0 0 0 0 0 0 0 0 0 0 0 0 0 0 0 0 0 0 0 0 0 0 0 0 0 0 0 0 0 0 0 0 0 0 0 0 0 0 0 0 0 0 0 0 0 0 0 0 0 0 0 0 0 0 0 0 0 0 0 0 0 0 0 0 0 0 0 0 0 0 0
237 781 466 233 517 284 537 162 119 376 935 622 346 492 459 237 257 413 380 728 225 470 172 173 423 657 634 569 430 759 466 373 205 8 277 10 597 333 434 557 778 970 756 873 334 380 908 412 49 871 378 316 924 129 889 812 998 987 803 942 52 84 20 524 915 437 97 705 444 886 44 149 946 52 536 619 661 96 262 243 862 337 503 688 201 140 464 111 183 976 120 724 238 635 782 200 92 833 464 32
814 512 593 917 702 863 711 382 524 110 537 475 901 246 888 266 40 744 4 558 452 287 240 477 905 204 255 549 335 404 168 203 713 505 374 803 572 894 126 486 452 924 249 498 224 798 26 484 678 277 566 420 880 612 885 218 787 267 189 128 835 745 227 245 59 34 283 480 725 143 909 210 763 214 693 547 516 976 455 38 567 239 176 668 987 551 747 886 414 796 388 150 846 343 501 844 29 483 528 637
0 0 0 0 0 0 0 0 0 0 0 0 0 0 0 0 0 0 0 0 0 0 0 0 0 0 0 0 0 0 0 0 0 0 0 0 0 0 0 0 0 0 0 0 0 0 0 0 0 0 0 0 0 0 0 0 0 0 0 0 0 0 0 0 0 0 0 0 0 0 0 0 0 0 0 0 0 0 0 0 0 0 0 0 0 0 0 0 0 0 0 0 0 0 0 0 0 0 0 0
591 821 115 298 57 761 191 251 136 744 22 151 226 300 173 101 13 154 531 683 62 909 169 262 491 222 914 308 376 436 742 873 166 651 769 466 706 109 305 922 515 17 245 828 729 653 932 231 823 614 750 580 701 245 932 587 444 652 74 253 23 733 941 856 14 316 561 79 399 220 416 355 2 293 115 376 340 576 837 358 954 442 77 425 898 399 986 499 74 196 200 957 342 73 269 452 511 190 344 45
808 340 758 275 115 204 37 479 362 548 118 677 214 129 831 455 146 310 483 199 441 798 92 445 183 848 844 225 77 457 476 450 253 530 763 434 876 303 52 205 575 201 932 904 165 723 371 41 535 839 634 31 685 995 79 666 58 322 879 297 496 117 663 682 748 928 486 967 543 595 14 689 657 29 371 32 481 898 934 175 964 722 233 324 743 28 409 517 369 102 702 489 871 871 212 777 927 645 679 87
0 0 0 0 0 0 0 0 0 0 0 0 0 0 0 0 0 0 0 0 0 0 0 0 0 0 0 0 0 0 0 0 0 0 0 0 0 0 0 0 0 0 0 0 0 0 0 0 0 0 0 0 0 0 0 0 0 0 0 0 0 0 0 0 0 0 0 0 0 0 0 0 0 0 0 0 0 0 0 0 0 0 0 0 0 0 0 0 0 0 0 0 0 0 0 0 0 0 0 0
372 780 496 832 212 421 160 394 341 834 497 538 830 361 552 273 679 211 754 62 519 508 660 832 149 502 473 803 861 132 110 924 145 365 60 73 598 509 436 532 597 845 453 724 690 697 268 726 679 22 310 453 968 321 923 981 69 828 495 620 391 843 276 432 827 646 187 45 821 515 576 453 407 822 694 280 334 228 363 603 173 664 342 707 272 3 511 365 705 139 865 974 702 486 316 148 248 245 818 769
853 816 273 74 274 196 464 490 193 159 174 788 44 564 481 445 355 789 161 972 898 323 5 637 880 834 818 273 75 555 303 648 107 607 853 625 16 354 609 767 85 535 932 994 177 573 227 708 439 55 463 274 371 319 360 823 49 772 811 541 426 685 20 359 94 694 462 830 535 247 559 446 813 868 807 781 226 305 628 289 330 796 536 74 92 247 627 821 957 321 334 780 82 848 737 79 901 811 66 771
0 0 0 0 0 0 0 0 0 0 0 0 0 0 0 0 0 0 0 0 0 0 0 0 0 0 0 0 0 0 0 0 0 0 0 0 0 0 0 0 0 0 0 0 0 0 0 0 0 0 0 0 0 0 0 0 0 0 0 0 0 0 0 0 0 0 0 0 0 0 0 0 0 0 0 0 0 0 0 0 0 0 0 0 0 0 0 0 0 0 0 0 0 0 0 0 0 0 0 0
533 99 717 855 110 612 15 871 5 131 384 811 850 134 531 263 615 133 585 359 267 513 935 378 553 110 385 890 968 553 12 430 449 678 587 405 885 788 115 582 41 829 775 293 197 893 826 382 961 634 426 982 749 193 452 896 717 132 913 607 28 783 238 133 362 887 515 815 895 374 64 358 465 738 52 479 333 975 263 256 836 961 848 990 561 892 69 436 260 99 934 230 33 584 695 115 485 740 386 564
235 154 921 538 837 380 523 534 595 203 323 999 806 372 673 156 877 965 369 701 50 694 551 635 487 520 719 323 456 595 280 316 490 394 196 56 984 407 671 815 134 551 901 849 749 163 661 770 807 252 332 173 752 636 259 173 251 557 214 18 670 353 304 813 389 520 464 19 238 304 744 552 228 950 52 625 739 41 663 790 518 12 552 350 557 234 951 542 909 242 352 284 382 253 907 715 162 118 553 547
0 0 0 0 0 0 0 0 0 0 0 0 0 0 0 0 0 0 0 0 0 0 0 0 0 0 0 0 0 0 0 0 0 0 0 0 0 0 0 0 0 0 0 0 0 0 0 0 0 0 0 0 0 0 0 0 0 0 0 0 0 0 0 0 0 0 0 0 0 0 0 0 0 0 0 0 0 0 0 0 0 0 0 0 0 0 0 0 0 0 0 0 0 0 0 0 0 0 0 0
814 788 98 46 120 399 83 871 569 571 966 490 649 681 356 86 707 790 433 824 127 326 989 420 332 267 235 858 154 587 790 409 720 398 159 349 710 916 197 26 922 126 912 34 886 586 793 699 599 772 871 46 319 419 527 431 750 577 718 191 685 389 148 428 170 364 308 610 273 650 747 592 317 749 397 52 347 407 886 759 738 130 344 418 476 275 963 519 304 95 543 879 239 521 884 96 600 800 139 79
516 743 575 790 248 680 785 469 927 297 319 51 658 800 757 25 457 442 606 896 46 446 220 110 405 347 657 179 371 914 630 367 154 414 366 469 518 831 699 898 409 132 190 689 532 209 737 389 715 951 784 878 838 195 793 64 249 607 480 308 866 359 895 419 510 730 173 590 156 375 552 112 249 927 860 107 985 284 289 756 312 55 325 672 653 609 614 124 518 850 598 412 578 840 479 929 840 259 46 535
0 0 0 0 0 0 0 0 0 0 0 0 0 0 0 0 0 0 0 0 0 0 0 0 0 0 0 0 0 0 0 0 0 0 0 0 0 0 0 0 0 0 0 0 0 0 0 0 0 0 0 0 0 0 0 0 0 0 0 0 0 0 0 0 0 0 0 0 0 0 0 0 0 0 0 0 0 0 0 0 0 0 0 0 0 0 0 0 0 0 0 0 0 0 0 0 0 0 0 0
185 339 273 791 187 162 250 597 404 672 822 342 819 331 505 845 173 592 40 738 300 933 143 222 917 582 437 385 156 86 936 162 700 100 762 956 704 987 282 596 510 753 946 50 509 768 855 485 634 583 35 128 519 743 773 962 982 504 773 63 159 365 971 428 800 134 396 289 13 71 3 166 793 755 967 148 688 139 397 203 709 365 929 1000 100 172 983 469 640 54 705 292 981 667 121 180 721 925 764 855
934 155 555 907 84 356 818 153 332 310 108 463 163 123 308 973 840 342 781 676 611 115 292 837 538 19 701 156 87 942 411 984 717 552 303 612 156 717 14 450 280 958 765 718 428 154 65 631 733 178 304 499 206 327 324 945 52 262 118 852 991 495 745 199 846 225 534 121 175 944 56 301 294 997 318 609 502 34 539 944 498 660 865 418 735 80 890 44 602 155 234 851 377 940 4 725 46 397 753 628
0 0 0 0 0 0 0 0 0 0 0 0 0 0 0 0 0 0 0 0 0 0 0 0 0 0 0 0 0 0 0 0 0 0 0 0 0 0 0 0 0 0 0 0 0 0 0 0 0 0 0 0 0 0 0 0 0 0 0 0 0 0 0 0 0 0 0 0 0 0 0 0 0 0 0 0 0 0 0 0 0 0 0 0 0 0 0 0 0 0 0 0 0 0 0 0 0 0 0 0
331 561 770 608 594 866 729 412 809 173 511 706 517 766 936 213 830 802 868 729 421 752 796 329 586 519 650 943 414 757 668 102 23 208 716 871 584 147 517 913 319 826 890 450 865 20 321 824 747 669 33 295 435 834 150 761 908 116 270 536 587 747 902 805 367 497 495 702 962 13 638 718 173 258 265 777 841 794 727 161 487 101 75 235 235 264 243 464 751 430 841 965 544 409 947 296 538 534 497 40
211 380 748 269 970 256 729 823 244 774 459 326 609 798 593 785 368 32 969 765 339 311 794 494 404 621 12 315 991 155 297 551 950 811 282 500 93 360 991 496 132 112 610 608 145 729 801 175 302 137 312 64 859 631 105 518 186 353 754 198 715 500 669 155 285 429 473 431 919 925 353 873 635 185 959 926 468 674 397 724 755 361 192 498 612 143 378 650 448 176 116 417 943 654 225 570 214 495 762 687
0 0 0 0 0 0 0 0 0 0 0 0 0 0 0 0 0 0 0 0 0 0 0 0 0 0 0 0 0 0 0 0 0 0 0 0 0 0 0 0 0 0 0 0 0 0 0 0 0 0 0 0 0 0 0 0 0 0 0 0 0 0 0 0 0 0 0 0 0 0 0 0 0 0 0 0 0 0 0 0 0 0 0 0 0 0 0 0 0 0 0 0 0 0 0 0 0 0 0 0
454 921 100 877 725 527 173 101 105 23 364 779 47 757 400 592 882 706 692 883 684 856 358 467 165 843 167 259 642 813 451 64 798 539 664 634 680 137 184 231 217 449 569 205 608 315 767 464 16 218 13 273 474 201 278 135 858 905 286 951 290 549 528 733 247 339 369 552 274 50 118 963 144 865 350 261 636 411 36 660 748 21 573 506 391 794 819 497 490 865 355 483 588 694 153 127 438 861 247 944
89 759 572 85 141 967 866 223 689 58 413 961 77 450 505 483 757 478 545 659 264 218 328 820 201 662 76 582 614 563 414 531 126 40 442 342 736 56 962 967 147 264 762 923 364 872 128 519 308 222 897 977 664 421 950 879 436 664 808 678 574 462 291 810 111 590 490 77 776 841 760 854 628 921 574 972 295 197 507 686 606 698 660 571 699 39 488 904 198 580 779 56 948 360 361 512 320 767 827 554
0 0 0 0 0 0 0 0 0 0 0 0 0 0 0 0 0 0 0 0 0 0 0 0 0 0 0 0 0 0 0 0 0 0 0 0 0 0 0 0 0 0 0 0 0 0 0 0 0 0 0 0 0 0 0 0 0 0 0 0 0 0 0 0 0 0 0 0 0 0 0 0 0 0 0 0 0 0 0 0 0 0 0 0 0 0 0 0 0 0 0 0 0 0 0 0 0 0 0 0
750 150 667 443 485 705 177 262 776 191 392 151 310 623 967 793 731 520 198 923 873 518 580 795 271 416 701 357 433 736 369 420 661 147 264 87 26 468 342 220 946 163 846 781 900 914 918 528 853 618 934 756 869 965 410 275 209 898 882 390 887 846 699 595 930 900 286 886 825 111 753 929 890 807 925 58 711 982 761 911 851 566 497 722 791 521 991 542 885 568 737 144 544 734 225 450 203 225 54 767
212 180 631 417 205 862 368 773 605 265 978 713 468 826 777 104 461 735 895 186 382 432 962 236 407 189 475 402 107 589 116 545 949 307 668 124 487 544 756 965 16 959 132 662 532 79 947 996 905 482 362 691 200 592 259 852 87 515 513 271 793 305 673 887 902 522 421 900 987 123 8 65 779 611 511 190 69 957 514 130 783 979 307 500 615 287 336 47 524 504 754 326 349 581 223 930 455 435 741 507
0 0 0 0 0 0 0 0 0 0 0 0 0 0 0 0 0 0 0 0 0 0 0 0 0 0 0 0 0 0 0 0 0 0 0 0 0 0 0 0 0 0 0 0 0 0 0 0 0 0 0 0 0 0 0 0 0 0 0 0 0 0 0 0 0 0 0 0 0 0 0 0 0 0 0 0 0 0 0 0 0 0 0 0 0 0 0 0 0 0 0 0 0 0 0 0 0 0 0 0
895 175 558 991 350 895 570 191 689 166 420 4 90 166 787 681 403 8 25 812 456 701 899 19 218 53 465 810 76 115 915 620 170 656 362 762 948 466 708 411 378 268 772 409 960 156 755 283 592 776 492 865 821 399 858 608 981 430 935 998 301 399 791 56 702 818 309 438 641 368 653 40 118 90 314 387 665 523 20 111 946 249 505 395 776 253 179 418 785 754 680 714 208 813 58 27 742 442 555 117
969 82 143 773 861 599 795 125 27 571 133 839 886 970 205 583 856 500 121 684 584 58 226 913 291 821 864 520 4 787 336 459 354 807 56 694 107 746 624 608 232 760 340 333 233 383 197 20 824 647 63 635 481 518 291 888 108 222 387 699 78 293 21 68 367 73 570 924 423 35 903 862 956 25 585 642 60 208 2 145 965 861 345 792 916 366 276 759 305 507 37 201 222 442 180 45 836 637 932 240
0 0 0 0 0 0 0 0 0 0 0 0 0 0 0 0 0 0 0 0 0 0 0 0 0 0 0 0 0 0 0 0 0 0 0 0 0 0 0 0 0 0 0 0 0 0 0 0 0 0 0 0 0 0 0 0 0 0 0 0 0 0 0 0 0 0 0 0 0 0 0 0 0 0 0 0 0 0 0 0 0 0 0 0 0 0 0 0 0 0 0 0 0 0 0 0 0 0 0 0
121 708 560 334 424 906 661 188 827 820 54 655 991 189 104 537 515 598 669 496 374 922 691 505 152 341 23 901 707 709 797 455 574 585 889 403 564 1000 801 243 505 427 426 199 251 879 506 638 736 665 143 276 426 151 593 238 863 897 909 454 6 412 719 27 842 357 495 282 729 352 898 468 723 61 891 979 556 18 519 260 840 413 664 544 5 956 91 919 111 919 411 159 574 609 597 815 185 917 26 780
758 74 931 945 429 827 206 354 87 863 510 415 966 82 207 753 571 969 625 426 255 683 413 660 480 665 374 35 584 201 745 950 179 337 376 54 968 6 239 962 561 843 464 294 814 752 861 768 929 994 474 293 646 874 592 324 582 82 151 361 731 499 596 767 79 907 143 158 429 87 60 628 549 321 615 748 871 630 538 651 580 373 421 638 446 408 21 166 330 79 230 664 488 695 288 222 279 622 204 60
0 0 0 0 0 0 0 0 0 0 0 0 0 0 0 0 0 0 0 0 0 0 0 0 0 0 0 0 0 0 0 0 0 0 0 0 0 0 0 0 0 0 0 0 0 0 0 0 0 0 0 0 0 0 0 0 0 0 0 0 0 0 0 0 0 0 0 0 0 0 0 0 0 0 0 0 0 0 0 0 0 0 0 0 0 0 0 0 0 0 0 0 0 0 0 0 0 0 0 0
480 170 993 456 379 124 34 777 571 535 603 354 384 103 579 384 942 884 364 365 370 531 109 741 581 907 782 640 864 14 908 585 705 836 42 820 876 233 59 347 713 639 647 284 935 151 26 961 732 134 383 669 601 111 120 542 546 969 614 548 350 685 660 962 8 461 853 370 861 233 262 272 452 516 346 626 210 838 571 850 148 644 151 650 832 107 488 18 462 638 902 826 169 709 521 337 495 33 786 835
235 470 197 992 331 438 176 961 149 67 851 77 14 610 202 644 190 716 221 325 844 127 943 581 376 723 718 956 713 278 215 354 40 329 533 710 578 396 46 247 579 493 361 353 153 998 388 158 639 333 346 854 447 336 609 486 391 300 134 389 886 133 820 833 14 996 21 454 444 809 756 245 541 543 272 850 733 686 628 950 162 364 608 929 834 486 562 447 813 56 953 45 154 38 269 738 72 858 986 859
0 0 0 0 0 0 0 0 0 0 0 0 0 0 0 0 0 0 0 0 0 0 0 0 0 0 0 0 0 0 0 0 0 0 0 0 0 0 0 0 0 0 0 0 0 0 0 0 0 0 0 0 0 0 0 0 0 0 0 0 0 0 0 0 0 0 0 0 0 0 0 0 0 0 0 0 0 0 0 0 0 0 0 0 0 0 0 0 0 0 0 0 0 0 0 0 0 0 0 0
547 73 681 91 397 321 575 867 585 169 928 820 42 906 126 658 289 638 963 995 423 828 25 671 924 611 513 989 74 94 311 113 972 156 820 727 404 145 119 918 689 468 546 224 112 396 947 314 188 329 873 423 93 968 450 494 916 249 624 245 357 93 560 815 613 707 145 563 822 353 838 610 878 306 25 409 921 152 175 796 722 865 598 145 920 365 475 44 604 969 883 340 400 156 182 774 128 579 601 599
623 131 32 662 143 52 815 480 189 879 647 809 438 134 979 583 260 862 815 544 393 919 117 357 135 841 820 657 68 630 591 394 160 424 34 499 553 268 783 711 853 143 737 158 613 468 74 563 840 84 327 227 750 504 38 911 963 772 717 840 47 414 769 808 579 129 121 322 84 384 711 109 379 705 514 237 909 338 895 782 550 811 73 507 679 546 695 521 614 702 24 544 263 934 616 996 835 359 323 895
0 0 0 0 0 0 0 0 0 0 0 0 0 0 0 0 0 0 0 0 0 0 0 0 0 0 0 0 0 0 0 0 0 0 0 0 0 0 0 0 0 0 0 0 0 0 0 0 0 0 0 0 0 0 0 0 0 0 0 0 0 0 0 0 0 0 0 0 0 0 0 0 0 0 0 0 0 0 0 0 0 0 0 0 0 0 0 0 0 0 0 0 0 0 0 0 0 0 0 0
697 136 283 580 605 71 291 973 665 654 810 575 796 741 217 18 820 377 265 8 389 56 182 777 971 573 97 736 81 373 260 714 681 927 653 537 569 374 175 261 261 375 457 406 639 838 208 921 72 770 316 427 616 866 429 816 766 142 619 38 301 551 609 676 172 908 57 726 388 468 272 885 850 35 321 692 849 383 250 470 325 928 464 613 883 20 468 419 6 591 717 859 303 673 610 842 812 756 716 472
670 854 783 304 227 219 935 293 997 846 289 301 584 68 765 862 132 639 662 663 808 279 315 291 86 696 912 5 886 268 317 151 555 213 562 566 819 914 910 946 904 270 115 953 491 262 900 316 58 826 883 788 700 385 935 803 374 951 126 190 382 66 627 282 333 642 760 600 795 948 836 629 247 278 589 48 389 486 229 307 403 648 44 15 587 514 422 769 536 693 85 571 41 386 169 319 675 674 544 160
0 0 0 0 0 0 0 0 0 0 0 0 0 0 0 0 0 0 0 0 0 0 0 0 0 0 0 0 0 0 0 0 0 0 0 0 0 0 0 0 0 0 0 0 0 0 0 0 0 0 0 0 0 0 0 0 0 0 0 0 0 0 0 0 0 0 0 0 0 0 0 0 0 0 0 0 0 0 0 0 0 0 0 0 0 0 0 0 0 0 0 0 0 0 0 0 0 0 0 0
376 878 842 326 911 145 719 179 616 622 314 635 915 57 956 405 144 446 616 230 842 150 786 105 435 474 876 581 710 906 205 807 784 784 834 383 265 180 69 447 152 767 396 195 902 607 830 83 665 1 654 5 685 259 578 887 865 41 370 233 55 831 892 949 325 535 594 332 485 134 164 151 82 902 716 418 560 486 19 691 93 628 344 159 472 144 879 420 779 131 626 523 894 442 802 317 185 467 751 446
692 670 626 920 966 91 439 610 441 670 478 603 646 590 428 613 650 114 24 767 738 955 444 620 413 742 209 931 636 223 155 276 163 554 188 25 693 628 246 632 354 955 181 540 317 863 165 547 807 558 90 956 563 246 478 24 535 562 454 115 908 611 936 265 314 880 29 537 764 15 794 394 512 862 56 986 721 39 287 950 753 980 514 709 587 506 593 768 45 809 387 757 538 507 930 503 339 391 631 417
0 0 0 0 0 0 0 0 0 0 0 0 0 0 0 0 0 0 0 0 0 0 0 0 0 0 0 0 0 0 0 0 0 0 0 0 0 0 0 0 0 0 0 0 0 0 0 0 0 0 0 0 0 0 0 0 0 0 0 0 0 0 0 0 0 0 0 0 0 0 0 0 0 0 0 0 0 0 0 0 0 0 0 0 0 0 0 0 0 0 0 0 0 0 0 0 0 0 0 0
387 426 61 984 98 829 227 757 252 565 903 796 669 879 927 831 553 420 821 776 891 667 424 529 987 873 854 777 219 953 630 794 569 381 355 741 150 724 7 136 498 641 668 83 289 423 1 33 64 472 851 117 621 359 208 60 106 815 205 512 484 262 92 36 99 955 102 215 428 68 372 143 779 806 703 679 613 458 155 651 352 203 780 301 211 336 971 459 249 503 271 884 305 32 446 549 656 3 23 157
126 705 578 974 974 208 716 17 956 159 582 79 563 170 792 139 836 831 860 417 395 673 640 36 351 724 92 596 938 292 626 66 553 644 448 951 846 321 470 856 944 504 619 419 386 35 147 918 666 285 725 985 237 126 277 707 767 202 746 671 476 17 646 793 148 831 826 790 9 882 545 433 682 843 234 501 263 129 619 605 786 970 159 46 63 172 618 554 306 203 682 975 422 404 65 742 341 654 98 556
0 0 0 0 0 0 0 0 0 0 0 0 0 0 0 0 0 0 0 0 0 0 0 0 0 0 0 0 0 0 0 0 0 0 0 0 0 0 0 0 0 0 0 0 0 0 0 0 0 0 0 0 0 0 0 0 0 0 0 0 0 0 0 0 0 0 0 0 0 0 0 0 0 0 0 0 0 0 0 0 0 0 0 0 0 0 0 0 0 0 0 0 0 0 0 0 0 0 0 0
480 741 362 56 699 550 109 320 191 903 385 479 186 679 691 331 760 560 346 861 979 612 702 308 964 86 885 528 473 699 559 658 759 220 218 44 987 133 959 540 243 801 515 176 418 889 992 424 618 220 425 767 629 474 391 278 380 374 967 662 972 881 42 240 253 509 622 346 304 388 621 90 642 571 616 369 418 609 742 501 9 794 203 749 793 575 787 827 613 427 466 907 944 74 465 994 485 415 259 854
360 464 818 356 219 75 687 813 714 601 443 571 180 245 974 36 213 990 979 49 725 588 905 42 5 732 643 156 838 760 776 886 716 813 286 237 55 632 165 431 463 779 322 761 636 839 740 536 296 914 149 377 403 857 20 267 132 401 797 166 499 824 603 383 727 819 40 513 218 35 109 284 650 666 717 284 842 840 158 714 917 604 96 644 598 37 780 282 102 718 92 476 546 719 691 630 972 1 207 864
0 0 0 0 0 0 0 0 0 0 0 0 0 0 0 0 0 0 0 0 0 0 0 0 0 0 0 0 0 0 0 0 0 0 0 0 0 0 0 0 0 0 0 0 0 0 0 0 0 0 0 0 0 0 0 0 0 0 0 0 0 0 0 0 0 0 0 0 0 0 0 0 0 0 0 0 0 0 0 0 0 0 0 0 0 0 0 0 0 0 0 0 0 0 0 0 0 0 0 0
38 693 564 786 839 163 111 631 211 315 894 887 286 70 621 830 507 61 144 315 616 876 589 797 835 173 618 838 724 506 131 58 575 52 324 618 661 527 781 428 314 951 540 777 194 884 637 979 129 515 32 36 790 214 259 675 292 103 83 880 171 267 50 514 369 701 54 653 788 667 474 736 355 561 689 818 478 420 601 573 874 765 161 372 311 903 197 611 439 400 257 610 566 727 172 665 406 949 210 826
918 248 683 452 756 889 251 858 416 739 289 142 786 790 497 47 244 397 27 630 970 682 960 137 505 240 542 685 357 415 724 369 492 739 822 171 134 461 335 404 930 886 307 826 167 339 790 216 393 164 251 54 946 829 264 897 574 985 76 254 590 673 955 38 305 427 982 855 504 309 81 470 407 79 415 536 103 178 839 635 339 108 764 611 928 127 741 163 736 588 909 269 796 21 585 183 672 112 150 174
0 0 0 0 0 0 0 0 0 0 0 0 0 0 0 0 0 0 0 0 0 0 0 0 0 0 0 0 0 0 0 0 0 0 0 0 0 0 0 0 0 0 0 0 0 0 0 0 0 0 0 0 0 0 0 0 0 0 0 0 0 0 0 0 0 0 0 0 0 0 0 0 0 0 0 0 0 0 0 0 0 0 0 0 0 0 0 0 0 0 0 0 0 0 0 0 0 0 0 0
827 219 196 556 649 331 234 370 520 934 825 493 765 531 665 325 98 267 325 167 117 437 957 100 428 956 274 227 817 285 1000 813 487 85 771 922 251 236 278 388 817 604 503 109 530 494 69 917 711 124 716 140 111 347 359 718 119 390 659 797 237 576 855 588 965 522 618 527 665 6 527 588 73 84 346 864 560 955 172 638 316 890 846 234 619 752 483 355 916 507 86 273 289 348 164 382 815 264 914 449
479 794 15 138 412 501 769 863 431 645 544 161 83 586 129 251 419 119 270 929 262 556 572 684 586 515 719 505 80 894 886 712 186 796 225 380 39 34 449 159 914 767 508 234 831 720 384 110 431 614 163 599 857 713 411 259 497 724 10 886 140 44 202 689 726 312 541 948 441 443 507 497 728 722 866 885 147 68 658 720 509 628 783 78 630 461 548 819 854 578 620 625 947 996 667 46 470 513 621 183
0 0 0 0 0 0 0 0 0 0 0 0 0 0 0 0 0 0 0 0 0 0 0 0 0 0 0 0 0 0 0 0 0 0 0 0 0 0 0 0 0 0 0 0 0 0 0 0 0 0 0 0 0 0 0 0 0 0 0 0 0 0 0 0 0 0 0 0 0 0 0 0 0 0 0 0 0 0 0 0 0 0 0 0 0 0 0 0 0 0 0 0 0 0 0 0 0 0 0 0
439 462 636 741 551 477 183 153 891 892 408 394 866 229 919 505 558 670 678 205 99 342 974 323 305 608 892 889 994 170 360 489 419 763 366 365 237 437 963 149 363 472 843 399 196 53 437 825 926 779 348 855 534 329 184 844 811 272 244 384 929 289 793 51 590 688 354 544 60 840 743 510 365 168 746 249 52 837 803 477 819 810 136 943 795 219 787 696 217 47 489 137 503 293 937 391 138 985 233 541
683 110 929 251 686 54 387 476 885 314 556 128 389 196 782 117 178 958 922 804 980 610 641 591 115 29 624 637 540 787 1000 493 328 132 305 388 603 526 629 23 85 797 966 418 160 893 524 486 251 689 427 469 616 529 961 477 725 862 443 674 497 359 380 990 966 710 862 513 349 228 279 63 914 13 615 402 317 581 435 873 33 914 822 761 60 294 175 593 590 751 856 940 290 991 773 89 74 565 501 964
0 0 0 0 0 0 0 0 0 0 0 0 0 0 0 0 0 0 0 0 0 0 0 0 0 0 0 0 0 0 0 0 0 0 0 0 0 0 0 0 0 0 0 0 0 0 0 0 0 0 0 0 0 0 0 0 0 0 0 0 0 0 0 0 0 0 0 0 0 0 0 0 0 0 0 0 0 0 0 0 0 0 0 0 0 0 0 0 0 0 0 0 0 0 0 0 0 0 0 0
146 148 427 986 351 477 180 758 312 145 287 908 651 461 621 996 650 430 397 266 390 784 419 379 529 672 743 8 818 964 17 842 683 426 875 47 84 357 440 844 633 274 31 292 371 201 398 362 701 286 663 434 72 861 255 560 25 347 329 833 314 706 250 210 945 754 383 832 559 775 988 18 494 721 407 553 679 349 312 117 188 813 560 139 214 704 130 797 21 96 559 486 11 966 394 625 667 288 385 408
85 299 45 124 572 746 822 718 294 947 994 60 767 342 628 980 323 288 524 901 90 741 432 525 871 26 564 6 765 770 376 766 779 909 963 559 475 45 342 413 964 160 326 373 510 773 802 692 588 595 520 570 617 465 245 722 107 599 922 79 99 4 803 455 122 624 623 735 109 594 900 938 420 861 385 416 218 149 587 43 414 201 283 813 745 451 348 769 792 905 239 605 777 589 85 645 354 589 818 545
0 0 0 0 0 0 0 0 0 0 0 0 0 0 0 0 0 0 0 0 0 0 0 0 0 0 0 0 0 0 0 0 0 0 0 0 0 0 0 0 0 0 0 0 0 0 0 0 0 0 0 0 0 0 0 0 0 0 0 0 0 0 0 0 0 0 0 0 0 0 0 0 0 0 0 0 0 0 0 0 0 0 0 0 0 0 0 0 0 0 0 0 0 0 0 0 0 0 0 0
998 946 765 17 800 118 655 674 770 606 998 578 892 879 995 239 363 969 981 164 276 253 951 329 611 839 479 195 206 356 562 734 224 960 943 391 323 111 111 61 545 354 924 307 230 790 723 517 314 319 24 51 91 706 672 253 997 460 844 114 538 795 488 139 971 247 356 325 259 943 387 170 892 149 196 931 170 302 580 169 435 368 813 973 583 732 890 35 193 131 683 563 759 15 453 992 252 533 714 299
125 898 619 531 995 291 981 406 278 577 694 634 557 748 555 986 737 554 728 210 905 475 416 316 525 868 79 693 698 131 154 947 541 692 948 610 859 677 727 317 718 682 927 903 935 79 320 417 194 991 222 636 790 522 30 3 571 416 226 21 629 538 540 341 694 810 336 295 175 212 512 446 937 285 771 112 466 713 383 192 477 393 784 724 694 472 836 610 471 19 490 778 26 237 571 745 266 158 806 958
0 0 0 0 0 0 0 0 0 0 0 0 0 0 0 0 0 0 0 0 0 0 0 0 0 0 0 0 0 0 0 0 0 0 0 0 0 0 0 0 0 0 0 0 0 0 0 0 0 0 0 0 0 0 0 0 0 0 0 0 0 0 0 0 0 0 0 0 0 0 0 0 0 0 0 0 0 0 0 0 0 0 0 0 0 0 0 0 0 0 0 0 0 0 0 0 0 0 0 0
310 428 928 696 38 982 336 576 264 873 875 712 868 873 900 169 696 16 53 805 143 295 369 812 219 357 599 949 345 510 420 194 500 927 131 227 617 498 928 221 702 867 10 286 548 664 182 480 458 977 796 793 312 718 600 906 896 926 759 830 83 386 594 851 337 591 864 957 942 181 799 41 695 456 143 851 462 176 529 428 103 549 381 87 334 160 674 24 292 422 353 649 35 753 410 630 347 549 682 466
809 507 492 646 174 899 307 71 330 385 915 502 689 830 219 199 948 102 85 400 676 135 327 65 824 118 586 646 81 498 556 394 309 137 899 617 499 302 307 993 819 218 583 509 217 976 844 881 364 310 332 567 948 111 785 276 406 240 284 299 59 719 54 899 792 35 724 816 693 728 552 581 81 978 922 456 71 156 803 654 720 581 518 876 964 966 413 574 501 785 249 168 379 935 727 914 701 627 248 174
0 0 0 0 0 0 0 0 0 0 0 0 0 0 0 0 0 0 0 0 0 0 0 0 0 0 0 0 0 0 0 0 0 0 0 0 0 0 0 0 0 0 0 0 0 0 0 0 0 0 0 0 0 0 0 0 0 0 0 0 0 0 0 0 0 0 0 0 0 0 0 0 0 0 0 0 0 0 0 0 0 0 0 0 0 0 0 0 0 0 0 0 0 0 0 0 0 0 0 0
970 762 16 24 236 204 769 758 523 881 593 806 622 403 209 997 525 732 239 556 671 144 246 916 579 209 322 765 786 547 305 299 247 313 126 96 434 309 898 432 37 897 775 9 289 463 260 692 628 222 163 230 917 685 892 737 887 775 307 640 570 545 179 735 48 334 460 894 185 132 633 325 250 484 425 377 916 125 678 174 825 777 47 549 717 345 209 575 813 445 649 665 667 234 363 807 821 809 238 89
123 675 165 138 379 370 718 211 307 573 819 940 148 696 479 998 102 793 558 921 141 687 133 737 252 980 648 371 182 953 994 757 768 720 803 76 142 548 86 305 583 309 887 439 81 763 809 577 361 49 203 187 172 503 579 430 24 770 786 447 939 98 501 908 243 299 683 527 566 963 296 272 187 694 281 523 302 998 331 640 634 40 547 102 93 201 294 597 99 702 225 749 131 215 475 434 869 798 709 718
0 0 0 0 0 0 0 0 0 0 0 0 0 0 0 0 0 0 0 0 0 0 0 0 0 0 0 0 0 0 0 0 0 0 0 0 0 0 0 0 0 0 0 0 0 0 0 0 0 0 0 0 0 0 0 0 0 0 0 0 0 0 0 0 0 0 0 0 0 0 0 0 0 0 0 0 0 0 0 0 0 0 0 0 0 0 0 0 0 0 0 0 0 0 0 0 0 0 0 0
748 968 368 755 5 942 24 936 385 712 119 58 469 932 951 456 992 437 253 723 957 372 801 687 969 792 509 138 613 118 382 615 447 126 946 260 983 804 291 580 822 886 50 883 762 529 208 985 883 283 36 422 328 891 735 651 866 976 941 590 362 790 557 222 488 699 649 966 274 334 594 763 980 212 817 566 679 3 132 867 989 287 391 909 369 2 423 544 554 25 197 207 420 30 150 837 563 784 709 126
640 455 189 200 571 154 427 440 251 741 722 64 550 832 331 228 602 244 180 229 432 460 402 107 612 199 602 988 47 195 460 821 55 875 676 936 968 5 390 422 168 236 322 440 482 224 360 423 322 45 471 1 665 504 82 593 427 55 576 236 749 384 402 93 26 180 897 189 337 146 164 637 608 829 956 253 582 522 394 377 441 164 809 293 747 901 942 807 265 262 518 367 498 360 867 720 995 113 851 751
0 0 0 0 0 0 0 0 0 0 0 0 0 0 0 0 0 0 0 0 0 0 0 0 0 0 0 0 0 0 0 0 0 0 0 0 0 0 0 0 0 0 0 0 0 0 0 0 0 0 0 0 0 0 0 0 0 0 0 0 0 0 0 0 0 0 0 0 0 0 0 0 0 0 0 0 0 0 0 0 0 0 0 0 0 0 0 0 0 0 0 0 0 0 0 0 0 0 0 0
722 144 155 245 113 918 457 596 457 75 372 62 666 364 728 264 278 50 721 431 333 623 746 736 863 222 902 759 415 600 901 793 388 275 557 423 234 690 204 630 296 784 490 829 521 845 385 472 263 406 973 287 966 934 131 923 88 149 88 890 981 427 876 645 96 803 179 146 940 563 964 37 492 877 103 953 227 806 527 799 75 748 670 416 306 911 800 980 117 584 138 636 100 867 137 178 473 835 824 498
388 488 609 302 616 653 416 210 266 146 616 490 695 184 288 85 444 212 206 640 637 603 802 792 247 488 628 802 147 680 804 577 829 721 114 908 362 477 300 235 427 791 190 609 378 315 899 837 243 388 149 118 609 231 405 187 244 391 760 710 35 2 438 77 972 662 644 796 899 499 330 71 511 965 4 457 210 81 349 970 61 311 239 775 391 821 328 931 601 946 989 361 234 43 614 272 484 376 514 894
0 0 0 0 0 0 0 0 0 0 0 0 0 0 0 0 0 0 0 0 0 0 0 0 0 0 0 0 0 0 0 0 0 0 0 0 0 0 0 0 0 0 0 0 0 0 0 0 0 0 0 0 0 0 0 0 0 0 0 0 0 0 0 0 0 0 0 0 0 0 0 0 0 0 0 0 0 0 0 0 0 0 0 0 0 0 0 0 0 0 0 0 0 0 0 0 0 0 0 0
77 959 932 277 970 38 984 283 20 574 629 26 514 349 764 374 755 376 517 996 742 973 261 824 901 467 784 271 256 336 69 986 913 756 70 719 690 38 90 298 74 476 262 927 77 690 25 586 396 334 263 391 943 481 634 819 318 280 468 497 459 910 361 164 938 799 392 866 811 332 225 312 723 443 679 133 804 266 941 866 995 10 530 775 349 814 865 160 342 693 661 384 637 451 646 733 359 432 574 736
29 181 165 949 606 788 540 333 611 982 206 317 855 407 648 6 500 478 751 418 178 284 156 402 405 195 107 782 793 282 441 56 247 854 903 544 148 298 375 481 914 294 127 953 467 251 626 691 266 179 116 320 598 165 443 342 153 622 446 526 650 858 247 277 267 947 503 803 589 928 305 958 653 408 911 944 737 119 144 483 315 706 899 932 21 656 809 984 854 754 57 373 15 400 84 784 522 436 629 895
0 0 0 0 0 0 0 0 0 0 0 0 0 0 0 0 0 0 0 0 0 0 0 0 0 0 0 0 0 0 0 0 0 0 0 0 0 0 0 0 0 0 0 0 0 0 0 0 0 0 0 0 0 0 0 0 0 0 0 0 0 0 0 0 0 0 0 0 0 0 0 0 0 0 0 0 0 0 0 0 0 0 0 0 0 0 0 0 0 0 0 0 0 0 0 0 0 0 0 0
750 591 930 46 164 542 187 76 573 766 56 518 29 583 728 409 465 56 340 832 664 425 341 313 467 831 835 52 40 346 14 569 159 278 183 992 44 470 995 249 215 576 408 544 295 433 28 556 494 376 431 624 328 377 753 192 269 647 979 284 784 438 749 423 189 110 872 507 869 722 470 732 563 602 158 922 235 976 641 655 754 365 193 743 215 746 692 172 193 166 965 375 697 186 450 632 324 206 518 896
270 809 289 308 791 985 827 48 835 8 540 209 935 781 937 217 711 79 87 961 850 407 24 676 899 874 613 27 566 882 392 378 554 544 363 511 744 289 132 881 515 806 467 327 244 57 994 2 641 390 427 220 626 849 549 311 937 279 407 424 176 422 120 109 469 122 674 898 90 228 714 467 165 212 262 896 432 243 141 791 416 802 750 987 872 58 204 747 178 838 490 936 915 859 81 861 31 181 517 796
0 0 0 0 0 0 0 0 0 0 0 0 0 0 0 0 0 0 0 0 0 0 0 0 0 0 0 0 0 0 0 0 0 0 0 0 0 0 0 0 0 0 0 0 0 0 0 0 0 0 0 0 0 0 0 0 0 0 0 0 0 0 0 0 0 0 0 0 0 0 0 0 0 0 0 0 0 0 0 0 0 0 0 0 0 0 0 0 0 0 0 0 0 0 0 0 0 0 0 0
621 140 908 863 555 190 594 509 981 455 478 120 357 244 314 367 869 271 144 758 950 377 461 551 580 576 20 614 817 428 294 210 700 474 668 487 310 968 980 96 385 560 261 829 591 995 397 413 505 634 934 648 238 920 931 110 628 483 477 661 257 267 837 486 536 31 313 829 718 814 809 379 328 145 307 448 448 722 995 64 693 81 389 518 499 673 744 257 678 278 294 192 815 695 708 104 173 949 418 693
899 314 467 670 312 711 420 800 665 816 564 180 682 253 93 335 857 407 228 322 903 499 712 763 63 684 10 206 145 726 708 623 489 392 321 564 174 900 648 689 139 809 512 53 94 853 316 760 716 908 301 159 428 61 197 675 364 293 620 943 374 690 702 407 165 971 904 307 962 180 410 690 652 475 371 105 950 835 363 71 793 694 927 167 865 771 613 269 41 349 981 168 515 132 63 817 891 517 749 656
0 0 0 0 0 0 0 0 0 0 0 0 0 0 0 0 0 0 0 0 0 0 0 0 0 0 0 0 0 0 0 0 0 0 0 0 0 0 0 0 0 0 0 0 0 0 0 0 0 0 0 0 0 0 0 0 0 0 0 0 0 0 0 0 0 0 0 0 0 0 0 0 0 0 0 0 0 0 0 0 0 0 0 0 0 0 0 0 0 0 0 0 0 0 0 0 0 0 0 0
459 346 887 272 6 302 874 132 539 17 915 185 389 65 154 448 714 778 741 131 87 274 262 315 125 442 111 9 556 803 825 177 759 701 494 597 314 960 685 569 654 340 122 304 58 84 42 814 294 827 87 307 407 381 79 223 674 687 99 437 15 734 559 143 292 601 49 378 393 154 930 102 518 606 449 642 934 814 242 132 259 28 310 589 231 460 700 430 763 688 756 155 554 484 404 488 188 362 338 548
607 564 946 684 991 25 299 712 626 406 531 316 136 836 576 710 996 591 540 231 104 793 346 656 454 680 526 990 921 153 856 76 753 382 59 578 207 914 360 835 801 456 860 136 471 507 142 345 943 979 975 598 946 3 942 96 197 307 377 493 680 468 308 350 513 419 303 248 828 643 536 521 807 686 867 720 318 543 77 247 730 14 245 486 478 639 117 739 142 722 200 926 874 51 990 116 123 550 226 252
0 0 0 0 0 0 0 0 0 0 0 0 0 0 0 0 0 0 0 0 0 0 0 0 0 0 0 0 0 0 0 0 0 0 0 0 0 0 0 0 0 0 0 0 0 0 0 0 0 0 0 0 0 0 0 0 0 0 0 0 0 0 0 0 0 0 0 0 0 0 0 0 0 0 0 0 0 0 0 0 0 0 0 0 0 0 0 0 0 0 0 0 0 0 0 0 0 0 0 0
229 315 65 959 876 373 850 619 695 705 879 403 673 266 665 688 55 48 998 921 852 379 511 690 511 356 500 550 819 351 500 476 852 420 380 601 912 562 582 872 303 54 599 636 393 915 666 307 814 380 966 745 974 764 745 53 481 716 467 261 3 306 81 210 318 379 339 987 924 193 705 334 313 337 705 267 631 881 910 406 756 990 253 66 681 704 109 690 413 751 938 38 524 69 510 199 109 927 70 919
615 940 57 525 179 529 404 182 612 214 145 127 500 267 703 456 485 11 750 296 449 696 209 402 439 897 176 32 1 501 789 837 687 170 440 370 671 158 48 153 148 473 880 832 192 907 831 791 880 688 495 932 454 705 94 104 865 413 841 252 647 245 859 472 274 408 901 111 510 593 986 990 23 74 501 673 825 161 574 217 742 616 927 58 537 85 401 351 510 177 457 892 241 546 216 904 675 184 134 873
0 0 0 0 0 0 0 0 0 0 0 0 0 0 0 0 0 0 0 0 0 0 0 0 0 0 0 0 0 0 0 0 0 0 0 0 0 0 0 0 0 0 0 0 0 0 0 0 0 0 0 0 0 0 0 0 0 0 0 0 0 0 0 0 0 0 0 0 0 0 0 0 0 0 0 0 0 0 0 0 0 0 0 0 0 0 0 0 0 0 0 0 0 0 0 0 0 0 0 0
535 798 615 99 260 284 711 731 548 55 673 325 143 55 171 401 322 231 974 419 958 996 506 826 785 653 17 494 534 350 228 712 453 687 967 320 762 614 419 555 453 970 605 658 973 585 698 957 286 239 575 759 268 95 319 795 318 295 975 214 381 242 809 961 389 500 172 387 25 3 329 320 578 939 349 411 451 617 714 685 648 209 436 150 352 51 364 587 755 973 914 831 530 512 708 482 444 261 660 551
74 347 532 244 676 716 583 316 818 814 815 263 523 778 999 224 276 182 827 882 676 72 540 515 734 132 708 356 778 356 121 488 537 26 761 755 630 833 230 112 509 596 168 1000 955 848 922 216 167 553 908 570 268 42 816 32 579 51 817 942 253 359 637 439 385 7 702 197 398 832 428 368 532 873 560 562 383 32 7 260 571 23 729 135 846 53 18 331 799 512 585 567 66 571 111 108 978 900 190 585
0 0 0 0 0 0 0 0 0 0 0 0 0 0 0 0 0 0 0 0 0 0 0 0 0 0 0 0 0 0 0 0 0 0 0 0 0 0 0 0 0 0 0 0 0 0 0 0 0 0 0 0 0 0 0 0 0 0 0 0 0 0 0 0 0 0 0 0 0 0 0 0 0 0 0 0 0 0 0 0 0 0 0 0 0 0 0 0 0 0 0 0 0 0 0 0 0 0 0 0
856 463 716 713 713 60 195 862 954 122 322 458 296 253 305 133 58 594 743 442 761 458 864 180 457 46 298 849 424 23 202 561 307 546 270 313 196 306 830 217 391 67 756 987 450 311 391 726 598 90 762 804 896 252 999 306 499 727 351 97 229 65 693 988 98 872 104 23 271 913 698 5 256 595 901 264 260 379 208 159 382 489 493 731 687 430 797 631 591 973 627 413 618 744 131 902 631 469 553 258
44 33 628 54 217 401 356 618 836 55 514 973 928 420 887 417 217 989 787 994 417 865 781 350 605 202 587 473 680 386 375 751 213 765 991 773 934 641 927 513 423 197 69 167 403 372 526 301 181 929 53 932 641 466 407 838 912 475 717 356 308 217 450 489 748 902 85 846 35 820 554 47 135 972 611 742 513 691 853 749 428 149 950 84 786 909 287 678 381 812 426 159 318 657 125 832 637 619 361 208
0 0 0 0 0 0 0 0 0 0 0 0 0 0 0 0 0 0 0 0 0 0 0 0 0 0 0 0 0 0 0 0 0 0 0 0 0 0 0 0 0 0 0 0 0 0 0 0 0 0 0 0 0 0 0 0 0 0 0 0 0 0 0 0 0 0 0 0 0 0 0 0 0 0 0 0 0 0 0 0 0 0 0 0 0 0 0 0 0 0 0 0 0 0 0 0 0 0 0 0
317 574 883 925 577 674 583 572 504 964 437 781 110 927 564 77 724 590 410 12 641 576 379 252 904 350 517 573 881 414 3 453 100 867 28 339 370 569 458 769 234 835 510 584 273 287 209 355 675 244 111 858 371 605 324 72 776 737 452 553 309 837 514 744 647 701 839 795 238 282 950 1 657 132 47 252 665 213 265 517 422 132 115 86 120 739 23 414 378 6 359 866 13 506 60 600 710 732 543 512
778 585 42 702 680 772 374 582 881 15 720 496 115 443 815 731 928 383 619 506 661 928 699 821 433 43 416 159 967 273 868 606 893 730 232 776 801 186 27 779 647 543 899 247 54 847 249 972 63 377 374 224 959 108 335 887 495 80 993 368 609 311 51 348 682 807 491 381 174 310 767 70 221 809 887 883 175 139 277 116 204 502 727 884 564 757 595 319 768 698 829 733 366 182 122 53 173 532 179 785
0 0 0 0 0 0 0 0 0 0 0 0 0 0 0 0 0 0 0 0 0 0 0 0 0 0 0 0 0 0 0 0 0 0 0 0 0 0 0 0 0 0 0 0 0 0 0 0 0 0 0 0 0 0 0 0 0 0 0 0 0 0 0 0 0 0 0 0 0 0 0 0 0 0 0 0 0 0 0 0 0 0 0 0 0 0 0 0 0 0 0 0 0 0 0 0 0 0 0 0
350 102 735 206 387 496 395 897 157 80 242 699 908 96 720 176 55 412 566 734 127 130 254 632 383 602 594 232 103 481 117 915 433 521 439 440 186 53 976 715 366 109 103 445 207 664 516 297 870 406 982 684 763 426 241 542 762 705 277 598 330 935 699 936 43 241 340 982 390 728 43 940 146 625 784 742 935 619 658 846 615 386 716 382 635 985 494 959 309 918 729 63 505 740 493 797 794 632 237 565
719 35 210 784 137 798 17 961 128 858 265 39 864 26 100 300 502 31 33 991 236 306 938 6 715 375 722 503 192 330 7 206 809 355 119 48 901 245 873 587 99 676 51 49 538 823 463 623 895 270 509 283 730 334 758 971 913 23 628 1 271 664 128 502 484 126 468 357 683 576 43 220 529 324 292 990 154 118 300 801 703 852 138 321 531 565 260 266 745 820 867 695 434 260 768 767 884 494 26 739
0 0 0 0 0 0 0 0 0 0 0 0 0 0 0 0 0 0 0 0 0 0 0 0 0 0 0 0 0 0 0 0 0 0 0 0 0 0 0 0 0 0 0 0 0 0 0 0 0 0 0 0 0 0 0 0 0 0 0 0 0 0 0 0 0 0 0 0 0 0 0 0 0 0 0 0 0 0 0 0 0 0 0 0 0 0 0 0 0 0 0 0 0 0 0 0 0 0 0 0
460 777 596 552 851 73 187 580 14 967 281 441 509 439 674 992 740 744 473 546 370 203 107 695 812 432 708 978 278 326 850 205 947 154 745 632 338 383 407 848 661 268 964 384 922 640 229 166 174 500 104 188 214 652 310 263 79 34 20 633 160 957 805 291 629 18 734 310 927 911 768 634 63 416 604 266 354 315 901 723 845 269 340 274 612 557 355 256 18 667 477 372 371 325 685 725 220 947 90 655
325 507 284 816 933 866 660 403 596 181 273 229 540 786 458 180 291 624 503 735 862 238 560 953 100 762 170 42 920 444 816 627 651 357 336 566 935 328 898 75 138 166 446 12 524 415 116 613 286 41 516 629 682 244 853 41 373 515 777 171 502 831 324 360 512 680 584 648 235 13 673 998 168 992 687 451 830 928 445 384 23 760 758 898 51 646 147 133 772 874 274 683 958 675 73 660 979 346 16 55
0 0 0 0 0 0 0 0 0 0 0 0 0 0 0 0 0 0 0 0 0 0 0 0 0 0 0 0 0 0 0 0 0 0 0 0 0 0 0 0 0 0 0 0 0 0 0 0 0 0 0 0 0 0 0 0 0 0 0 0 0 0 0 0 0 0 0 0 0 0 0 0 0 0 0 0 0 0 0 0 0 0 0 0 0 0 0 0 0 0 0 0 0 0 0 0 0 0 0 0
783 535 151 385 922 70 110 911 643 995 588 833 539 698 570 31 555 473 433 402 786 903 59 510 873 515 172 821 644 147 507 217 12 346 295 90 766 914 641 796 740 243 689 73 225 310 98 529 147 718 254 162 839 65 607 502 413 588 30 481 850 582 982 148 135 95 36 623 913 11 492 269 99 822 302 682 556 308 969 682 429 87 309 605 490 947 981 749 356 22 160 911 615 281 1 539 680 591 599 257
556 524 223 502 566 59 691 449 549 705 699 413 725 673 534 545 820 509 397 550 670 172 308 897 504 441 941 585 591 772 585 274 24 950 500 346 97 797 312 672 131 121 987 128 753 378 6 261 788 361 466 49 435 760 904 794 548 981 572 422 492 374 239 70 177 261 826 473 661 131 993 872 268 78 363 3 308 29 617 174 637 287 393 814 977 781 921 639 636 721 608 573 150 725 257 688 603 91 129 118
0 0 0 0 0 0 0 0 0 0 0 0 0 0 0 0 0 0 0 0 0 0 0 0 0 0 0 0 0 0 0 0 0 0 0 0 0 0 0 0 0 0 0 0 0 0 0 0 0 0 0 0 0 0 0 0 0 0 0 0 0 0 0 0 0 0 0 0 0 0 0 0 0 0 0 0 0 0 0 0 0 0 0 0 0 0 0 0 0 0 0 0 0 0 0 0 0 0 0 0
140 720 651 734 993 324 761 308 302 2 25 627 470 710 738 309 10 269 889 817 588 905 807 727 771 226 881 893 493 175 241 344 338 979 303 675 437 381 148 904 928 723 573 52 725 349 600 3 804 77 731 115 978 305 673 67 218 629 653 166 314 297 599 728 244 843 619 187 160 415 820 625 1 169 414 458 439 461 63 761 395 16 934 80 490 527 642 273 765 304 606 407 435 756 545 788 633 836 631 476
648 822 971 774 531 353 393 661 395 665 532 152 235 295 763 487 996 384 679 1000 784 865 807 483 977 105 33 925 281 451 362 885 474 278 522 408 971 570 358 185 429 400 450 218 896 735 686 354 972 240 515 518 839 436 864 261 964 842 22 238 561 372 386 246 37 100 700 745 671 574 255 621 930 699 525 819 314 566 874 518 121 452 175 67 59 536 152 976 290 776 347 889 317 177 762 969 37 259 446 59
0 0 0 0 0 0 0 0 0 0 0 0 0 0 0 0 0 0 0 0 0 0 0 0 0 0 0 0 0 0 0 0 0 0 0 0 0 0 0 0 0 0 0 0 0 0 0 0 0 0 0 0 0 0 0 0 0 0 0 0 0 0 0 0 0 0 0 0 0 0 0 0 0 0 0 0 0 0 0 0 0 0 0 0 0 0 0 0 0 0 0 0 0 0 0 0 0 0 0 0
454 149 184 456 370 679 753 819 355 635 288 134 102 58 463 25 581 167 374 191 511 468 546 299 514 183 431 583 6 519 937 688 624 612 988 251 890 461 988 236 584 242 820 312 182 944 842 292 68 295 332 591 3 672 567 716 263 178 527 74 232 899 383 103 39 652 567 865 162 201 346 674 356 171 837 965 374 499 296 379 814 228 816 663 653 231 102 144 338 859 720 587 124 361 829 681 314 414 457 109
21 284 63 384 14 694 117 710 172 475 291 838 869 791 193 485 892 632 779 469 402 676 275 272 877 192 157 404 538 454 894 104 253 712 568 594 371 285 301 270 632 340 229 401 967 488 913 975 326 959 645 937 105 335 156 371 646 799 706 689 77 770 340 264 657 311 550 185 383 383 217 441 154 529 946 329 194 966 639 971 954 347 882 745 957 142 129 318 665 234 236 328 441 361 817 810 487 563 371 347
0 0 0 0 0 0 0 0 0 0 0 0 0 0 0 0 0 0 0 0 0 0 0 0 0 0 0 0 0 0 0 0 0 0 0 0 0 0 0 0 0 0 0 0 0 0 0 0 0 0 0 0 0 0 0 0 0 0 0 0 0 0 0 0 0 0 0 0 0 0 0 0 0 0 0 0 0 0 0 0 0 0 0 0 0 0 0 0 0 0 0 0 0 0 0 0 0 0 0 0
860 927 251 835 235 754 801 89 145 508 962 482 94 127 15 535 963 6 463 178 332 653 712 972 426 529 587 431 123 952 893 280 664 63 307 399 724 41 477 651 659 979 588 764 717 627 901 279 697 196 704 765 66 845 125 830 600 223 600 130 19 480 388 400 663 578 10 573 710 648 102 857 745 922 413 325 127 466 56 444 747 393 696 847 29 774 562 642 910 218 534 85 451 499 358 486 953 716 364 97
471 40 103 972 17 400 176 130 951 477 706 454 960 857 291 752 532 94 131 364 699 524 534 469 938 593 960 560 15 368 5 654 263 921 930 649 340 96 83 403 655 938 90 43 221 337 480 949 75 673 188 556 129 370 493 957 209 620 817 109 890 70 339 203 202 15 582 655 64 242 713 137 194 761 168 232 925 860 55 407 915 473 779 848 554 563 933 699 986 506 907 699 337 455 833 574 51 242 595 622
0 0 0 0 0 0 0 0 0 0 0 0 0 0 0 0 0 0 0 0 0 0 0 0 0 0 0 0 0 0 0 0 0 0 0 0 0 0 0 0 0 0 0 0 0 0 0 0 0 0 0 0 0 0 0 0 0 0 0 0 0 0 0 0 0 0 0 0 0 0 0 0 0 0 0 0 0 0 0 0 0 0 0 0 0 0 0 0 0 0 0 0 0 0 0 0 0 0 0 0
804 884 28 996 638 887 76 707 283 782 906 822 551 485 126 874 22 480 619 435 337 488 87 806 503 842 363 275 326 110 444 278 814 58 560 18 449 285 20 478 702 141 182 797 991 318 976 664 891 662 978 713 728 77 319 988 376 983 265 327 480 70 622 544 988 351 19 313 932 456 640 569 552 783 455 801 391 125 827 410 932 265 600 754 448 9 930 304 383 871 485 451 971 681 372 636 210 373 235 885
365 618 979 713 49 87 357 850 159 301 3 881 507 738 301 611 312 83 609 759 603 382 373 716 847 528 547 118 169 905 968 289 953 285 245 631 768 461 155 941 474 970 771 875 216 195 85 54 179 344 855 882 541 519 907 390 215 376 184 349 961 296 208 98 317 982 497 275 127 957 818 365 134 408 724 655 230 14 341 286 633 359 360 525 884 138 156 206 376 457 495 860 923 485 180 582 450 724 23 156
0 0 0 0 0 0 0 0 0 0 0 0 0 0 0 0 0 0 0 0 0 0 0 0 0 0 0 0 0 0 0 0 0 0 0 0 0 0 0 0 0 0 0 0 0 0 0 0 0 0 0 0 0 0 0 0 0 0 0 0 0 0 0 0 0 0 0 0 0 0 0 0 0 0 0 0 0 0 0 0 0 0 0 0 0 0 0 0 0 0 0 0 0 0 0 0 0 0 0 0
918 445 952 6 376 447 272 948 181 228 852 726 477 17 727 882 259 125 99 1 322 31 484 98 701 326 402 181 976 958 282 349 315 227 820 319 63 157 97 733 529 577 16 151 557 660 703 492 905 836 676 933 145 276 200 331 750 300 803 390 500 399 808 795 272 877 791 813 24 969 386 513 183 778 977 277 877 589 904 780 127 25 83 501 771 418 801 361 284 401 951 229 330 365 532 49 529 199 398 687
491 704 501 754 133 745 766 821 979 928 549 605 201 413 525 202 516 273 910 113 890 3 542 819 130 432 521 354 31 69 845 686 362 729 766 137 813 543 171 705 454 17 5 555 229 306 189 867 880 605 293 614 267 140 555 270 520 489 802 106 437 357 810 242 460 748 167 547 83 587 59 267 721 765 216 613 105 519 680 99 169 416 895 172 131 42 219 72 982 981 329 960 827 485 358 815 714 806 826 940
0 0 0 0 0 0 0 0 0 0 0 0 0 0 0 0 0 0 0 0 0 0 0 0 0 0 0 0 0 0 0 0 0 0 0 0 0 0 0 0 0 0 0 0 0 0 0 0 0 0 0 0 0 0 0 0 0 0 0 0 0 0 0 0 0 0 0 0 0 0 0 0 0 0 0 0 0 0 0 0 0 0 0 0 0 0 0 0 0 0 0 0 0 0 0 0 0 0 0 0
600 909 851 776 678 365 689 504 542 407 717 204 386 696 485 733 103 742 575 406 696 683 64 218 841 643 207 214 620 320 460 180 464 764 931 153 919 886 615 933 750 743 45 121 778 402 174 928 280 808 804 408 459 829 147 628 177 80 223 497 919 865 827 233 222 935 206 182 840 165 630 132 800 201 995 865 740 417 669 988 25 188 853 81 114 446 552 86 238 58 934 163 1 168 818 773 877 343 247 53
35 503 3 612 395 727 264 946 537 787 770 145 6 11 261 543 291 452 766 645 207 357 131 895 298 487 495 678 657 179 143 183 408 777 842 523 481 450 814 506 729 682 455 689 594 497 184 573 113 939 808 738 52 206 105 146 663 822 299 64 753 7 625 978 631 827 833 440 842 962 61 506 491 679 71 325 102 627 152 712 788 203 227 509 336 238 993 10 529 920 525 775 296 655 897 168 986 390 567 306
0 0 0 0 0 0 0 0 0 0 0 0 0 0 0 0 0 0 0 0 0 0 0 0 0 0 0 0 0 0 0 0 0 0 0 0 0 0 0 0 0 0 0 0 0 0 0 0 0 0 0 0 0 0 0 0 0 0 0 0 0 0 0 0 0 0 0 0 0 0 0 0 0 0 0 0 0 0 0 0 0 0 0 0 0 0 0 0 0 0 0 0 0 0 0 0 0 0 0 0
578 226 823 538 211 97 777 892 698 352 911 370 777 558 721 371 681 977 475 218 853 808 110 589 943 741 817 134 833 700 839 68 439 310 777 450 661 294 143 862 733 15 977 345 875 88 46 47 262 835 149 670 225 60 820 368 533 606 233 374 64 460 466 527 159 278 875 341 562 122 177 506 792 773 196 967 936 106 513 196 698 299 287 374 504 897 306 385 552 469 88 899 673 28 612 645 602 417 595 288
499 761 58 142 853 524 270 430 149 632 318 19 460 769 34 658 162 596 879 648 482 816 675 447 945 21 491 343 425 931 916 878 153 234 985 72 391 67 913 986 989 905 578 913 231 198 694 672 85 638 559 25 311 519 807 208 205 363 462 904 150 471 839 375 754 844 964 45 935 571 458 865 166 176 895 65 27 244 83 738 661 684 152 650 107 260 782 146 333 747 432 354 396 611 279 42 98 401 975 620
0 0 0 0 0 0 0 0 0 0 0 0 0 0 0 0 0 0 0 0 0 0 0 0 0 0 0 0 0 0 0 0 0 0 0 0 0 0 0 0 0 0 0 0 0 0 0 0 0 0 0 0 0 0 0 0 0 0 0 0 0 0 0 0 0 0 0 0 0 0 0 0 0 0 0 0 0 0 0 0 0 0 0 0 0 0 0 0 0 0 0 0 0 0 0 0 0 0 0 0
918 302 531 902 961 918 539 743 523 217 966 921 970 178 835 742 319 406 806 851 672 624 664 266 461 176 49 494 689 820 307 240 334 437 508 349 431 416 347 4 906 7 365 807 55 538 289 106 22 986 74 304 694 391 703 284 657 349 899 466 750 651 633 800 158 204 146 792 606 839 991 121 827 359 324 822 408 935 68 509 133 119 10 385 187 11 481 349 436 558 203 896 958 562 870 578 392 27 768 348
660 136 343 579 60 259 960 338 510 114 148 221 601 948 924 206 243 229 676 699 569 39 728 70 695 913 175 750 600 787 837 657 942 166 692 260 146 609 456 200 655 715 941 243 714 551 262 410 318 55 915 811 112 812 687 687 28 464 47 916 927 73 102 898 943 200 133 899 582 586 778 215 140 414 102 63 919 972 199 74 597 791 802 850 871 51 367 153 351 673 96 314 263 168 347 931 12 829 70 68
0 0 0 0 0 0 0 0 0 0 0 0 0 0 0 0 0 0 0 0 0 0 0 0 0 0 0 0 0 0 0 0 0 0 0 0 0 0 0 0 0 0 0 0 0 0 0 0 0 0 0 0 0 0 0 0 0 0 0 0 0 0 0 0 0 0 0 0 0 0 0 0 0 0 0 0 0 0 0 0 0 0 0 0 0 0 0 0 0 0 0 0 0 0 0 0 0 0 0 0
497 682 667 175 897 47 933 714 911 946 656 373 635 74 818 291 741 749 1000 629 570 997 297 408 960 718 565 375 218 882 562 580 221 270 2 187 689 487 809 909 655 412 446 417 427 323 627 482 264 692 331 278 153 150 791 620 830 490 671 506 699 588 244 366 725 88 351 592 209 345 282 132 25 863 769 800 150 503 705 351 269 391 476 67 89 944 404 438 496 460 58 975 872 924 805 235 368 669 644 382
414 472 795 495 675 283 650 398 262 207 229 603 853 404 740 507 287 328 757 314 545 485 707 432 36 938 506 81 767 493 939 652 46 878 760 380 853 229 259 416 618 115 456 576 551 351 234 965 267 155 159 482 625 356 208 340 7 287 973 4 981 430 755 637 881 475 753 563 206 405 785 275 607 376 266 515 89 270 857 773 832 506 822 360 538 749 733 956 943 510 333 989 863 424 85 895 984 580 959 915
0 0 0 0 0 0 0 0 0 0 0 0 0 0 0 0 0 0 0 0 0 0 0 0 0 0 0 0 0 0 0 0 0 0 0 0 0 0 0 0 0 0 0 0 0 0 0 0 0 0 0 0 0 0 0 0 0 0 0 0 0 0 0 0 0 0 0 0 0 0 0 0 0 0 0 0 0 0 0 0 0 0 0 0 0 0 0 0 0 0 0 0 0 0 0 0 0 0 0 0
22 908 676 509 44 68 334 51 839 1 112 902 762 210 262 623 53 722 939 487 897 175 218 600 250 525 371 158 686 529 711 652 967 789 957 644 328 610 951 211 169 569 176 475 202 878 550 876 765 863 478 337 655 22 151 158 621 85 713 69 630 449 180 477 978 543 72 514 202 473 641 584 602 267 177 428 206 896 183 572 198 439 360 28 490 257 700 896 126 702 247 99 595 968 848 822 9 694 288 279
972 407 793 195 325 588 237 317 54 996 636 664 624 481 812 571 663 342 339 420 855 504 823 949 296 540 218 987 987 944 986 665 864 40 37 425 324 896 974 431 337 299 8 277 302 281 657 483 409 470 657 641 938 382 962 844 639 26 976 812 173 328 857 402 151 657 10 573 653 763 773 970 425 338 121 706 700 136 656 333 212 397 701 516 674 785 124 811 531 616 122 982 635 711 406 326 938 568 836 421
0 0 0 0 0 0 0 0 0 0 0 0 0 0 0 0 0 0 0 0 0 0 0 0 0 0 0 0 0 0 0 0 0 0 0 0 0 0 0 0 0 0 0 0 0 0 0 0 0 0 0 0 0 0 0 0 0 0 0 0 0 0 0 0 0 0 0 0 0 0 0 0 0 0 0 0 0 0 0 0 0 0 0 0 0 0 0 0 0 0 0 0 0 0 0 0 0 0 0 0
2 227 319 641 343 598 158 131 813 741 423 957 690 108 736 796 560 303 321 770 632 650 724 470 88 986 10 517 572 726 998 285 684 128 553 295 638 811 883 436 949 505 401 1000 691 88 164 332 939 191 471 708 6 285 400 314 575 838 633 351 186 947 637 352 128 640 808 93 461 710 476 647 968 685 541 263 575 284 769 211 689 513 217 872 860 479 258 183 773 368 422 861 594 379 182 226 705 928 311 181
120 855 333 750 278 306 523 105 730 756 480 886 606 416 409 419 793 395 878 687 145 708 888 543 406 547 926 981 788 767 41 11 462 194 511 490 736 674 273 476 141 737 610 425 139 657 540 166 580 116 103 833 520 253 396 862 969 454 951 799 419 398 369 638 358 92 611 252 769 8 615 524 494 823 154 355 634 217 213 551 375 17 741 979 362 225 952 37 762 284 622 185 897 236 1000 961 68 393 595 729
0 0 0 0 0 0 0 0 0 0 0 0 0 0 0 0 0 0 0 0 0 0 0 0 0 0 0 0 0 0 0 0 0 0 0 0 0 0 0 0 0 0 0 0 0 0 0 0 0 0 0 0 0 0 0 0 0 0 0 0 0 0 0 0 0 0 0 0 0 0 0 0 0 0 0 0 0 0 0 0 0 0 0 0 0 0 0 0 0 0 0 0 0 0 0 0 0 0 0 0
53 2 577 954 472 340 130 904 46 636 528 395 752 159 521 705 290 828 561 299 930 382 201 947 167 552 74 121 923 372 814 824 965 336 957 232 457 625 799 524 986 434 717 989 72 143 981 570 467 973 816 478 853 811 733 802 564 960 931 869 438 292 940 949 119 553 793 897 155 187 581 17 519 840 215 946 462 993 380 543 405 988 921 87 853 190 805 485 835 633 985 158 512 731 390 327 789 316 350 519
175 46 765 474 509 501 819 793 429 105 360 655 712 605 228 613 916 101 745 161 552 204 632 908 260 124 959 779 784 197 207 361 385 969 674 820 959 109 114 884 10 440 293 522 280 576 12 733 230 243 432 288 213 599 414 543 520 996 702 160 916 867 461 77 593 596 609 717 558 257 90 352 474 764 649 159 8 908 736 784 668 547 405 314 423 776 297 698 905 276 310 804 854 897 695 853 108 423 719 532
0 0 0 0 0 0 0 0 0 0 0 0 0 0 0 0 0 0 0 0 0 0 0 0 0 0 0 0 0 0 0 0 0 0 0 0 0 0 0 0 0 0 0 0 0 0 0 0 0 0 0 0 0 0 0 0 0 0 0 0 0 0 0 0 0 0 0 0 0 0 0 0 0 0 0 0 0 0 0 0 0 0 0 0 0 0 0 0 0 0 0 0 0 0 0 0 0 0 0 0
669 279 624 85 210 368 164 800 283 930 575 135 802 516 638 521 917 1000 638 164 280 632 456 471 801 629 577 760 861 867 33 172 109 116 709 841 179 876 764 346 55 530 757 593 864 526 749 485 659 621 769 426 167 120 649 796 489 391 558 227 664 45 912 724 987 280 965 507 719 933 498 917 682 860 407 640 516 655 623 672 763 329 550 151 102 316 110 776 594 669 670 161 60 603 736 156 282 797 984 890
306 80 405 441 998 776 85 940 917 565 256 964 626 839 520 296 473 123 561 116 404 101 576 472 273 913 179 142 628 59 685 57 235 633 780 487 517 338 917 30 561 763 266 507 464 451 954 159 738 505 113 629 591 692 88 741 435 604 501 527 135 108 462 390 434 1000 576 702 172 624 371 702 536 119 393 390 727 243 902 725 446 713 49 51 934 222 465 441 154 958 391 16 83 554 751 282 710 807 450 596
0 0 0 0 0 0 0 0 0 0 0 0 0 0 0 0 0 0 0 0 0 0 0 0 0 0 0 0 0 0 0 0 0 0 0 0 0 0 0 0 0 0 0 0 0 0 0 0 0 0 0 0 0 0 0 0 0 0 0 0 0 0 0 0 0 0 0 0 0 0 0 0 0 0 0 0 0 0 0 0 0 0 0 0 0 0 0 0 0 0 0 0 0 0 0 0 0 0 0 0
592 621 200 945 463 390 190 442 90 485 825 524 432 84 277 330 55 249 112 38 770 29 829 254 856 686 384 685 990 916 54 155 926 2 30 837 404 579 620 501 254 786 856 646 73 402 128 619 67 917 730 505 837 801 68 698 986 763 699 14 416 251 212 214 583 831 56 287 661 758 872 510 16 483 130 857 534 977 510 6 783 509 950 394 952 911 778 141 72 740 37 931 808 972 298 821 49 873 233 599
173 632 588 913 49 809 592 67 816 129 152 176 91 280 845 979 968 143 365 650 826 962 101 997 993 381 363 867 990 676 620 928 177 587 65 959 156 846 333 891 847 984 797 427 922 154 785 671 589 4 94 745 506 114 242 398 519 721 368 190 181 508 494 538 575 734 99 73 408 320 243 248 82 316 354 331 272 122 22 482 181 699 460 871 954 112 776 43 761 980 278 413 603 754 87 932 466 695 671 730
0 0 0 0 0 0 0 0 0 0 0 0 0 0 0 0 0 0 0 0 0 0 0 0 0 0 0 0 0 0 0 0 0 0 0 0 0 0 0 0 0 0 0 0 0 0 0 0 0 0 0 0 0 0 0 0 0 0 0 0 0 0 0 0 0 0 0 0 0 0 0 0 0 0 0 0 0 0 0 0 0 0 0 0 0 0 0 0 0 0 0 0 0 0 0 0 0 0 0 0
974 167 709 649 56 510 262 65 399 185 841 141 341 292 916 904 376 621 1000 50 443 343 176 927 219 766 270 859 772 402 383 382 467 284 906 358 154 878 753 781 966 757 73 246 195 132 683 114 576 397 201 168 376 262 72 125 131 238 617 815 837 631 35 925 669 745 921 497 87 112 14 994 183 341 407 115 393 948 90 228 476 500 168 688 553 625 719 252 154 357 211 555 522 321 113 283 237 287 866 68
189 104 707 996 6 975 57 673 148 820 768 449 860 179 934 423 944 218 234 920 81 595 148 265 89 698 906 778 267 161 295 155 703 613 240 575 704 112 623 817 4 546 707 329 450 569 956 648 764 687 29 634 706 230 808 931 954 811 839 534 284 211 735 658 217 749 638 238 355 44 731 331 721 825 446 751 529 83 702 84 487 437 1000 723 42 561 449 997 429 697 490 561 658 938 512 952 630 865 523 713
0 0 0 0 0 0 0 0 0 0 0 0 0 0 0 0 0 0 0 0 0 0 0 0 0 0 0 0 0 0 0 0 0 0 0 0 0 0 0 0 0 0 0 0 0 0 0 0 0 0 0 0 0 0 0 0 0 0 0 0 0 0 0 0 0 0 0 0 0 0 0 0 0 0 0 0 0 0 0 0 0 0 0 0 0 0 0 0 0 0 0 0 0 0 0 0 0 0 0 0
263 454 120 58 180 935 174 691 174 585 532 326 581 574 417 460 761 828 545 304 924 768 154 941 595 100 167 600 643 369 377 452 58 451 927 504 807 138 172 626 170 365 953 157 592 598 364 803 414 219 361 460 216 741 91 147 141 770 493 483 550 896 631 367 347 988 995 428 548 687 899 75 972 426 207 72 498 919 713 762 422 708 219 634 839 953 272 474 689 757 590 770 554 708 497 887 40 110 403 64
934 911 686 751 199 489 831 408 96 991 956 102 220 544 877 272 425 528 745 231 111 416 626 180 87 825 903 81 401 479 304 385 939 151 332 548 681 637 438 76 17 858 526 152 407 747 881 97 374 90 331 158 137 844 629 346 335 184 295 495 893 883 791 578 358 309 493 992 916 793 148 796 515 960 903 699 788 122 121 45 596 249 578 688 251 30 477 745 310 104 462 917 253 743 463 453 558 579 870 434
0 0 0 0 0 0 0 0 0 0 0 0 0 0 0 0 0 0 0 0 0 0 0 0 0 0 0 0 0 0 0 0 0 0 0 0 0 0 0 0 0 0 0 0 0 0 0 0 0 0 0 0 0 0 0 0 0 0 0 0 0 0 0 0 0 0 0 0 0 0 0 0 0 0 0 0 0 0 0 0 0 0 0 0 0 0 0 0 0 0 0 0 0 0 0 0 0 0 0 0
400 370 855 710 947 742 961 716 15 633 314 136 682 215 965 922 111 526 774 534 209 425 646 194 731 454 161 968 135 904 895 938 940 354 121 691 522 437 514 501 328 780 50 345 231 567 896 341 676 808 629 368 46 358 843 189 252 947 562 673 899 362 19 391 499 858 308 582 163 549 618 394 991 768 243 68 245 457 984 514 71 138 958 32 184 128 442 816 53 294 742 782 10 387 842 540 719 312 596 347
985 726 835 286 500 31 454 16 327 218 930 336 619 513 573 949 580 637 967 521 503 49 304 202 468 640 546 690 381 427 976 187 494 104 897 390 522 968 343 830 28 224 16 776 296 330 807 298 791 323 91 328 132 339 70 670 561 657 325 924 536 990 777 308 265 491 273 153 566 730 874 133 662 271 182 771 452 953 895 115 713 406 251 152 671 650 59 934 323 838 89 910 673 473 952 282 415 796 504 507
0 0 0 0 0 0 0 0 0 0 0 0 0 0 0 0 0 0 0 0 0 0 0 0 0 0 0 0 0 0 0 0 0 0 0 0 0 0 0 0 0 0 0 0 0 0 0 0 0 0 0 0 0 0 0 0 0 0 0 0 0 0 0 0 0 0 0 0 0 0 0 0 0 0 0 0 0 0 0 0 0 0 0 0 0 0 0 0 0 0 0 0 0 0 0 0 0 0 0 0
670 864 761 886 621 137 438 237 532 76 398 134 196 899 296 825 628 586 505 160 454 52 849 386 713 278 922 263 59 552 618 966 263 932 339 779 338 9 955 946 181 536 422 120 228 881 298 640 623 585 270 39 799 738 398 659 601 913 55 744 815 466 452 243 857 251 330 952 601 799 393 203 171 683 959 994 528 96 262 150 210 65 674 61 940 799 836 58 849 525 7 746 490 255 596 73 673 289 440 80
192 42 742 562 425 916 731 780 75 128 474 698 8 715 612 517 696 355 586 925 687 284 357 6 438 764 383 713 620 453 876 275 379 883 19 439 809 536 100 428 157 425 693 619 698 362 194 732 617 482 850 262 959 778 361 700 832 497 878 978 650 903 339 502 820 10 142 27 240 188 879 884 512 491 933 724 77 428 65 847 561 565 727 853 720 272 865 652 939 177 530 390 584 52 427 523 424 295 275 476
0 0 0 0 0 0 0 0 0 0 0 0 0 0 0 0 0 0 0 0 0 0 0 0 0 0 0 0 0 0 0 0 0 0 0 0 0 0 0 0 0 0 0 0 0 0 0 0 0 0 0 0 0 0 0 0 0 0 0 0 0 0 0 0 0 0 0 0 0 0 0 0 0 0 0 0 0 0 0 0 0 0 0 0 0 0 0 0 0 0 0 0 0 0 0 0 0 0 0 0
732 844 307 286 848 263 126 105 73 886 997 912 745 805 807 605 986 782 787 392 142 826 422 681 403 350 227 101 318 231 315 458 434 294 664 225 791 234 236 47 887 626 953 145 74 965 441 420 685 351 302 919 567 717 547 465 329 313 339 687 916 103 60 162 914 7 517 483 689 967 791 385 318 864 330 6 501 56 375 518 431 260 251 505 502 757 831 687 535 886 980 932 538 483 154 133 800 409 895 323
745 398 779 741 355 841 738 970 910 150 974 740 322 697 965 939 234 10 648 858 292 21 194 294 473 511 793 376 265 729 807 227 547 221 747 980 915 767 592 41 154 423 499 239 568 872 287 781 688 340 784 267 685 576 208 806 307 668 132 183 282 221 413 572 320 654 673 139 284 858 838 741 190 725 690 485 415 33 26 589 643 542 441 543 478 37 609 982 121 435 922 7 800 709 178 157 746 388 277 757
0 0 0 0 0 0 0 0 0 0 0 0 0 0 0 0 0 0 0 0 0 0 0 0 0 0 0 0 0 0 0 0 0 0 0 0 0 0 0 0 0 0 0 0 0 0 0 0 0 0 0 0 0 0 0 0 0 0 0 0 0 0 0 0 0 0 0 0 0 0 0 0 0 0 0 0 0 0 0 0 0 0 0 0 0 0 0 0 0 0 0 0 0 0 0 0 0 0 0 0
113 534 44 377 963 995 333 385 979 18 99 289 136 453 155 808 848 223 705 899 879 485 269 210 767 270 957 163 774 800 571 418 99 610 111 752 508 475 825 244 926 380 69 508 903 581 282 907 546 590 564 850 222 877 217 204 304 369 955 489 65 502 105 754 341 840 491 79 836 443 859 144 407 185 359 984 999 614 30 290 841 675 286 546 921 513 478 691 670 929 507 933 162 35 646 59 301 915 798 576
497 404 567 260 314 974 426 917 392 578 788 23 904 482 330 496 369 205 706 135 943 788 864 236 358 654 737 647 781 584 208 370 791 40 923 988 65 792 278 655 442 834 573 148 528 724 910 579 582 807 637 985 551 3 52 764 731 412 689 488 284 289 872 294 14 846 406 311 165 241 198 354 289 232 454 492 202 946 785 801 617 267 351 126 304 243 26 888 126 502 768 376 821 281 30 214 217 984 376 64
0 0 0 0 0 0 0 0 0 0 0 0 0 0 0 0 0 0 0 0 0 0 0 0 0 0 0 0 0 0 0 0 0 0 0 0 0 0 0 0 0 0 0 0 0 0 0 0 0 0 0 0 0 0 0 0 0 0 0 0 0 0 0 0 0 0 0 0 0 0 0 0 0 0 0 0 0 0 0 0 0 0 0 0 0 0 0 0 0 0 0 0 0 0 0 0 0 0 0 0
64 708 8 692 284 434 480 935 235 348 22 393 56 618 374 326 490 814 916 709 658 905 131 309 910 690 845 9 444 790 431 545 592 749 415 934 484 366 736 6 750 358 460 551 31 324 445 884 308 332 11 754 366 181 676 174 653 6 122 243 555 928 421 832 241 17 544 553 15 83 82 996 788 153 873 718 529 617 750 59 154 732 365 731 919 653 824 979 659 667 938 467 112 441 115 589 257 418 973 269
78 384 282 702 101 926 976 439 609 6 613 708 457 5 575 886 662 163 921 953 564 104 764 858 616 83 335 496 24 135 951 657 17 240 262 130 618 853 219 255 406 2 573 35 652 385 755 304 681 127 988 768 608 806 762 50 831 229 266 285 576 714 538 399 342 378 35 661 490 711 392 925 199 524 351 880 891 927 889 657 358 15 547 397 290 104 874 797 509 687 845 736 45 152 819 544 99 148 10 477
0 0 0 0 0 0 0 0 0 0 0 0 0 0 0 0 0 0 0 0 0 0 0 0 0 0 0 0 0 0 0 0 0 0 0 0 0 0 0 0 0 0 0 0 0 0 0 0 0 0 0 0 0 0 0 0 0 0 0 0 0 0 0 0 0 0 0 0 0 0 0 0 0 0 0 0 0 0 0 0 0 0 0 0 0 0 0 0 0 0 0 0 0 0 0 0 0 0 0 0
991 8 752 866 25 310 218 320 866 565 92 994 146 992 672 783 611 874 485 215 662 940 396 510 794 968 169 370 197 492 457 832 40 386 936 205 860 476 297 340 693 46 85 25 445 941 600 7 479 761 79 190 117 362 943 612 434 896 220 263 586 338 521 260 238 537 901 89 359 34 266 155 536 43 690 57 189 475 805 231 943 34 984 149 991 3 686 745 781 518 222 804 857 242 516 254 381 30 167 870
997 786 368 430 775 456 449 42 886 629 584 945 916 617 666 656 715 808 746 69 690 46 94 276 7 449 932 674 146 425 519 812 535 90 198 33 360 327 318 838 667 26 231 347 436 593 92 148 645 283 394 817 154 293 151 402 355 165 585 90 946 108 627 779 453 529 57 170 464 918 852 150 896 773 642 711 679 683 283 891 867 35 600 789 250 833 605 822 984 144 893 40 593 961 238 959 984 531 724 443
0 0 0 0 0 0 0 0 0 0 0 0 0 0 0 0 0 0 0 0 0 0 0 0 0 0 0 0 0 0 0 0 0 0 0 0 0 0 0 0 0 0 0 0 0 0 0 0 0 0 0 0 0 0 0 0 0 0 0 0 0 0 0 0 0 0 0 0 0 0 0 0 0 0 0 0 0 0 0 0 0 0 0 0 0 0 0 0 0 0 0 0 0 0 0 0 0 0 0 0
423 565 809 494 115 747 968 885 922 858 812 492 749 894 920 395 98 364 647 914 707 595 161 321 526 623 586 532 844 736 532 358 613 177 908 993 897 39 45 894 875 811 6 82 529 59 711 643 837 372 454 669 177 725 13 563 818 67 794 121 505 70 861 147 235 376 789 26 456 354 734 329 703 860 440 4 262 136 672 914 257 259 600 390 819 48 232 333 568 360 349 89 572 598 312 991 945 67 941 723
404 712 531 165 424 586 972 575 699 840 694 458 965 306 717 839 20 339 724 976 385 299 727 949 730 571 64 21 593 644 401 989 155 297 676 15 76 798 780 445 271 287 914 974 308 674 660 731 743 461 619 759 282 622 458 502 797 688 241 249 280 338 366 796 753 308 530 298 198 725 252 451 481 14 183 611 86 983 683 278 169 888 175 440 955 175 733 186 447 283 430 800 290 637 22 367 540 566 15 783
0 0 0 0 0 0 0 0 0 0 0 0 0 0 0 0 0 0 0 0 0 0 0 0 0 0 0 0 0 0 0 0 0 0 0 0 0 0 0 0 0 0 0 0 0 0 0 0 0 0 0 0 0 0 0 0 0 0 0 0 0 0 0 0 0 0 0 0 0 0 0 0 0 0 0 0 0 0 0 0 0 0 0 0 0 0 0 0 0 0 0 0 0 0 0 0 0 0 0 0
492 708 827 213 106 824 765 882 454 770 236 233 251 624 215 765 643 532 628 922 587 121 13 978 433 31 390 473 114 867 759 206 847 141 705 905 368 256 669 114 1 686 713 105 736 710 541 308 257 486 144 621 287 606 343 684 9 424 968 656 70 422 644 678 98 460 495 428 411 133 690 93 870 955 910 236 874 201 627 300 261 29 468 755 296 375 117 769 688 890 171 736 439 804 609 597 362 63 651 674
323 881 663 533 576 107 331 543 768 638 559 49 962 975 963 29 801 618 654 826 821 830 175 562 542 710 831 917 10 138 96 400 957 694 57 981 648 587 573 131 482 663 181 920 879 467 905 114 843 733 697 174 666 497 659 407 715 969 629 599 390 584 439 762 703 254 862 81 406 163 649 250 440 782 730 592 923 958 762 760 373 539 226 876 311 154 839 147 142 239 604 26 48 239 289 199 699 180 20 239
0 0 0 0 0 0 0 0 0 0 0 0 0 0 0 0 0 0 0 0 0 0 0 0 0 0 0 0 0 0 0 0 0 0 0 0 0 0 0 0 0 0 0 0 0 0 0 0 0 0 0 0 0 0 0 0 0 0 0 0 0 0 0 0 0 0 0 0 0 0 0 0 0 0 0 0 0 0 0 0 0 0 0 0 0 0 0 0 0 0 0 0 0 0 0 0 0 0 0 0
599 41 294 888 622 384 660 445 943 79 691 208 261 601 755 800 310 702 439 879 20 376 721 402 115 491 919 965 717 999 117 2 25 127 58 198 927 538 797 409 26 614 55 286 786 516 94 577 932 937 367 74 672 968 340 19 360 233 499 61 912 270 188 120 520 607 928 145 236 577 966 656 752 932 18 897 862 499 613 984 192 299 771 864 572 749 386 646 407 315 732 283 118 157 578 860 203 919 834 689
880 666 457 896 38 345 822 627 431 251 205 4 689 829 198 24 187 251 313 228 263 885 794 334 392 438 468 602 749 964 399 948 323 624 570 668 175 466 883 284 174 790 788 254 634 976 770 433 503 373 695 836 860 371 157 984 340 974 13 287 925 51 845 762 524 760 336 425 426 347 34 763 464 272 863 813 770 68 333 543 425 684 770 558 951 723 471 639 114 531 426 731 569 303 449 660 495 556 696 643
0 0 0 0 0 0 0 0 0 0 0 0 0 0 0 0 0 0 0 0 0 0 0 0 0 0 0 0 0 0 0 0 0 0 0 0 0 0 0 0 0 0 0 0 0 0 0 0 0 0 0 0 0 0 0 0 0 0 0 0 0 0 0 0 0 0 0 0 0 0 0 0 0 0 0 0 0 0 0 0 0 0 0 0 0 0 0 0 0 0 0 0 0 0 0 0 0 0 0 0
220 4 35 57 806 125 438 283 956 187 984 590 988 874 470 927 33 560 175 359 648 15 466 211 790 868 206 310 758 884 783 171 415 106 61 912 193 935 801 41 585 708 496 550 470 17 989 158 730 409 513 475 963 851 829 541 724 4 943 137 749 995 358 663 644 697 712 16 651 393 736 156 554 392 272 747 321 417 950 687 923 976 736 145 776 611 535 270 768 186 747 595 771 661 391 737 227 6 90 965
95 986 851 969 97 166 305 375 594 477 488 664 872 454 934 597 726 959 357 257 922 925 41 47 106 475 902 565 188 420 757 749 82 96 433 455 400 568 323 780 349 930 993 769 505 389 78 256 177 269 83 738 848 170 169 526 223 329 598 316 726 516 294 420 254 235 629 191 700 918 682 800 995 954 418 952 746 234 126 778 961 632 866 652 889 603 711 771 119 838 669 111 583 296 152 684 195 440 411 771
0 0 0 0 0 0 0 0 0 0 0 0 0 0 0 0 0 0 0 0 0 0 0 0 0 0 0 0 0 0 0 0 0 0 0 0 0 0 0 0 0 0 0 0 0 0 0 0 0 0 0 0 0 0 0 0 0 0 0 0 0 0 0 0 0 0 0 0 0 0 0 0 0 0 0 0 0 0 0 0 0 0 0 0 0 0 0 0 0 0 0 0 0 0 0 0 0 0 0 0
342 72 998 932 669 297 553 553 38 568 717 582 769 747 726 148 83 949 277 333 134 776 788 253 783 494 696 130 195 363 269 721 258 327 869 649 795 558 225 914 599 273 423 624 782 134 631 493 721 760 599 451 505 988 62 879 609 454 740 479 476 680 422 873 647 330 686 295 823 37 556 731 265 572 749 282 693 430 172 477 412 402 455 930 581 194 117 511 794 77 494 679 398 897 383 432 476 368 54 456
234 801 333 106 772 371 692 236 890 610 385 355 710 581 17 601 586 238 285 778 554 114 901 461 163 224 975 410 766 914 566 811 910 561 208 254 946 734 41 437 531 363 12 94 851 457 823 771 743 732 13 101 451 411 843 467 915 902 297 11 728 285 129 451 475 703 49 914 585 427 372 977 889 854 670 401 224 867 618 816 655 722 161 523 265 925 57 713 120 704 940 460 509 163 267 755 738 326 137 208
0 0 0 0 0 0 0 0 0 0 0 0 0 0 0 0 0 0 0 0 0 0 0 0 0 0 0 0 0 0 0 0 0 0 0 0 0 0 0 0 0 0 0 0 0 0 0 0 0 0 0 0 0 0 0 0 0 0 0 0 0 0 0 0 0 0 0 0 0 0 0 0 0 0 0 0 0 0 0 0 0 0 0 0 0 0 0 0 0 0 0 0 0 0 0 0 0 0 0 0
657 201 851 813 176 134 526 871 296 395 455 781 641 435 112 5 880 411 558 206 173 231 773 325 817 99 647 885 486 686 117 674 708 156 438 753 268 275 865 904 641 241 310 807 675 633 229 186 554 419 131 229 627 980 773 764 595 265 913 823 750 199 959 785 109 555 450 972 528 5 302 371 107 137 369 440 498 883 813 542 612 293 779 727 442 226 108 927 515 998 788 441 515 452 584 185 526 79 778 999
345 599 427 67 997 429 898 172 111 43 668 317 472 620 103 610 724 933 868 479 164 891 491 985 328 421 642 824 737 244 845 193 444 227 153 441 347 857 557 461 644 337 438 566 359 969 927 980 623 29 902 71 888 609 521 711 724 762 812 841 303 3 581 926 292 578 207 169 381 188 923 766 709 758 666 268 24 105 601 41 352 699 636 680 995 38 917 805 406 233 667 885 647 795 852 210 857 359 75 510
0 0 0 0 0 0 0 0 0 0 0 0 0 0 0 0 0 0 0 0 0 0 0 0 0 0 0 0 0 0 0 0 0 0 0 0 0 0 0 0 0 0 0 0 0 0 0 0 0 0 0 0 0 0 0 0 0 0 0 0 0 0 0 0 0 0 0 0 0 0 0 0 0 0 0 0 0 0 0 0 0 0 0 0 0 0 0 0 0 0 0 0 0 0 0 0 0 0 0 0
139 292 415 723 877 664 342 548 666 230 300 642 590 550 91 529 399 528 337 824 719 557 428 118 779 694 150 558 17 580 643 302 417 930 413 644 615 578 119 168 995 683 68 832 379 171 687 445 53 522 509 131 495 602 353 729 681 422 155 985 428 572 946 192 388 402 392 998 33 990 433 855 559 339 405 785 77 689 906 503 395 413 616 877 673 17 912 108 293 175 291 384 544 593 534 291 502 760 796 571
318 315 82 440 10 167 963 645 592 772 851 755 314 97 893 398 681 286 365 601 462 392 448 964 648 197 917 803 734 789 651 16 281 458 603 555 142 235 731 321 945 759 920 329 38 967 428 480 113 9 52 277 558 383 363 1000 388 860 918 525 950 637 702 449 885 852 964 558 198 915 875 873 867 981 808 487 330 657 661 762 744 536 597 542 491 648 762 976 139 331 853 106 119 765 304 829 431 460 926 235
0 0 0 0 0 0 0 0 0 0 0 0 0 0 0 0 0 0 0 0 0 0 0 0 0 0 0 0 0 0 0 0 0 0 0 0 0 0 0 0 0 0 0 0 0 0 0 0 0 0 0 0 0 0 0 0 0 0 0 0 0 0 0 0 0 0 0 0 0 0 0 0 0 0 0 0 0 0 0 0 0 0 0 0 0 0 0 0 0 0 0 0 0 0 0 0 0 0 0 0
489 259 807 784 820 569 78 563 145 908 531 900 574 412 691 603 496 144 45 530 767 229 569 90 586 206 353 222 353 658 253 614 265 357 706 436 523 71 491 170 218 419 966 40 230 368 430 277 480 395 51 905 947 824 887 505 342 992 453 709 484 300 542 213 815 39 929 25 954 947 924 416 468 192 771 598 453 864 841 407 343 589 361 254 210 342 210 497 317 307 293 998 604 111 970 436 610 121 843 412
860 462 956 667 937 72 375 579 278 307 875 84 364 385 110 918 327 980 614 577 232 270 315 461 955 397 727 333 711 73 255 215 625 582 876 418 713 762 568 41 966 808 973 624 200 852 347 138 498 369 124 695 185 976 592 242 755 60 406 591 664 398 554 962 786 497 197 339 961 273 604 295 385 212 460 954 368 241 54 811 677 277 935 436 111 839 737 517 932 573 918 891 929 867 569 912 501 805 311 841
0 0 0 0 0 0 0 0 0 0 0 0 0 0 0 0 0 0 0 0 0 0 0 0 0 0 0 0 0 0 0 0 0 0 0 0 0 0 0 0 0 0 0 0 0 0 0 0 0 0 0 0 0 0 0 0 0 0 0 0 0 0 0 0 0 0 0 0 0 0 0 0 0 0 0 0 0 0 0 0 0 0 0 0 0 0 0 0 0 0 0 0 0 0 0 0 0 0 0 0
866 250 917 976 604 423 644 650 195 277 21 843 285 257 834 76 368 170 855 622 568 284 432 528 6 350 792 721 36 117 163 227 428 39 108 735 662 557 319 48 433 869 848 917 227 341 103 757 532 699 156 34 27 604 718 942 402 117 784 311 69 366 366 24 260 2 880 623 691 388 710 377 915 185 83 468 788 796 641 903 31 733 158 609 929 829 871 940 283 604 883 692 112 237 48 620 60 909 796 169
106 785 68 368 913 798 386 763 372 692 572 184 161 891 532 869 557 729 34 389 716 177 33 537 848 368 927 769 409 282 194 119 664 797 480 447 847 934 215 163 32 670 455 768 164 478 295 957 209 284 23 778 111 909 786 581 550 376 357 503 497 723 609 117 804 544 675 140 965 595 601 472 517 762 67 604 283 449 479 10 301 7 467 592 392 866 363 528 782 945 686 169 392 376 446 872 419 590 128 522
0 0 0 0 0 0 0 0 0 0 0 0 0 0 0 0 0 0 0 0 0 0 0 0 0 0 0 0 0 0 0 0 0 0 0 0 0 0 0 0 0 0 0 0 0 0 0 0 0 0 0 0 0 0 0 0 0 0 0 0 0 0 0 0 0 0 0 0 0 0 0 0 0 0 0 0 0 0 0 0 0 0 0 0 0 0 0 0 0 0 0 0 0 0 0 0 0 0 0 0
553 351 831 244 636 647 444 336 899 400 237 415 175 872 488 585 815 976 837 876 389 293 230 313 925 794 823 200 258 906 485 402 414 868 270 977 359 80 213 672 683 333 508 615 53 814 179 678 515 262 122 195 934 294 361 74 386 577 167 847 582 329 376 918 594 612 866 882 377 593 492 654 90 992 218 792 529 692 251 711 224 160 743 699 477 14 578 943 881 617 730 657 942 422 241 346 118 841 989 81
780 247 829 383 484 330 22 689 465 979 871 261 709 530 769 501 7 49 475 347 581 988 982 706 1000 495 156 160 695 540 530 191 500 681 886 162 851 162 931 694 493 301 791 835 736 494 251 343 802 177 854 922 169 336 710 809 123 801 521 171 629 863 421 40 876 167 47 773 129 486 954 574 274 55 130 117 248 237 977 639 922 870 398 962 746 102 130 714 49 944 480 595 675 896 134 213 705 720 618 900
0 0 0 0 0 0 0 0 0 0 0 0 0 0 0 0 0 0 0 0 0 0 0 0 0 0 0 0 0 0 0 0 0 0 0 0 0 0 0 0 0 0 0 0 0 0 0 0 0 0 0 0 0 0 0 0 0 0 0 0 0 0 0 0 0 0 0 0 0 0 0 0 0 0 0 0 0 0 0 0 0 0 0 0 0 0 0 0 0 0 0 0 0 0 0 0 0 0 0 0
13 281 913 401 581 89 845 644 402 211 782 433 315 993 628 341 323 511 301 523 211 902 937 872 468 267 377 737 760 2 519 222 93 637 802 266 398 470 798 869 127 894 352 829 675 663 421 457 466 582 35 499 708 683 525 845 495 669 543 908 318 855 410 757 753 787 905 993 432 647 906 438 465 44 954 439 35 184 396 900 704 806 16 436 558 772 869 279 386 258 427 992 806 41 868 678 827 844 802 273
595 954 109 984 332 989 33 453 758 10 928 432 436 18 698 737 133 121 38 613 557 895 265 831 828 758 828 373 799 623 720 63 654 804 949 825 565 190 859 19 797 382 109 39 40 460 546 443 130 53 352 740 571 593 837 713 999 829 359 479 126 190 756 319 627 101 320 564 671 823 284 935 243 8 744 216 412 152 985 854 102 607 106 597 761 816 127 828 960 950 448 79 334 322 384 844 834 977 744 620
0 0 0 0 0 0 0 0 0 0 0 0 0 0 0 0 0 0 0 0 0 0 0 0 0 0 0 0 0 0 0 0 0 0 0 0 0 0 0 0 0 0 0 0 0 0 0 0 0 0 0 0 0 0 0 0 0 0 0 0 0 0 0 0 0 0 0 0 0 0 0 0 0 0 0 0 0 0 0 0 0 0 0 0 0 0 0 0 0 0 0 0 0 0 0 0 0 0 0 0
314 393 144 478 184 145 522 692 135 911 120 809 794 356 969 984 833 628 928 503 223 989 901 621 756 9 224 921 394 841 388 920 249 907 1 302 674 389 681 581 981 18 939 695 316 272 53 968 817 221 494 184 495 315 956 63 77 643 732 421 572 18 537 829 93 578 102 455 428 403 186 741 604 650 497 275 745 359 222 131 449 433 55 264 970 663 888 143 219 184 196 642 325 17 869 824 76 768 70 552
850 463 594 804 739 963 217 137 90 220 190 155 625 469 757 601 704 317 156 852 204 151 713 142 351 681 776 295 923 461 300 799 540 892 873 108 841 339 855 901 151 198 211 602 977 995 707 105 285 882 677 597 406 855 508 883 993 622 562 560 199 790 225 395 542 692 405 656 3 647 959 809 608 635 136 405 511 470 997 729 629 809 930 478 857 51 88 561 990 973 478 931 416 282 39 7 734 350 703 19
0 0 0 0 0 0 0 0 0 0 0 0 0 0 0 0 0 0 0 0 0 0 0 0 0 0 0 0 0 0 0 0 0 0 0 0 0 0 0 0 0 0 0 0 0 0 0 0 0 0 0 0 0 0 0 0 0 0 0 0 0 0 0 0 0 0 0 0 0 0 0 0 0 0 0 0 0 0 0 0 0 0 0 0 0 0 0 0 0 0 0 0 0 0 0 0 0 0 0 0
234 221 630 693 212 339 400 561 508 299 26 240 381 485 40 241 793 754 663 753 93 47 447 274 777 523 350 746 166 739 190 993 787 931 58 606 632 678 63 228 44 4 788 445 226 590 712 276 154 529 370 539 855 358 847 736 161 739 6 1 992 302 38 359 350 135 86 889 456 336 104 709 989 411 167 252 265 303 346 499 254 390 244 862 138 93 529 219 966 657 903 4 823 690 459 192 848 147 807 917
934 643 801 585 26 619 392 290 979 581 907 202 824 555 66 691 508 664 777 545 162 801 536 589 125 224 230 554 217 864 642 44 168 429 508 380 984 224 895 844 184 51 943 567 263 190 55 71 653 810 389 608 750 462 2 640 553 827 958 545 569 603 814 793 921 247 854 741 475 740 742 169 338 483 489 775 49 939 961 739 179 172 748 81 596 964 360 644 359 228 791 892 589 743 438 300 235 284 37 319
0 0 0 0 0 0 0 0 0 0 0 0 0 0 0 0 0 0 0 0 0 0 0 0 0 0 0 0 0 0 0 0 0 0 0 0 0 0 0 0 0 0 0 0 0 0 0 0 0 0 0 0 0 0 0 0 0 0 0 0 0 0 0 0 0 0 0 0 0 0 0 0 0 0 0 0 0 0 0 0 0 0 0 0 0 0 0 0 0 0 0 0 0 0 0 0 0 0 0 0
998 506 915 272 438 78 318 901 128 759 49 746 64 245 942 668 984 884 543 714 266 619 24 729 449 733 435 608 923 666 554 123 404 981 552 795 800 320 659 753 442 224 369 911 640 241 95 153 634 507 811 829 138 804 389 185 156 831 107 881 834 277 495 839 685 16 439 713 722 363 315 64 14 975 806 15 933 219 857 537 28 65 958 644 589 485 187 22 323 947 160 505 375 102 482 474 503 930 349 659
703 691 726 189 24 638 681 644 559 842 592 857 241 641 704 984 905 143 589 582 649 878 274 154 571 814 245 951 774 297 525 799 450 40 811 912 264 309 169 446 75 142 829 67 979 207 194 844 254 204 775 25 803 784 635 170 844 704 783 494 107 953 859 495 201 649 61 976 293 39 186 614 510 725 170 305 916 64 781 69 677 835 981 537 33 795 869 178 682 523 990 845 50 162 606 532 943 518 288 438
0 0 0 0 0 0 0 0 0 0 0 0 0 0 0 0 0 0 0 0 0 0 0 0 0 0 0 0 0 0 0 0 0 0 0 0 0 0 0 0 0 0 0 0 0 0 0 0 0 0 0 0 0 0 0 0 0 0 0 0 0 0 0 0 0 0 0 0 0 0 0 0 0 0 0 0 0 0 0 0 0 0 0 0 0 0 0 0 0 0 0 0 0 0 0 0 0 0 0 0
505 719 156 268 693 892 290 250 985 481 218 984 199 60 622 482 744 92 760 767 86 913 730 213 416 536 228 172 346 480 899 860 832 871 811 500 954 183 44 714 425 803 631 685 271 621 296 111 423 642 897 251 934 689 530 596 625 354 297 612 972 817 569 76 83 110 143 815 924 897 491 552 257 412 565 729 987 674 963 835 991 96 2 856 110 538 191 695 247 590 805 853 851 996 614 688 653 788 677 719
836 147 392 989 661 443 889 585 257 338 588 943 366 662 790 363 495 189 810 196 49 734 500 951 220 454 496 531 758 968 187 49 440 273 504 801 659 871 61 229 191 736 426 100 786 984 230 238 201 539 2 89 559 593 436 223 168 474 590 866 709 661 96 940 283 334 992 779 102 664 141 826 973 258 241 759 659 45 796 485 474 950 898 255 760 316 799 920 3 541 548 435 754 132 872 835 400 397 710 176
0 0 0 0 0 0 0 0 0 0 0 0 0 0 0 0 0 0 0 0 0 0 0 0 0 0 0 0 0 0 0 0 0 0 0 0 0 0 0 0 0 0 0 0 0 0 0 0 0 0 0 0 0 0 0 0 0 0 0 0 0 0 0 0 0 0 0 0 0 0 0 0 0 0 0 0 0 0 0 0 0 0 0 0 0 0 0 0 0 0 0 0 0 0 0 0 0 0 0 0
183 916 481 436 789 270 823 324 401 781 287 151 697 489 300 355 957 90 136 162 876 826 671 140 985 556 9 361 850 194 576 109 491 295 154 369 819 508 265 575 978 106 634 260 58 891 758 616 482 344 569 777 297 801 667 84 997 633 781 203 570 87 795 611 213 21 308 250 365 22 219 685 294 867 224 52 102 703 907 275 856 171 909 181 470 676 265 162 652 88 410 308 960 287 855 898 422 214 43 883
164 430 597 707 814 550 193 890 673 637 751 110 20 563 905 749 581 757 425 880 864 503 588 921 475 526 864 661 663 133 875 265 706 860 646 86 425 862 824 773 797 188 223 117 306 133 925 652 820 827 599 715 165 173 615 688 905 28 932 809 846 49 487 677 580 696 72 903 837 270 675 873 215 203 596 993 399 622 823 825 638 249 508 301 45 797 395 743 517 380 721 905 403 914 8 361 698 567 528 602
0 0 0 0 0 0 0 0 0 0 0 0 0 0 0 0 0 0 0 0 0 0 0 0 0 0 0 0 0 0 0 0 0 0 0 0 0 0 0 0 0 0 0 0 0 0 0 0 0 0 0 0 0 0 0 0 0 0 0 0 0 0 0 0 0 0 0 0 0 0 0 0 0 0 0 0 0 0 0 0 0 0 0 0 0 0 0 0 0 0 0 0 0 0 0 0 0 0 0 0
874 292 338 553 443 346 523 305 574 925 709 646 245 602 405 41 548 71 916 957 248 731 976 327 882 563 398 391 990 620 410 216 386 719 133 434 649 949 210 687 732 330 862 930 158 652 628 301 717 629 920 821 871 942 712 994 300 914 861 436 218 506 838 392 584 985 871 398 4 87 940 594 964 214 896 934 214 144 853 683 441 48 759 794 688 163 612 673 806 205 269 479 315 435 167 116 82 189 238 839
683 248 736 189 175 856 202 748 996 819 46 996 659 112 328 959 47 98 242 772 21 564 978 992 881 123 493 643 795 296 285 697 451 333 875 541 320 510 293 416 282 784 654 299 194 210 149 100 346 807 381 826 134 183 486 844 640 767 842 834 259 928 699 834 195 891 599 863 233 898 777 452 606 703 879 449 348 165 697 484 684 917 344 743 49 640 982 303 809 782 752 967 570 555 9 351 488 367 544 323
0 0 0 0 0 0 0 0 0 0 0 0 0 0 0 0 0 0 0 0 0 0 0 0 0 0 0 0 0 0 0 0 0 0 0 0 0 0 0 0 0 0 0 0 0 0 0 0 0 0 0 0 0 0 0 0 0 0 0 0 0 0 0 0 0 0 0 0 0 0 0 0 0 0 0 0 0 0 0 0 0 0 0 0 0 0 0 0 0 0 0 0 0 0 0 0 0 0 0 0
156 697 953 35 449 250 199 389 293 432 547 675 371 364 20 782 394 148 85 175 694 114 743 846 750 172 892 634 650 964 849 237 921 562 938 623 812 473 312 17 173 182 403 889 682 28 438 643 505 250 204 538 182 206 724 621 669 632 928 984 770 124 988 643 310 889 434 403 156 521 589 172 808 418 441 781 683 727 897 92 126 725 348 720 832 855 419 326 359 381 99 19 940 629 77 648 406 498 729 530
976 807 207 682 496 532 886 417 319 355 247 790 777 150 703 711 185 199 373 191 593 823 720 655 453 550 337 877 612 547 471 502 580 611 874 133 155 108 963 736 53 301 342 204 816 482 415 971 577 369 464 978 889 169 159 587 628 177 493 955 521 923 979 718 769 532 373 347 929 525 936 501 845 869 308 179 177 345 335 995 405 734 817 370 354 186 879 589 90 472 57 493 543 476 338 408 798 919 230 972
0 0 0 0 0 0 0 0 0 0 0 0 0 0 0 0 0 0 0 0 0 0 0 0 0 0 0 0 0 0 0 0 0 0 0 0 0 0 0 0 0 0 0 0 0 0 0 0 0 0 0 0 0 0 0 0 0 0 0 0 0 0 0 0 0 0 0 0 0 0 0 0 0 0 0 0 0 0 0 0 0 0 0 0 0 0 0 0 0 0 0 0 0 0 0 0 0 0 0 0
820 610 578 161 711 748 251 251 68 313 575 378 949 467 122 319 537 293 188 178 419 854 831 282 372 488 104 732 807 861 8 449 523 963 228 525 374 923 802 198 129 36 20 624 304 243 644 311 512 370 415 423 888 57 606 316 748 167 882 318 535 500 648 651 603 319 114 59 655 975 55 852 133 772 241 892 221 773 998 721 560 415 850 951 116 992 251 935 176 407 541 477 310 672 764 997 680 748 675 592
829 660 760 719 118 800 957 197 128 395 442 541 156 677 419 517 643 606 98 607 80 221 938 536 834 158 150 13 861 144 303 893 330 772 657 937 115 208 956 132 90 328 229 462 63 342 544 510 928 297 916 942 481 212 9 991 801 714 67 540 882 400 756 864 178 242 158 614 355 366 805 837 186 903 500 869 631 540 46 258 265 29 484 946 31 936 556 768 367 260 456 276 772 655 876 383 331 192 676 345
0 0 0 0 0 0 0 0 0 0 0 0 0 0 0 0 0 0 0 0 0 0 0 0 0 0 0 0 0 0 0 0 0 0 0 0 0 0 0 0 0 0 0 0 0 0 0 0 0 0 0 0 0 0 0 0 0 0 0 0 0 0 0 0 0 0 0 0 0 0 0 0 0 0 0 0 0 0 0 0 0 0 0 0 0 0 0 0 0 0 0 0 0 0 0 0 0 0 0 0
992 919 532 733 512 600 884 86 599 363 995 729 813 114 808 414 937 72 609 313 727 339 161 180 955 731 366 113 961 270 57 658 782 504 700 783 687 812 789 286 250 440 667 889 144 911 707 285 60 574 907 135 817 571 276 966 25 193 816 414 90 547 790 191 64 705 892 41 27 681 84 541 438 781 603 597 708 65 650 246 991 296 155 697 616 699 785 884 296 725 396 211 766 432 319 293 519 297 505 522
195 206 461 548 20 150 143 603 572 9 146 418 377 949 657 15 825 282 827 337 827 663 517 390 760 10 354 820 701 613 591 173 756 37 30 799 834 196 967 111 221 824 212 139 179 341 251 84 283 818 164 546 162 136 446 456 764 490 960 356 755 967 521 913 462 775 969 421 659 346 75 776 128 507 705 670 359 853 838 457 725 707 276 417 117 289 189 793 490 848 210 583 966 448 242 824 315 876 572 830
0 0 0 0 0 0 0 0 0 0 0 0 0 0 0 0 0 0 0 0 0 0 0 0 0 0 0 0 0 0 0 0 0 0 0 0 0 0 0 0 0 0 0 0 0 0 0 0 0 0 0 0 0 0 0 0 0 0 0 0 0 0 0 0 0 0 0 0 0 0 0 0 0 0 0 0 0 0 0 0 0 0 0 0 0 0 0 0 0 0 0 0 0 0 0 0 0 0 0 0
387 583 253 251 902 272 729 330 746 237 18 428 501 956 530 852 370 772 328 949 104 786 915 834 974 86 742 901 985 963 966 673 669 831 156 217 509 643 348 464 344 785 382 511 436 988 210 98 448 517 879 991 506 858 94 576 340 822 688 309 916 585 105 812 18 140 320 690 873 686 751 798 944 411 547 852 444 368 74 126 412 516 671 535 680 610 434 139 796 201 19 662 429 370 744 466 715 279 720 779
587 8 323 234 25 568 654 713 289 465 5 227 393 13 590 608 691 54 94 278 219 351 77 423 283 100 918 845 487 815 64 95 163 211 557 52 394 146 795 163 416 657 97 329 465 522 875 124 900 908 782 575 842 712 553 92 188 97 60 391 855 100 901 505 894 200 996 387 135 265 391 959 63 714 95 650 685 889 899 718 808 618 817 225 101 883 116 245 272 345 505 769 728 943 78 225 314 243 6 570
0 0 0 0 0 0 0 0 0 0 0 0 0 0 0 0 0 0 0 0 0 0 0 0 0 0 0 0 0 0 0 0 0 0 0 0 0 0 0 0 0 0 0 0 0 0 0 0 0 0 0 0 0 0 0 0 0 0 0 0 0 0 0 0 0 0 0 0 0 0 0 0 0 0 0 0 0 0 0 0 0 0 0 0 0 0 0 0 0 0 0 0 0 0 0 0 0 0 0 0
505 152 59 769 913 44 424 528 282 138 121 950 302 801 279 431 385 329 839 790 375 460 681 105 976 446 368 266 484 602 840 424 194 712 950 620 402 823 488 718 461 166 736 608 282 315 842 228 1000 978 632 283 355 187 460 910 841 643 788 287 430 565 104 752 353 937 143 702 420 82 171 890 596 876 385 339 403 259 202 861 842 830 345 24 755 766 221 237 383 201 925 305 980 411 986 790 586 919 237 285
936 659 382 65 390 201 443 799 96 719 359 580 451 240 734 820 506 90 433 175 615 977 120 904 658 42 532 752 35 375 636 682 209 124 578 486 624 353 322 440 932 812 901 649 710 508 479 580 789 200 238 765 731 223 502 461 843 653 166 496 203 58 451 709 94 293 519 196 975 226 370 398 12 842 390 267 515 807 50 524 717 389 437 765 661 492 762 189 756 585 930 136 304 87 629 831 42 163 95 921
0 0 0 0 0 0 0 0 0 0 0 0 0 0 0 0 0 0 0 0 0 0 0 0 0 0 0 0 0 0 0 0 0 0 0 0 0 0 0 0 0 0 0 0 0 0 0 0 0 0 0 0 0 0 0 0 0 0 0 0 0 0 0 0 0 0 0 0 0 0 0 0 0 0 0 0 0 0 0 0 0 0 0 0 0 0 0 0 0 0 0 0 0 0 0 0 0 0 0 0
956 319 381 483 15 33 335 990 902 408 307 306 649 956 916 177 225 822 494 960 689 609 938 178 77 984 265 105 67 940 468 921 220 818 744 884 405 317 340 463 433 428 214 191 109 829 143 914 130 321 425 166 533 506 685 326 493 491 895 943 897 161 31 369 337 488 200 875 364 551 240 210 61 518 809 170 239 288 209 364 203 916 649 676 520 314 463 964 815 867 382 316 454 19 623 971 256 703 107 493
654 970 443 790 440 216 358 981 667 260 330 168 529 982 309 745 716 139 817 621 688 186 139 805 58 692 49 482 96 441 189 930 328 254 478 195 699 626 293 425 180 312 296 578 776 12 434 345 484 848 98 265 788 525 731 769 431 654 877 416 404 125 458 844 922 803 717 370 477 663 67 876 445 645 914 191 314 664 941 449 954 966 5 883 497 34 853 815 635 890 505 531 180 917 341 999 827 484 764 777
0 0 0 0 0 0 0 0 0 0 0 0 0 0 0 0 0 0 0 0 0 0 0 0 0 0 0 0 0 0 0 0 0 0 0 0 0 0 0 0 0 0 0 0 0 0 0 0 0 0 0 0 0 0 0 0 0 0 0 0 0 0 0 0 0 0 0 0 0 0 0 0 0 0 0 0 0 0 0 0 0 0 0 0 0 0 0 0 0 0 0 0 0 0 0 0 0 0 0 0
346 51 106 336 811 881 665 284 692 813 206 206 127 461 976 490 377 470 220 180 658 392 994 312 953 899 162 855 933 659 455 706 201 760 507 380 563 536 843 402 817 430 882 813 727 335 471 441 158 901 377 539 927 983 636 977 786 107 277 265 407 491 121 829 201 610 142 747 191 766 248 783 253 240 521 66 757 36 515 323 838 37 492 93 691 947 620 58 719 192 808 970 439 177 57 384 634 721 163 938
980 395 919 633 257 988 683 598 618 266 548 609 182 854 930 825 45 608 84 956 814 593 904 208 624 852 504 907 513 706 103 842 746 885 565 682 106 999 460 674 7 123 407 642 682 268 727 105 210 987 118 992 88 884 151 73 475 365 464 559 503 493 918 424 755 321 727 388 751 300 99 843 292 43 752 994 674 16 906 109 192 730 814 866 691 748 838 240 356 351 333 583 186 786 249 898 132 895 586 493
0 0 0 0 0 0 0 0 0 0 0 0 0 0 0 0 0 0 0 0 0 0 0 0 0 0 0 0 0 0 0 0 0 0 0 0 0 0 0 0 0 0 0 0 0 0 0 0 0 0 0 0 0 0 0 0 0 0 0 0 0 0 0 0 0 0 0 0 0 0 0 0 0 0 0 0 0 0 0 0 0 0 0 0 0 0 0 0 0 0 0 0 0 0 0 0 0 0 0 0
543 137 862 889 755 435 101 701 817 530 983 495 563 731 491 282 39 840 44 11 870 73 553 744 909 201 853 934 900 785 522 684 84 710 79 979 857 375 773 439 675 148 358 370 340 679 475 470 880 755 724 813 226 680 913 146 823 859 9 179 465 542 670 16 249 899 654 125 582 662 981 611 453 743 587 123 603 435 26 111 201 892 198 666 939 311 439 615 943 911 349 478 805 862 841 594 55 563 443 110
962 111 194 67 787 427 828 937 568 465 610 398 571 983 197 321 109 796 546 916 346 270 876 275 981 43 834 660 931 460 70 656 749 793 910 826 874 737 951 588 975 905 429 497 475 143 391 396 970 495 348 98 456 311 153 924 89 530 800 161 680 306 775 349 321 301 497 528 98 825 108 263 227 826 801 157 147 435 15 282 846 659 483 139 493 875 679 386 471 408 497 466 498 199 487 872 670 744 728 330
0 0 0 0 0 0 0 0 0 0 0 0 0 0 0 0 0 0 0 0 0 0 0 0 0 0 0 0 0 0 0 0 0 0 0 0 0 0 0 0 0 0 0 0 0 0 0 0 0 0 0 0 0 0 0 0 0 0 0 0 0 0 0 0 0 0 0 0 0 0 0 0 0 0 0 0 0 0 0 0 0 0 0 0 0 0 0 0 0 0 0 0 0 0 0 0 0 0 0 0
341 691 611 496 605 699 528 317 11 105 700 722 313 174 372 776 386 939 862 685 241 724 88 325 358 961 321 798 302 4 345 73 738 760 109 819 823 644 595 80 282 212 735 473 151 900 99 698 728 892 757 818 927 580 330 684 735 594 377 449 718 9 270 760 435 131 457 43 583 236 619 443 98 92 866 801 155 784 851 103 403 1 625 724 923 202 232 371 123 117 677 379 845 703 447 953 171 825 41 908
174 522 753 769 284 791 109 691 651 971 887 644 122 770 192 493 143 221 225 5 980 262 883 590 679 565 428 11 456 436 16 415 165 525 231 333 136 813 533 462 55 686 623 123 638 930 148 340 207 734 262 429 978 663 924 315 370 546 474 806 528 418 333 139 799 916 577 230 788 908 719 724 693 588 552 851 312 951 112 959 770 51 879 796 521 535 735 876 157 576 673 577 709 908 593 241 589 710 449 822
0 0 0 0 0 0 0 0 0 0 0 0 0 0 0 0 0 0 0 0 0 0 0 0 0 0 0 0 0 0 0 0 0 0 0 0 0 0 0 0 0 0 0 0 0 0 0 0 0 0 0 0 0 0 0 0 0 0 0 0 0 0 0 0 0 0 0 0 0 0 0 0 0 0 0 0 0 0 0 0 0 0 0 0 0 0 0 0 0 0 0 0 0 0 0 0 0 0 0 0
618 228 921 393 249 837 381 151 177 385 242 457 222 383 155 165 932 664 402 463 479 297 331 426 376 840 418 111 706 45 753 300 737 279 847 42 990 520 955 778 783 826 3 33 648 174 300 362 65 202 414 886 868 642 648 199 472 550 428 31 911 841 177 889 441 102 246 681 957 143 804 554 909 441 692 133 279 782 354 61 134 951 335 470 709 127 397 206 783 655 626 564 877 695 551 230 645 163 331 871
156 820 680 71 632 1 903 262 908 497 455 285 238 186 836 322 219 562 575 206 325 449 376 885 826 384 789 386 171 524 662 299 581 234 541 749 123 197 811 162 676 228 828 863 586 970 636 628 449 920 850 533 371 112 942 139 607 703 988 638 167 622 643 750 323 24 424 935 659 822 400 316 261 943 1000 600 152 370 46 25 425 21 693 285 351 148 499 19 424 508 864 603 550 483 761 181 951 432 259 429
0 0 0 0 0 0 0 0 0 0 0 0 0 0 0 0 0 0 0 0 0 0 0 0 0 0 0 0 0 0 0 0 0 0 0 0 0 0 0 0 0 0 0 0 0 0 0 0 0 0 0 0 0 0 0 0 0 0 0 0 0 0 0 0 0 0 0 0 0 0 0 0 0 0 0 0 0 0 0 0 0 0 0 0 0 0 0 0 0 0 0 0 0 0 0 0 0 0 0 0
593 854 42 119 137 2 43 1000 160 778 500 707 723 674 601 105 368 160 231 926 640 963 489 302 60 89 520 582 879 777 271 263 144 915 661 328 558 178 485 164 945 752 824 70 993 298 92 899 928 680 512 888 203 665 693 559 174 679 197 697 236 687 159 217 837 380 656 431 920 137 295 848 243 881 621 77 589 9 600 559 324 792 839 491 299 323 921 201 786 785 273 19 754 340 991 271 282 558 273 645
488 321 908 460 277 773 897 141 982 484 917 573 884 766 556 538 315 12 119 530 642 109 801 842 571 501 871 426 413 898 374 509 669 318 428 39 6 732 204 360 21 317 682 190 195 959 4 892 780 957 480 889 945 324 702 316 445 58 683 449 955 868 858 933 230 342 659 470 833 450 739 460 902 511 897 859 663 938 690 65 650 433 787 191 842 464 120 221 887 109 657 98 137 681 390 135 6 687 330 225
0 0 0 0 0 0 0 0 0 0 0 0 0 0 0 0 0 0 0 0 0 0 0 0 0 0 0 0 0 0 0 0 0 0 0 0 0 0 0 0 0 0 0 0 0 0 0 0 0 0 0 0 0 0 0 0 0 0 0 0 0 0 0 0 0 0 0 0 0 0 0 0 0 0 0 0 0 0 0 0 0 0 0 0 0 0 0 0 0 0 0 0 0 0 0 0 0 0 0 0
787 262 747 458 861 536 79 193 53 452 356 482 853 257 380 621 979 125 356 951 623 54 53 288 783 313 382 148 743 206 203 148 587 5 194 5 152 115 174 551 409 428 505 256 455 988 83 744 839 955 561 156 549 754 958 876 196 243 786 577 495 557 44 212 307 823 229 505 800 303 172 409 248 517 307 688 99 795 253 510 540 758 544 210 96 416 77 460 454 389 14 854 381 610 384 171 500 768 513 999
584 609 598 325 606 288 423 978 436 867 166 565 601 119 158 462 350 896 518 441 786 699 465 799 958 751 166 493 668 531 883 718 7 677 286 809 920 121 204 16 519 976 50 916 229 665 822 809 194 360 485 489 503 550 882 462 396 719 795 545 281 406 284 294 979 933 569 982 402 768 653 438 880 332 345 330 602 89 715 621 641 430 595 565 192 986 336 507 88 676 310 742 574 969 522 853 484 80 186 801
0 0 0 0 0 0 0 0 0 0 0 0 0 0 0 0 0 0 0 0 0 0 0 0 0 0 0 0 0 0 0 0 0 0 0 0 0 0 0 0 0 0 0 0 0 0 0 0 0 0 0 0 0 0 0 0 0 0 0 0 0 0 0 0 0 0 0 0 0 0 0 0 0 0 0 0 0 0 0 0 0 0 0 0 0 0 0 0 0 0 0 0 0 0 0 0 0 0 0 0
397 346 462 380 950 387 250 648 544 383 502 549 11 943 864 929 2 716 569 560 588 810 976 756 292 992 772 54 818 414 807 723 3 912 718 385 308 781 845 71 983 738 987 357 468 408 743 259 694 534 853 21 462 857 199 222 615 597 895 258 549 579 1000 652 772 346 23 592 460 806 400 10 53 983 142 17 13 83 868 981 187 174 822 18 717 585 594 466 23 690 14 428 145 989 627 786 12 12 635 867
209 514 972 754 714 726 749 270 181 553 884 345 844 278 32 539 351 142 52 409 240 83 396 921 565 499 275 257 798 277 957 59 708 32 844 805 249 6 541 527 129 24 675 421 219 29 906 181 103 214 349 877 247 347 539 609 318 595 962 773 376 659 101 219 21 60 27 919 745 137 530 243 683 565 655 222 479 833 339 139 332 226 938 191 762 871 925 654 661 791 669 333 191 92 679 274 448 921 439 137
0 0 0 0 0 0 0 0 0 0 0 0 0 0 0 0 0 0 0 0 0 0 0 0 0 0 0 0 0 0 0 0 0 0 0 0 0 0 0 0 0 0 0 0 0 0 0 0 0 0 0 0 0 0 0 0 0 0 0 0 0 0 0 0 0 0 0 0 0 0 0 0 0 0 0 0 0 0 0 0 0 0 0 0 0 0 0 0 0 0 0 0 0 0 0 0 0 0 0 0
473 381 220 473 673 609 335 319 166 295 563 325 280 512 769 427 878 823 322 272 803 369 980 629 931 460 575 644 470 607 452 391 833 810 57 167 606 254 873 388 906 16 89 122 826 691 226 560 336 648 801 817 196 260 342 488 83 102 282 615 287 181 669 363 698 499 100 577 583 991 721 288 305 419 211 902 921 7 276 479 64 925 827 295 329 938 212 165 418 794 43 143 404 272 788 532 484 188 235 729
565 60 957 192 586 618 327 178 561 303 572 825 231 180 277 334 403 211 867 109 413 775 511 949 805 390 901 515 659 859 297 74 789 377 318 555 73 162 570 427 833 68 887 51 992 364 617 793 699 100 738 364 858 491 340 536 78 907 750 719 291 373 190 686 559 257 984 980 272 301 941 742 743 92 539 792 376 583 934 480 431 356 462 761 33 148 137 324 910 584 110 765 206 339 255 403 923 669 266 896
0 0 0 0 0 0 0 0 0 0 0 0 0 0 0 0 0 0 0 0 0 0 0 0 0 0 0 0 0 0 0 0 0 0 0 0 0 0 0 0 0 0 0 0 0 0 0 0 0 0 0 0 0 0 0 0 0 0 0 0 0 0 0 0 0 0 0 0 0 0 0 0 0 0 0 0 0 0 0 0 0 0 0 0 0 0 0 0 0 0 0 0 0 0 0 0 0 0 0 0
516 428 923 152 183 374 5 913 260 499 15 502 32 745 857 977 475 956 898 960 414 881 761 949 393 777 279 923 649 518 494 580 423 15 402 147 355 758 131 470 929 29 849 5 426 863 75 890 376 378 859 197 862 249 282 840 705 855 713 677 845 584 833 169 982 110 27 801 356 964 261 892 943 92 651 67 933 258 24 467 487 941 538 105 192 457 181 169 287 47 488 329 460 851 132 202 419 810 843 44
875 223 229 398 26 983 131 979 546 383 690 790 73 951 149 240 763 841 303 64 356 682 354 122 26 890 778 790 772 460 888 41 377 480 332 945 575 479 858 271 292 704 790 516 655 904 80 119 997 845 643 890 109 361 88 905 848 486 896 904 920 557 539 823 392 379 51 863 400 491 108 83 194 253 709 240 743 260 346 51 964 849 305 284 911 521 343 953 27 155 789 232 469 858 714 570 836 170 262 83
0 0 0 0 0 0 0 0 0 0 0 0 0 0 0 0 0 0 0 0 0 0 0 0 0 0 0 0 0 0 0 0 0 0 0 0 0 0 0 0 0 0 0 0 0 0 0 0 0 0 0 0 0 0 0 0 0 0 0 0 0 0 0 0 0 0 0 0 0 0 0 0 0 0 0 0 0 0 0 0 0 0 0 0 0 0 0 0 0 0 0 0 0 0 0 0 0 0 0 0
682 800 193 541 770 144 693 43 408 933 490 284 673 876 654 986 5 953 183 280 881 564 568 701 425 42 889 274 784 130 357 576 189 600 173 113 315 629 501 277 893 937 438 619 542 117 918 171 420 947 187 686 309 702 455 819 125 364 300 823 702 305 208 928 15 310 799 870 234 667 343 747 773 969 512 603 787 671 840 942 145 811 37 147 498 647 177 934 440 336 396 551 979 740 691 941 345 31 676 91
258 898 784 331 287 917 882 502 829 65 720 254 559 964 960 394 562 69 62 588 321 883 562 250 161 90 61 2 257 406 894 223 632 970 259 24 578 515 417 45 536 913 832 557 764 322 147 995 790 265 426 282 755 515 875 250 752 887 882 248 898 81 491 673 749 687 6 499 951 873 844 553 355 649 285 333 144 327 731 700 369 331 692 594 630 17 832 857 388 969 789 999 508 337 539 529 235 901 86 67
0 0 0 0 0 0 0 0 0 0 0 0 0 0 0 0 0 0 0 0 0 0 0 0 0 0 0 0 0 0 0 0 0 0 0 0 0 0 0 0 0 0 0 0 0 0 0 0 0 0 0 0 0 0 0 0 0 0 0 0 0 0 0 0 0 0 0 0 0 0 0 0 0 0 0 0 0 0 0 0 0 0 0 0 0 0 0 0 0 0 0 0 0 0 0 0 0 0 0 0
705 534 391 215 397 219 984 990 677 930 751 202 288 659 127 354 944 42 896 29 661 945 129 965 984 28 168 612 985 5 853 933 924 415 617 573 939 438 723 829 708 102 735 447 323 26 477 508 599 165 691 180 706 142 374 286 109 666 996 362 340 460 108 527 413 684 298 972 155 940 609 190 6 179 600 114 323 701 532 228 476 996 327 423 557 156 420 940 309 965 68 980 356 493 843 718 590 268 557 277
984 926 515 354 615 207 330 432 898 561 876 44 768 251 526 692 486 699 108 233 359 791 933 856 351 953 771 934 451 788 162 509 196 569 153 270 895 608 122 74 241 725 483 885 409 537 852 740 310 128 241 276 514 873 280 843 757 156 894 699 999 926 683 96 649 604 109 844 119 365 364 16 692 442 207 649 108 117 552 432 664 645 359 272 518 505 189 407 260 758 5 723 925 446 867 707 39 222 79 710
0 0 0 0 0 0 0 0 0 0 0 0 0 0 0 0 0 0 0 0 0 0 0 0 0 0 0 0 0 0 0 0 0 0 0 0 0 0 0 0 0 0 0 0 0 0 0 0 0 0 0 0 0 0 0 0 0 0 0 0 0 0 0 0 0 0 0 0 0 0 0 0 0 0 0 0 0 0 0 0 0 0 0 0 0 0 0 0 0 0 0 0 0 0 0 0 0 0 0 0
500 142 365 57 731 112 61 378 560 993 377 733 922 881 592 599 897 655 202 82 746 118 333 587 911 517 735 547 567 149 73 444 581 862 616 58 499 767 365 930 886 434 401 25 467 20 496 757 889 963 465 271 759 653 311 686 560 766 330 283 45 525 303 158 589 435 347 654 426 124 76 142 420 747 920 677 513 596 354 340 925 705 575 418 595 532 218 526 176 25 271 183 23 985 927 472 279 81 585 795
784 332 936 136 360 720 433 369 30 837 208 820 112 599 533 127 799 179 634 974 296 650 163 567 538 263 961 296 412 505 687 901 552 874 265 413 620 213 215 792 501 715 299 813 488 340 624 931 131 655 549 753 797 990 492 881 340 794 97 260 603 91 266 791 261 336 717 731 555 538 575 349 289 187 209 425 541 657 490 469 510 703 226 65 158 17 416 778 745 501 225 913 414 727 651 791 460 720 423 859
0 0 0 0 0 0 0 0 0 0 0 0 0 0 0 0 0 0 0 0 0 0 0 0 0 0 0 0 0 0 0 0 0 0 0 0 0 0 0 0 0 0 0 0 0 0 0 0 0 0 0 0 0 0 0 0 0 0 0 0 0 0 0 0 0 0 0 0 0 0 0 0 0 0 0 0 0 0 0 0 0 0 0 0 0 0 0 0 0 0 0 0 0 0 0 0 0 0 0 0
995 146 491 214 781 421 869 82 696 209 241 684 939 967 65 349 554 604 401 208 980 589 415 208 777 984 872 416 909 237 108 504 199 325 333 639 594 631 768 656 775 329 187 812 233 588 510 773 709 167 778 320 177 184 797 472 154 380 466 678 332 214 456 297 397 646 472 419 23 266 268 225 113 230 915 527 809 532 389 127 916 262 70 269 989 148 408 925 431 901 967 745 241 285 487 463 668 849 242 658
998 420 480 661 72 222 251 621 89 776 802 844 33 791 422 277 159 947 396 346 519 827 114 817 339 445 699 494 598 413 509 427 349 108 663 53 621 467 147 613 378 79 131 542 346 674 801 954 820 600 393 792 613 845 853 845 388 895 972 884 932 11 119 267 152 91 158 434 99 101 936 840 910 815 349 843 86 890 641 447 670 109 895 756 347 413 331 473 637 699 525 185 519 240 680 510 415 372 948 772
0 0 0 0 0 0 0 0 0 0 0 0 0 0 0 0 0 0 0 0 0 0 0 0 0 0 0 0 0 0 0 0 0 0 0 0 0 0 0 0 0 0 0 0 0 0 0 0 0 0 0 0 0 0 0 0 0 0 0 0 0 0 0 0 0 0 0 0 0 0 0 0 0 0 0 0 0 0 0 0 0 0 0 0 0 0 0 0 0 0 0 0 0 0 0 0 0 0 0 0
138 727 135 17 823 925 787 478 671 811 9 225 39 549 177 916 154 432 293 348 901 134 424 543 588 392 897 457 280 560 368 207 531 312 764 258 418 571 67 42 87 248 962 78 459 648 852 919 367 585 604 49 554 916 80 750 357 422 528 572 67 640 39 735 269 534 932 813 464 334 791 930 386 225 440 414 168 826 634 513 473 350 196 464 115 839 456 551 879 252 133 848 427 272 999 923 200 781 834 717
910 731 231 772 97 330 348 419 535 141 210 164 433 534 442 12 861 436 39 768 226 649 194 67 292 840 413 112 210 518 314 785 5 680 960 647 51 328 915 106 913 436 772 697 319 804 608 183 317 438 996 170 337 6 411 574 905 818 521 84 505 722 92 984 713 933 343 397 824 18 952 565 867 455 632 255 918 368 849 446 213 602 992 721 593 985 734 345 720 620 850 266 372 918 523 330 896 50 530 216
0 0 0 0 0 0 0 0 0 0 0 0 0 0 0 0 0 0 0 0 0 0 0 0 0 0 0 0 0 0 0 0 0 0 0 0 0 0 0 0 0 0 0 0 0 0 0 0 0 0 0 0 0 0 0 0 0 0 0 0 0 0 0 0 0 0 0 0 0 0 0 0 0 0 0 0 0 0 0 0 0 0 0 0 0 0 0 0 0 0 0 0 0 0 0 0 0 0 0 0
36 140 847 438 180 764 802 455 904 88 985 63 53 519 296 725 392 728 984 571 303 459 2 797 24 801 219 348 918 251 981 725 582 530 411 739 889 408 835 614 882 51 923 810 988 642 464 355 788 979 637 294 932 347 811 476 711 399 831 872 296 536 477 941 827 138 65 233 584 436 474 192 370 317 91 241 700 640 495 297 498 27 409 601 789 458 149 440 626 832 622 837 938 577 509 197 534 594 693 142
596 223 729 30 428 67 65 583 670 891 163 69 752 676 998 942 699 677 505 782 767 820 796 406 827 337 671 537 120 44 632 972 148 128 588 599 66 556 38 963 854 570 741 81 524 911 277 515 328 604 870 782 209 364 581 998 593 380 387 767 780 817 348 973 872 713 693 389 492 318 760 394 960 109 834 125 880 780 58 879 177 338 48 95 824 454 925 757 710 17 576 768 954 346 347 842 404 430 14 830
0 0 0 0 0 0 0 0 0 0 0 0 0 0 0 0 0 0 0 0 0 0 0 0 0 0 0 0 0 0 0 0 0 0 0 0 0 0 0 0 0 0 0 0 0 0 0 0 0 0 0 0 0 0 0 0 0 0 0 0 0 0 0 0 0 0 0 0 0 0 0 0 0 0 0 0 0 0 0 0 0 0 0 0 0 0 0 0 0 0 0 0 0 0 0 0 0 0 0 0
499 28 441 522 907 360 153 684 629 692 182 956 440 954 610 24 343 371 81 463 789 489 825 611 928 579 708 480 7 365 332 354 751 19 119 654 563 428 216 571 387 964 245 413 164 703 712 479 202 806 579 200 716 648 844 22 273 307 113 556 655 89 445 7 873 373 784 699 762 691 687 946 285 542 966 339 550 739 184 920 601 571 991 286 784 405 368 402 774 867 889 934 179 416 558 36 676 260 987 851
577 330 737 629 820 146 120 278 113 107 306 137 931 849 340 190 653 295 345 182 810 152 493 169 108 949 324 608 869 806 92 171 127 619 444 660 777 338 723 523 793 551 890 284 847 623 181 290 162 405 198 951 847 810 328 758 852 314 455 81 350 172 897 502 537 111 583 78 497 516 969 191 425 472 343 676 98 985 35 919 198 647 121 636 58 688 27 771 678 408 637 885 45 627 346 386 996 57 998 16
0 0 0 0 0 0 0 0 0 0 0 0 0 0 0 0 0 0 0 0 0 0 0 0 0 0 0 0 0 0 0 0 0 0 0 0 0 0 0 0 0 0 0 0 0 0 0 0 0 0 0 0 0 0 0 0 0 0 0 0 0 0 0 0 0 0 0 0 0 0 0 0 0 0 0 0 0 0 0 0 0 0 0 0 0 0 0 0 0 0 0 0 0 0 0 0 0 0 0 0
520 850 782 221 56 210 529 308 107 292 340 873 755 1000 661 422 188 517 477 116 74 312 141 445 660 459 674 680 452 115 244 20 679 446 347 792 347 739 51 450 468 532 851 645 515 453 950 501 151 403 414 870 606 249 346 638 100 658 408 396 502 49 697 854 51 940 22 129 264 340 409 672 671 870 151 193 982 81 167 172 582 643 104 332 611 955 649 687 999 726 741 44 644 153 225 572 796 443 934 26
217 1 254 925 452 995 31 814 444 769 998 572 339 948 927 217 190 697 577 818 800 626 297 371 601 252 224 801 500 918 148 726 993 961 640 909 747 86 953 705 910 63 596 492 953 351 327 820 186 767 116 290 42 324 323 757 3 676 645 465 548 361 986 19 301 127 692 461 49 597 546 243 550 955 242 986 940 357 896 538 859 810 679 984 886 980 935 172 361 809 683 547 804 46 758 615 567 361 832 645
0 0 0 0 0 0 0 0 0 0 0 0 0 0 0 0 0 0 0 0 0 0 0 0 0 0 0 0 0 0 0 0 0 0 0 0 0 0 0 0 0 0 0 0 0 0 0 0 0 0 0 0 0 0 0 0 0 0 0 0 0 0 0 0 0 0 0 0 0 0 0 0 0 0 0 0 0 0 0 0 0 0 0 0 0 0 0 0 0 0 0 0 0 0 0 0 0 0 0 0
268 190 120 103 980 320 235 747 347 217 743 290 290 758 147 557 193 84 36 725 503 23 626 73 982 720 574 261 292 676 837 60 195 188 626 174 432 240 807 196 154 105 241 713 846 734 159 926 676 632 207 590 125 767 261 664 553 132 870 78 878 488 701 663 27 213 141 797 915 350 941 817 165 952 320 968 63 613 827 986 90 244 832 287 73 903 597 623 27 292 707 180 542 60 705 212 171 65 162 676
952 580 41 154 814 505 141 327 297 471 668 97 835 685 652 227 733 185 10 596 604 887 344 98 800 311 748 878 375 718 780 695 563 435 460 623 315 582 733 769 878 375 38 507 582 467 109 112 285 488 989 397 368 607 96 673 447 297 867 188 415 890 774 40 643 866 716 98 114 496 712 454 99 254 555 666 863 196 749 242 513 75 108 774 52 252 251 497 335 878 398 703 424 6 798 741 441 996 322 615
0 0 0 0 0 0 0 0 0 0 0 0 0 0 0 0 0 0 0 0 0 0 0 0 0 0 0 0 0 0 0 0 0 0 0 0 0 0 0 0 0 0 0 0 0 0 0 0 0 0 0 0 0 0 0 0 0 0 0 0 0 0 0 0 0 0 0 0 0 0 0 0 0 0 0 0 0 0 0 0 0 0 0 0 0 0 0 0 0 0 0 0 0 0 0 0 0 0 0 0
249 429 102 947 94 977 869 783 235 979 648 658 56 267 673 801 799 487 698 777 364 26 265 206 975 746 619 52 256 537 228 685 803 648 720 788 644 595 644 136 864 179 217 236 813 516 6 296 544 847 955 484 981 333 117 123 95 960 672 542 274 205 493 970 197 232 331 99 899 510 777 361 47 897 624 293 555 752 689 880 820 410 888 967 799 471 307 458 846 560 649 528 73 759 834 756 763 875 958 534
229 900 828 126 803 520 538 192 650 548 238 394 726 639 865 115 389 542 922 15 518 495 453 325 83 18 463 189 819 397 299 150 225 911 591 433 198 208 656 892 711 772 5 416 568 93 824 998 335 325 119 971 982 50 937 144 629 456 723 255 488 568 440 965 915 990 81 74 728 529 545 928 233 734 921 101 146 524 771 177 218 295 494 792 982 648 774 762 483 891 153 650 942 135 106 392 690 688 139 5
0 0 0 0 0 0 0 0 0 0 0 0 0 0 0 0 0 0 0 0 0 0 0 0 0 0 0 0 0 0 0 0 0 0 0 0 0 0 0 0 0 0 0 0 0 0 0 0 0 0 0 0 0 0 0 0 0 0 0 0 0 0 0 0 0 0 0 0 0 0 0 0 0 0 0 0 0 0 0 0 0 0 0 0 0 0 0 0 0 0 0 0 0 0 0 0 0 0 0 0
501 834 851 166 230 536 828 971 734 912 396 699 842 793 640 861 576 914 99 95 783 314 799 557 317 841 446 60 656 221 238 639 917 734 632 349 222 767 170 746 816 761 181 757 163 524 991 406 822 367 348 847 807 544 159 250 429 618 2 534 674 119 421 366 765 669 102 837 778 734 130 849 145 455 725 319 876 229 380 543 715 251 191 356 841 202 966 535 793 832 796 820 53 893 559 242 940 987 35 903
653 760 84 180 459 725 765 192 190 438 598 552 694 628 422 302 591 762 958 356 713 591 503 582 872 57 974 442 313 178 715 605 22 701 401 351 610 237 117 322 563 435 82 842 97 23 752 747 613 474 25 597 512 393 291 641 2 94 59 886 586 995 529 368 125 846 551 653 220 314 74 228 570 833 485 723 778 49 560 383 430 748 147 191 12 25 842 327 410 964 461 996 568 414 600 205 70 498 87 842
0 0 0 0 0 0 0 0 0 0 0 0 0 0 0 0 0 0 0 0 0 0 0 0 0 0 0 0 0 0 0 0 0 0 0 0 0 0 0 0 0 0 0 0 0 0 0 0 0 0 0 0 0 0 0 0 0 0 0 0 0 0 0 0 0 0 0 0 0 0 0 0 0 0 0 0 0 0 0 0 0 0 0 0 0 0 0 0 0 0 0 0 0 0 0 0 0 0 0 0
550 346 307 345 284 303 743 718 56 843 35 184 784 468 175 587 456 264 113 796 963 803 67 59 684 375 862 64 500 325 160 26 818 774 223 605 561 521 953 611 514 447 24 967 231 496 270 518 849 297 935 792 754 277 280 774 318 517 972 447 40 61 593 538 378 779 919 215 247 351 615 742 502 866 304 595 391 747 561 177 531 846 413 722 976 717 268 486 664 732 815 400 526 309 677 571 964 340 887 704
527 285 931 594 526 688 493 321 554 949 749 501 701 421 463 887 734 534 254 348 808 710 133 967 933 227 349 922 512 572 767 544 369 404 946 204 608 356 586 597 329 2 149 859 639 229 25 656 715 477 303 384 571 851 952 222 554 994 503 989 115 58 555 391 118 406 121 468 457 750 192 934 613 55 342 727 665 99 822 951 480 722 233 384 966 238 775 414 919 941 152 963 414 381 652 806 855 307 646 153
0 0 0 0 0 0 0 0 0 0 0 0 0 0 0 0 0 0 0 0 0 0 0 0 0 0 0 0 0 0 0 0 0 0 0 0 0 0 0 0 0 0 0 0 0 0 0 0 0 0 0 0 0 0 0 0 0 0 0 0 0 0 0 0 0 0 0 0 0 0 0 0 0 0 0 0 0 0 0 0 0 0 0 0 0 0 0 0 0 0 0 0 0 0 0 0 0 0 0 0
345 24 845 70 460 291 939 561 973 565 537 396 895 592 81 958 786 241 392 992 421 951 691 566 426 820 223 312 972 299 244 379 365 942 725 507 697 178 506 709 134 68 827 848 938 318 17 937 205 148 556 53 282 471 181 200 898 454 337 448 529 484 807 474 917 970 689 106 579 942 446 293 543 293 298 139 587 609 81 934 864 371 68 573 993 915 624 436 648 31 772 567 409 414 397 706 281 331 397 600
304 927 908 661 267 792 863 271 631 78 422 490 53 579 509 579 55 46 822 484 43 557 362 659 459 296 629 327 913 335 873 556 496 763 343 32 169 207 365 841 864 554 213 94 140 206 161 930 430 458 844 171 643 669 252 467 302 311 229 858 226 867 495 984 66 840 979 45 54 582 881 897 707 617 182 980 992 803 208 930 312 797 245 824 795 386 244 577 145 641 594 958 291 267 660 718 23 794 894 639
0 0 0 0 0 0 0 0 0 0 0 0 0 0 0 0 0 0 0 0 0 0 0 0 0 0 0 0 0 0 0 0 0 0 0 0 0 0 0 0 0 0 0 0 0 0 0 0 0 0 0 0 0 0 0 0 0 0 0 0 0 0 0 0 0 0 0 0 0 0 0 0 0 0 0 0 0 0 0 0 0 0 0 0 0 0 0 0 0 0 0 0 0 0 0 0 0 0 0 0
298 466 538 752 273 384 269 985 444 217 926 512 177 584 908 748 788 396 830 214 753 921 65 351 862 896 158 677 485 709 237 233 766 707 939 958 229 793 427 94 728 812 773 32 333 673 878 987 86 88 846 740 898 778 983 185 466 527 111 518 537 30 199 437 756 436 434 812 202 807 93 813 382 734 274 963 957 246 307 956 560 906 458 248 67 613 769 963 57 148 243 988 90 639 492 738 265 255 10 878
292 909 478 70 752 89 760 155 605 912 899 526 294 258 510 995 544 461 269 85 569 783 576 324 774 671 619 421 106 333 994 395 94 201 828 373 469 235 259 809 704 339 832 637 346 53 305 167 52 550 97 571 444 572 439 608 558 120 112 299 299 160 5 675 891 543 634 308 53 840 57 493 558 995 93 244 903 870 345 589 305 130 302 765 574 43 796 385 840 533 213 918 194 694 32 551 809 729 277 762
0 0 0 0 0 0 0 0 0 0 0 0 0 0 0 0 0 0 0 0 0 0 0 0 0 0 0 0 0 0 0 0 0 0 0 0 0 0 0 0 0 0 0 0 0 0 0 0 0 0 0 0 0 0 0 0 0 0 0 0 0 0 0 0 0 0 0 0 0 0 0 0 0 0 0 0 0 0 0 0 0 0 0 0 0 0 0 0 0 0 0 0 0 0 0 0 0 0 0 0
135 130 786 430 659 631 773 758 918 909 74 637 171 215 749 739 440 128 496 263 483 2 35 906 176 960 447 353 133 209 744 396 10 730 587 823 794 80 435 939 214 925 525 553 812 743 396 797 356 677 13 248 224 996 837 578 457 566 523 155 811 332 428 940 773 133 324 969 436 186 897 717 353 379 883 16 324 888 505 945 716 786 220 664 587 419 681 830 138 901 465 729 782 487 135 639 218 840 111 747
420 732 516 861 286 515 311 266 495 518 402 875 739 903 414 307 261 516 831 777 798 649 325 104 803 691 952 882 207 984 179 436 684 481 851 860 597 403 187 239 494 507 275 199 62 337 851 827 23 154 335 168 312 84 286 193 854 499 452 209 325 682 761 718 783 160 744 903 668 54 168 549 895 768 64 855 967 998 595 443 3 95 896 163 657 885 382 552 266 602 434 389 674 839 372 997 804 714 443 337
0 0 0 0 0 0 0 0 0 0 0 0 0 0 0 0 0 0 0 0 0 0 0 0 0 0 0 0 0 0 0 0 0 0 0 0 0 0 0 0 0 0 0 0 0 0 0 0 0 0 0 0 0 0 0 0 0 0 0 0 0 0 0 0 0 0 0 0 0 0 0 0 0 0 0 0 0 0 0 0 0 0 0 0 0 0 0 0 0 0 0 0 0 0 0 0 0 0 0 0
100 474 568 589 285 518 16 178 986 247 112 498 249 498 155 19 951 741 533 769 189 1 713 538 836 937 227 926 9 457 628 255 102 852 602 853 27 57 665 334 299 461 537 775 734 296 812 427 526 608 322 155 189 695 636 179 367 326 4 629 236 144 148 712 545 841 480 295 481 466 320 572 258 224 423 410 46 575 595 713 408 661 969 140 450 157 563 849 918 698 511 784 111 668 174 14 212 601 14 519
620 986 224 973 374 289 319 584 307 57 859 885 845 256 260 641 515 915 540 754 436 405 230 776 251 33 170 503 575 834 667 110 666 886 537 836 32 257 193 465 28 87 298 822 715 424 350 921 181 793 179 376 444 567 738 743 655 52 997 151 131 895 611 199 559 295 399 11 851 464 931 539 648 57 396 147 405 869 816 253 240 846 403 959 343 647 773 623 442 124 518 773 963 626 643 559 63 907 913 388
0 0 0 0 0 0 0 0 0 0 0 0 0 0 0 0 0 0 0 0 0 0 0 0 0 0 0 0 0 0 0 0 0 0 0 0 0 0 0 0 0 0 0 0 0 0 0 0 0 0 0 0 0 0 0 0 0 0 0 0 0 0 0 0 0 0 0 0 0 0 0 0 0 0 0 0 0 0 0 0 0 0 0 0 0 0 0 0 0 0 0 0 0 0 0 0 0 0 0 0
736 965 614 806 838 565 320 928 168 655 220 746 438 475 563 511 544 426 722 472 338 276 134 628 965 15 507 723 86 728 212 62 145 724 826 518 987 768 113 145 913 434 865 783 630 932 875 167 741 357 24 885 727 225 443 886 438 382 853 273 824 173 66 517 435 988 475 345 113 420 234 535 683 96 693 884 177 539 425 362 141 470 258 249 72 123 378 849 773 374 449 986 785 988 476 140 567 118 617 448
546 456 36 676 114 113 815 946 867 693 467 171 118 734 987 951 274 683 288 337 805 448 296 121 195 1000 146 940 796 236 611 975 441 327 299 915 234 673 200 235 366 725 476 579 449 611 693 564 636 635 498 405 915 808 842 817 703 395 641 98 980 700 57 979 421 445 679 693 501 556 214 771 237 241 328 943 680 344 98 768 5 295 572 714 795 774 436 887 368 930 944 992 639 627 157 15 905 739 798 4
0 0 0 0 0 0 0 0 0 0 0 0 0 0 0 0 0 0 0 0 0 0 0 0 0 0 0 0 0 0 0 0 0 0 0 0 0 0 0 0 0 0 0 0 0 0 0 0 0 0 0 0 0 0 0 0 0 0 0 0 0 0 0 0 0 0 0 0 0 0 0 0 0 0 0 0 0 0 0 0 0 0 0 0 0 0 0 0 0 0 0 0 0 0 0 0 0 0 0 0
213 159 555 146 4 830 785 399 267 474 914 162 986 521 700 130 108 403 549 928 584 438 582 860 69 485 274 624 156 816 845 592 324 160 545 434 304 373 266 332 728 647 983 114 56 671 146 110 44 290 193 633 761 621 791 587 986 907 498 764 789 921 241 36 651 174 922 604 148 299 584 342 346 851 874 979 172 187 579 533 682 338 699 466 457 232 779 546 849 665 502 258 183 326 188 886 987 94 768 997
603 446 364 362 232 946 518 58 437 697 909 483 241 464 227 167 294 50 158 715 239 28 171 437 696 149 863 486 609 856 631 901 697 753 408 950 202 162 78 884 70 521 461 873 471 603 879 152 113 432 124 970 659 591 157 582 802 261 979 344 55 142 85 233 750 311 168 762 585 63 500 86 174 539 566 263 228 91 890 82 844 118 158 356 470 379 93 757 830 413 566 873 578 450 899 359 26 745 232 569
0 0 0 0 0 0 0 0 0 0 0 0 0 0 0 0 0 0 0 0 0 0 0 0 0 0 0 0 0 0 0 0 0 0 0 0 0 0 0 0 0 0 0 0 0 0 0 0 0 0 0 0 0 0 0 0 0 0 0 0 0 0 0 0 0 0 0 0 0 0 0 0 0 0 0 0 0 0 0 0 0 0 0 0 0 0 0 0 0 0 0 0 0 0 0 0 0 0 0 0
226 353 346 497 984 260 963 272 802 855 521 646 598 269 110 634 73 241 409 489 466 628 655 110 28 530 517 162 183 676 454 42 266 61 84 847 328 702 742 148 122 245 514 248 862 326 170 496 940 828 654 352 392 562 563 809 347 332 449 743 875 534 141 297 807 870 785 510 463 853 483 426 183 900 849 806 896 152 25 164 432 835 648 69 763 509 944 763 580 131 709 137 929 784 252 303 186 467 980 371
713 155 308 65 427 147 636 6 730 834 597 802 303 27 756 565 879 249 707 644 934 36 410 829 152 999 78 586 245 381 218 132 744 33 985 726 191 606 933 802 602 935 744 11 55 15 821 852 601 80 685 741 610 313 528 812 690 20 353 884 320 376 690 868 661 720 763 252 657 922 476 555 240 412 654 374 482 824 954 860 952 590 953 606 419 311 842 649 497 583 207 760 313 295 251 351 303 154 584 46
0 0 0 0 0 0 0 0 0 0 0 0 0 0 0 0 0 0 0 0 0 0 0 0 0 0 0 0 0 0 0 0 0 0 0 0 0 0 0 0 0 0 0 0 0 0 0 0 0 0 0 0 0 0 0 0 0 0 0 0 0 0 0 0 0 0 0 0 0 0 0 0 0 0 0 0 0 0 0 0 0 0 0 0 0 0 0 0 0 0 0 0 0 0 0 0 0 0 0 0
699 509 618 907 287 872 304 341 324 506 261 123 132 923 575 577 534 10 803 25 128 822 199 539 730 434 753 81 995 583 63 897 49 513 866 883 585 520 417 668 180 280 476 715 792 872 119 674 143 635 925 262 292 231 333 660 359 117 426 545 377 76 984 818 727 914 788 206 755 214 882 223 417 647 673 458 953 829 199 651 19 213 239 265 798 985 266 325 866 81 477 781 335 940 106 555 154 610 985 411
690 88 208 575 12 944 158 502 232 49 218 58 708 376 236 222 346 306 215 381 519 366 922 458 531 437 927 529 561 391 917 416 112 300 25 147 234 791 115 182 425 87 757 151 422 249 318 470 563 708 662 497 220 868 793 644 264 59 350 139 857 284 996 127 568 872 144 679 65 281 510 517 552 93 490 781 499 483 512 236 722 512 798 974 866 415 70 859 233 578 33 905 250 674 417 175 558 67 259 573
0 0 0 0 0 0 0 0 0 0 0 0 0 0 0 0 0 0 0 0 0 0 0 0 0 0 0 0 0 0 0 0 0 0 0 0 0 0 0 0 0 0 0 0 0 0 0 0 0 0 0 0 0 0 0 0 0 0 0 0 0 0 0 0 0 0 0 0 0 0 0 0 0 0 0 0 0 0 0 0 0 0 0 0 0 0 0 0 0 0 0 0 0 0 0 0 0 0 0 0
355 731 818 813 915 564 514 766 248 399 748 295 974 905 200 545 81 536 928 614 344 502 161 96 810 987 176 425 217 151 688 331 179 205 632 426 514 149 156 445 152 818 426 403 734 28 423 245 444 401 590 43 201 645 882 274 123 828 624 534 562 468 564 186 643 529 681 687 148 33 547 272 805 656 10 882 860 638 940 885 280 182 7 182 971 209 69 831 643 568 821 72 157 784 765 711 343 999 952 873
174 601 197 340 53 500 315 992 281 363 94 315 548 228 99 324 790 12 101 320 553 662 697 559 587 32 695 519 478 857 715 905 202 330 250 731 597 581 796 126 762 34 45 706 985 289 473 389 781 14 791 10 499 574 264 641 504 71 928 877 148 421 232 979 436 990 621 586 448 404 609 640 638 81 397 855 740 281 94 702 121 805 360 22 200 503 262 884 297 708 966 607 159 367 142 572 443 642 439 929
0 0 0 0 0 0 0 0 0 0 0 0 0 0 0 0 0 0 0 0 0 0 0 0 0 0 0 0 0 0 0 0 0 0 0 0 0 0 0 0 0 0 0 0 0 0 0 0 0 0 0 0 0 0 0 0 0 0 0 0 0 0 0 0 0 0 0 0 0 0 0 0 0 0 0 0 0 0 0 0 0 0 0 0 0 0 0 0 0 0 0 0 0 0 0 0 0 0 0 0
398 439 869 197 6 481 415 237 460 705 968 131 505 748 156 490 380 766 969 124 718 713 608 447 662 765 666 720 690 713 578 502 477 556 583 378 478 682 866 596 251 384 669 360 163 108 905 863 482 159 873 72 233 468 93 270 637 529 209 15 66 608 374 277 569 41 465 771 19 467 32 574 926 609 137 516 68 833 849 512 355 29 858 632 670 933 890 435 67 723 753 478 102 638 897 364 553 423 473 778
831 95 175 576 911 195 139 75 539 501 674 330 729 99 164 748 117 312 8 92 754 296 407 980 232 602 139 176 405 378 397 397 736 459 996 257 51 418 195 392 267 250 888 547 661 476 178 889 391 418 268 521 514 656 389 185 185 141 719 314 305 158 499 288 166 33 367 855 735 810 113 410 77 677 347 337 481 507 825 922 28 733 817 681 480 498 931 314 789 435 725 212 979 530 712 169 546 968 999 158
0 0 0 0 0 0 0 0 0 0 0 0 0 0 0 0 0 0 0 0 0 0 0 0 0 0 0 0 0 0 0 0 0 0 0 0 0 0 0 0 0 0 0 0 0 0 0 0 0 0 0 0 0 0 0 0 0 0 0 0 0 0 0 0 0 0 0 0 0 0 0 0 0 0 0 0 0 0 0 0 0 0 0 0 0 0 0 0 0 0 0 0 0 0 0 0 0 0 0 0
508 482 655 365 919 653 330 785 635 657 71 116 884 716 361 392 773 918 731 612 486 238 835 330 754 985 292 355 175 658 368 862 250 927 574 326 265 228 235 546 800 74 1 36 550 735 428 902 824 952 798 373 189 586 906 281 626 643 236 700 411 720 113 329 774 854 427 335 776 152 761 834 304 977 54 643 77 267 52 183 230 644 732 375 638 572 77 148 363 235 495 79 923 229 363 422 968 937 156 987
586 733 80 623 217 919 508 164 311 586 172 236 433 668 583 712 869 602 186 385 111 791 115 593 288 221 269 725 322 111 502 811 76 730 379 764 731 432 491 303 810 458 595 377 747 491 967 535 896 500 379 424 992 272 245 635 152 559 868 275 527 999 427 990 763 946 478 911 488 23 414 617 792 209 855 672 314 655 994 618 929 81 80 311 361 482 893 318 72 625 35 384 634 885 763 697 472 465 386 274
0 0 0 0 0 0 0 0 0 0 0 0 0 0 0 0 0 0 0 0 0 0 0 0 0 0 0 0 0 0 0 0 0 0 0 0 0 0 0 0 0 0 0 0 0 0 0 0 0 0 0 0 0 0 0 0 0 0 0 0 0 0 0 0 0 0 0 0 0 0 0 0 0 0 0 0 0 0 0 0 0 0 0 0 0 0 0 0 0 0 0 0 0 0 0 0 0 0 0 0
104 476 86 641 358 798 420 676 86 343 258 101 197 821 923 763 44 859 372 688 717 202 39 467 889 446 158 435 212 683 605 950 848 163 426 774 473 26 314 314 26 424 994 502 352 586 26 50 875 490 221 262 863 578 660 977 819 418 599 919 937 380 919 46 149 630 175 236 674 500 727 4 828 429 778 599 724 873 84 678 709 191 388 353 354 757 244 169 925 733 748 230 125 641 455 820 409 867 839 382
710 985 10 798 648 919 237 417 191 665 554 215 536 80 248 101 871 640 808 467 352 601 440 384 179 45 585 611 220 992 962 9 849 916 724 898 913 602 429 345 617 641 660 795 781 464 836 505 386 469 113 481 743 847 222 172 747 666 555 549 23 973 301 585 298 14 531 368 909 595 87 814 552 751 137 704 394 715 31 963 337 142 744 797 405 709 177 786 169 76 326 342 418 94 545 258 449 168 984 192
0 0 0 0 0 0 0 0 0 0 0 0 0 0 0 0 0 0 0 0 0 0 0 0 0 0 0 0 0 0 0 0 0 0 0 0 0 0 0 0 0 0 0 0 0 0 0 0 0 0 0 0 0 0 0 0 0 0 0 0 0 0 0 0 0 0 0 0 0 0 0 0 0 0 0 0 0 0 0 0 0 0 0 0 0 0 0 0 0 0 0 0 0 0 0 0 0 0 0 0
448 942 505 146 363 437 78 13 167 731 697 180 59 397 471 510 782 360 384 72 164 732 337 925 777 950 537 205 282 453 265 442 565 216 554 107 779 943 961 447 421 398 836 668 697 507 685 600 354 951 31 663 169 578 218 453 976 352 914 809 88 456 783 678 852 934 163 12 805 302 124 50 103 827 330 280 572 831 730 36 163 924 373 501 852 980 139 170 519 408 339 773 851 974 511 979 48 894 757 764
820 947 252 498 418 230 818 182 450 66 256 878 486 551 733 445 993 451 273 998 565 597 180 957 567 446 967 668 854 602 851 677 584 842 414 994 702 305 357 423 466 699 451 944 891 451 752 565 664 244 553 108 277 811 187 318 567 289 776 452 323 576 16 429 285 145 792 543 929 523 100 554 720 545 551 308 588 455 135 594 460 761 936 72 457 671 969 533 800 708 844 951 375 938 725 656 826 529 597 602
0 0 0 0 0 0 0 0 0 0 0 0 0 0 0 0 0 0 0 0 0 0 0 0 0 0 0 0 0 0 0 0 0 0 0 0 0 0 0 0 0 0 0 0 0 0 0 0 0 0 0 0 0 0 0 0 0 0 0 0 0 0 0 0 0 0 0 0 0 0 0 0 0 0 0 0 0 0 0 0 0 0 0 0 0 0 0 0 0 0 0 0 0 0 0 0 0 0 0 0
110 777 110 918 156 270 778 409 90 426 668 459 183 199 382 721 960 922 381 730 217 853 76 211 441 334 649 389 276 585 504 144 252 806 706 687 585 402 278 920 965 840 447 559 718 926 762 430 707 795 837 685 605 881 564 541 949 416 836 119 435 813 183 638 249 265 70 998 885 58 946 314 162 219 35 1 782 312 140 393 163 469 546 969 360 678 557 698 857 209 493 89 722 623 649 77 261 445 600 104
737 352 966 384 176 749 683 404 44 717 789 42 453 391 168 721 70 129 941 892 457 721 511 811 936 619 756 836 683 41 542 256 202 148 793 965 345 152 319 329 641 665 60 892 953 295 61 366 440 204 316 14 983 755 369 407 958 158 344 890 481 378 73 923 225 7 843 750 661 368 899 888 639 665 50 51 548 636 483 719 43 897 694 727 92 575 405 109 191 107 925 793 173 617 758 776 461 711 613 264
0 0 0 0 0 0 0 0 0 0 0 0 0 0 0 0 0 0 0 0 0 0 0 0 0 0 0 0 0 0 0 0 0 0 0 0 0 0 0 0 0 0 0 0 0 0 0 0 0 0 0 0 0 0 0 0 0 0 0 0 0 0 0 0 0 0 0 0 0 0 0 0 0 0 0 0 0 0 0 0 0 0 0 0 0 0 0 0 0 0 0 0 0 0 0 0 0 0 0 0
421 401 143 742 612 328 857 906 556 133 512 323 552 198 398 681 627 756 927 843 785 229 634 174 274 621 204 922 752 981 864 634 883 872 706 800 413 530 948 615 779 89 662 187 370 214 458 165 502 867 865 755 801 815 199 311 744 119 788 243 604 938 465 926 679 93 510 641 152 962 537 59 499 632 995 505 732 451 900 206 216 269 741 615 140 579 652 260 387 358 190 402 117 63 579 921 462 951 989 816
432 368 622 812 827 124 289 931 298 57 688 420 659 483 683 345 376 254 130 291 481 309 113 103 460 321 912 231 988 977 746 283 803 689 35 180 571 36 552 576 30 836 471 812 647 323 413 77 638 803 877 97 337 50 897 383 114 373 159 190 101 56 540 536 688 627 540 803 262 947 723 372 690 504 240 998 581 729 344 625 753 369 373 512 743 265 231 717 258 712 176 883 195 21 19 185 776 805 680 584
0 0 0 0 0 0 0 0 0 0 0 0 0 0 0 0 0 0 0 0 0 0 0 0 0 0 0 0 0 0 0 0 0 0 0 0 0 0 0 0 0 0 0 0 0 0 0 0 0 0 0 0 0 0 0 0 0 0 0 0 0 0 0 0 0 0 0 0 0 0 0 0 0 0 0 0 0 0 0 0 0 0 0 0 0 0 0 0 0 0 0 0 0 0 0 0 0 0 0 0
143 922 648 43 820 55 361 180 499 740 566 27 478 37 150 96 558 915 629 67 754 758 6 186 490 734 415 193 192 739 572 34 492 112 57 621 860 51 244 828 764 625 372 532 456 199 172 65 625 21 756 637 321 52 296 511 681 548 221 465 303 374 748 621 959 373 558 107 653 191 62 693 50 385 77 495 739 556 778 86 137 890 682 885 164 184 825 410 625 991 866 971 351 951 482 994 321 38 917 612
205 389 449 608 813 547 460 389 34 318 745 402 339 353 235 414 718 690 762 720 592 704 245 63 544 501 429 157 947 7 195 594 413 960 55 272 433 827 311 268 410 330 939 737 468 756 197 891 484 802 455 280 337 780 453 215 603 895 546 545 59 708 957 236 473 930 541 905 356 844 868 328 302 231 275 377 851 69 296 380 258 150 202 788 199 510 109 432 279 268 474 508 503 229 445 884 545 383 76 457
0 0 0 0 0 0 0 0 0 0 0 0 0 0 0 0 0 0 0 0 0 0 0 0 0 0 0 0 0 0 0 0 0 0 0 0 0 0 0 0 0 0 0 0 0 0 0 0 0 0 0 0 0 0 0 0 0 0 0 0 0 0 0 0 0 0 0 0 0 0 0 0 0 0 0 0 0 0 0 0 0 0 0 0 0 0 0 0 0 0 0 0 0 0 0 0 0 0 0 0
508 790 728 82 671 521 840 174 673 805 263 330 862 245 651 303 785 72 807 969 947 552 827 242 148 154 119 4 275 669 809 957 803 562 656 159 674 684 639 324 519 331 12 854 959 826 230 288 240 300 318 364 683 459 619 155 229 694 885 434 432 957 811 252 892 247 284 375 236 360 353 845 248 622 558 370 604 306 536 495 414 481 747 660 101 871 960 649 900 210 114 638 496 284 843 964 581 234 376 928
595 760 332 429 990 195 535 159 50 870 339 999 596 798 988 616 286 931 605 903 438 998 39 457 614 51 355 801 859 311 463 976 587 1 595 610 514 353 88 356 675 693 637 875 372 256 182 974 171 245 280 35 101 985 476 775 228 835 833 876 928 939 30 671 19 904 10 569 973 301 144 198 741 991 896 777 60 833 28 963 859 145 352 82 706 13 844 443 768 625 179 608 989 276 429 458 689 413 723 821
0 0 0 0 0 0 0 0 0 0 0 0 0 0 0 0 0 0 0 0 0 0 0 0 0 0 0 0 0 0 0 0 0 0 0 0 0 0 0 0 0 0 0 0 0 0 0 0 0 0 0 0 0 0 0 0 0 0 0 0 0 0 0 0 0 0 0 0 0 0 0 0 0 0 0 0 0 0 0 0 0 0 0 0 0 0 0 0 0 0 0 0 0 0 0 0 0 0 0 0
919 58 742 108 189 439 919 862 312 180 648 553 100 510 109 288 358 469 37 461 668 979 980 432 40 30 565 646 47 528 27 223 160 338 584 721 62 166 664 418 620 335 83 485 343 701 8 422 56 112 943 222 267 1000 148 142 789 241 839 132 518 399 538 473 241 224 801 531 102 955 453 689 663 194 507 884 137 574 668 128 135 416 307 13 589 198 753 329 159 470 404 810 667 944 165 573 604 822 950 210
592 955 831 680 160 670 66 622 80 727 757 780 657 824 735 716 702 539 984 875 838 831 267 328 3 668 709 620 927 646 838 807 337 744 90 954 619 516 645 266 242 395 768 614 147 338 437 669 473 969 822 37 738 581 301 146 554 248 5 853 300 783 568 663 803 997 627 475 20 122 296 691 386 86 226 956 894 480 692 148 820 366 521 103 722 666 390 454 817 488 590 607 920 653 957 829 12 214 453 578
0 0 0 0 0 0 0 0 0 0 0 0 0 0 0 0 0 0 0 0 0 0 0 0 0 0 0 0 0 0 0 0 0 0 0 0 0 0 0 0 0 0 0 0 0 0 0 0 0 0 0 0 0 0 0 0 0 0 0 0 0 0 0 0 0 0 0 0 0 0 0 0 0 0 0 0 0 0 0 0 0 0 0 0 0 0 0 0 0 0 0 0 0 0 0 0 0 0 0 0
224 504 497 81 840 657 970 424 352 630 637 381 435 378 496 73 944 109 241 775 939 918 517 154 818 736 805 414 623 855 378 752 90 195 342 677 204 89 203 588 707 648 987 780 976 486 468 838 50 959 553 412 226 794 568 574 922 47 356 344 144 720 867 718 294 291 656 260 504 74 754 959 714 571 713 813 57 63 445 220 361 9 23 326 979 204 623 945 269 132 608 767 572 697 65 214 289 467 585 913
691 513 189 970 28 296 323 107 910 878 102 60 780 37 812 214 227 566 86 81 994 782 578 706 324 481 217 473 260 171 95 476 277 776 665 662 353 468 791 626 979 337 396 38 952 512 977 322 595 675 922 632 579 985 725 718 167 199 95 954 941 647 869 77 164 208 171 58 131 749 684 401 245 239 942 881 60 766 848 351 223 774 879 881 996 958 696 630 799 186 399 677 418 827 833 823 606 559 347 271
0 0 0 0 0 0 0 0 0 0 0 0 0 0 0 0 0 0 0 0 0 0 0 0 0 0 0 0 0 0 0 0 0 0 0 0 0 0 0 0 0 0 0 0 0 0 0 0 0 0 0 0 0 0 0 0 0 0 0 0 0 0 0 0 0 0 0 0 0 0 0 0 0 0 0 0 0 0 0 0 0 0 0 0 0 0 0 0 0 0 0 0 0 0 0 0 0 0 0 0
394 804 727 823 166 849 711 84 217 68 920 228 784 352 460 597 845 280 22 740 189 884 659 193 763 513 186 614 212 447 287 968 322 503 690 106 360 342 144 285 742 551 267 984 795 90 247 352 955 454 746 180 811 446 994 643 657 552 136 329 34 503 648 924 984 312 567 300 478 309 729 623 621 103 903 675 717 610 999 903 904 967 188 854 555 769 425 291 400 718 804 160 216 160 626 765 986 776 907 227
324 24 299 211 453 557 691 878 447 330 531 815 522 665 757 380 792 127 527 883 492 762 617 441 355 624 990 64 573 883 345 630 324 913 153 505 470 741 804 659 284 88 561 587 733 603 249 341 37 709 83 428 413 999 328 634 23 613 527 812 931 863 187 904 711 314 955 669 198 244 459 831 728 995 180 78 737 945 749 436 72 407 837 539 315 102 620 542 797 512 395 7 142 417 360 418 608 969 613 450
0 0 0 0 0 0 0 0 0 0 0 0 0 0 0 0 0 0 0 0 0 0 0 0 0 0 0 0 0 0 0 0 0 0 0 0 0 0 0 0 0 0 0 0 0 0 0 0 0 0 0 0 0 0 0 0 0 0 0 0 0 0 0 0 0 0 0 0 0 0 0 0 0 0 0 0 0 0 0 0 0 0 0 0 0 0 0 0 0 0 0 0 0 0 0 0 0 0 0 0
373 586 102 671 568 536 312 583 704 102 890 936 799 313 804 551 931 955 450 411 347 331 504 122 708 634 742 57 615 690 966 890 780 774 199 740 370 199 114 512 796 486 268 851 537 198 986 332 21 968 358 681 234 55 439 510 194 911 541 531 612 972 170 390 155 960 740 644 317 874 31 606 620 541 745 799 716 200 582 159 987 326 655 222 687 150 987 28 544 465 26 85 413 527 778 987 975 289 178 549
314 466 228 451 679 692 361 724 75 82 895 311 424 840 464 73 535 676 363 787 614 389 916 931 167 408 520 142 726 843 473 215 868 750 39 298 310 763 412 909 302 318 499 261 691 353 775 829 83 891 955 645 323 572 678 829 8 970 751 236 838 977 418 815 755 368 916 383 143 179 811 807 593 586 476 140 4 316 644 351 696 843 463 440 187 758 2 265 518 198 510 287 316 677 514 439 714 521 850 928
0 0 0 0 0 0 0 0 0 0 0 0 0 0 0 0 0 0 0 0 0 0 0 0 0 0 0 0 0 0 0 0 0 0 0 0 0 0 0 0 0 0 0 0 0 0 0 0 0 0 0 0 0 0 0 0 0 0 0 0 0 0 0 0 0 0 0 0 0 0 0 0 0 0 0 0 0 0 0 0 0 0 0 0 0 0 0 0 0 0 0 0 0 0 0 0 0 0 0 0
994 534 14 670 369 16 69 185 959 451 88 156 201 241 950 189 533 788 576 57 253 730 81 582 394 694 877 743 980 717 160 53 960 430 53 928 842 620 937 474 542 58 173 876 988 72 555 830 703 955 918 212 759 746 507 288 659 337 444 493 585 196 333 81 67 199 378 753 536 758 516 913 814 406 795 175 207 882 31 984 710 274 469 293 610 339 917 396 831 788 65 690 925 347 919 101 721 184 733 408
518 603 738 777 811 429 878 821 562 632 193 528 132 738 715 987 845 802 852 989 399 202 617 852 398 967 424 288 827 338 900 829 329 27 768 314 472 149 916 711 235 848 301 210 349 335 573 758 17 559 818 194 532 48 449 243 633 932 969 71 531 859 442 555 396 898 72 969 471 348 199 828 348 530 691 46 682 520 948 339 85 991 700 202 549 502 131 429 178 141 672 987 570 780 857 885 182 774 885 398
0 0 0 0 0 0 0 0 0 0 0 0 0 0 0 0 0 0 0 0 0 0 0 0 0 0 0 0 0 0 0 0 0 0 0 0 0 0 0 0 0 0 0 0 0 0 0 0 0 0 0 0 0 0 0 0 0 0 0 0 0 0 0 0 0 0 0 0 0 0 0 0 0 0 0 0 0 0 0 0 0 0 0 0 0 0 0 0 0 0 0 0 0 0 0 0 0 0 0 0
327 795 668 249 346 644 34 201 742 660 220 314 768 840 670 407 377 993 695 390 401 693 322 549 795 613 121 721 29 84 862 798 775 428 658 952 623 858 950 394 420 396 673 102 211 239 841 99 434 488 936 873 339 255 886 395 291 569 631 110 34 957 315 428 900 801 363 933 908 861 84 855 770 253 466 259 426 739 590 863 651 462 412 464 696 383 198 774 639 700 445 717 829 276 798 552 697 862 76 22
849 873 458 125 748 805 681 599 867 106 256 312 442 349 830 863 392 558 607 689 431 644 101 553 482 173 114 20 462 87 18 927 95 935 422 768 648 497 229 949 235 255 173 186 925 168 137 279 415 652 347 724 920 305 390 286 114 19 124 591 48 509 785 25 112 973 924 98 882 722 881 764 707 442 639 884 780 902 738 176 699 57 777 779 917 321 950 7 192 124 447 98 307 916 253 747 418 870 825 392
0 0 0 0 0 0 0 0 0 0 0 0 0 0 0 0 0 0 0 0 0 0 0 0 0 0 0 0 0 0 0 0 0 0 0 0 0 0 0 0 0 0 0 0 0 0 0 0 0 0 0 0 0 0 0 0 0 0 0 0 0 0 0 0 0 0 0 0 0 0 0 0 0 0 0 0 0 0 0 0 0 0 0 0 0 0 0 0 0 0 0 0 0 0 0 0 0 0 0 0
838 572 661 341 569 779 599 271 314 612 822 668 824 680 780 114 467 701 351 168 24 722 316 990 514 565 264 683 917 477 971 730 923 671 10 848 262 308 223 824 427 249 252 375 620 410 781 735 787 935 723 216 697 435 119 116 520 968 536 504 374 909 515 434 932 715 360 928 876 18 822 484 793 530 443 927 851 249 228 120 204 12 709 152 485 41 570 942 99 553 896 190 443 861 3 849 62 753 15 494
21 946 178 559 781 16 919 672 8 851 525 714 378 450 389 517 752 252 909 749 264 713 32 722 930 954 650 234 451 739 7 125 135 376 883 444 62 492 744 127 14 34 228 300 844 9 675 707 209 405 441 849 776 527 747 90 166 261 407 232 370 800 456 704 306 542 722 447 252 778 906 366 296 739 444 925 598 755 76 371 729 218 821 341 929 477 561 277 622 956 958 293 363 430 969 110 663 391 162 988
0 0 0 0 0 0 0 0 0 0 0 0 0 0 0 0 0 0 0 0 0 0 0 0 0 0 0 0 0 0 0 0 0 0 0 0 0 0 0 0 0 0 0 0 0 0 0 0 0 0 0 0 0 0 0 0 0 0 0 0 0 0 0 0 0 0 0 0 0 0 0 0 0 0 0 0 0 0 0 0 0 0 0 0 0 0 0 0 0 0 0 0 0 0 0 0 0 0 0 0
617 868 557 352 142 57 363 959 598 127 569 58 642 598 511 177 306 582 751 496 428 215 556 648 395 733 323 816 129 604 376 692 590 353 1 612 551 294 808 429 545 318 298 268 780 694 481 660 878 671 160 854 1000 944 141 144 938 871 182 681 347 331 204 97 270 377 218 158 460 135 593 14 235 856 955 510 319 947 761 376 475 946 27 625 432 493 898 693 778 652 354 997 303 835 482 243 775 667 578 850
603 728 399 876 337 626 674 746 535 229 335 721 414 11 981 887 313 520 370 957 929 459 957 818 168 576 910 212 801 837 541 773 92 755 903 22 201 565 682 886 906 717 417 244 615 229 128 795 945 943 973 470 209 238 572 197 264 165 304 247 530 329 281 203 810 740 150 731 402 443 670 142 211 133 948 272 736 572 816 757 650 663 920 48 959 266 154 258 992 901 539 538 215 497 934 100 850 895 698 624
0 0 0 0 0 0 0 0 0 0 0 0 0 0 0 0 0 0 0 0 0 0 0 0 0 0 0 0 0 0 0 0 0 0 0 0 0 0 0 0 0 0 0 0 0 0 0 0 0 0 0 0 0 0 0 0 0 0 0 0 0 0 0 0 0 0 0 0 0 0 0 0 0 0 0 0 0 0 0 0 0 0 0 0 0 0 0 0 0 0 0 0 0 0 0 0 0 0 0 0
969 721 58 324 775 616 286 49 230 203 618 556 619 41 79 258 996 456 759 13 507 116 546 116 597 114 499 859 160 758 745 8 548 657 184 838 320 58 151 14 395 394 45 644 237 817 771 770 954 184 495 392 561 80 379 402 583 390 74 31 102 975 703 332 444 785 721 932 907 854 1 120 805 316 235 42 607 629 443 609 205 125 733 884 389 830 95 93 406 193 147 982 825 376 399 841 708 132 51 77
519 987 705 87 465 36 486 112 19 910 141 569 644 173 849 12 630 431 204 334 922 203 488 997 641 389 741 20 456 32 355 533 628 457 1 346 455 260 237 868 110 456 34 34 206 465 806 184 125 149 244 570 692 713 450 879 841 784 811 10 176 666 50 346 462 694 354 506 651 198 929 255 529 668 359 370 251 749 932 694 789 378 287 698 924 604 598 95 821 850 692 893 739 312 327 487 13 686 691 169
0 0 0 0 0 0 0 0 0 0 0 0 0 0 0 0 0 0 0 0 0 0 0 0 0 0 0 0 0 0 0 0 0 0 0 0 0 0 0 0 0 0 0 0 0 0 0 0 0 0 0 0 0 0 0 0 0 0 0 0 0 0 0 0 0 0 0 0 0 0 0 0 0 0 0 0 0 0 0 0 0 0 0 0 0 0 0 0 0 0 0 0 0 0 0 0 0 0 0 0
718 331 294 93 618 527 614 528 241 975 113 931 631 815 717 74 681 204 109 255 111 164 181 226 164 878 471 624 422 621 56 944 755 602 915 384 741 125 761 212 646 822 209 429 508 847 41 986 36 140 172 69 114 617 211 665 39 929 619 810 372 267 463 276 913 500 32 552 146 280 252 964 476 298 678 288 353 247 103 52 430 906 277 221 535 361 454 270 649 865 931 50 818 1 946 204 153 650 178 135
880 19 487 813 700 253 22 805 723 174 883 383 373 382 91 941 489 189 529 790 519 567 255 835 149 314 651 13 993 995 557 930 528 199 617 330 783 199 205 738 791 5 43 543 683 168 731 406 359 333 155 854 770 505 723 97 896 60 531 618 831 445 525 677 395 298 87 344 377 899 722 89 945 249 465 883 579 233 290 67 133 559 117 313 96 693 787 401 987 383 25 597 147 187 958 18 714 722 385 271
0 0 0 0 0 0 0 0 0 0 0 0 0 0 0 0 0 0 0 0 0 0 0 0 0 0 0 0 0 0 0 0 0 0 0 0 0 0 0 0 0 0 0 0 0 0 0 0 0 0 0 0 0 0 0 0 0 0 0 0 0 0 0 0 0 0 0 0 0 0 0 0 0 0 0 0 0 0 0 0 0 0 0 0 0 0 0 0 0 0 0 0 0 0 0 0 0 0 0 0
467 731 614 920 501 802 35 502 193 36 651 867 963 176 343 332 782 29 463 942 902 497 742 39 225 682 66 13 568 330 417 430 322 433 530 602 254 218 116 760 994 816 30 91 895 894 953 684 344 20 618 268 778 10 627 325 794 25 434 322 794 249 149 486 771 704 675 34 346 2 156 441 905 922 297 410 8 925 798 245 160 336 206 44 240 415 930 65 218 608 591 184 962 803 375 24 22 355 102 83
410 761 942 632 755 713 606 990 101 149 634 762 716 605 238 157 706 214 732 299 991 121 12 572 970 489 229 516 345 316 695 618 127 389 485 67 37 581 282 358 746 863 186 441 461 80 920 310 764 471 607 692 911 154 216 794 771 120 600 834 384 51 211 168 603 246 422 666 841 60 724 829 700 763 933 282 986 378 765 894 196 736 432 317 129 658 223 954 490 25 302 15 552 36 630 961 972 303 578 11
0 0 0 0 0 0 0 0 0 0 0 0 0 0 0 0 0 0 0 0 0 0 0 0 0 0 0 0 0 0 0 0 0 0 0 0 0 0 0 0 0 0 0 0 0 0 0 0 0 0 0 0 0 0 0 0 0 0 0 0 0 0 0 0 0 0 0 0 0 0 0 0 0 0 0 0 0 0 0 0 0 0 0 0 0 0 0 0 0 0 0 0 0 0 0 0 0 0 0 0
376 677 285 278 86 18 53 500 215 468 143 524 834 175 628 989 914 382 545 150 702 967 883 983 443 157 393 380 776 330 22 75 186 306 433 999 946 307 548 525 816 311 703 249 915 550 846 878 198 181 945 423 503 40 469 555 414 726 417 263 379 985 238 272 397 78 260 822 963 185 802 725 987 544 368 90 734 521 379 302 665 103 351 956 970 323 961 742 891 585 315 413 948 373 188 183 447 1000 278 122
939 659 892 193 154 138 993 341 320 468 487 517 833 755 560 914 416 139 360 833 922 73 93 855 72 528 477 235 341 865 548 568 177 492 181 990 944 326 357 837 36 580 395 177 856 322 260 489 816 363 782 23 200 351 877 288 107 7 910 980 249 792 51 94 92 374 168 565 501 642 755 921 635 437 104 576 75 763 889 962 734 700 382 678 211 197 457 805 235 76 415 224 539 49 30 402 681 332 74 252
0 0 0 0 0 0 0 0 0 0 0 0 0 0 0 0 0 0 0 0 0 0 0 0 0 0 0 0 0 0 0 0 0 0 0 0 0 0 0 0 0 0 0 0 0 0 0 0 0 0 0 0 0 0 0 0 0 0 0 0 0 0 0 0 0 0 0 0 0 0 0 0 0 0 0 0 0 0 0 0 0 0 0 0 0 0 0 0 0 0 0 0 0 0 0 0 0 0 0 0
332 653 220 675 504 325 623 399 451 586 700 803 589 758 515 231 278 867 794 140 695 855 43 561 809 939 5 45 835 94 522 713 408 597 221 829 510 99 128 833 605 458 588 854 560 529 218 440 282 180 254 526 722 968 933 60 775 331 582 299 765 325 779 701 420 508 778 483 87 175 349 605 217 757 812 634 584 255 392 526 511 559 81 568 577 178 711 891 471 903 113 353 209 685 699 990 531 723 739 915
324 61 178 265 334 754 106 580 870 945 549 552 317 188 657 989 607 989 869 457 421 407 553 132 58 918 554 371 673 445 336 651 852 918 547 911 788 858 677 937 324 105 596 540 10 347 229 526 960 601 665 692 105 879 223 449 761 467 218 610 182 599 299 407 964 28 9 324 858 391 739 197 291 398 519 736 465 47 878 240 916 254 271 148 689 909 668 977 5 871 512 214 528 297 192 712 508 686 429 465
0 0 0 0 0 0 0 0 0 0 0 0 0 0 0 0 0 0 0 0 0 0 0 0 0 0 0 0 0 0 0 0 0 0 0 0 0 0 0 0 0 0 0 0 0 0 0 0 0 0 0 0 0 0 0 0 0 0 0 0 0 0 0 0 0 0 0 0 0 0 0 0 0 0 0 0 0 0 0 0 0 0 0 0 0 0 0 0 0 0 0 0 0 0 0 0 0 0 0 0
510 595 771 850 9 88 530 879 363 27 650 292 127 409 785 796 113 51 219 983 711 378 269 949 208 681 865 242 612 467 728 874 566 906 98 711 484 68 662 710 355 377 421 487 165 837 703 816 864 701 354 102 399 736 439 991 142 116 701 988 404 835 433 446 534 761 139 584 995 802 696 325 294 656 879 98 115 751 613 567 227 19 921 637 587 55 263 795 493 692 188 988 215 572 235 416 501 627 514 621
527 505 304 124 879 519 862 725 436 209 377 714 929 141 768 107 483 623 59 138 406 129 514 223 670 237 275 529 131 956 432 170 676 42 53 610 577 1000 216 24 561 116 516 940 820 473 608 409 720 631 651 848 205 342 284 262 535 821 413 205 409 615 803 370 461 644 488 474 369 424 635 453 171 282 480 792 517 221 269 334 941 870 889 297 54 639 821 512 595 309 393 50 419 611 463 193 119 828 415 92
0 0 0 0 0 0 0 0 0 0 0 0 0 0 0 0 0 0 0 0 0 0 0 0 0 0 0 0 0 0 0 0 0 0 0 0 0 0 0 0 0 0 0 0 0 0 0 0 0 0 0 0 0 0 0 0 0 0 0 0 0 0 0 0 0 0 0 0 0 0 0 0 0 0 0 0 0 0 0 0 0 0 0 0 0 0 0 0 0 0 0 0 0 0 0 0 0 0 0 0
215 620 157 410 326 776 409 787 632 350 604 767 270 713 404 696 321 311 340 685 810 669 930 238 246 100 251 927 123 404 763 747 283 290 583 830 280 441 31 173 231 656 82 451 953 272 270 135 329 80 394 388 568 487 944 867 294 740 598 872 577 958 327 749 675 887 116 223 378 132 488 201 500 173 458 10 628 831 720 392 868 606 107 495 309 746 401 967 841 983 372 78 640 413 327 69 219 614 747 484
233 347 586 391 815 789 629 963 682 708 773 71 835 286 578 965 768 406 113 68 539 975 947 3 161 362 853 977 928 795 338 845 279 801 851 430 604 651 682 981 539 293 542 985 369 763 574 187 56 145 918 232 227 133 51 862 29 161 139 264 534 299 237 873 303 113 126 424 606 864 191 401 329 832 465 816 598 779 366 815 590 436 17 285 73 381 270 786 563 404 613 70 264 587 216 388 344 723 218 932
0 0 0 0 0 0 0 0 0 0 0 0 0 0 0 0 0 0 0 0 0 0 0 0 0 0 0 0 0 0 0 0 0 0 0 0 0 0 0 0 0 0 0 0 0 0 0 0 0 0 0 0 0 0 0 0 0 0 0 0 0 0 0 0 0 0 0 0 0 0 0 0 0 0 0 0 0 0 0 0 0 0 0 0 0 0 0 0 0 0 0 0 0 0 0 0 0 0 0 0
332 773 686 291 209 985 143 93 897 892 554 867 569 93 325 500 890 720 401 819 829 857 815 87 132 528 923 613 361 460 611 801 359 377 725 152 782 787 465 488 655 641 231 394 750 814 904 771 840 616 188 145 403 785 410 372 177 61 104 911 722 171 557 782 825 83 414 800 235 969 367 399 848 611 121 921 676 87 347 639 762 6 845 405 944 965 524 862 232 947 949 827 476 131 279 950 721 722 50 114
74 203 947 569 178 730 724 58 938 28 271 403 679 114 750 898 425 761 746 750 707 310 325 285 334 893 744 116 955 121 461 19 755 939 331 629 552 801 405 130 582 660 497 786 618 309 121 613 538 92 600 17 460 354 723 223 366 60 609 52 383 55 994 915 912 262 225 77 853 235 53 272 478 741 371 158 22 25 51 714 169 807 848 602 237 242 222 241 435 902 282 136 360 352 235 647 383 589 786 636
0 0 0 0 0 0 0 0 0 0 0 0 0 0 0 0 0 0 0 0 0 0 0 0 0 0 0 0 0 0 0 0 0 0 0 0 0 0 0 0 0 0 0 0 0 0 0 0 0 0 0 0 0 0 0 0 0 0 0 0 0 0 0 0 0 0 0 0 0 0 0 0 0 0 0 0 0 0 0 0 0 0 0 0 0 0 0 0 0 0 0 0 0 0 0 0 0 0 0 0
253 537 452 187 110 610 218 80 828 841 682 121 912 964 842 330 93 341 899 265 796 596 827 152 393 891 314 415 151 830 389 317 469 706 740 276 378 543 843 837 345 126 891 431 616 537 791 949 198 70 506 931 308 556 696 684 148 683 508 55 35 754 98 264 69 56 757 486 473 831 258 964 871 940 34 204 917 388 80 251 441 44 806 131 735 236 884 709 601 303 838 396 998 799 898 587 654 744 92 568
259 941 115 821 968 487 24 225 365 812 123 636 881 645 436 511 502 5 281 797 959 949 432 227 912 817 620 77 193 77 31 985 941 119 494 728 46 792 6 116 16 124 702 292 30 680 356 55 101 32 367 987 208 184 716 524 572 838 647 917 35 971 297 140 52 761 469 924 797 627 788 511 184 722 724 457 1 119 535 94 400 696 731 409 296 22 802 612 982 766 836 687 227 930 62 149 627 965 990 882
0 0 0 0 0 0 0 0 0 0 0 0 0 0 0 0 0 0 0 0 0 0 0 0 0 0 0 0 0 0 0 0 0 0 0 0 0 0 0 0 0 0 0 0 0 0 0 0 0 0 0 0 0 0 0 0 0 0 0 0 0 0 0 0 0 0 0 0 0 0 0 0 0 0 0 0 0 0 0 0 0 0 0 0 0 0 0 0 0 0 0 0 0 0 0 0 0 0 0 0
90 200 17 811 439 861 481 599 579 771 355 83 865 574 746 744 462 162 616 201 553 832 794 611 979 810 732 596 13 402 779 151 358 161 605 886 351 383 322 497 581 693 676 504 726 360 358 874 139 868 650 582 77 677 696 187 693 505 60 299 777 379 533 48 103 364 493 455 996 764 133 237 932 256 747 443 887 745 339 386 735 396 790 627 586 405 744 167 410 764 977 710 514 429 354 383 613 692 126 94
519 652 188 439 400 846 521 510 430 154 310 942 564 521 768 931 780 860 908 6 795 449 68 362 349 286 917 344 308 116 446 587 343 873 176 157 470 610 53 231 518 514 254 35 679 709 34 619 392 435 316 423 101 864 766 912 506 394 208 321 353 371 733 578 729 807 746 215 567 887 619 456 242 158 358 717 889 84 843 390 462 409 513 160 881 546 105 747 315 591 139 796 896 318 788 61 383 832 478 972
0 0 0 0 0 0 0 0 0 0 0 0 0 0 0 0 0 0 0 0 0 0 0 0 0 0 0 0 0 0 0 0 0 0 0 0 0 0 0 0 0 0 0 0 0 0 0 0 0 0 0 0 0 0 0 0 0 0 0 0 0 0 0 0 0 0 0 0 0 0 0 0 0 0 0 0 0 0 0 0 0 0 0 0 0 0 0 0 0 0 0 0 0 0 0 0 0 0 0 0
667 626 253 842 948 581 655 95 281 238 39 337 89 121 533 817 223 836 516 101 533 407 596 998 528 295 165 466 864 17 869 169 992 862 403 785 462 476 591 574 212 440 811 825 755 635 914 279 770 917 613 153 419 764 939 116 490 754 734 46 993 346 468 293 369 379 892 400 644 716 1000 21 363 294 514 818 73 29 685 511 947 866 378 570 158 875 689 859 876 810 208 865 800 854 483 892 566 751 940 222
443 327 236 590 131 117 587 665 860 899 374 927 317 903 979 288 840 172 590 27 451 664 219 343 319 91 593 968 95 345 175 66 854 860 814 175 896 276 772 501 818 90 281 543 396 582 294 856 972 42 315 738 789 154 899 558 978 940 853 799 818 722 315 842 888 949 877 233 816 81 87 806 358 343 649 555 152 735 26 523 821 123 500 56 525 109 941 768 3 121 476 369 378 719 870 211 305 125 845 300
0 0 0 0 0 0 0 0 0 0 0 0 0 0 0 0 0 0 0 0 0 0 0 0 0 0 0 0 0 0 0 0 0 0 0 0 0 0 0 0 0 0 0 0 0 0 0 0 0 0 0 0 0 0 0 0 0 0 0 0 0 0 0 0 0 0 0 0 0 0 0 0 0 0 0 0 0 0 0 0 0 0 0 0 0 0 0 0 0 0 0 0 0 0 0 0 0 0 0 0
700 946 810 844 296 155 116 154 656 630 505 445 712 322 312 746 996 561 89 641 759 571 165 548 869 311 814 813 868 798 52 420 316 599 183 231 813 470 459 807 115 929 115 216 991 358 538 853 240 194 524 214 564 363 381 1 358 604 127 156 746 343 409 564 710 124 842 32 925 483 791 888 682 679 440 161 234 340 244 448 498 593 898 534 638 84 501 433 46 73 164 349 995 390 874 464 9 794 357 925
565 760 987 1000 238 782 173 954 453 387 201 652 729 47 591 13 788 232 221 55 888 524 512 378 864 173 9 574 970 812 556 417 825 990 439 710 932 601 403 496 850 272 782 620 540 487 384 607 849 663 575 95 602 472 338 908 604 298 89 309 971 628 501 184 717 835 307 906 616 23 95 683 91 913 532 130 672 823 223 498 739 216 20 945 427 876 634 514 228 793 928 883 75 536 205 940 447 942 5 981
0 0 0 0 0 0 0 0 0 0 0 0 0 0 0 0 0 0 0 0 0 0 0 0 0 0 0 0 0 0 0 0 0 0 0 0 0 0 0 0 0 0 0 0 0 0 0 0 0 0 0 0 0 0 0 0 0 0 0 0 0 0 0 0 0 0 0 0 0 0 0 0 0 0 0 0 0 0 0 0 0 0 0 0 0 0 0 0 0 0 0 0 0 0 0 0 0 0 0 0
317 233 99 582 729 310 700 783 718 92 57 407 185 230 304 213 877 559 97 314 451 269 640 763 10 107 170 127 890 244 443 558 873 716 704 896 512 655 62 445 192 354 558 900 443 611 824 128 521 845 384 140 954 74 614 163 226 553 418 125 84 728 549 266 818 647 977 239 425 339 6 28 680 286 568 421 655 15 430 490 689 6 630 486 559 182 510 299 221 377 794 1000 984 433 321 117 586 608 297 384
372 742 806 435 671 358 752 572 426 282 804 446 350 305 141 968 805 191 455 436 782 484 196 950 251 403 245 221 676 703 742 854 652 606 908 407 181 531 642 57 83 542 14 371 874 155 684 369 269 987 806 726 537 757 551 635 564 289 251 251 720 807 243 11 513 510 106 452 835 203 676 312 42 849 236 476 414 942 357 110 864 137 639 763 643 481 236 392 550 718 778 811 106 20 316 289 100 763 244 95
0 0 0 0 0 0 0 0 0 0 0 0 0 0 0 0 0 0 0 0 0 0 0 0 0 0 0 0 0 0 0 0 0 0 0 0 0 0 0 0 0 0 0 0 0 0 0 0 0 0 0 0 0 0 0 0 0 0 0 0 0 0 0 0 0 0 0 0 0 0 0 0 0 0 0 0 0 0 0 0 0 0 0 0 0 0 0 0 0 0 0 0 0 0 0 0 0 0 0 0
725 127 556 926 41 197 718 385 424 56 546 945 141 912 886 447 419 479 138 974 926 954 339 55 690 822 690 536 144 708 907 494 738 655 396 149 38 319 40 331 447 607 784 115 631 28 174 767 257 201 235 389 142 872 20 295 435 394 912 451 203 210 747 235 899 979 206 196 500 648 350 614 174 285 791 419 78 161 913 153 883 805 91 731 38 949 349 860 682 793 337 173 576 414 613 19 585 666 82 98
182 651 797 384 366 846 420 706 790 195 943 932 623 649 991 534 697 504 480 727 318 794 697 985 471 432 18 269 601 95 309 518 159 657 480 220 454 388 985 643 242 535 614 429 782 848 480 562 696 712 229 546 323 652 478 36 573 389 911 514 106 455 565 266 947 673 593 38 35 278 141 143 980 908 976 670 633 924 230 896 461 115 805 252 264 712 875 48 585 528 309 352 138 278 667 653 82 746 241 134
0 0 0 0 0 0 0 0 0 0 0 0 0 0 0 0 0 0 0 0 0 0 0 0 0 0 0 0 0 0 0 0 0 0 0 0 0 0 0 0 0 0 0 0 0 0 0 0 0 0 0 0 0 0 0 0 0 0 0 0 0 0 0 0 0 0 0 0 0 0 0 0 0 0 0 0 0 0 0 0 0 0 0 0 0 0 0 0 0 0 0 0 0 0 0 0 0 0 0 0
352 187 601 572 285 967 418 487 38 507 172 760 882 811 231 78 812 418 112 360 770 789 378 973 409 812 572 847 951 385 888 630 272 111 203 490 27 772 327 647 280 677 240 533 578 265 539 526 213 424 44 210 434 815 272 772 266 364 672 874 876 223 546 127 108 967 291 541 106 556 703 339 410 961 797 239 464 478 798 581 606 141 673 633 419 772 1000 539 828 958 738 460 215 78 698 73 462 407 721 520
649 549 833 346 163 912 998 477 430 710 755 410 629 999 598 640 265 621 137 284 273 695 116 75 773 403 150 925 405 5 350 685 612 118 258 714 1 462 53 538 891 972 1000 269 14 222 623 367 777 260 544 907 664 286 760 426 110 363 151 428 804 424 250 770 526 521 272 848 708 477 660 451 257 675 128 686 527 901 108 449 286 374 212 847 846 658 709 670 500 29 889 478 72 720 898 858 152 636 721 255
0 0 0 0 0 0 0 0 0 0 0 0 0 0 0 0 0 0 0 0 0 0 0 0 0 0 0 0 0 0 0 0 0 0 0 0 0 0 0 0 0 0 0 0 0 0 0 0 0 0 0 0 0 0 0 0 0 0 0 0 0 0 0 0 0 0 0 0 0 0 0 0 0 0 0 0 0 0 0 0 0 0 0 0 0 0 0 0 0 0 0 0 0 0 0 0 0 0 0 0
273 218 183 659 628 985 220 283 18 527 347 876 284 387 869 451 490 300 391 469 774 838 992 122 210 18 705 789 599 433 399 774 749 461 387 239 148 715 620 697 652 289 18 363 196 722 880 550 618 331 628 242 366 817 955 50 311 314 340 178 775 917 891 977 27 160 171 748 5 928 840 169 533 711 247 685 529 679 136 239 2 930 941 330 212 44 922 889 624 254 713 524 78 963 895 789 203 121 894 235
793 249 169 425 661 995 639 898 113 630 892 804 706 400 461 11 20 327 768 243 34 374 583 128 438 829 800 832 973 654 327 537 412 712 957 553 695 730 609 436 53 480 83 169 508 985 546 143 53 189 575 169 685 946 637 897 660 58 159 748 988 582 529 58 362 123 767 417 711 256 523 996 283 935 966 735 42 694 599 904 461 343 265 844 71 791 91 5 464 521 269 437 693 565 907 516 302 132 846 205
0 0 0 0 0 0 0 0 0 0 0 0 0 0 0 0 0 0 0 0 0 0 0 0 0 0 0 0 0 0 0 0 0 0 0 0 0 0 0 0 0 0 0 0 0 0 0 0 0 0 0 0 0 0 0 0 0 0 0 0 0 0 0 0 0 0 0 0 0 0 0 0 0 0 0 0 0 0 0 0 0 0 0 0 0 0 0 0 0 0 0 0 0 0 0 0 0 0 0 0
752 692 580 268 497 719 974 56 747 459 872 925 2 28 174 54 473 146 179 803 140 154 71 584 823 252 523 810 372 684 425 686 61 300 287 749 795 233 241 36 944 812 48 589 957 451 533 554 160 929 616 346 681 495 84 953 692 656 445 768 223 827 16 59 457 604 590 117 744 451 656 775 318 547 602 52 916 497 77 906 793 495 462 28 122 364 789 618 43 745 863 935 313 682 828 579 665 986 434 544
263 400 474 256 653 139 547 925 161 830 620 960 94 841 731 607 656 221 648 968 844 29 790 816 275 260 798 925 30 859 903 79 155 627 636 931 85 115 491 652 308 952 93 353 450 185 931 284 164 314 929 160 235 413 100 917 612 808 646 476 954 19 557 272 304 659 811 683 390 333 405 56 883 319 617 296 454 796 212 591 156 834 789 297 368 945 642 162 714 716 898 664 487 746 444 995 570 609 142 447
0 0 0 0 0 0 0 0 0 0 0 0 0 0 0 0 0 0 0 0 0 0 0 0 0 0 0 0 0 0 0 0 0 0 0 0 0 0 0 0 0 0 0 0 0 0 0 0 0 0 0 0 0 0 0 0 0 0 0 0 0 0 0 0 0 0 0 0 0 0 0 0 0 0 0 0 0 0 0 0 0 0 0 0 0 0 0 0 0 0 0 0 0 0 0 0 0 0 0 0
43 88 63 118 61 531 240 574 966 194 618 587 834 10 495 850 985 272 264 202 430 17 744 482 876 884 695 451 18 18 509 120 714 664 297 231 645 88 852 722 899 938 223 562 859 226 429 458 87 123 964 697 699 678 219 417 586 314 141 175 12 14 330 362 594 680 328 699 516 110 894 235 540 368 858 243 211 852 464 447 74 354 57 729 477 594 408 444 328 203 322 976 477 909 367 254 302 780 295 227
730 966 671 125 881 995 71 263 710 612 711 380 997 76 723 237 134 397 982 834 213 913 980 782 339 107 401 882 767 187 730 847 227 89 493 901 897 33 256 609 436 586 663 742 472 477 514 439 954 223 756 493 997 154 298 314 31 641 941 886 410 838 773 746 144 780 150 905 450 721 199 720 392 890 696 257 62 544 530 391 105 696 997 763 704 267 891 130 514 962 394 805 189 54 507 223 324 221 631 808
0 0 0 0 0 0 0 0 0 0 0 0 0 0 0 0 0 0 0 0 0 0 0 0 0 0 0 0 0 0 0 0 0 0 0 0 0 0 0 0 0 0 0 0 0 0 0 0 0 0 0 0 0 0 0 0 0 0 0 0 0 0 0 0 0 0 0 0 0 0 0 0 0 0 0 0 0 0 0 0 0 0 0 0 0 0 0 0 0 0 0 0 0 0 0 0 0 0 0 0
601 364 91 933 214 23 647 70 433 923 25 972 684 646 415 981 784 706 518 712 769 391 28 35 191 872 871 193 814 850 416 72 871 661 516 504 694 155 786 83 614 437 46 52 855 124 545 537 724 166 438 148 620 789 365 490 32 915 795 75 929 455 34 16 424 872 527 868 747 925 881 97 678 503 189 351 950 518 929 645 931 456 653 2 921 494 705 961 699 382 781 431 785 522 213 355 701 414 491 354
385 419 267 960 444 308 604 86 340 888 989 287 178 285 842 80 880 796 733 64 158 493 831 123 646 888 817 194 13 940 498 949 275 397 304 259 103 435 468 846 34 612 125 367 592 346 615 216 724 153 370 214 865 367 81 598 277 504 185 871 539 759 398 45 576 252 68 330 282 240 658 947 693 860 965 344 492 893 733 831 190 39 486 555 762 164 358 568 802 326 711 664 166 980 748 824 302 795 154 428
0 0 0 0 0 0 0 0 0 0 0 0 0 0 0 0 0 0 0 0 0 0 0 0 0 0 0 0 0 0 0 0 0 0 0 0 0 0 0 0 0 0 0 0 0 0 0 0 0 0 0 0 0 0 0 0 0 0 0 0 0 0 0 0 0 0 0 0 0 0 0 0 0 0 0 0 0 0 0 0 0 0 0 0 0 0 0 0 0 0 0 0 0 0 0 0 0 0 0 0
704 841 760 261 218 583 230 459 952 642 412 664 917 575 919 371 88 88 166 277 870 998 813 498 677 975 453 803 581 325 991 232 808 762 804 363 746 112 821 250 130 194 65 833 174 645 843 699 518 345 858 470 355 424 714 741 332 57 799 640 534 382 877 371 667 626 243 941 172 4 727 678 357 63 936 385 916 672 519 647 452 149 611 236 447 690 91 470 468 766 261 760 274 747 125 729 365 654 737 919
612 642 706 812 9 778 403 892 220 19 642 133 519 345 551 999 2 215 724 150 63 826 248 172 830 248 248 720 887 347 176 789 347 790 555 319 633 696 437 247 519 683 142 717 122 431 147 489 140 375 320 341 495 247 946 873 164 745 199 621 559 271 937 945 439 819 897 675 774 484 13 61 913 95 746 413 419 927 950 124 460 12 8 509 292 398 724 615 458 170 117 767 77 646 169 703 836 114 697 187
0 0 0 0 0 0 0 0 0 0 0 0 0 0 0 0 0 0 0 0 0 0 0 0 0 0 0 0 0 0 0 0 0 0 0 0 0 0 0 0 0 0 0 0 0 0 0 0 0 0 0 0 0 0 0 0 0 0 0 0 0 0 0 0 0 0 0 0 0 0 0 0 0 0 0 0 0 0 0 0 0 0 0 0 0 0 0 0 0 0 0 0 0 0 0 0 0 0 0 0
493 537 93 141 16 822 384 798 344 95 84 165 882 56 216 902 590 779 170 289 535 26 379 878 273 837 119 567 108 89 482 683 681 984 560 875 236 289 545 540 796 436 986 341 426 335 928 783 383 966 161 680 178 542 328 49 271 859 956 965 666 87 661 589 545 227 114 448 549 799 59 238 736 625 44 661 445 98 224 553 162 4 982 597 718 755 602 146 580 825 686 364 731 377 785 281 64 359 591 499
426 331 531 879 217 51 984 841 442 636 891 172 645 555 307 641 647 556 421 181 908 616 930 781 606 677 735 191 209 330 959 953 93 84 112 451 430 556 673 273 511 397 290 409 54 623 811 708 512 327 400 888 731 740 181 753 666 314 838 781 643 261 293 826 887 39 521 50 389 258 249 457 834 247 340 162 287 831 538 123 633 638 957 956 488 431 976 523 854 716 497 667 883 594 245 175 873 40 928 336
0 0 0 0 0 0 0 0 0 0 0 0 0 0 0 0 0 0 0 0 0 0 0 0 0 0 0 0 0 0 0 0 0 0 0 0 0 0 0 0 0 0 0 0 0 0 0 0 0 0 0 0 0 0 0 0 0 0 0 0 0 0 0 0 0 0 0 0 0 0 0 0 0 0 0 0 0 0 0 0 0 0 0 0 0 0 0 0 0 0 0 0 0 0 0 0 0 0 0 0
873 836 858 321 210 610 895 400 331 573 916 998 304 59 577 230 796 530 646 188 268 311 351 761 478 756 17 501 682 751 800 843 668 725 608 174 436 784 61 681 729 461 839 850 599 288 732 172 461 146 470 600 533 429 754 479 512 138 90 924 679 850 31 724 555 965 1 299 647 909 212 728 428 665 109 676 922 632 403 91 945 960 433 448 66 642 289 750 385 110 625 140 331 2 4 809 856 660 310 261
744 583 903 665 399 725 337 567 728 518 440 666 821 50 591 160 529 113 240 572 884 4 950 688 369 867 278 909 596 383 82 983 962 540 332 542 878 941 300 132 963 395 714 407 251 717 609 569 697 361 134 875 55 483 687 504 951 340 603 870 339 171 58 337 441 760 300 815 640 119 462 248 889 253 479 765 518 338 154 713 408 29 248 565 86 995 802 37 759 462 978 897 485 869 807 59 670 832 756 626
0 0 0 0 0 0 0 0 0 0 0 0 0 0 0 0 0 0 0 0 0 0 0 0 0 0 0 0 0 0 0 0 0 0 0 0 0 0 0 0 0 0 0 0 0 0 0 0 0 0 0 0 0 0 0 0 0 0 0 0 0 0 0 0 0 0 0 0 0 0 0 0 0 0 0 0 0 0 0 0 0 0 0 0 0 0 0 0 0 0 0 0 0 0 0 0 0 0 0 0
722 372 748 110 589 449 669 842 280 586 377 222 842 909 664 969 741 962 628 953 996 309 581 549 701 88 923 679 190 779 514 811 329 981 795 55 897 202 199 859 666 111 571 792 650 153 866 623 798 851 470 268 702 203 69 307 882 537 882 165 996 687 7 38 615 828 961 304 14 763 398 274 775 489 378 60 95 433 38 325 559 57 194 840 846 457 459 755 663 321 401 606 611 774 231 791 75 343 59 548
621 640 498 846 542 104 560 343 141 761 683 573 950 166 36 945 27 699 639 656 860 586 591 162 672 153 397 17 568 543 932 595 277 190 235 534 246 697 107 933 550 519 940 678 176 521 458 742 428 773 138 386 781 518 272 334 422 915 578 818 107 547 341 18 136 999 394 681 953 34 807 463 521 920 927 888 102 590 93 302 428 174 509 766 112 398 722 758 359 548 826 909 628 188 165 128 503 366 777 453
0 0 0 0 0 0 0 0 0 0 0 0 0 0 0 0 0 0 0 0 0 0 0 0 0 0 0 0 0 0 0 0 0 0 0 0 0 0 0 0 0 0 0 0 0 0 0 0 0 0 0 0 0 0 0 0 0 0 0 0 0 0 0 0 0 0 0 0 0 0 0 0 0 0 0 0 0 0 0 0 0 0 0 0 0 0 0 0 0 0 0 0 0 0 0 0 0 0 0 0
889 611 246 402 307 519 217 626 337 779 301 721 749 980 1000 572 666 588 197 562 705 353 490 55 540 797 533 590 623 406 777 662 982 142 234 225 679 227 172 726 364 180 878 29 100 986 192 948 114 316 480 677 543 417 170 738 800 11 481 468 536 756 346 231 458 403 898 979 671 557 278 875 408 943 700 969 448 886 72 456 334 72 724 565 493 577 547 615 241 408 234 903 797 116 398 908 344 734 467 828
612 106 560 130 796 24 984 936 916 804 662 368 722 534 765 384 961 576 479 215 294 899 603 521 525 591 915 466 708 737 447 271 408 891 673 352 464 135 917 244 16 516 57 528 194 13 256 769 756 334 855 901 366 623 145 15 773 462 171 667 880 593 666 903 246 304 763 744 422 878 229 512 673 523 644 606 389 666 746 541 564 180 824 401 78 193 267 859 813 735 953 363 251 541 257 671 766 961 354 590
0 0 0 0 0 0 0 0 0 0 0 0 0 0 0 0 0 0 0 0 0 0 0 0 0 0 0 0 0 0 0 0 0 0 0 0 0 0 0 0 0 0 0 0 0 0 0 0 0 0 0 0 0 0 0 0 0 0 0 0 0 0 0 0 0 0 0 0 0 0 0 0 0 0 0 0 0 0 0 0 0 0 0 0 0 0 0 0 0 0 0 0 0 0 0 0 0 0 0 0
634 584 282 50 763 884 532 498 810 621 988 935 497 172 44 665 926 915 456 684 412 823 871 735 445 815 944 407 29 194 794 795 271 393 784 28 592 686 527 830 665 814 948 318 34 54 290 492 813 411 805 44 942 748 14 703 952 535 486 322 805 549 563 600 797 870 123 879 545 894 522 374 426 946 251 61 554 814 585 384 435 123 304 576 420 91 190 546 59 965 886 89 201 334 601 30 806 962 428 626
476 156 78 923 477 127 875 192 449 910 228 608 905 247 41 153 752 715 995 623 519 749 381 176 622 305 306 515 70 281 888 387 485 665 309 1000 59 224 632 296 257 996 121 804 968 151 785 589 422 163 815 128 709 968 541 202 45 635 761 55 205 785 795 880 532 534 950 96 734 46 661 707 238 876 713 126 790 802 18 41 364 903 134 786 562 895 671 351 351 237 269 102 976 273 802 641 338 161 399 581
0 0 0 0 0 0 0 0 0 0 0 0 0 0 0 0 0 0 0 0 0 0 0 0 0 0 0 0 0 0 0 0 0 0 0 0 0 0 0 0 0 0 0 0 0 0 0 0 0 0 0 0 0 0 0 0 0 0 0 0 0 0 0 0 0 0 0 0 0 0 0 0 0 0 0 0 0 0 0 0 0 0 0 0 0 0 0 0 0 0 0 0 0 0 0 0 0 0 0 0
921 232 471 501 618 429 700 56 837 272 973 384 48 894 967 848 95 197 3 417 998 830 530 678 661 780 698 675 954 236 169 347 722 550 943 990 326 385 620 657 816 421 348 988 105 358 836 376 576 335 969 191 419 688 861 841 473 638 915 610 311 466 778 723 294 151 874 842 319 941 712 497 969 877 32 204 356 378 558 93 716 305 384 363 707 325 337 298 428 629 431 284 701 321 596 913 866 627 458 354
881 185 694 781 310 792 96 326 757 442 316 579 217 103 728 397 300 518 764 947 363 627 296 593 272 903 860 686 733 592 118 113 399 386 301 413 765 255 215 277 994 927 121 909 180 47 106 528 359 840 699 435 530 603 572 550 443 520 59 981 651 79 544 539 354 420 76 249 733 663 108 341 110 451 144 541 314 642 628 610 109 610 830 367 107 496 991 255 137 727 177 26 628 554 177 977 5 850 159 815
0 0 0 0 0 0 0 0 0 0 0 0 0 0 0 0 0 0 0 0 0 0 0 0 0 0 0 0 0 0 0 0 0 0 0 0 0 0 0 0 0 0 0 0 0 0 0 0 0 0 0 0 0 0 0 0 0 0 0 0 0 0 0 0 0 0 0 0 0 0 0 0 0 0 0 0 0 0 0 0 0 0 0 0 0 0 0 0 0 0 0 0 0 0 0 0 0 0 0 0
351 201 414 537 905 980 508 634 428 212 417 216 52 476 888 162 891 563 524 263 554 358 355 586 987 929 613 49 386 826 889 256 615 483 484 394 267 351 95 915 164 59 881 631 248 185 936 395 428 475 760 929 612 438 77 814 415 177 948 720 486 986 40 952 568 843 126 849 959 630 826 593 931 908 992 123 207 960 539 759 48 733 74 315 741 75 206 251 109 842 208 309 460 251 438 679 129 460 238 493
633 633 824 294 813 433 992 714 811 484 905 243 271 542 318 589 880 523 528 979 329 840 524 490 91 543 637 88 295 644 527 603 108 818 725 732 337 148 19 879 812 109 329 473 874 922 563 63 97 993 7 980 551 375 857 910 464 955 148 597 41 817 816 991 808 401 93 348 529 118 388 768 433 55 430 162 690 379 488 818 810 786 787 900 755 314 111 460 974 597 536 25 541 819 929 936 938 785 168 503
0 0 0 0 0 0 0 0 0 0 0 0 0 0 0 0 0 0 0 0 0 0 0 0 0 0 0 0 0 0 0 0 0 0 0 0 0 0 0 0 0 0 0 0 0 0 0 0 0 0 0 0 0 0 0 0 0 0 0 0 0 0 0 0 0 0 0 0 0 0 0 0 0 0 0 0 0 0 0 0 0 0 0 0 0 0 0 0 0 0 0 0 0 0 0 0 0 0 0 0
604 999 739 216 125 536 743 963 183 539 677 441 341 212 141 220 570 307 204 572 315 50 968 466 386 810 116 767 112 344 678 997 920 47 170 80 290 838 531 497 166 54 788 280 104 518 436 983 134 486 710 303 695 688 309 309 609 900 278 970 627 662 639 196 938 236 70 229 105 998 820 462 867 699 870 631 484 203 562 902 716 497 691 721 379 302 863 235 905 274 435 773 461 13 720 329 674 600 309 740
853 563 66 203 235 119 76 918 216 250 568 295 807 899 610 486 122 385 989 262 52 925 617 618 906 759 672 701 93 247 31 663 578 201 926 857 403 158 94 35 693 958 656 112 919 411 482 48 828 137 901 460 975 642 753 484 559 807 471 482 102 286 756 960 610 950 984 222 90 351 859 422 808 621 428 58 459 25 887 496 418 849 916 693 75 493 441 551 723 204 322 839 919 331 805 372 229 577 961 355
0 0 0 0 0 0 0 0 0 0 0 0 0 0 0 0 0 0 0 0 0 0 0 0 0 0 0 0 0 0 0 0 0 0 0 0 0 0 0 0 0 0 0 0 0 0 0 0 0 0 0 0 0 0 0 0 0 0 0 0 0 0 0 0 0 0 0 0 0 0 0 0 0 0 0 0 0 0 0 0 0 0 0 0 0 0 0 0 0 0 0 0 0 0 0 0 0 0 0 0
348 369 565 638 911 659 630 907 517 241 856 103 812 913 434 281 761 139 588 338 413 391 135 201 424 115 663 271 359 191 768 886 167 287 80 196 945 43 120 886 996 331 723 885 736 701 878 843 361 537 446 943 234 553 131 737 632 644 73 165 108 874 959 1 749 647 157 665 811 486 29 574 491 27 106 281 490 422 751 613 48 944 241 125 250 363 301 288 790 81 90 523 172 711 764 455 282 264 609 906
173 789 388 489 750 518 101 121 394 411 457 946 478 671 24 233 730 358 209 620 19 330 88 753 523 410 968 867 775 275 98 910 760 690 974 461 898 352 789 896 750 256 772 733 919 164 322 689 602 439 422 330 765 10 636 191 722 958 385 241 964 881 48 301 652 654 991 750 171 61 441 713 654 475 489 408 267 137 224 337 689 941 234 63 676 132 530 597 955 147 771 798 38 178 755 986 58 834 528 242
0 0 0 0 0 0 0 0 0 0 0 0 0 0 0 0 0 0 0 0 0 0 0 0 0 0 0 0 0 0 0 0 0 0 0 0 0 0 0 0 0 0 0 0 0 0 0 0 0 0 0 0 0 0 0 0 0 0 0 0 0 0 0 0 0 0 0 0 0 0 0 0 0 0 0 0 0 0 0 0 0 0 0 0 0 0 0 0 0 0 0 0 0 0 0 0 0 0 0 0
469 148 296 657 749 253 80 231 408 934 863 500 284 936 588 998 903 129 998 597 816 225 204 416 446 559 555 285 398 83 292 464 908 824 654 838 309 693 296 574 915 559 446 112 488 134 429 331 990 700 781 468 214 213 257 726 932 201 394 298 314 314 517 966 72 375 732 12 298 635 1 277 63 252 608 245 744 823 843 45 799 776 136 291 633 697 572 868 363 712 524 613 668 569 820 516 550 815 308 938
726 78 553 831 94 690 767 498 652 751 85 937 991 667 108 418 264 593 60 142 683 311 775 385 217 509 257 85 664 60 837 53 24 663 656 586 125 697 700 735 658 70 158 625 293 742 123 13 281 502 954 885 114 277 474 986 166 919 734 132 114 716 668 559 602 146 466 94 234 300 195 518 546 675 804 844 857 834 734 648 443 358 945 476 304 154 707 969 93 396 954 835 435 757 81 967 894 120 38 700
0 0 0 0 0 0 0 0 0 0 0 0 0 0 0 0 0 0 0 0 0 0 0 0 0 0 0 0 0 0 0 0 0 0 0 0 0 0 0 0 0 0 0 0 0 0 0 0 0 0 0 0 0 0 0 0 0 0 0 0 0 0 0 0 0 0 0 0 0 0 0 0 0 0 0 0 0 0 0 0 0 0 0 0 0 0 0 0 0 0 0 0 0 0 0 0 0 0 0 0
398 406 304 664 686 989 794 974 24 473 111 810 94 195 642 405 329 118 129 747 383 966 790 58 714 215 175 213 420 820 647 408 572 821 701 938 913 760 138 654 919 789 531 847 319 883 180 481 29 444 751 462 253 405 334 617 608 367 586 317 498 604 874 416 568 213 796 397 844 929 819 51 124 130 533 720 731 350 257 444 77 460 975 408 514 877 432 109 345 94 191 963 70 672 122 884 109 307 956 23
868 884 520 287 136 539 529 68 244 935 93 12 760 132 228 724 709 152 952 770 510 986 564 59 602 82 841 793 579 465 673 776 743 917 302 881 996 735 689 145 134 71 484 196 303 136 984 244 92 131 975 69 10 866 662 420 603 848 15 729 802 402 291 583 742 540 258 522 181 292 706 213 107 931 659 849 422 180 904 895 594 409 173 423 215 894 32 385 532 516 654 925 329 401 609 726 462 440 968 873
0 0 0 0 0 0 0 0 0 0 0 0 0 0 0 0 0 0 0 0 0 0 0 0 0 0 0 0 0 0 0 0 0 0 0 0 0 0 0 0 0 0 0 0 0 0 0 0 0 0 0 0 0 0 0 0 0 0 0 0 0 0 0 0 0 0 0 0 0 0 0 0 0 0 0 0 0 0 0 0 0 0 0 0 0 0 0 0 0 0 0 0 0 0 0 0 0 0 0 0
786 967 558 835 84 37 676 899 320 966 654 293 115 852 751 223 719 417 381 469 436 465 923 990 304 282 131 989 423 403 162 826 212 708 734 515 137 659 502 838 909 306 618 996 603 261 573 497 31 675 694 779 800 103 818 970 82 808 154 728 903 698 318 499 420 422 491 373 642 591 465 390 744 392 34 989 331 316 390 946 261 427 764 365 928 573 575 83 427 293 977 162 280 309 990 237 146 925 16 645
589 416 795 52 696 534 184 202 229 420 633 34 791 403 493 510 660 442 966 870 330 707 102 126 259 555 478 297 159 424 848 95 262 300 417 204 643 969 377 741 499 130 627 246 46 219 248 801 269 491 274 541 89 619 679 751 685 542 242 366 402 276 46 333 392 220 188 318 763 22 714 594 382 417 473 570 440 230 869 534 904 169 901 115 73 341 806 476 456 103 731 587 132 721 457 145 139 743 520 90
0 0 0 0 0 0 0 0 0 0 0 0 0 0 0 0 0 0 0 0 0 0 0 0 0 0 0 0 0 0 0 0 0 0 0 0 0 0 0 0 0 0 0 0 0 0 0 0 0 0 0 0 0 0 0 0 0 0 0 0 0 0 0 0 0 0 0 0 0 0 0 0 0 0 0 0 0 0 0 0 0 0 0 0 0 0 0 0 0 0 0 0 0 0 0 0 0 0 0 0
346 956 809 53 990 348 71 870 29 961 864 493 890 791 997 568 351 758 731 347 102 189 566 816 611 150 372 450 810 507 484 714 652 747 256 315 462 974 477 418 341 524 342 343 405 260 185 990 311 29 492 184 996 917 473 493 304 700 701 473 819 784 732 278 311 84 84 405 331 394 560 730 657 942 398 85 815 974 3 111 701 46 260 422 157 9 231 694 411 769 33 641 252 158 602 785 290 674 43 743
927 316 188 952 291 107 10 123 165 871 366 895 685 873 4 224 902 683 874 29 761 172 958 307 72 547 818 561 383 80 92 92 891 117 168 371 201 763 796 981 704 678 585 626 305 206 415 852 470 219 874 788 830 49 678 745 403 483 905 756 716 319 398 967 310 93 105 763 578 302 575 489 862 791 496 263 754 943 701 71 270 695 227 629 173 12 884 13 103 382 838 475 374 156 791 598 282 275 798 770
0 0 0 0 0 0 0 0 0 0 0 0 0 0 0 0 0 0 0 0 0 0 0 0 0 0 0 0 0 0 0 0 0 0 0 0 0 0 0 0 0 0 0 0 0 0 0 0 0 0 0 0 0 0 0 0 0 0 0 0 0 0 0 0 0 0 0 0 0 0 0 0 0 0 0 0 0 0 0 0 0 0 0 0 0 0 0 0 0 0 0 0 0 0 0 0 0 0 0 0
195 709 168 626 76 183 859 151 654 613 330 985 547 474 289 682 980 882 78 741 48 719 738 347 988 979 907 460 644 691 871 538 631 502 952 501 361 286 724 159 324 440 969 733 58 84 289 294 774 110 613 770 106 764 32 615 583 16 21 926 75 567 669 172 549 95 658 788 75 832 56 770 625 512 414 107 100 286 128 642 688 431 499 879 787 187 204 766 506 510 244 324 197 989 566 641 714 359 635 26
205 892 106 132 187 922 429 998 882 142 511 640 282 592 553 56 952 368 935 621 919 280 311 817 213 182 537 956 99 933 553 879 149 101 499 622 934 373 231 103 324 365 817 92 108 959 768 361 105 302 773 66 639 817 827 232 807 846 537 237 912 449 983 12 414 4 150 940 4 866 157 889 662 940 864 863 386 372 266 640 690 960 752 562 81 48 709 288 401 106 288 720 988 116 326 162 952 321 16 83
0 0 0 0 0 0 0 0 0 0 0 0 0 0 0 0 0 0 0 0 0 0 0 0 0 0 0 0 0 0 0 0 0 0 0 0 0 0 0 0 0 0 0 0 0 0 0 0 0 0 0 0 0 0 0 0 0 0 0 0 0 0 0 0 0 0 0 0 0 0 0 0 0 0 0 0 0 0 0 0 0 0 0 0 0 0 0 0 0 0 0 0 0 0 0 0 0 0 0 0
657 595 490 374 625 957 33 33 184 239 698 576 600 92 592 529 593 515 736 999 558 846 670 769 503 42 835 219 514 461 882 779 579 540 818 770 949 599 9 780 330 676 692 71 978 889 229 981 608 640 866 758 192 840 744 214 602 728 803 250 677 354 953 103 474 934 477 509 465 484 990 159 618 849 393 27 440 717 710 942 162 805 343 305 243 360 658 27 525 213 100 406 912 281 941 614 148 157 391 661
905 605 570 884 279 364 87 15 186 783 116 373 136 338 677 931 207 886 502 427 913 276 716 248 761 303 130 455 245 977 584 52 990 597 897 591 851 963 237 496 969 90 951 236 531 856 325 725 527 527 557 293 763 337 981 508 51 459 836 14 824 758 864 634 168 579 615 151 253 118 890 460 53 173 650 752 338 20 155 399 470 449 383 949 717 126 962 702 452 46 729 572 928 508 7 726 308 97 651 564
0 0 0 0 0 0 0 0 0 0 0 0 0 0 0 0 0 0 0 0 0 0 0 0 0 0 0 0 0 0 0 0 0 0 0 0 0 0 0 0 0 0 0 0 0 0 0 0 0 0 0 0 0 0 0 0 0 0 0 0 0 0 0 0 0 0 0 0 0 0 0 0 0 0 0 0 0 0 0 0 0 0 0 0 0 0 0 0 0 0 0 0 0 0 0 0 0 0 0 0
973 212 141 716 821 961 368 852 127 970 961 914 632 680 692 491 537 749 19 664 757 594 692 774 843 166 326 134 138 826 64 877 385 899 738 745 381 898 516 594 525 244 219 111 500 781 780 823 938 507 307 581 417 954 357 412 618 812 978 82 264 827 59 907 933 512 693 735 856 924 553 456 23 559 50 933 928 50 723 556 490 958 169 744 931 359 483 520 909 109 371 663 870 808 274 216 562 348 549 610
201 211 570 640 992 38 797 645 350 160 280 939 313 636 464 659 671 495 649 245 653 330 166 47 567 257 424 395 877 535 353 524 849 998 612 213 352 380 41 323 99 246 726 310 802 728 584 762 204 208 554 106 936 21 372 920 762 223 252 146 970 861 282 90 558 213 284 388 456 957 478 978 780 498 792 810 54 532 451 125 174 425 615 541 461 866 208 646 731 565 577 28 287 233 105 12 883 837 918 68
0 0 0 0 0 0 0 0 0 0 0 0 0 0 0 0 0 0 0 0 0 0 0 0 0 0 0 0 0 0 0 0 0 0 0 0 0 0 0 0 0 0 0 0 0 0 0 0 0 0 0 0 0 0 0 0 0 0 0 0 0 0 0 0 0 0 0 0 0 0 0 0 0 0 0 0 0 0 0 0 0 0 0 0 0 0 0 0 0 0 0 0 0 0 0 0 0 0 0 0
62 487 256 129 203 751 818 853 571 379 787 988 512 757 866 910 193 39 176 146 153 385 55 810 834 728 799 494 47 275 372 87 404 398 351 293 726 193 497 230 871 121 69 287 348 162 799 540 953 326 36 936 553 829 517 857 161 76 166 594 918 195 491 606 462 256 594 897 42 924 544 389 683 209 217 887 378 872 88 188 10 919 908 31 222 85 145 205 351 635 117 727 467 931 679 418 550 954 308 33
438 860 281 653 20 119 915 733 121 35 975 766 8 472 785 663 279 195 888 491 15 215 927 591 37 883 498 347 994 403 786 467 937 136 117 608 906 513 328 531 221 357 50 82 670 614 700 536 681 308 660 180 162 191 849 411 972 458 635 876 665 486 617 651 578 140 618 698 274 126 698 979 901 539 514 564 968 836 38 479 838 109 374 280 759 643 370 484 141 476 703 939 297 794 533 13 143 128 321 816
0 0 0 0 0 0 0 0 0 0 0 0 0 0 0 0 0 0 0 0 0 0 0 0 0 0 0 0 0 0 0 0 0 0 0 0 0 0 0 0 0 0 0 0 0 0 0 0 0 0 0 0 0 0 0 0 0 0 0 0 0 0 0 0 0 0 0 0 0 0 0 0 0 0 0 0 0 0 0 0 0 0 0 0 0 0 0 0 0 0 0 0 0 0 0 0 0 0 0 0
729 759 629 598 924 394 970 388 764 887 858 296 263 191 571 25 440 786 153 96 785 544 393 519 719 603 343 384 780 594 886 646 490 603 47 429 109 514 146 429 94 965 165 52 656 200 103 264 753 647 796 632 379 59 2 171 48 886 842 196 867 67 1 395 423 522 824 389 974 455 28 775 23 599 316 819 348 112 599 8 925 891 492 59 195 818 704 3 343 905 715 834 471 327 257 115 437 332 93 260
263 580 560 989 236 459 663 370 403 872 307 697 670 978 420 625 274 92 64 249 680 529 907 927 53 729 964 35 254 78 839 541 352 219 283 319 630 509 449 316 855 256 400 685 997 487 996 929 38 917 76 137 17 654 349 102 895 771 926 18 618 813 907 733 646 559 958 897 201 456 451 525 127 946 338 559 34 949 633 405 793 91 768 598 71 928 540 56 886 56 984 86 158 596 163 831 118 323 397 285
0 0 0 0 0 0 0 0 0 0 0 0 0 0 0 0 0 0 0 0 0 0 0 0 0 0 0 0 0 0 0 0 0 0 0 0 0 0 0 0 0 0 0 0 0 0 0 0 0 0 0 0 0 0 0 0 0 0 0 0 0 0 0 0 0 0 0 0 0 0 0 0 0 0 0 0 0 0 0 0 0 0 0 0 0 0 0 0 0 0 0 0 0 0 0 0 0 0 0 0
622 187 757 654 26 822 162 205 447 205 712 380 292 167 430 987 156 918 270 955 436 175 782 615 505 796 619 475 154 558 381 600 487 944 377 828 461 451 260 982 220 55 972 253 576 476 875 968 523 382 592 64 44 990 805 464 85 69 696 967 860 741 118 799 255 811 96 253 556 780 779 851 499 605 707 462 399 191 271 476 758 483 915 512 415 808 172 566 31 7 91 650 54 577 11 974 92 349 703 771
825 778 117 165 354 941 571 583 975 559 14 854 473 455 951 161 692 970 358 710 925 875 46 553 13 749 236 319 522 289 210 878 45 134 695 711 789 735 319 906 421 623 88 30 586 71 205 912 252 539 392 914 999 425 987 545 568 218 251 342 60 916 805 144 666 435 939 279 831 842 583 641 306 555 885 998 690 727 336 926 533 812 117 532 71 853 622 339 734 364 289 856 90 653 417 879 904 109 890 479
0 0 0 0 0 0 0 0 0 0 0 0 0 0 0 0 0 0 0 0 0 0 0 0 0 0 0 0 0 0 0 0 0 0 0 0 0 0 0 0 0 0 0 0 0 0 0 0 0 0 0 0 0 0 0 0 0 0 0 0 0 0 0 0 0 0 0 0 0 0 0 0 0 0 0 0 0 0 0 0 0 0 0 0 0 0 0 0 0 0 0 0 0 0 0 0 0 0 0 0
376 534 981 430 224 37 603 782 922 491 545 243 84 130 211 40 749 353 275 501 839 332 815 290 656 73 772 332 940 970 364 543 391 608 185 573 31 771 111 558 24 386 977 6 548 826 999 438 248 615 288 782 892 675 648 878 234 866 740 192 596 528 275 201 821 185 857 650 135 546 506 850 376 611 497 843 932 897 822 329 701 761 95 796 298 512 174 230 41 197 244 156 655 304 165 984 607 238 863 754
242 894 223 376 195 939 895 682 608 256 343 939 373 75 355 182 937 237 543 656 188 240 564 392 351 227 147 41 130 644 297 547 808 469 121 919 880 409 565 200 8 784 529 425 945 743 797 374 413 807 143 421 68 838 759 44 677 208 935 436 192 106 769 546 534 434 366 786 521 376 765 442 81 363 345 574 2 375 953 192 286 781 699 992 638 646 361 543 203 922 239 101 647 750 1000 912 247 46 268 341
0 0 0 0 0 0 0 0 0 0 0 0 0 0 0 0 0 0 0 0 0 0 0 0 0 0 0 0 0 0 0 0 0 0 0 0 0 0 0 0 0 0 0 0 0 0 0 0 0 0 0 0 0 0 0 0 0 0 0 0 0 0 0 0 0 0 0 0 0 0 0 0 0 0 0 0 0 0 0 0 0 0 0 0 0 0 0 0 0 0 0 0 0 0 0 0 0 0 0 0
392 289 549 1000 172 814 946 971 926 954 780 765 160 479 456 233 52 794 707 81 534 779 605 486 714 978 546 433 718 36 914 502 167 948 266 574 803 637 992 278 31 677 165 759 535 675 111 239 185 763 344 801 86 885 958 699 673 3 810 121 264 480 298 498 272 768 631 709 93 486 687 624 461 499 201 564 324 564 266 587 892 739 332 779 394 246 448 85 952 556 344 518 10 789 275 815 223 954 588 535
630 398 845 427 222 683 475 99 905 619 793 152 813 938 475 619 695 500 766 969 836 494 221 419 644 428 927 624 289 143 837 861 133 338 882 76 395 195 352 363 697 629 511 526 225 161 904 153 166 423 897 940 947 942 200 754 105 532 654 178 997 581 491 962 820 391 709 258 974 155 92 138 48 573 91 49 481 250 65 651 495 627 668 470 995 50 345 255 172 779 125 366 747 750 870 491 827 955 718 732
0 0 0 0 0 0 0 0 0 0 0 0 0 0 0 0 0 0 0 0 0 0 0 0 0 0 0 0 0 0 0 0 0 0 0 0 0 0 0 0 0 0 0 0 0 0 0 0 0 0 0 0 0 0 0 0 0 0 0 0 0 0 0 0 0 0 0 0 0 0 0 0 0 0 0 0 0 0 0 0 0 0 0 0 0 0 0 0 0 0 0 0 0 0 0 0 0 0 0 0
656 162 640 55 336 953 651 511 836 824 628 445 101 947 356 904 578 554 189 753 97 293 453 764 713 455 30 952 69 411 773 576 863 79 196 930 213 272 415 82 43 697 145 178 925 436 257 962 852 323 297 388 345 771 670 12 315 567 129 770 62 822 783 938 174 547 12 252 453 212 72 451 206 615 96 406 607 832 72 174 133 439 436 409 633 912 266 248 123 113 547 170 991 873 560 480 153 350 246 618
455 796 410 310 33 898 108 453 169 704 631 387 249 334 502 325 626 792 612 765 417 305 231 225 740 59 49 745 187 113 516 533 813 107 63 751 225 670 567 543 13 811 229 844 215 79 750 93 401 714 137 717 454 474 722 250 615 947 270 993 193 418 474 898 513 995 16 817 882 448 552 121 681 480 355 612 71 741 64 620 468 933 121 535 993 600 587 549 980 777 605 263 935 480 984 147 438 623 310 406
0 0 0 0 0 0 0 0 0 0 0 0 0 0 0 0 0 0 0 0 0 0 0 0 0 0 0 0 0 0 0 0 0 0 0 0 0 0 0 0 0 0 0 0 0 0 0 0 0 0 0 0 0 0 0 0 0 0 0 0 0 0 0 0 0 0 0 0 0 0 0 0 0 0 0 0 0 0 0 0 0 0 0 0 0 0 0 0 0 0 0 0 0 0 0 0 0 0 0 0
343 686 356 758 67 678 69 677 645 25 190 419 624 264 137 319 948 876 966 862 586 211 121 483 619 712 245 282 976 279 546 21 376 202 654 11 129 993 366 367 113 600 281 443 957 117 173 122 458 735 325 988 462 683 910 605 3 7 12 330 293 872 171 863 567 876 473 742 567 592 246 456 272 403 497 331 138 802 521 245 348 265 83 647 365 986 182 446 888 934 353 13 946 775 599 110 657 80 835 79
50 898 795 190 461 269 780 75 287 842 209 228 961 760 633 596 104 567 210 595 646 274 914 198 264 590 469 227 669 592 23 622 684 597 240 677 30 125 536 240 45 292 386 334 641 75 377 839 584 334 21 504 564 208 804 149 986 290 632 604 866 589 173 480 974 80 496 416 693 901 580 69 925 864 309 834 824 629 259 788 222 851 102 73 983 785 804 629 604 482 773 41 478 573 584 214 277 267 286 761
0 0 0 0 0 0 0 0 0 0 0 0 0 0 0 0 0 0 0 0 0 0 0 0 0 0 0 0 0 0 0 0 0 0 0 0 0 0 0 0 0 0 0 0 0 0 0 0 0 0 0 0 0 0 0 0 0 0 0 0 0 0 0 0 0 0 0 0 0 0 0 0 0 0 0 0 0 0 0 0 0 0 0 0 0 0 0 0 0 0 0 0 0 0 0 0 0 0 0 0
482 809 571 982 319 774 835 341 453 11 688 519 30 751 188 639 896 620 31 469 45 429 636 567 570 151 59 738 235 261 862 686 749 582 175 748 156 221 248 981 543 198 544 88 820 800 640 951 926 783 695 196 171 614 918 562 546 404 147 623 364 504 204 426 767 645 340 86 619 230 490 52 400 285 41 514 682 319 490 443 51 446 666 796 412 401 22 871 298 301 530 830 344 293 95 314 958 596 299 157
819 384 155 237 231 356 449 743 573 711 795 989 17 146 312 676 52 371 307 604 495 364 746 755 181 468 641 6 596 552 146 28 223 768 641 712 211 485 607 55 692 343 840 802 649 484 919 28 157 135 308 627 338 720 765 378 765 94 973 753 271 908 24 704 202 685 810 624 729 523 443 946 371 190 298 561 784 7 159 140 572 566 544 710 243 681 262 395 633 786 714 14 460 735 635 433 958 35 120 106
0 0 0 0 0 0 0 0 0 0 0 0 0 0 0 0 0 0 0 0 0 0 0 0 0 0 0 0 0 0 0 0 0 0 0 0 0 0 0 0 0 0 0 0 0 0 0 0 0 0 0 0 0 0 0 0 0 0 0 0 0 0 0 0 0 0 0 0 0 0 0 0 0 0 0 0 0 0 0 0 0 0 0 0 0 0 0 0 0 0 0 0 0 0 0 0 0 0 0 0
505 897 617 686 216 401 754 706 984 523 988 718 845 513 390 757 463 77 633 378 472 716 518 528 882 662 104 926 150 646 495 51 834 333 203 927 727 825 522 171 551 112 641 493 138 76 252 985 221 106 193 574 469 906 200 5 120 644 400 20 606 895 217 327 102 230 690 658 472 619 714 669 624 991 919 278 950 573 466 941 153 900 783 303 397 125 632 522 882 980 824 892 112 707 52 652 14 472 695 795
904 950 593 157 964 392 926 759 524 778 229 926 111 734 568 270 958 272 768 289 844 696 225 718 902 139 463 717 676 241 423 47 391 59 846 437 783 902 522 190 902 723 688 325 401 289 199 356 831 151 497 858 44 61 207 254 91 858 147 272 987 634 738 409 52 987 76 178 965 894 442 718 822 109 541 46 747 330 857 232 140 665 38 814 148 784 902 92 647 810 535 263 916 665 67 554 672 85 312 458
0 0 0 0 0 0 0 0 0 0 0 0 0 0 0 0 0 0 0 0 0 0 0 0 0 0 0 0 0 0 0 0 0 0 0 0 0 0 0 0 0 0 0 0 0 0 0 0 0 0 0 0 0 0 0 0 0 0 0 0 0 0 0 0 0 0 0 0 0 0 0 0 0 0 0 0 0 0 0 0 0 0 0 0 0 0 0 0 0 0 0 0 0 0 0 0 0 0 0 0
491 249 188 712 143 426 492 210 385 588 858 38 17 58 847 376 566 415 816 872 452 943 505 409 733 53 935 591 659 885 903 4 66 27 319 989 274 800 360 964 817 836 227 811 736 532 475 290 163 100 981 143 660 483 877 963 80 437 640 338 857 23 778 679 361 936 389 271 464 708 538 476 366 800 795 692 883 823 625 302 12 290 761 454 285 860 108 214 435 76 683 884 992 85 177 321 341 224 425 708
801 797 366 758 886 264 319 429 291 1000 468 341 551 58 172 952 347 34 378 527 395 457 400 197 818 196 554 189 400 419 685 561 941 83 809 55 190 517 618 159 904 660 126 994 694 448 979 626 750 155 955 732 567 512 495 352 49 638 251 572 953 243 258 846 682 706 711 676 342 364 823 648 658 113 28 608 768 749 712 261 52 577 328 823 633 120 86 913 646 97 956 974 656 421 942 973 393 320 347 844
0 0 0 0 0 0 0 0 0 0 0 0 0 0 0 0 0 0 0 0 0 0 0 0 0 0 0 0 0 0 0 0 0 0 0 0 0 0 0 0 0 0 0 0 0 0 0 0 0 0 0 0 0 0 0 0 0 0 0 0 0 0 0 0 0 0 0 0 0 0 0 0 0 0 0 0 0 0 0 0 0 0 0 0 0 0 0 0 0 0 0 0 0 0 0 0 0 0 0 0
360 968 306 1000 397 980 155 839 166 610 267 135 958 435 613 364 849 926 47 678 793 828 187 402 909 875 493 807 24 36 863 360 703 715 805 225 892 168 712 265 603 120 929 471 883 581 263 602 736 960 790 520 237 942 35 684 590 598 338 676 394 925 277 657 376 559 496 356 659 543 265 662 116 980 670 615 7 488 110 541 833 248 633 911 615 500 653 687 151 5 319 764 683 3 137 360 914 804 93 807
316 310 183 879 65 859 184 808 150 940 323 945 627 662 531 162 128 66 760 506 825 256 905 778 458 25 292 969 775 22 983 524 911 370 520 750 298 890 373 829 352 775 963 223 392 667 992 568 266 406 445 972 227 317 450 839 216 957 704 66 99 940 71 555 847 281 850 493 461 361 921 284 166 42 586 278 492 425 385 290 638 683 756 278 228 837 775 972 10 682 95 983 942 849 564 5 978 869 412 917
0 0 0 0 0 0 0 0 0 0 0 0 0 0 0 0 0 0 0 0 0 0 0 0 0 0 0 0 0 0 0 0 0 0 0 0 0 0 0 0 0 0 0 0 0 0 0 0 0 0 0 0 0 0 0 0 0 0 0 0 0 0 0 0 0 0 0 0 0 0 0 0 0 0 0 0 0 0 0 0 0 0 0 0 0 0 0 0 0 0 0 0 0 0 0 0 0 0 0 0
268 897 221 195 558 128 954 103 947 672 561 872 132 805 389 328 928 499 943 125 985 103 928 617 667 13 508 603 290 406 942 332 900 405 673 208 354 403 144 401 932 849 319 52 877 422 702 865 500 617 853 782 192 929 766 483 57 728 378 607 981 773 531 321 251 7 927 102 117 915 550 465 593 627 189 466 651 335 416 839 217 45 878 63 906 842 236 977 445 881 348 991 886 978 8 389 654 430 781 832
358 509 2 257 984 67 510 953 454 608 76 944 648 391 319 825 141 951 396 398 398 887 795 588 555 115 614 434 180 661 117 560 666 630 501 887 662 997 749 115 944 287 545 532 849 473 480 582 944 468 628 153 907 663 207 130 690 310 712 165 119 785 935 279 876 444 231 956 266 257 60 77 685 291 894 599 781 571 575 857 973 890 381 819 777 439 231 928 144 501 112 238 577 705 117 218 421 44 486 227
0 0 0 0 0 0 0 0 0 0 0 0 0 0 0 0 0 0 0 0 0 0 0 0 0 0 0 0 0 0 0 0 0 0 0 0 0 0 0 0 0 0 0 0 0 0 0 0 0 0 0 0 0 0 0 0 0 0 0 0 0 0 0 0 0 0 0 0 0 0 0 0 0 0 0 0 0 0 0 0 0 0 0 0 0 0 0 0 0 0 0 0 0 0 0 0 0 0 0 0
950 562 159 38 374 325 191 554 530 560 8 563 976 268 222 59 995 517 228 996 783 382 730 183 868 458 378 260 368 335 886 612 515 152 385 627 306 790 814 290 973 584 170 597 615 949 623 65 985 495 975 592 545 167 146 993 508 893 625 22 853 850 226 305 724 638 268 762 893 841 950 120 735 925 866 37 798 529 84 29 224 40 790 642 756 971 870 801 327 766 383 239 380 646 723 567 817 519 275 113
616 304 957 910 65 102 834 700 893 792 236 42 831 808 49 819 435 483 996 511 10 923 770 371 515 395 506 170 10 196 158 523 146 866 287 657 450 932 712 419 111 165 981 153 603 760 469 346 258 479 530 601 292 355 14 164 788 457 620 801 72 686 933 274 648 382 762 319 112 412 277 2 191 622 557 338 228 47 458 52 705 616 148 656 517 103 341 193 837 333 674 554 81 11 255 107 352 132 242 965
0 0 0 0 0 0 0 0 0 0 0 0 0 0 0 0 0 0 0 0 0 0 0 0 0 0 0 0 0 0 0 0 0 0 0 0 0 0 0 0 0 0 0 0 0 0 0 0 0 0 0 0 0 0 0 0 0 0 0 0 0 0 0 0 0 0 0 0 0 0 0 0 0 0 0 0 0 0 0 0 0 0 0 0 0 0 0 0 0 0 0 0 0 0 0 0 0 0 0 0
712 640 37 621 997 986 325 209 202 513 503 72 55 599 987 663 266 581 97 238 757 922 506 55 131 545 210 626 740 257 870 855 573 248 44 700 914 268 121 430 673 928 524 862 159 813 434 597 499 874 920 706 840 204 588 545 453 248 602 631 545 154 818 52 223 587 498 578 181 844 272 861 453 820 587 691 565 934 871 41 475 583 995 912 419 429 636 506 19 190 129 601 305 38 386 873 268 776 443 779
640 358 706 928 836 744 411 791 981 93 435 981 310 224 798 265 65 795 530 256 393 531 987 238 103 579 528 91 967 801 85 856 751 847 959 880 943 729 913 406 912 861 652 423 476 535 929 803 262 34 67 934 209 53 867 481 230 817 704 179 184 259 126 814 952 327 7 595 216 47 449 259 529 116 826 991 993 378 809 170 319 635 826 908 371 580 832 870 353 330 331 989 66 501 861 802 572 460 898 225
0 0 0 0 0 0 0 0 0 0 0 0 0 0 0 0 0 0 0 0 0 0 0 0 0 0 0 0 0 0 0 0 0 0 0 0 0 0 0 0 0 0 0 0 0 0 0 0 0 0 0 0 0 0 0 0 0 0 0 0 0 0 0 0 0 0 0 0 0 0 0 0 0 0 0 0 0 0 0 0 0 0 0 0 0 0 0 0 0 0 0 0 0 0 0 0 0 0 0 0
245 783 84 761 423 578 344 235 870 17 675 67 495 102 808 858 287 344 916 132 427 648 945 43 213 83 363 87 301 84 948 655 890 319 65 509 232 581 797 955 135 19 800 185 33 661 700 512 219 658 600 158 353 137 850 569 809 302 954 989 214 574 708 804 785 434 347 117 703 397 485 452 68 453 408 846 585 315 808 280 312 850 777 604 962 857 845 299 168 774 576 947 12 602 647 722 950 572 512 998
118 859 754 742 946 274 172 373 806 303 472 793 320 658 289 965 970 465 121 769 58 929 506 106 722 936 118 103 517 980 921 712 124 942 828 65 557 58 13 413 172 219 694 255 727 863 59 865 762 685 458 231 756 953 715 135 729 700 316 322 101 816 666 765 942 851 359 390 800 19 721 931 444 77 139 603 422 664 669 72 665 442 150 162 879 152 324 665 429 756 319 410 863 107 467 442 693 621 780 616
0 0 0 0 0 0 0 0 0 0 0 0 0 0 0 0 0 0 0 0 0 0 0 0 0 0 0 0 0 0 0 0 0 0 0 0 0 0 0 0 0 0 0 0 0 0 0 0 0 0 0 0 0 0 0 0 0 0 0 0 0 0 0 0 0 0 0 0 0 0 0 0 0 0 0 0 0 0 0 0 0 0 0 0 0 0 0 0 0 0 0 0 0 0 0 0 0 0 0 0
995 194 599 322 465 420 377 478 104 723 208 38 732 832 102 2 399 697 159 202 644 324 981 629 863 338 74 521 606 185 443 793 701 488 11 951 868 752 883 854 315 448 222 865 517 988 666 190 680 412 60 382 315 59 282 973 861 273 418 621 728 945 374 75 269 990 664 392 220 17 849 819 792 539 148 610 145 923 556 8 563 380 410 857 786 216 107 825 414 529 761 248 909 96 808 802 651 308 499 381
686 924 600 934 287 922 213 544 460 612 544 257 148 778 606 7 109 232 356 81 502 32 642 627 997 687 684 685 706 805 668 876 355 684 531 728 60 468 220 508 45 240 46 498 392 790 345 293 332 198 248 980 135 969 223 690 175 94 267 52 631 364 20 336 166 809 128 675 663 757 659 68 693 806 450 842 331 465 520 700 194 889 161 822 474 46 294 116 13 443 95 656 620 54 682 234 656 132 539 727
0 0 0 0 0 0 0 0 0 0 0 0 0 0 0 0 0 0 0 0 0 0 0 0 0 0 0 0 0 0 0 0 0 0 0 0 0 0 0 0 0 0 0 0 0 0 0 0 0 0 0 0 0 0 0 0 0 0 0 0 0 0 0 0 0 0 0 0 0 0 0 0 0 0 0 0 0 0 0 0 0 0 0 0 0 0 0 0 0 0 0 0 0 0 0 0 0 0 0 0
183 154 533 240 861 898 664 873 46 479 818 651 117 836 189 399 395 7 732 183 492 58 266 544 848 838 4 267 313 687 979 947 920 203 855 395 133 168 133 252 347 648 749 671 568 937 916 381 271 124 236 167 71 21 184 606 486 233 161 307 47 189 938 20 500 250 707 140 968 541 615 402 69 802 35 666 400 214 949 950 455 600 882 199 964 94 531 533 768 349 531 72 420 298 137 582 371 232 107 10
923 538 702 10 978 715 468 273 450 222 903 567 651 629 776 662 330 150 900 515 107 473 528 100 217 173 676 411 894 12 234 692 990 79 32 746 922 611 319 928 624 763 226 986 824 167 196 17 214 733 990 160 251 616 901 464 722 745 220 539 922 425 653 77 281 73 807 506 64 558 323 807 811 21 766 147 866 569 978 736 145 951 839 22 728 247 384 72 979 890 442 534 578 286 400 921 566 40 8 879
0 0 0 0 0 0 0 0 0 0 0 0 0 0 0 0 0 0 0 0 0 0 0 0 0 0 0 0 0 0 0 0 0 0 0 0 0 0 0 0 0 0 0 0 0 0 0 0 0 0 0 0 0 0 0 0 0 0 0 0 0 0 0 0 0 0 0 0 0 0 0 0 0 0 0 0 0 0 0 0 0 0 0 0 0 0 0 0 0 0 0 0 0 0 0 0 0 0 0 0
607 882 142 522 22 366 329 20 573 650 931 271 870 611 480 524 528 506 480 744 951 511 181 577 220 837 27 307 440 532 793 990 141 306 402 205 357 397 504 429 537 129 109 430 959 695 359 270 556 452 654 843 345 9 58 462 218 223 959 844 44 513 926 77 754 46 265 744 505 901 198 181 147 141 512 251 454 548 507 401 624 707 28 407 342 759 894 854 356 735 322 523 738 704 786 550 113 805 498 584
