500
108 107
66 41 19 27 2 37 104 73 29 96 95 97 47 33 104 91 2 81 61 95 18 14 49 107 16 21 62 96 51 104 59 82 86 89 87 68 16 41 24 33 30 66 57 5 97 18 29 100 77 29 22 6 47 55 63 81 40 83 18 74 76 17 66 85 15 10 105 85 64 6 27 21 89 53 82 29 64 3 69 37 22 2 25 81 102 84 91 7 22 58 79 69 18 30 18 44 59 6 46 10 58 24 72 5 58 36 65 50
2 2 2 2 2 2 2 2 2 2 2 2 2 2 2 2 2 2 2 2 2 2 2 2 2 2 2 2 2 2 2 2 2 2 2 2 2 2 2 2 2 2 2 2 2 2 2 2 2 2 2 2 2 2 2 2 2 2 2 2 2 2 2 2 2 2 2 2 2 2 2 2 2 2 2 2 2 2 2 2 2 2 2 2 2 2 51 2 2 2 2 2 2 2 2 2 2 2 2 2 2 2 2 2 2 2 2 2
40 81
74 40
40 70
31 40
40 44
19 40
40 101
40 87
40 85
40 50
66 40
1 40
5 40
40 102
40 98
40 34
24 40
40 12
91 40
40 108
40 83
7 40
53 40
40 26
35 40
40 37
40 72
40 4
78 40
57 40
40 77
93 40
40 17
20 40
40 56
75 40
40 104
40 18
27 40
40 21
30 40
106 40
67 40
40 22
64 40
40 39
40 82
40 62
40 2
40 63
40 90
58 40
80 40
40 3
40 14
52 40
40 46
73 40
88 40
15 40
59 40
86 40
40 42
6 40
40 38
40 23
40 60
55 40
40 49
40 32
40 47
40 61
40 97
84 40
40 94
40 79
11 40
89 40
40 105
96 40
29 40
40 68
99 40
40 71
40 48
40 95
40 8
9 40
40 65
40 41
13 40
40 76
103 40
51 40
40 25
40 107
40 100
40 43
40 36
40 28
40 92
16 40
45 40
40 33
54 40
69 40
10 40
90 89
23 15 33 41 41 56 41 63 9 41 16 52 30 10 19 37 85 48 68 50 3 37 9 28 58 78 86 6 19 30 40 39 72 7 66 9 24 45 22 66 25 28 75 20 20 7 28 17 28 25 22 1 18 43 42 17 33 14 52 10 35 25 36 52 14 18 22 83 56 18 76 21 90 81 89 64 37 9 72 27 53 75 46 84 43 14 52 64 38 58
23 15 6 41 6 56 41 6 9 6 16 52 6 10 6 6 85 6 68 6 3 6 6 6 58 6 86 6 6 6 40 6 6 6 66 6 24 6 22 66 25 6 75 20 20 7 28 17 6 6 6 1 18 43 42 6 33 14 6 6 6 6 6 52 14 6 6 83 6 6 76 6 6 6 89 64 6 6 6 27 53 6 6 84 43 14 35 64 6 6
61 77
14 61
61 12
36 61
61 46
67 61
45 61
56 61
74 61
66 61
68 61
61 82
87 61
61 39
61 78
61 24
89 61
61 57
29 61
61 55
61 65
61 19
10 61
35 61
64 61
22 61
60 61
61 33
52 61
18 61
61 54
61 37
61 83
6 61
61 76
51 61
61 49
61 30
61 11
41 61
5 61
61 75
61 53
71 61
61 43
42 61
3 61
16 61
61 90
61 85
61 28
61 80
61 34
61 27
61 50
61 44
61 58
61 13
23 61
17 61
2 61
72 61
61 1
73 61
25 61
8 61
61 32
61 63
59 61
9 61
61 20
70 61
26 61
62 61
69 61
88 61
61 4
61 48
81 61
61 47
86 61
61 21
61 38
7 61
61 84
31 61
61 40
79 61
61 15
86 85
1 2 3 4 5 6 7 8 9 10 11 12 13 14 15 16 17 18 19 20 21 22 23 24 25 26 27 28 29 30 31 32 33 34 35 36 37 38 39 40 41 42 43 44 45 46 47 48 49 50 51 52 53 54 55 56 57 58 59 60 61 62 63 64 65 66 67 68 69 70 71 72 73 74 75 76 77 78 79 80 81 82 83 84 85 86
1 1 1 1 1 1 1 1 1 1 1 1 1 1 1 1 1 1 1 1 1 1 1 1 1 1 1 1 1 1 1 1 1 1 1 1 1 1 1 1 1 1 1 1 1 1 1 1 1 1 1 1 1 1 1 1 1 1 1 1 1 1 1 1 1 1 1 1 1 1 1 1 1 1 1 1 1 1 1 1 1 1 1 1 21 1
40 19
19 70
19 64
8 19
19 10
14 19
24 19
19 53
81 19
19 47
19 42
25 19
75 19
21 19
52 19
19 43
15 19
50 19
27 19
44 19
19 83
41 19
9 19
13 19
86 19
79 19
19 73
39 19
19 56
19 61
67 19
19 65
19 7
19 62
19 68
19 46
51 19
2 19
19 22
57 19
19 1
3 19
36 19
19 80
23 19
19 66
29 19
84 19
72 19
19 28
35 19
33 19
19 20
16 19
11 19
19 37
32 19
19 12
77 19
19 54
58 19
19 34
19 60
19 5
4 19
19 18
30 19
85 19
19 17
19 74
45 19
19 48
38 19
78 19
59 19
26 19
55 19
31 19
19 76
71 19
19 6
19 49
69 19
19 82
19 63
109 108
1 2 3 4 5 6 7 8 9 10 11 12 13 14 15 16 17 18 19 20 21 22 23 24 25 26 27 28 29 30 31 32 33 34 35 36 37 38 39 40 41 42 43 44 45 46 47 48 49 50 51 52 53 54 55 56 57 58 59 60 61 62 63 64 65 66 67 68 69 70 71 72 73 74 75 76 77 78 79 80 81 82 83 84 85 86 87 88 89 90 91 92 93 94 95 96 97 98 99 100 101 102 103 104 105 106 107 108 109
1 1 3 1 5 6 1 1 9 1 11 1 1 14 1 1 1 1 1 20 1 1 23 24 1 26 1 28 1 1 31 1 33 34 35 1 1 1 39 40 1 1 43 44 1 1 1 48 1 1 51 52 53 54 55 56 1 58 1 60 1 62 63 1 1 66 67 68 69 70 1 1 73 74 1 76 1 78 1 1 1 82 64 84 1 86 1 1 89 90 91 1 93 1 95 96 97 98 99 100 1 102 1 104 64 1 1 1 109
64 103
64 97
64 90
64 9
64 29
28 64
64 24
64 43
86 64
98 64
1 64
64 7
42 64
89 64
60 64
64 49
76 64
64 45
44 64
38 64
64 79
68 64
23 64
10 64
93 64
104 64
64 66
109 64
105 64
64 26
5 64
64 35
64 14
46 64
75 64
17 64
84 64
64 65
64 50
96 64
34 64
64 57
101 64
64 62
64 54
64 47
64 73
64 36
71 64
67 64
64 21
64 33
19 64
37 64
64 83
64 41
64 87
58 64
55 64
91 64
64 22
64 8
85 64
64 99
31 64
100 64
64 11
78 64
64 82
61 64
2 64
64 12
64 51
53 64
64 15
64 59
64 92
64 40
108 64
4 64
107 64
48 64
80 64
52 64
64 27
25 64
56 64
13 64
64 63
72 64
64 70
18 64
16 64
74 64
106 64
95 64
64 39
64 3
6 64
94 64
20 64
64 81
32 64
69 64
64 30
88 64
102 64
64 77
86 85
1 2 3 4 5 6 7 8 9 10 11 12 13 14 15 16 17 18 19 20 21 22 23 24 25 26 27 28 29 30 31 32 33 34 35 36 37 38 39 40 41 42 43 44 45 46 47 48 49 50 51 52 53 54 55 56 57 58 59 60 61 62 63 64 65 66 67 68 69 70 71 72 73 74 75 76 77 78 79 80 81 82 83 84 85 86
1 1 1 1 1 1 7 8 1 1 1 1 1 1 1 1 1 1 1 1 1 1 1 1 1 1 1 1 1 1 1 1 1 1 1 1 1 1 1 1 1 1 1 1 1 1 1 1 1 1 1 1 1 1 1 1 1 1 1 1 1 1 1 1 1 1 1 1 1 1 1 1 1 1 1 1 1 1 1 1 1 1 1 1 1 1
38 32
67 38
68 38
38 64
38 65
38 19
86 38
58 38
38 2
38 29
38 16
38 34
47 38
52 38
38 18
38 74
38 1
38 12
38 8
38 62
13 38
25 38
38 45
38 21
72 38
51 38
38 55
35 38
60 38
23 38
38 24
38 80
56 38
61 38
38 76
38 53
73 38
38 84
38 48
38 46
38 3
38 83
38 15
30 38
50 38
38 36
5 38
38 49
38 66
40 38
38 39
33 38
38 28
38 11
41 38
31 38
75 38
38 4
77 38
38 82
38 10
43 38
38 27
38 14
38 7
79 38
59 38
54 38
20 38
38 71
78 38
38 26
42 38
69 38
38 37
38 9
38 17
44 38
81 38
38 57
63 38
70 38
38 22
38 6
85 38
120 119
15 76 64 117 112 104 65 4 21 98 2 18 38 55 116 9 111 18 111 28 106 96 108 89 98 59 4 54 41 40 103 17 43 112 78 71 57 51 26 94 119 80 18 91 6 14 33 117 91 54 6 47 22 23 90 2 92 105 86 81 109 18 82 83 54 101 46 109 120 13 69 117 8 14 101 56 101 61 89 37 61 51 63 63 32 70 75 55 19 63 114 88 15 77 23 97 79 105 73 39 118 8 35 56 38 37 51 33 106 108 115 113 53 71 75 100 97 109 5 33
2 2 2 2 2 2 2 2 2 2 2 2 2 2 2 2 2 2 2 2 2 2 2 2 2 2 2 2 2 2 2 2 2 2 2 2 2 2 2 2 2 2 2 2 2 2 2 2 2 2 2 2 2 2 2 2 2 2 2 2 2 2 2 2 2 2 2 2 2 2 2 2 2 2 2 2 2 2 2 2 2 2 2 2 2 2 2 2 2 2 2 2 2 2 2 2 2 2 2 2 2 2 2 2 2 2 2 2 2 2 2 2 2 2 2 2 2 2 2 2
43 48
43 22
43 89
43 29
43 116
43 32
10 43
97 43
112 43
47 43
43 27
16 43
63 43
43 101
120 43
43 2
114 43
117 43
43 87
43 84
43 40
75 43
99 43
35 43
110 43
43 28
58 43
64 43
68 43
24 43
41 43
43 12
43 17
25 43
5 43
62 43
43 118
43 72
43 86
57 43
26 43
43 46
15 43
102 43
38 43
55 43
85 43
43 73
43 9
43 111
43 14
43 108
43 49
43 77
43 44
43 93
95 43
80 43
100 43
43 60
76 43
96 43
20 43
43 52
98 43
43 115
4 43
43 82
43 1
43 69
23 43
70 43
43 67
43 19
43 45
3 43
43 66
81 43
43 34
43 109
79 43
43 13
43 106
107 43
43 59
33 43
21 43
119 43
43 6
43 30
51 43
56 43
43 7
103 43
43 91
43 36
61 43
43 74
92 43
90 43
88 43
11 43
83 43
43 8
43 42
43 105
43 37
43 113
43 18
53 43
43 50
94 43
43 104
43 78
43 54
43 31
71 43
65 43
43 39
95 94
1 2 3 4 5 6 7 8 9 10 11 12 13 14 15 16 17 18 19 20 21 22 23 24 25 26 27 28 29 30 31 32 33 34 35 36 37 38 39 40 41 42 43 44 45 46 47 48 49 50 51 52 53 54 55 56 57 58 59 60 61 62 63 64 65 66 67 68 69 70 71 72 73 74 75 76 77 78 79 80 81 82 83 84 85 86 87 88 89 90 91 92 93 94 95
1 1 1 1 1 1 1 1 1 1 1 1 1 1 1 1 1 1 1 1 1 1 1 1 1 1 1 1 1 1 1 1 1 1 1 1 1 1 1 1 1 1 1 1 1 1 1 1 1 1 1 1 1 1 1 1 1 1 1 1 1 1 1 1 1 1 1 1 1 1 1 1 1 1 1 1 75 1 1 1 1 1 1 1 1 1 1 1 1 1 1 1 1 1 1
14 50
29 14
73 14
36 14
27 14
60 14
91 14
14 41
14 75
35 14
14 28
14 53
22 14
56 14
14 90
14 44
14 88
14 54
85 14
59 14
1 14
93 14
39 14
2 14
14 61
14 74
4 14
8 14
20 14
10 14
14 95
65 14
14 15
72 14
3 14
30 14
17 14
14 78
89 14
14 19
49 14
86 14
55 14
14 69
9 14
5 14
14 82
6 14
51 14
14 81
40 14
14 42
14 87
58 14
14 84
23 14
14 80
66 14
14 46
14 38
31 14
12 14
13 14
11 14
94 14
33 14
14 62
68 14
14 7
14 48
14 34
77 14
47 14
76 14
14 71
14 16
57 14
14 18
63 14
25 14
14 92
83 14
26 14
14 45
24 14
14 37
64 14
14 21
14 52
43 14
79 14
32 14
14 67
70 14
89 88
10 77 81 40 1 10 23 58 22 16 45 41 13 75 80 74 86 41 18 83 8 86 31 32 49 67 14 57 80 21 3 42 30 3 79 32 84 57 55 28 59 4 70 49 60 15 77 1 84 31 62 88 14 2 39 35 17 1 74 37 45 66 18 26 53 66 32 21 71 18 52 15 79 69 74 55 29 18 18 79 54 73 77 47 65 25 61 1 89
10 14 14 1 1 10 8 58 22 16 45 41 13 1 14 74 86 16 1 83 8 86 16 16 49 14 14 57 1 21 1 42 30 3 79 1 16 57 55 28 59 4 16 49 60 15 14 1 14 1 62 88 14 1 39 35 17 1 1 1 45 66 1 26 53 16 32 21 71 18 52 15 79 16 74 55 29 1 18 79 1 73 14 16 65 25 1 1 1
29 50
29 51
61 29
17 29
29 84
22 29
66 29
18 29
38 29
4 29
29 27
71 29
78 29
29 30
1 29
26 29
29 36
80 29
86 29
29 56
29 54
29 25
8 29
74 29
29 82
29 53
47 29
21 29
34 29
29 14
29 41
81 29
39 29
12 29
37 29
29 49
29 85
59 29
29 23
5 29
29 40
89 29
88 29
29 76
29 55
29 65
29 2
58 29
75 29
52 29
29 48
68 29
29 45
87 29
42 29
29 57
29 15
29 11
16 29
83 29
43 29
20 29
29 77
29 24
31 29
29 44
29 73
29 3
69 29
29 60
29 63
29 46
7 29
29 67
35 29
29 62
33 29
29 70
6 29
29 32
29 9
19 29
29 72
13 29
28 29
29 64
29 10
79 29
92 91
88 39 85 23 25 79 79 17 3 10 66 32 87 61 67 31 12 92 85 57 61 53 37 23 43 19 64 4 84 16 21 24 61 8 44 53 57 55 11 21 19 54 45 59 56 35 38 30 87 53 4 76 12 56 2 16 1 11 83 4 36 41 43 12 30 47 67 5 17 90 8 63 8 73 16 68 26 27 29 90 71 11 44 77 74 74 11 51 56 65 59 2
1 1 1 1 1 1 1 1 1 1 1 1 1 1 1 1 1 1 1 1 1 1 1 1 1 1 1 1 1 1 11 1 1 1 1 1 1 1 1 1 1 1 1 1 1 1 1 1 1 1 1 1 1 1 1 1 1 1 1 1 1 1 1 1 1 1 1 1 1 1 1 1 1 1 1 1 1 1 1 1 1 1 1 1 1 1 1 1 1 1 1 1
65 4
65 3
65 13
65 52
74 65
91 65
76 65
65 45
40 65
65 63
65 59
31 65
25 65
33 65
65 44
65 92
65 87
65 71
47 65
38 65
65 54
19 65
65 60
65 18
65 7
68 65
81 65
65 84
17 65
9 65
65 37
26 65
65 61
65 85
65 55
14 65
65 88
65 49
6 65
65 12
65 86
34 65
90 65
65 73
41 65
21 65
65 28
65 58
65 48
65 42
24 65
65 1
65 78
8 65
51 65
83 65
53 65
65 75
77 65
65 10
72 65
66 65
80 65
62 65
65 82
65 79
65 46
11 65
65 64
27 65
89 65
65 16
65 22
65 30
65 15
65 50
65 36
65 23
69 65
65 56
20 65
65 29
43 65
65 67
65 5
65 57
65 70
65 2
65 35
32 65
65 39
89 88
1 2 3 4 5 6 7 8 9 10 11 12 13 14 15 16 17 18 19 20 21 22 23 24 25 26 27 28 29 30 31 32 33 34 35 36 37 38 39 40 41 42 43 44 45 46 47 48 49 50 51 52 53 54 55 56 57 58 59 60 61 62 63 64 65 66 67 68 69 70 71 72 73 74 75 76 77 78 79 80 81 82 83 84 85 86 87 88 89
1 1 1 1 1 1 1 1 1 1 11 1 1 1 1 1 1 1 1 1 1 1 1 1 1 1 1 1 1 1 1 1 1 1 1 1 1 1 1 1 1 1 1 1 1 1 1 1 1 1 1 1 1 1 1 1 1 1 1 1 1 1 1 1 1 1 1 1 1 1 1 1 1 1 1 1 1 1 1 1 1 1 1 1 1 1 1 1 1
83 67
4 67
67 70
67 16
67 27
65 67
67 82
60 67
71 67
15 67
67 58
67 68
67 51
75 67
67 18
10 67
56 67
81 67
57 67
44 67
62 67
46 67
38 67
84 67
43 67
67 19
67 42
67 11
67 34
36 67
67 72
67 80
25 67
67 8
39 67
67 50
67 7
67 29
47 67
67 23
2 67
67 35
67 28
67 59
67 74
41 67
6 67
85 67
67 77
67 63
64 67
67 26
87 67
67 32
67 48
13 67
3 67
12 67
89 67
67 55
67 79
67 66
67 9
67 69
20 67
67 61
67 37
67 45
67 21
76 67
67 53
31 67
67 54
33 67
1 67
67 24
14 67
67 5
67 88
40 67
67 49
78 67
67 30
52 67
67 86
67 22
67 73
67 17
117 116
1 2 3 4 5 6 7 8 9 10 11 12 13 14 15 16 17 18 19 20 21 22 23 24 25 26 27 28 29 30 31 32 33 34 35 36 37 38 39 40 41 42 43 44 45 46 47 48 49 50 51 52 53 54 55 56 57 58 59 60 61 62 63 64 65 66 67 68 69 70 71 72 73 74 75 76 77 78 79 80 81 82 83 84 85 86 87 88 89 90 91 92 93 94 95 96 97 98 99 100 101 102 103 104 105 106 107 108 109 110 111 112 113 114 115 116 117
1 2 3 4 5 6 3 3 3 3 11 3 13 14 15 16 3 3 3 3 21 22 23 24 25 26 27 28 29 30 31 3 3 3 35 3 37 38 3 40 41 42 3 3 45 3 3 3 3 50 3 52 3 54 55 3 57 58 3 3 3 3 63 64 3 3 3 68 3 70 3 3 3 3 3 76 77 78 3 80 3 3 83 84 85 86 87 3 89 3 3 92 3 3 95 96 53 98 99 53 101 3 103 104 3 3 107 3 3 110 111 3 3 114 42 3 117
59 60
59 44
59 43
59 68
41 59
59 31
59 9
59 25
59 106
59 91
59 20
64 59
59 101
6 59
59 2
58 59
50 59
59 92
59 70
34 59
59 87
5 59
30 59
1 59
59 117
59 36
59 107
26 59
24 59
52 59
83 59
18 59
113 59
59 115
33 59
59 54
73 59
84 59
67 59
59 63
89 59
48 59
114 59
110 59
98 59
59 65
7 59
59 23
59 105
111 59
59 8
59 104
47 59
40 59
100 59
59 71
55 59
59 13
59 42
59 85
96 59
59 37
59 35
62 59
69 59
11 59
59 61
59 77
38 59
59 86
59 4
59 56
32 59
59 21
59 103
81 59
29 59
79 59
59 80
97 59
17 59
93 59
59 51
59 94
59 10
39 59
59 74
45 59
82 59
16 59
108 59
90 59
59 12
59 19
116 59
59 76
59 99
59 22
59 14
59 66
59 15
3 59
75 59
109 59
59 102
59 88
59 49
78 59
59 95
59 112
59 28
27 59
59 72
59 53
46 59
59 57
113 112
1 2 3 4 5 6 7 8 9 10 11 12 13 14 15 16 17 18 19 20 21 22 23 24 25 26 27 28 29 30 31 32 33 34 35 36 37 38 39 40 41 42 43 44 45 46 47 48 49 50 51 52 53 54 55 56 57 58 59 60 61 62 63 64 65 66 67 68 69 70 71 72 73 74 75 76 77 78 79 80 81 82 83 84 85 86 87 88 89 90 91 92 93 94 95 96 97 98 99 100 101 102 103 104 105 106 107 108 109 110 111 112 113
1 2 3 3 5 3 4 8 4 10 11 3 13 14 15 16 4 3 19 20 21 3 23 24 25 26 27 28 29 30 31 4 3 34 35 36 3 38 3 40 4 3 3 44 3 46 3 48 49 3 4 52 4 54 55 3 57 4 59 3 61 62 3 64 65 66 67 68 4 70 4 4 4 3 3 3 77 78 79 80 3 3 83 84 3 4 87 4 89 4 4 92 93 4 4 3 4 4 99 3 3 4 103 4 105 3 4 3 109 110 111 112 3
4 33
109 4
4 94
4 69
4 18
4 55
4 110
4 59
4 93
39 4
46 4
88 4
4 27
4 43
4 82
14 4
4 76
20 4
4 5
97 4
25 4
4 105
4 36
80 4
56 4
4 83
23 4
111 4
4 74
4 66
4 100
4 96
4 9
4 47
4 107
32 4
4 12
75 4
49 4
21 4
4 41
40 4
4 54
4 89
4 19
4 108
1 4
7 4
4 15
4 99
42 4
10 4
4 45
4 60
4 92
68 4
4 84
4 67
4 98
95 4
113 4
13 4
4 87
4 103
4 22
4 37
4 104
90 4
4 106
28 4
79 4
4 73
85 4
4 2
4 86
50 4
77 4
4 65
4 57
4 16
64 4
4 72
81 4
4 17
4 51
4 52
4 3
11 4
4 102
35 4
62 4
4 70
58 4
38 4
53 4
71 4
101 4
34 4
4 91
4 24
4 30
4 78
26 4
112 4
4 31
29 4
44 4
48 4
8 4
63 4
61 4
6 4
80 79
1 2 3 4 5 6 7 8 9 10 11 12 13 14 15 16 17 18 19 20 21 22 23 24 25 26 27 28 29 30 31 32 33 34 35 36 37 38 39 40 41 42 43 44 45 46 47 48 49 50 51 52 53 54 55 56 57 58 59 60 61 62 63 64 65 66 67 68 69 70 71 72 73 74 75 76 77 78 79 80
1 1 1 1 1 1 1 1 1 1 1 1 1 1 1 1 1 1 1 1 1 1 1 1 1 1 1 1 1 1 1 1 1 1 1 1 1 1 1 1 1 1 1 1 1 1 1 1 1 1 1 1 1 1 1 1 1 1 1 1 1 1 1 1 1 1 1 1 1 1 1 1 1 1 1 1 1 1 1 1
62 59
56 59
59 19
52 59
59 46
59 1
59 39
59 41
59 54
59 29
36 59
59 55
59 45
12 59
80 59
59 65
48 59
37 59
59 18
3 59
59 28
59 11
59 60
73 59
59 67
38 59
68 59
22 59
59 77
59 4
69 59
59 14
59 71
59 9
59 20
24 59
40 59
59 49
59 16
27 59
59 7
6 59
23 59
59 26
8 59
59 25
70 59
75 59
34 59
59 42
64 59
21 59
33 59
59 2
59 53
43 59
59 10
59 74
13 59
59 57
59 63
59 17
58 59
50 59
32 59
59 78
66 59
59 44
76 59
59 72
59 31
59 61
15 59
35 59
79 59
59 5
30 59
47 59
51 59
101 100
46 90 8 56 9 51 18 90 95 90 61 75 27 90 42 41 33 35 59 38 55 49 56 82 67 12 26 5 48 70 47 82 48 12 70 86 19 33 39 91 58 5 66 25 19 24 6 101 75 67 77 8 29 51 86 25 49 1 90 10 30 45 73 63 39 82 17 71 39 99 38 74 51 38 101 94 66 69 2 96 49 31 72 41 95 46 89 61 7 97 65 13 98 94 36 90 58 31 45 16 50
1 1 1 1 1 1 1 1 1 1 1 1 1 1 1 1 1 1 1 1 1 1 1 1 1 1 1 1 1 1 1 1 1 1 1 1 1 1 1 1 1 1 1 1 1 1 1 1 1 1 1 1 1 1 1 1 1 1 1 1 1 1 1 1 1 1 1 1 1 1 1 1 1 1 1 1 1 1 1 1 1 1 1 1 1 1 1 1 1 1 1 1 1 1 1 1 1 1 1 1 1
14 62
97 14
14 7
14 93
28 14
42 14
92 14
24 14
30 14
12 14
27 14
99 14
37 14
50 14
14 59
14 74
66 14
48 14
14 15
14 101
14 44
53 14
57 14
5 14
14 68
86 14
19 14
14 64
33 14
39 14
1 14
14 54
14 45
14 38
82 14
14 13
84 14
75 14
46 14
14 94
6 14
14 73
14 29
87 14
14 65
41 14
26 14
69 14
14 52
14 16
14 55
14 100
14 23
88 14
3 14
14 22
61 14
32 14
25 14
35 14
21 14
90 14
14 77
14 70
96 14
18 14
83 14
81 14
58 14
14 95
80 14
14 76
47 14
14 31
4 14
14 20
14 63
14 11
14 34
71 14
14 49
14 79
14 9
67 14
14 56
85 14
17 14
14 60
36 14
10 14
14 51
8 14
14 2
14 40
78 14
14 72
91 14
14 43
98 14
14 89
92 91
1 2 3 4 5 6 7 8 9 10 11 12 13 14 15 16 17 18 19 20 21 22 23 24 25 26 27 28 29 30 31 32 33 34 35 36 37 38 39 40 41 42 43 44 45 46 47 48 49 50 51 52 53 54 55 56 57 58 59 60 61 62 63 64 65 66 67 68 69 70 71 72 73 74 75 76 77 78 79 80 81 82 83 84 85 86 87 88 89 90 91 92
1 2 3 4 5 6 4 4 9 4 11 10 13 14 15 16 10 10 19 20 10 4 4 10 4 26 4 28 13 4 23 32 10 34 35 4 37 38 10 4 41 4 4 44 10 46 47 48 10 4 51 10 44 10 55 56 57 4 59 60 61 62 63 4 65 10 4 4 69 70 4 72 4 74 75 76 10 78 4 4 81 82 83 84 4 4 4 4 89 90 91 4
36 56
20 36
87 36
36 89
36 70
79 36
69 36
36 54
36 68
38 36
36 63
84 36
9 36
4 36
36 17
50 36
36 34
36 25
51 36
8 36
36 27
28 36
36 21
39 36
40 36
36 60
23 36
45 36
18 36
36 2
36 3
36 71
36 6
65 36
36 16
36 62
13 36
36 67
36 88
36 91
80 36
36 22
36 82
36 90
36 44
33 36
36 42
85 36
24 36
37 36
48 36
32 36
7 36
36 74
12 36
36 52
36 46
14 36
36 26
43 36
36 61
75 36
36 35
10 36
36 5
59 36
77 36
86 36
36 15
36 19
36 11
57 36
36 81
36 47
72 36
36 76
36 55
53 36
30 36
36 73
36 58
36 83
66 36
36 78
36 1
31 36
41 36
36 92
49 36
36 64
29 36
118 117
9 84 75 93 23 83 55 6 25 37 54 114 37 95 96 80 118 83 56 20 31 109 85 97 7 16 14 47 50 13 28 68 33 116 104 74 18 3 112 5 47 18 9 8 4 82 27 50 62 112 55 3 107 112 82 8 76 67 111 103 90 113 93 89 104 97 23 55 42 77 2 65 102 79 106 50 2 110 29 35 29 50 96 67 10 7 24 65 6 79 13 22 12 24 19 25 11 23 112 105 11 15 92 4 20 84 21 20 40 62 11 13 72 103 82 51 47 35
2 2 2 2 2 2 2 2 2 2 2 2 2 2 2 2 2 2 2 2 2 2 2 2 2 2 2 2 2 2 2 2 2 2 2 2 2 2 2 2 2 2 2 2 2 2 2 2 2 2 2 2 2 2 2 2 2 2 2 2 2 2 2 2 2 2 2 2 2 2 2 2 2 2 2 2 2 2 2 2 2 2 2 2 2 2 2 2 2 2 2 2 2 2 2 2 2 2 2 2 2 2 2 2 2 2 2 2 2 2 2 2 2 2 2 2 2 2
15 114
99 15
15 98
15 1
15 56
15 28
15 9
15 105
15 23
53 15
15 115
15 45
15 4
15 111
15 7
15 90
91 15
15 11
15 69
82 15
15 94
80 15
15 77
15 84
92 15
65 15
35 15
86 15
15 59
15 71
54 15
15 39
15 17
43 15
15 58
15 112
15 31
15 61
15 14
36 15
15 24
15 49
15 12
15 79
15 50
15 96
15 42
51 15
15 52
107 15
15 5
70 15
15 104
15 2
15 18
15 78
117 15
66 15
15 76
75 15
40 15
15 73
93 15
110 15
15 33
15 106
108 15
15 41
15 101
15 102
29 15
19 15
22 15
97 15
85 15
55 15
15 63
15 37
47 15
15 109
38 15
15 16
15 88
15 32
15 3
15 100
15 62
60 15
15 67
118 15
15 21
72 15
34 15
25 15
15 83
10 15
116 15
15 8
15 89
15 103
15 64
15 26
74 15
15 44
20 15
15 95
48 15
27 15
15 113
87 15
46 15
15 81
68 15
15 30
6 15
57 15
13 15
86 85
1 2 3 4 5 6 7 8 9 10 11 12 13 14 15 16 17 18 19 20 21 22 23 24 25 26 27 28 29 30 31 32 33 34 35 36 37 38 39 40 41 42 43 44 45 46 47 48 49 50 51 52 53 54 55 56 57 58 59 60 61 62 63 64 65 66 67 68 69 70 71 72 73 74 75 76 77 78 79 80 81 82 83 84 85 86
1 2 3 4 4 4 7 8 9 3 11 12 3 14 4 16 17 3 4 4 21 4 23 3 4 4 3 28 3 30 31 32 4 34 35 36 3 38 3 40 41 4 43 44 45 46 3 3 3 4 51 52 53 3 55 56 3 58 59 3 61 62 63 64 65 66 2 3 3 70 4 72 73 74 75 3 3 4 79 80 4 4 3 4 4 4
40 69
69 26
85 69
69 58
69 66
69 82
15 69
50 69
69 27
69 20
35 69
69 74
69 77
80 69
7 69
6 69
34 69
69 49
81 69
69 39
22 69
69 44
2 69
69 71
69 5
86 69
41 69
75 69
69 53
69 24
60 69
16 69
69 28
38 69
69 46
69 13
69 11
64 69
57 69
21 69
8 69
69 56
69 12
1 69
62 69
10 69
69 37
76 69
43 69
70 69
69 78
69 42
72 69
83 69
69 29
69 47
69 45
69 54
69 9
69 65
69 68
18 69
69 73
69 33
48 69
69 30
32 69
61 69
59 69
23 69
69 63
55 69
31 69
4 69
67 69
14 69
17 69
69 52
19 69
69 79
69 51
69 84
69 3
69 25
36 69
88 87
1 2 3 4 5 6 7 8 9 10 11 12 13 14 15 16 17 18 19 20 21 22 23 24 25 26 27 28 29 30 31 32 33 34 35 36 37 38 39 40 41 42 43 44 45 46 47 48 49 50 51 52 53 54 55 56 57 58 59 60 61 62 63 64 65 66 67 68 69 70 71 72 73 74 75 76 77 78 79 80 81 82 83 84 85 86 87 88
1 2 3 4 5 4 4 4 4 10 4 4 4 4 15 16 4 18 4 20 21 22 23 4 25 4 4 4 29 30 4 32 4 34 35 4 4 4 4 40 41 42 4 4 4 46 4 4 49 4 51 4 53 54 4 56 4 58 59 4 4 4 4 4 4 4 67 68 69 4 4 4 4 74 75 76 77 78 79 80 81 4 4 84 85 4 87 88
74 57
57 70
73 57
7 57
63 57
14 57
57 75
57 42
57 50
57 82
80 57
57 67
9 57
10 57
57 8
64 57
11 57
57 1
57 43
57 4
57 44
78 57
62 57
57 53
57 32
69 57
57 72
56 57
39 57
57 71
57 68
48 57
19 57
41 57
83 57
35 57
38 57
57 20
18 57
15 57
57 33
21 57
28 57
57 22
57 34
26 57
52 57
57 88
57 27
37 57
13 57
17 57
57 84
57 31
57 3
57 40
60 57
59 57
57 16
45 57
57 12
57 51
57 5
66 57
2 57
25 57
85 57
76 57
57 86
81 57
77 57
55 57
54 57
65 57
58 57
57 23
47 57
57 79
57 49
57 24
57 30
29 57
57 61
87 57
46 57
36 57
57 6
88 87
1 2 3 4 5 6 7 8 9 10 11 12 13 14 15 16 17 18 19 20 21 22 23 24 25 26 27 28 29 30 31 32 33 34 35 36 37 38 39 40 41 42 43 44 45 46 47 48 49 50 51 52 53 54 55 56 57 58 59 60 61 62 63 64 65 66 67 68 69 70 71 72 73 74 75 76 77 78 79 80 81 82 83 84 85 86 87 88
1 2 3 4 5 4 4 8 4 4 4 3 3 14 3 4 4 18 4 20 21 22 4 4 4 26 27 28 29 4 31 32 33 4 7 4 37 38 39 40 18 42 43 4 45 46 47 48 18 50 51 52 3 54 4 56 57 4 3 4 4 62 63 4 65 66 7 68 69 36 71 72 73 74 75 3 4 78 18 80 4 82 83 84 4 4 3 88
31 76
76 14
87 76
76 34
18 76
50 76
76 28
85 76
76 73
29 76
76 39
5 76
76 21
77 76
76 82
49 76
76 59
76 41
8 76
80 76
16 76
76 64
56 76
11 76
76 20
76 7
76 1
76 42
76 40
45 76
62 76
76 2
65 76
76 55
70 76
76 63
4 76
74 76
76 84
76 38
51 76
37 76
76 26
76 54
76 71
43 76
19 76
76 48
76 60
76 57
76 72
25 76
47 76
76 24
76 83
79 76
46 76
76 68
36 76
35 76
76 12
58 76
76 22
76 66
76 13
76 17
52 76
23 76
76 6
76 9
81 76
44 76
15 76
27 76
76 86
76 61
3 76
88 76
76 78
32 76
10 76
76 75
33 76
69 76
76 53
76 67
30 76
110 109
75 88 60 96 39 85 39 21 63 80 41 26 104 92 103 28 54 106 18 13 93 70 89 96 99 70 81 66 44 38 75 60 55 81 25 44 75 25 31 18 79 67 33 2 41 67 59 50 45 64 24 33 107 67 22 59 18 88 14 39 53 37 15 49 29 13 102 32 28 55 28 96 31 14 9 77 60 17 35 71 86 73 97 65 40 41 30 50 38 15 28 55 29 100 16 81 3 26 51 33 35 98 53 41 83 31 37 108 14 104
2 2 2 2 2 2 2 2 2 2 2 2 2 2 2 2 2 2 2 2 2 2 2 2 2 2 2 2 2 2 2 2 2 2 2 2 2 2 2 2 2 2 2 2 2 2 2 2 2 2 2 2 2 2 2 2 2 2 2 2 2 2 2 2 2 2 2 2 2 2 2 2 2 2 2 2 2 2 2 2 2 2 2 2 2 2 2 2 2 2 2 2 2 2 2 2 2 2 2 2 2 2 2 2 2 2 2 2 2 2
67 56
67 35
67 78
14 67
50 67
8 67
67 94
5 67
98 67
62 67
33 67
9 67
67 101
67 43
27 67
54 67
29 67
53 67
67 105
104 67
67 18
67 87
10 67
67 12
40 67
65 67
32 67
67 19
74 67
4 67
67 69
30 67
67 34
67 11
108 67
67 28
67 81
67 72
67 107
64 67
22 67
48 67
67 36
67 61
67 41
67 102
67 16
67 3
75 67
52 67
73 67
67 63
77 67
7 67
24 67
106 67
6 67
67 68
67 66
67 46
49 67
110 67
23 67
67 71
76 67
67 1
89 67
67 100
67 59
67 51
85 67
79 67
80 67
67 13
15 67
67 21
67 2
67 83
67 25
42 67
67 88
44 67
67 92
95 67
67 84
67 38
26 67
67 57
103 67
45 67
99 67
82 67
67 86
67 37
67 96
58 67
97 67
67 91
90 67
67 70
67 55
67 39
67 17
67 47
67 93
20 67
67 60
67 31
67 109
98 97
1 2 3 4 5 6 7 8 9 10 11 12 13 14 15 16 17 18 19 20 21 22 23 24 25 26 27 28 29 30 31 32 33 34 35 36 37 38 39 40 41 42 43 44 45 46 47 48 49 50 51 52 53 54 55 56 57 58 59 60 61 62 63 64 65 66 67 68 69 70 71 72 73 74 75 76 77 78 79 80 81 82 83 84 85 86 87 88 89 90 91 92 93 94 95 96 97 98
1 2 3 4 5 6 4 5 4 4 11 4 13 8 15 16 5 5 19 20 4 22 5 24 5 5 27 5 29 4 8 32 33 5 35 4 5 5 39 40 5 42 4 44 45 4 4 48 4 50 51 4 53 54 55 56 4 58 59 4 61 4 5 64 65 66 67 5 69 70 71 5 43 74 5 76 5 43 4 5 81 82 83 4 85 86 87 88 89 90 91 92 93 94 4 5 5 98
17 49
49 36
49 43
23 49
88 49
49 87
91 49
96 49
49 92
49 74
7 49
38 49
49 97
49 57
56 49
49 72
49 30
90 49
32 49
86 49
71 49
49 9
16 49
49 19
2 49
13 49
49 80
48 49
66 49
49 76
18 49
98 49
70 49
68 49
94 49
78 49
49 47
5 49
49 31
49 64
93 49
49 83
41 49
8 49
49 21
63 49
49 69
27 49
67 49
49 77
73 49
49 79
62 49
49 95
49 34
49 24
49 26
85 49
3 49
49 28
49 6
53 49
49 44
49 45
49 51
46 49
65 49
35 49
89 49
12 49
49 60
49 58
81 49
49 61
49 14
49 59
29 49
49 15
84 49
49 20
33 49
49 4
50 49
22 49
25 49
54 49
49 10
49 75
49 37
49 52
82 49
40 49
11 49
49 1
39 49
49 42
49 55
102 101
1 2 3 4 5 6 7 8 9 10 11 12 13 14 15 16 17 18 19 20 21 22 23 24 25 26 27 28 29 30 31 32 33 34 35 36 37 38 39 40 41 42 43 44 45 46 47 48 49 50 51 52 53 54 55 56 57 58 59 60 61 62 63 64 65 66 67 68 69 70 71 72 73 74 75 76 77 78 79 80 81 82 83 84 85 86 87 88 89 90 91 92 93 94 95 96 97 98 99 100 101 102
1 2 3 4 5 3 7 8 9 9 11 12 13 14 15 16 17 18 19 3 21 22 9 9 25 9 27 3 29 30 31 9 33 9 9 36 37 38 3 9 20 42 43 44 9 9 15 9 49 50 51 52 53 54 55 15 57 58 59 9 9 3 63 64 65 3 9 9 9 9 71 3 9 3 3 3 9 78 9 80 81 82 3 26 9 9 87 88 89 9 91 92 9 9 9 96 97 9 99 14 101 102
20 23
67 20
20 81
20 75
20 80
22 20
16 20
20 10
20 28
20 88
35 20
4 20
24 20
37 20
20 31
19 20
99 20
20 44
49 20
20 12
20 79
20 64
20 69
89 20
86 20
11 20
32 20
20 98
20 14
20 40
82 20
20 54
78 20
20 92
20 93
20 101
20 18
20 8
38 20
20 63
20 25
85 20
41 20
6 20
97 20
20 52
20 36
20 102
20 66
60 20
72 20
20 3
29 20
90 20
20 56
77 20
20 91
17 20
20 9
51 20
20 33
20 96
5 20
62 20
15 20
68 20
20 70
20 47
59 20
20 43
73 20
20 83
20 46
20 53
27 20
20 2
20 94
39 20
13 20
20 7
20 50
20 26
20 74
20 76
65 20
84 20
20 87
20 1
20 71
55 20
20 100
42 20
20 61
20 57
21 20
48 20
20 95
20 58
20 30
20 45
20 34
90 89
7 16 3 70 40 40 79 69 72 2 26 46 90 26 89 54 75 5 42 30 74 47 73 17 9 35 80 33 27 74 70 86 56 72 6 63 76 67 74 28 54 23 39 78 24 36 62 66 69 90 3 73 67 76 85 47 26 69 15 81 57 82 84 42 90 32 17 28 28 60 41 73 32 61 27 31 65 67 67 33 46 89 3 21 27 40 84 17 8 4
7 3 3 3 3 40 15 15 15 2 26 46 90 3 89 54 75 5 15 30 74 47 15 3 3 3 80 15 27 74 70 86 3 15 6 63 76 3 15 15 54 23 3 15 3 36 3 15 3 15 3 3 67 76 85 47 26 69 15 3 57 82 84 42 90 15 17 28 28 60 41 3 3 15 3 31 15 67 67 3 3 3 3 21 3 40 3 17 8 3
70 82
82 73
60 82
82 49
82 21
82 57
82 69
82 46
25 82
59 82
82 27
82 4
13 82
2 82
82 14
82 50
82 47
82 1
82 54
82 39
87 82
82 75
90 82
82 16
82 68
5 82
82 48
42 82
74 82
67 82
82 55
82 24
82 62
7 82
9 82
82 28
40 82
82 3
82 83
82 58
18 82
86 82
82 56
82 34
82 12
41 82
43 82
82 52
82 36
82 23
71 82
17 82
66 82
82 11
78 82
20 82
31 82
82 72
15 82
82 64
35 82
32 82
6 82
82 51
82 22
19 82
33 82
82 89
82 8
82 45
82 53
82 76
82 26
82 44
82 10
82 30
84 82
29 82
82 79
77 82
82 38
82 63
80 82
61 82
82 88
82 37
82 65
85 82
81 82
95 94
1 2 3 4 5 6 7 8 9 10 11 12 13 14 15 16 17 18 19 20 21 22 23 24 25 26 27 28 29 30 31 32 33 34 35 36 37 38 39 40 41 42 43 44 45 46 47 48 49 50 51 52 53 54 55 56 57 58 59 60 61 62 63 64 65 66 67 68 69 70 71 72 73 74 75 76 77 78 79 80 81 82 83 84 85 86 87 88 89 90 91 92 93 94 95
1 2 3 4 1 6 7 6 9 10 11 6 13 12 15 16 2 18 19 20 6 22 23 6 25 26 1 1 6 30 31 2 1 34 35 2 37 38 39 40 1 1 43 44 45 46 47 48 49 50 6 6 53 54 55 1 57 1 59 6 1 1 2 1 2 2 6 1 1 70 2 72 1 74 2 76 77 78 79 80 81 82 1 84 85 1 1 88 1 90 91 92 93 2 2
18 61
34 61
61 36
6 61
11 61
92 61
61 45
52 61
50 61
61 4
61 89
61 19
61 22
61 43
88 61
61 14
62 61
91 61
61 3
61 9
48 61
61 81
61 39
61 70
61 57
61 12
77 61
61 83
38 61
32 61
61 21
74 61
61 35
10 61
2 61
61 7
86 61
23 61
61 46
56 61
61 26
75 61
54 61
61 42
61 41
16 61
25 61
94 61
61 72
71 61
51 61
61 55
29 61
24 61
61 47
61 13
90 61
61 58
37 61
1 61
20 61
59 61
53 61
63 61
61 17
44 61
61 64
61 78
79 61
60 61
61 15
61 66
61 30
61 87
61 40
61 73
61 8
61 84
95 61
67 61
27 61
69 61
61 65
61 31
49 61
5 61
85 61
80 61
82 61
61 68
61 33
93 61
61 28
61 76
85 84
1 2 3 4 5 6 7 8 9 10 11 12 13 14 15 16 17 18 19 20 21 22 23 24 25 26 27 28 29 30 31 32 33 34 35 36 37 38 39 40 41 42 43 44 45 46 47 48 49 50 51 52 53 54 55 56 57 58 59 60 61 62 63 64 65 66 67 68 69 70 71 72 73 74 75 76 77 78 79 80 81 82 83 84 85
1 1 3 1 1 1 1 1 1 1 1 1 1 1 1 1 1 1 1 1 1 1 1 1 1 1 1 1 1 1 1 1 1 1 1 1 1 1 1 1 1 1 1 1 1 1 1 1 1 1 1 1 1 1 1 1 1 1 1 1 1 1 1 1 1 1 1 1 1 1 1 1 1 1 1 1 1 1 1 1 1 1 1 1 1
41 60
28 41
18 41
50 41
80 41
41 29
41 16
41 23
42 41
83 41
41 71
41 1
41 38
41 39
41 65
41 17
41 56
41 69
41 14
41 35
61 41
41 59
27 41
20 41
34 41
41 73
66 41
41 63
40 41
26 41
41 15
41 72
41 57
41 74
41 4
47 41
36 41
79 41
41 12
76 41
5 41
41 70
41 3
41 58
37 41
41 64
2 41
82 41
49 41
24 41
9 41
68 41
31 41
75 41
41 30
41 44
41 48
41 43
41 25
41 6
45 41
33 41
41 19
41 67
11 41
51 41
41 46
41 84
7 41
41 54
41 21
41 22
41 85
41 55
41 32
41 13
41 10
8 41
52 41
62 41
81 41
53 41
41 77
78 41
82 81
1 2 3 4 5 6 7 8 9 10 11 12 13 14 15 16 17 18 19 20 21 22 23 24 25 26 27 28 29 30 31 32 33 34 35 36 37 38 39 40 41 42 43 44 45 46 47 48 49 50 51 52 53 54 55 56 57 58 59 60 61 62 63 64 65 66 67 68 69 70 71 72 73 74 75 76 77 78 79 80 81 82
1 1 1 1 1 1 1 1 1 1 1 1 1 1 1 1 1 1 1 1 1 1 1 1 1 1 1 1 1 1 1 1 1 1 1 1 1 1 1 1 1 1 1 1 1 1 1 1 1 1 1 1 1 1 1 1 1 1 1 1 1 1 1 1 1 1 1 1 1 1 1 1 1 1 1 1 1 26 1 1 1 1
23 35
20 23
23 79
23 30
23 33
23 6
23 40
23 2
23 80
1 23
23 81
23 61
69 23
44 23
18 23
23 36
23 55
12 23
23 13
23 5
52 23
39 23
24 23
23 59
23 56
49 23
23 78
47 23
64 23
23 74
50 23
76 23
23 63
17 23
23 3
23 77
23 57
42 23
23 70
23 72
68 23
23 7
23 46
27 23
23 11
23 22
53 23
43 23
23 41
23 38
23 67
73 23
62 23
8 23
75 23
23 26
23 37
60 23
51 23
23 14
32 23
23 4
48 23
66 23
54 23
45 23
15 23
23 9
29 23
21 23
16 23
65 23
23 71
28 23
34 23
23 58
82 23
25 23
23 10
31 23
19 23
105 104
1 2 3 4 5 6 7 8 9 10 11 12 13 14 15 16 17 18 19 20 21 22 23 24 25 26 27 28 29 30 31 32 33 34 35 36 37 38 39 40 41 42 43 44 45 46 47 48 49 50 51 52 53 54 55 56 57 58 59 60 61 62 63 64 65 66 67 68 69 70 71 72 73 74 75 76 77 78 79 80 81 82 83 84 85 86 87 88 89 90 91 92 93 94 95 96 97 98 99 100 101 102 103 104 105
1 2 3 4 5 2 7 8 8 10 8 12 13 14 8 16 17 18 19 20 8 8 8 8 5 8 27 2 8 30 31 2 2 5 8 36 5 38 39 40 41 2 5 44 5 46 47 5 49 5 51 2 53 8 55 56 8 58 59 60 8 8 63 64 8 66 2 8 5 8 36 72 73 74 75 2 77 78 79 80 81 8 83 5 8 86 87 88 89 8 5 5 5 94 2 96 97 98 8 100 5 102 103 104 105
69 95
95 27
6 95
95 91
95 72
89 95
90 95
95 9
95 84
95 49
56 95
95 88
95 71
95 86
40 95
95 33
25 95
73 95
95 70
95 100
2 95
95 20
80 95
82 95
10 95
95 98
95 38
19 95
95 78
95 26
95 24
34 95
63 95
105 95
95 102
96 95
95 30
95 36
95 21
15 95
95 39
95 58
61 95
95 51
95 62
95 76
95 75
85 95
35 95
95 99
5 95
8 95
77 95
95 55
95 18
95 14
93 95
104 95
23 95
95 97
95 59
95 12
37 95
16 95
95 64
43 95
95 79
95 66
95 53
81 95
57 95
54 95
95 83
95 92
95 28
95 45
95 17
47 95
1 95
95 7
95 46
95 101
32 95
95 13
95 44
67 95
95 4
95 42
3 95
29 95
11 95
52 95
95 50
31 95
95 74
87 95
95 22
65 95
68 95
94 95
95 60
103 95
95 41
95 48
84 83
29 20 82 83 66 72 72 35 50 34 64 5 76 76 8 40 20 68 20 82 75 48 53 84 10 40 33 62 28 59 60 80 12 77 45 26 28 72 47 61 24 70 12 11 56 60 33 75 1 66 32 63 60 45 77 37 36 60 50 2 79 36 15 22 13 12 19 58 9 29 57 36 1 35 31 54 42 38 38 24 42 2 12 49
29 20 82 83 22 1 72 35 50 1 1 5 76 76 8 22 20 68 19 22 75 48 1 84 10 1 33 62 28 1 1 1 1 77 45 1 22 72 1 22 24 22 12 11 56 1 1 75 1 1 32 63 1 1 1 37 1 22 1 1 79 36 1 1 13 12 19 50 9 29 57 36 1 1 1 54 1 38 38 1 22 2 12 49
60 64
64 82
81 64
64 74
21 64
68 64
32 64
17 64
64 44
71 64
84 64
64 33
16 64
64 5
75 64
64 73
31 64
38 64
22 64
19 64
37 64
64 10
64 8
80 64
64 35
4 64
3 64
64 63
64 77
2 64
29 64
64 83
64 66
78 64
13 64
54 64
57 64
64 49
64 14
64 36
64 18
41 64
64 30
11 64
69 64
25 64
64 6
24 64
27 64
64 55
12 64
64 26
67 64
64 65
28 64
79 64
72 64
48 64
23 64
64 9
64 1
64 40
52 64
51 64
64 20
64 42
64 56
64 45
47 64
46 64
64 59
64 39
64 34
64 62
64 7
43 64
64 76
64 70
64 50
53 64
64 58
15 64
61 64
100 99
80 56 51 53 91 30 21 91 73 31 96 63 17 75 87 27 16 84 29 31 92 94 58 80 35 65 70 3 6 30 53 67 50 35 50 42 42 26 60 52 55 50 100 6 55 98 33 96 90 16 46 16 60 27 87 5 33 58 97 80 11 11 33 39 92 28 37 73 90 5 100 67 1 36 4 91 48 44 23 91 33 38 43 70 52 71 37 52 3 5 43 20 5 97 90 77 23 35 57 63
1 1 1 1 1 1 1 1 1 1 1 1 1 1 1 1 1 1 1 1 1 1 1 1 1 1 1 1 1 1 1 1 1 1 1 1 1 1 1 1 1 1 1 1 55 1 1 1 1 1 1 1 1 1 1 1 1 1 1 1 1 1 1 1 1 1 1 1 1 1 1 1 1 1 1 1 1 1 1 1 1 1 1 1 1 1 1 1 1 1 1 1 1 1 1 1 1 1 1 1
80 22
77 80
80 84
75 80
80 7
80 14
74 80
80 31
63 80
16 80
55 80
80 95
80 25
45 80
48 80
24 80
60 80
85 80
8 80
21 80
80 100
38 80
80 71
76 80
15 80
52 80
4 80
66 80
40 80
42 80
80 10
80 53
99 80
13 80
80 92
64 80
91 80
80 19
57 80
82 80
80 72
80 73
1 80
80 28
80 17
37 80
86 80
30 80
80 83
80 39
41 80
81 80
36 80
80 69
80 79
80 58
80 46
47 80
80 11
80 56
80 3
80 90
89 80
5 80
51 80
65 80
29 80
23 80
6 80
87 80
80 78
80 68
80 50
18 80
80 2
80 12
80 88
80 96
80 20
80 35
80 94
80 27
80 26
34 80
43 80
98 80
70 80
54 80
80 67
80 93
80 33
80 97
59 80
80 44
62 80
80 9
80 32
80 49
80 61
104 103
1 2 3 4 5 6 7 8 9 10 11 12 13 14 15 16 17 18 19 20 21 22 23 24 25 26 27 28 29 30 31 32 33 34 35 36 37 38 39 40 41 42 43 44 45 46 47 48 49 50 51 52 53 54 55 56 57 58 59 60 61 62 63 64 65 66 67 68 69 70 71 72 73 74 75 76 77 78 79 80 81 82 83 84 85 86 87 88 89 90 91 92 93 94 95 96 97 98 99 100 101 102 103 104
1 2 1 1 5 6 1 8 1 10 11 12 13 14 3 1 17 3 1 20 1 22 23 24 25 1 17 28 29 1 31 1 33 34 35 3 37 3 39 40 41 1 1 44 3 1 17 48 49 1 51 52 1 1 55 56 57 58 17 60 61 62 1 1 3 66 67 1 69 70 71 72 73 3 1 76 3 78 3 80 81 82 83 84 85 86 87 3 89 90 91 92 3 1 17 1 1 98 99 100 17 102 17 104
15 50
78 50
50 14
102 50
27 50
2 50
50 84
50 94
50 16
50 24
50 8
50 73
99 50
72 50
66 50
85 50
50 40
50 20
50 97
50 83
96 50
50 92
50 82
32 50
48 50
71 50
37 50
6 50
28 50
69 50
50 23
26 50
50 47
50 58
12 50
45 50
18 50
50 91
44 50
95 50
80 50
100 50
51 50
50 3
25 50
50 59
50 38
61 50
63 50
50 10
29 50
7 50
50 1
52 50
21 50
103 50
11 50
88 50
30 50
41 50
50 77
50 46
54 50
31 50
9 50
36 50
50 87
50 70
50 86
50 33
50 75
50 65
50 98
74 50
50 55
22 50
50 101
68 50
89 50
34 50
57 50
50 79
93 50
19 50
50 4
56 50
53 50
49 50
42 50
50 64
50 81
50 104
67 50
43 50
17 50
50 35
76 50
50 5
90 50
50 39
50 62
50 60
13 50
83 82
1 2 3 4 5 6 7 8 9 10 11 12 13 14 15 16 17 18 19 20 21 22 23 24 25 26 27 28 29 30 31 32 33 34 35 36 37 38 39 40 41 42 43 44 45 46 47 48 49 50 51 52 53 54 55 56 57 58 59 60 61 62 63 64 65 66 67 68 69 70 71 72 73 74 75 76 77 78 79 80 81 82 83
1 1 1 1 1 1 1 1 1 1 1 1 1 1 1 1 1 1 1 1 1 1 1 1 1 1 1 1 1 1 1 1 1 1 1 1 1 1 1 1 1 1 1 1 1 1 1 1 1 1 1 1 1 1 1 1 1 1 1 1 1 1 1 1 1 1 1 31 1 1 1 1 1 1 1 1 1 1 1 1 1 1 1
21 37
56 21
73 21
32 21
21 55
2 21
48 21
17 21
21 82
81 21
21 68
70 21
9 21
47 21
21 41
53 21
62 21
13 21
21 11
61 21
21 36
44 21
21 52
40 21
14 21
21 18
21 76
20 21
15 21
21 54
7 21
21 63
21 67
21 66
21 74
21 27
57 21
21 58
25 21
21 50
21 65
43 21
21 10
21 26
79 21
21 75
3 21
71 21
31 21
69 21
16 21
21 6
21 72
21 34
21 42
29 21
21 38
22 21
21 49
21 80
21 19
46 21
8 21
21 59
12 21
21 60
21 64
24 21
4 21
21 78
5 21
21 77
21 28
21 33
23 21
21 83
21 30
21 51
35 21
21 39
21 1
45 21
83 82
1 2 3 4 5 6 7 8 9 10 11 12 13 14 15 16 17 18 19 20 21 22 23 24 25 26 27 28 29 30 31 32 33 34 35 36 37 38 39 40 41 42 43 44 45 46 47 48 49 50 51 52 53 54 55 56 57 58 59 60 61 62 63 64 65 66 67 68 69 70 71 72 73 74 75 76 77 78 79 80 81 82 83
1 1 1 1 1 1 1 1 1 1 1 1 1 1 1 1 17 1 1 1 1 1 1 1 1 1 1 1 1 1 1 1 1 1 1 1 1 1 1 1 1 1 1 1 1 1 1 1 1 1 1 1 1 1 1 1 1 1 1 1 1 1 1 1 1 1 1 1 1 1 1 1 1 1 1 1 1 1 1 1 1 1 1
23 79
79 44
79 48
79 37
79 77
79 68
79 36
79 76
79 6
79 1
79 58
81 79
30 79
79 38
79 29
79 33
46 79
79 7
79 59
2 79
79 65
79 43
79 20
79 19
79 69
79 71
79 66
49 79
3 79
79 42
79 14
63 79
79 60
79 74
4 79
45 79
79 67
79 51
79 10
34 79
32 79
73 79
40 79
39 79
79 61
79 57
55 79
50 79
82 79
8 79
21 79
28 79
47 79
79 17
75 79
79 56
79 35
79 72
18 79
79 52
79 25
79 5
41 79
9 79
79 80
31 79
79 83
79 62
79 78
15 79
26 79
70 79
79 11
27 79
22 79
79 54
12 79
13 79
24 79
79 64
16 79
79 53
120 119
1 2 3 4 5 6 7 8 9 10 11 12 13 14 15 16 17 18 19 20 21 22 23 24 25 26 27 28 29 30 31 32 33 34 35 36 37 38 39 40 41 42 43 44 45 46 47 48 49 50 51 52 53 54 55 56 57 58 59 60 61 62 63 64 65 66 67 68 69 70 71 72 73 74 75 76 77 78 79 80 81 82 83 84 85 86 87 88 89 90 91 92 93 94 95 96 97 98 99 100 101 102 103 104 105 106 107 108 109 110 111 112 113 114 115 116 117 118 119 120
1 1 1 1 1 1 1 1 1 1 1 1 1 1 1 1 1 1 1 1 1 1 1 1 1 1 1 1 1 1 1 1 1 1 1 1 1 1 1 1 1 1 1 1 1 1 1 1 1 1 1 1 1 1 1 1 1 1 1 1 1 1 1 1 1 1 1 1 1 1 1 1 1 1 1 1 1 1 1 1 1 1 1 1 1 1 1 1 1 1 1 1 1 1 1 1 1 1 1 1 1 1 1 1 1 1 1 1 1 1 1 1 1 1 1 1 1 1 1 1
94 12
94 87
64 94
94 82
51 94
94 71
108 94
94 5
94 61
94 90
55 94
94 96
94 68
2 94
94 13
94 10
56 94
46 94
81 94
59 94
94 53
21 94
78 94
15 94
94 32
27 94
94 18
94 79
94 112
94 73
6 94
110 94
75 94
94 84
94 50
94 14
36 94
94 77
65 94
94 113
109 94
104 94
94 58
94 120
22 94
94 101
94 23
94 42
94 17
103 94
24 94
118 94
117 94
94 47
111 94
62 94
48 94
83 94
37 94
94 119
94 11
94 4
70 94
94 52
95 94
94 91
41 94
67 94
94 107
94 20
28 94
94 30
94 74
94 89
115 94
94 98
92 94
94 38
35 94
86 94
3 94
60 94
94 33
94 49
94 63
94 40
116 94
94 29
8 94
94 76
39 94
72 94
94 45
94 100
66 94
57 94
102 94
94 105
94 34
106 94
94 85
31 94
94 26
99 94
88 94
69 94
94 9
19 94
54 94
94 7
94 44
16 94
43 94
94 80
114 94
97 94
25 94
94 93
1 94
82 81
1 2 3 4 5 6 7 8 9 10 11 12 13 14 15 16 17 18 19 20 21 22 23 24 25 26 27 28 29 30 31 32 33 34 35 36 37 38 39 40 41 42 43 44 45 46 47 48 49 50 51 52 53 54 55 56 57 58 59 60 61 62 63 64 65 66 67 68 69 70 71 72 73 74 75 76 77 78 79 80 81 82
1 1 1 1 1 1 1 1 1 1 1 1 1 1 1 1 1 1 1 1 1 1 1 1 1 1 1 1 1 1 1 1 1 1 1 1 1 1 1 1 1 37 1 1 1 1 1 1 1 1 1 1 1 1 1 1 1 1 1 1 1 1 1 1 1 1 1 1 1 1 1 1 1 1 1 1 1 1 1 1 1 1
31 35
35 1
71 35
35 58
35 29
19 35
73 35
79 35
80 35
35 12
35 66
35 54
30 35
35 22
39 35
35 55
35 52
33 35
51 35
13 35
35 64
35 57
81 35
35 18
16 35
35 49
35 17
35 44
77 35
5 35
35 41
35 69
38 35
35 24
32 35
35 74
67 35
59 35
35 61
76 35
35 47
35 70
35 20
35 60
35 62
21 35
35 15
63 35
40 35
27 35
35 14
35 9
26 35
8 35
2 35
78 35
10 35
35 42
28 35
35 23
35 3
75 35
34 35
35 72
11 35
35 7
35 37
82 35
6 35
35 4
50 35
35 43
48 35
46 35
25 35
45 35
68 35
35 56
36 35
35 53
35 65
104 103
1 2 3 4 5 6 7 8 9 10 11 12 13 14 15 16 17 18 19 20 21 22 23 24 25 26 27 28 29 30 31 32 33 34 35 36 37 38 39 40 41 42 43 44 45 46 47 48 49 50 51 52 53 54 55 56 57 58 59 60 61 62 63 64 65 66 67 68 69 70 71 72 73 74 75 76 77 78 79 80 81 82 83 84 85 86 87 88 89 90 91 92 93 94 95 96 97 98 99 100 101 102 103 104
1 1 1 1 1 1 1 1 1 1 1 1 1 1 1 1 1 1 1 1 1 1 1 1 1 1 1 1 1 1 1 1 1 1 1 1 1 1 1 1 1 1 1 1 1 1 1 1 1 1 1 1 1 1 1 1 1 1 1 1 1 1 1 1 1 1 1 1 1 1 1 1 1 1 1 1 1 1 1 1 1 1 1 1 1 1 1 1 1 1 1 1 1 1 1 1 1 1 1 1 1 1 1 1
36 63
11 36
97 36
36 23
36 30
36 62
36 38
104 36
36 83
87 36
36 18
36 59
36 91
36 50
36 55
44 36
34 36
36 75
60 36
36 12
35 36
36 99
2 36
40 36
36 51
25 36
82 36
36 78
49 36
9 36
88 36
64 36
92 36
36 93
86 36
36 39
36 16
5 36
7 36
96 36
10 36
36 14
36 71
36 66
37 36
8 36
36 22
36 46
53 36
1 36
36 21
36 67
36 27
36 45
103 36
36 42
36 17
84 36
36 79
94 36
36 89
31 36
36 98
74 36
36 4
73 36
36 68
28 36
47 36
36 57
65 36
33 36
36 32
56 36
48 36
54 36
101 36
20 36
36 85
36 80
36 41
36 76
77 36
36 6
102 36
36 26
36 52
36 95
13 36
43 36
36 19
72 36
36 24
36 100
15 36
61 36
36 69
90 36
29 36
70 36
36 3
58 36
81 36
99 98
50 96 70 78 32 85 61 84 26 19 27 86 3 38 50 68 9 55 77 89 9 13 80 48 62 73 75 14 79 86 82 8 94 71 37 21 15 90 65 98 8 32 88 67 41 64 84 96 61 53 14 47 49 96 72 32 2 28 9 51 63 79 95 61 29 69 32 9 72 62 15 4 40 67 49 41 87 94 14 91 78 49 83 11 3 86 74 28 86 14 74 70 22 43 1 32 53 89 18
50 2 2 78 2 2 61 2 26 19 27 86 2 38 50 2 2 55 77 89 9 13 80 48 2 2 75 14 79 86 82 8 2 71 37 2 15 90 65 61 8 2 88 2 2 2 84 96 2 53 14 47 2 96 72 2 2 28 9 51 2 2 95 2 2 2 2 2 72 2 15 2 40 67 2 2 2 2 2 2 78 2 83 2 2 86 74 2 86 2 74 2 22 43 1 2 53 2 18
16 85
16 82
91 16
84 16
16 9
16 5
42 16
16 12
16 29
83 16
16 79
16 69
16 30
16 99
88 16
37 16
15 16
16 98
16 7
38 16
54 16
86 16
24 16
76 16
16 73
63 16
16 26
71 16
1 16
16 32
16 74
16 87
13 16
40 16
39 16
49 16
77 16
96 16
92 16
14 16
16 81
89 16
16 22
16 33
16 68
16 59
16 72
80 16
16 55
16 17
16 4
16 65
16 46
16 6
10 16
51 16
16 41
36 16
90 16
16 8
16 18
16 56
94 16
16 52
16 57
75 16
31 16
3 16
16 23
34 16
19 16
53 16
16 50
97 16
16 93
66 16
70 16
44 16
16 95
67 16
16 45
16 35
16 20
16 21
78 16
16 2
16 28
16 62
16 27
16 64
61 16
16 60
25 16
16 47
11 16
43 16
58 16
16 48
114 113
103 78 102 11 51 54 7 68 37 66 31 39 80 61 73 72 39 32 40 3 55 74 75 11 45 53 33 45 93 41 112 58 63 1 100 54 107 23 41 76 105 57 58 4 51 69 33 26 3 42 11 9 106 60 78 84 79 73 69 22 10 109 104 107 30 37 3 74 81 90 54 13 14 23 83 43 82 26 21 105 50 86 28 49 60 99 30 84 111 8 69 106 40 101 97 14 7 60 83 18 89 76 108 8 3 11 60 26 10 74 50 91 34 84
103 3 102 11 51 54 3 3 3 66 31 3 80 61 73 1 39 7 3 3 55 74 75 11 3 7 33 3 7 41 7 58 63 1 100 54 107 3 41 76 105 57 58 4 51 69 33 26 3 42 11 7 7 7 3 84 3 7 3 22 7 109 22 107 3 3 3 74 3 90 54 13 14 23 83 7 82 26 3 105 1 86 3 49 7 99 30 7 111 8 69 106 40 101 97 3 7 3 83 18 3 76 7 3 3 11 3 3 10 50 7 22 34 3
88 81
81 17
81 100
12 81
81 38
81 37
66 81
81 65
56 81
99 81
81 36
26 81
81 16
81 22
14 81
97 81
60 81
82 81
81 47
83 81
102 81
81 21
81 23
81 43
31 81
27 81
81 76
81 25
81 59
110 81
81 108
50 81
55 81
62 81
109 81
81 39
81 3
70 81
81 42
85 81
81 89
81 19
81 80
72 81
15 81
79 81
34 81
49 81
53 81
81 94
81 96
71 81
107 81
81 63
81 112
95 81
81 11
81 24
81 10
84 81
90 81
77 81
30 81
81 64
81 58
81 28
7 81
4 81
61 81
111 81
81 57
91 81
9 81
93 81
86 81
81 52
81 1
74 81
81 106
81 32
51 81
81 101
20 81
81 46
81 54
81 87
81 33
81 8
81 98
18 81
75 81
81 5
67 81
45 81
81 13
104 81
81 41
81 92
35 81
103 81
44 81
40 81
81 29
81 6
2 81
81 68
73 81
105 81
114 81
81 78
81 48
113 81
69 81
81 80
1 2 3 4 5 6 7 8 9 10 11 12 13 14 15 16 17 18 19 20 21 22 23 24 25 26 27 28 29 30 31 32 33 34 35 36 37 38 39 40 41 42 43 44 45 46 47 48 49 50 51 52 53 54 55 56 57 58 59 60 61 62 63 64 65 66 67 68 69 70 71 72 73 74 75 76 77 78 79 80 81
1 1 1 1 1 1 1 1 1 1 1 1 1 1 1 1 1 1 1 1 1 1 1 1 1 1 1 1 1 1 1 1 1 1 1 1 1 1 1 1 1 1 1 1 1 1 1 1 1 1 1 1 1 1 1 1 1 1 1 1 1 1 1 1 1 1 1 1 1 1 1 1 1 1 1 1 1 1 1 1 1
54 46
1 54
54 21
54 27
35 54
54 14
54 9
54 23
53 54
54 80
4 54
10 54
54 70
54 40
43 54
24 54
54 6
48 54
54 63
54 11
26 54
34 54
54 51
54 16
15 54
81 54
17 54
18 54
2 54
54 20
54 42
32 54
25 54
54 37
7 54
54 33
54 74
12 54
68 54
56 54
54 61
54 22
71 54
59 54
62 54
72 54
54 73
54 77
54 49
66 54
54 31
54 78
54 29
38 54
64 54
54 44
54 28
50 54
54 45
36 54
54 52
54 67
57 54
47 54
54 69
65 54
54 13
54 8
54 60
54 76
58 54
79 54
39 54
75 54
54 3
54 19
54 5
41 54
54 55
54 30
91 90
1 2 3 4 5 6 7 8 9 10 11 12 13 14 15 16 17 18 19 20 21 22 23 24 25 26 27 28 29 30 31 32 33 34 35 36 37 38 39 40 41 42 43 44 45 46 47 48 49 50 51 52 53 54 55 56 57 58 59 60 61 62 63 64 65 66 67 68 69 70 71 72 73 74 75 76 77 78 79 80 81 82 83 84 85 86 87 88 89 90 91
1 1 1 1 1 1 1 1 1 1 1 1 1 1 1 1 1 1 1 1 1 1 1 1 1 1 1 1 1 1 1 1 1 1 1 1 1 1 1 1 1 1 1 1 1 1 1 1 1 1 1 1 1 1 1 1 1 1 1 1 1 1 1 1 1 1 1 1 1 1 1 1 1 1 1 1 1 1 1 1 1 1 1 1 1 1 1 1 1 1 1
68 46
75 68
68 88
68 60
68 48
66 68
68 79
81 68
90 68
68 44
20 68
70 68
68 28
25 68
5 68
4 68
68 16
54 68
68 19
63 68
68 76
82 68
68 31
68 77
43 68
38 68
68 33
40 68
71 68
52 68
24 68
39 68
68 3
58 68
34 68
68 7
85 68
68 83
68 32
68 26
17 68
89 68
68 56
68 55
13 68
61 68
68 65
84 68
36 68
29 68
68 62
68 64
68 49
1 68
68 41
6 68
69 68
78 68
50 68
11 68
68 14
68 74
91 68
68 80
67 68
10 68
30 68
37 68
68 53
72 68
68 59
68 2
73 68
68 12
68 45
42 68
68 18
8 68
35 68
68 23
87 68
68 57
68 22
68 21
15 68
47 68
68 86
9 68
51 68
27 68
104 103
1 2 3 4 5 6 7 8 9 10 11 12 13 14 15 16 17 18 19 20 21 22 23 24 25 26 27 28 29 30 31 32 33 34 35 36 37 38 39 40 41 42 43 44 45 46 47 48 49 50 51 52 53 54 55 56 57 58 59 60 61 62 63 64 65 66 67 68 69 70 71 72 73 74 75 76 77 78 79 80 81 82 83 84 85 86 87 88 89 90 91 92 93 94 95 96 97 98 99 100 101 102 103 104
1 1 1 1 1 1 1 1 1 1 1 1 1 1 1 1 1 1 1 1 1 1 1 1 1 1 1 1 1 1 1 1 1 1 1 1 1 1 1 1 1 1 1 1 1 1 1 1 1 1 1 1 1 1 1 1 1 1 1 1 1 1 1 1 1 1 1 1 1 1 1 1 1 1 1 1 1 1 1 1 1 1 1 1 1 1 1 1 1 1 1 1 1 1 1 1 1 1 1 1 1 1 1 1
5 51
5 90
71 5
26 5
104 5
5 57
102 5
5 47
62 5
60 5
24 5
42 5
94 5
5 98
80 5
58 5
7 5
5 28
5 69
5 10
96 5
64 5
5 65
103 5
5 67
5 66
5 22
37 5
27 5
101 5
5 1
68 5
5 75
5 16
53 5
15 5
89 5
5 77
59 5
5 45
5 43
5 87
56 5
41 5
5 86
100 5
52 5
11 5
5 55
91 5
5 72
5 40
2 5
20 5
5 3
5 82
63 5
5 85
5 34
81 5
5 35
36 5
31 5
97 5
5 61
30 5
76 5
25 5
5 6
73 5
17 5
5 95
5 79
88 5
92 5
46 5
5 54
5 48
32 5
99 5
5 74
5 50
13 5
5 21
5 8
5 70
14 5
5 38
5 4
5 93
9 5
78 5
23 5
84 5
83 5
29 5
5 18
5 33
5 19
5 39
5 12
44 5
5 49
111 110
12 102 67 36 98 110 27 54 69 31 29 23 48 6 98 75 75 40 109 110 50 37 52 17 95 63 69 77 51 84 17 57 63 34 18 63 2 15 83 88 105 104 111 53 1 81 110 58 90 51 45 22 79 52 104 82 58 95 41 50 20 82 47 111 111 64 35 4 31 45 29 4 11 41 48 19 4 106 48 12 48 94 28 76 72 28 88 17 9 42 75 58 106 73 29 101 78 32 39 41 109 83 40 102 68 70 79 107 38 50 19
1 1 1 1 1 1 1 1 1 1 1 1 1 1 1 1 1 1 1 1 1 1 1 1 1 1 1 1 1 1 1 1 1 1 1 1 1 1 1 1 1 1 1 1 1 1 1 1 1 1 1 1 1 1 1 1 1 1 1 1 1 1 1 1 1 1 1 1 1 1 1 1 1 1 1 1 1 1 1 1 1 1 1 1 1 1 1 1 9 1 1 1 1 1 1 1 1 1 1 1 1 1 1 1 1 1 1 1 1 1 1
11 5
5 66
105 5
5 37
60 5
5 108
58 5
5 86
82 5
5 49
85 5
88 5
5 51
5 48
5 33
13 5
5 77
62 5
31 5
5 25
64 5
5 4
5 93
5 34
5 43
21 5
5 22
110 5
104 5
46 5
5 75
53 5
5 1
14 5
5 35
5 26
59 5
30 5
5 70
5 76
63 5
5 92
5 44
5 67
5 103
5 18
20 5
5 69
5 72
5 109
5 23
6 5
100 5
111 5
5 80
5 91
5 12
5 84
99 5
57 5
41 5
73 5
5 42
8 5
10 5
5 29
5 27
5 79
5 17
5 16
68 5
36 5
5 2
5 89
5 7
90 5
95 5
40 5
5 94
83 5
55 5
5 81
5 71
61 5
5 50
106 5
5 9
107 5
5 97
5 87
98 5
102 5
5 28
47 5
5 32
5 19
101 5
39 5
5 56
5 15
78 5
24 5
5 96
74 5
52 5
5 45
38 5
5 65
3 5
54 5
105 104
9 45 50 92 98 42 68 25 93 81 64 74 46 99 21 37 94 46 93 43 68 98 64 94 32 20 95 55 27 63 82 20 13 61 4 50 84 32 38 89 95 90 8 52 21 9 37 104 84 85 7 58 69 74 22 70 1 38 4 12 68 49 77 8 17 41 7 13 94 64 24 87 55 29 70 45 86 102 21 24 95 81 104 63 103 103 22 72 24 11 32 66 65 7 70 86 103 55 28 9 79 25 5 65 97
1 1 1 1 1 1 39 1 1 1 1 1 1 1 1 1 1 1 1 1 1 1 1 1 1 1 1 1 1 1 1 1 1 1 1 1 1 1 1 1 1 1 1 1 1 1 1 1 1 1 1 1 1 1 1 1 1 1 1 1 1 1 1 1 1 1 1 1 1 1 1 1 1 1 1 1 1 1 1 1 1 1 1 1 1 1 1 1 1 1 1 1 1 1 1 1 1 1 1 1 1 1 1 1 1
50 78
102 50
50 75
50 6
50 22
50 95
50 14
71 50
77 50
50 90
50 55
50 72
50 81
9 50
63 50
96 50
70 50
41 50
97 50
45 50
93 50
91 50
11 50
50 29
43 50
50 82
10 50
44 50
50 38
50 65
50 68
50 1
60 50
17 50
50 30
50 83
50 61
2 50
103 50
85 50
50 88
50 80
25 50
50 26
31 50
50 62
20 50
50 24
13 50
50 52
50 7
57 50
50 104
79 50
50 74
69 50
50 37
36 50
86 50
56 50
21 50
50 28
50 54
3 50
50 59
50 94
49 50
50 89
50 101
84 50
15 50
64 50
50 99
58 50
73 50
46 50
66 50
33 50
27 50
105 50
50 76
87 50
50 32
34 50
8 50
23 50
53 50
50 18
39 50
92 50
50 16
50 98
19 50
50 42
100 50
12 50
50 47
40 50
50 4
50 67
51 50
5 50
50 48
50 35
104 103
82 63 91 96 87 48 61 81 29 42 58 83 47 53 94 48 5 100 67 75 17 87 43 41 81 2 9 85 16 44 97 50 61 9 44 61 42 57 93 32 46 63 30 17 59 66 4 33 1 79 102 53 9 14 82 80 51 81 32 79 89 40 14 91 58 15 66 19 64 6 51 32 89 80 104 23 98 76 47 74 55 7 56 39 52 17 71 63 80 36 6 65 5 48 88 93 41 57 87 25 104 103 103 63
1 1 1 1 1 1 1 1 1 1 1 1 1 1 1 1 1 1 1 1 1 1 1 1 1 1 1 1 1 1 1 1 1 1 1 1 1 1 1 1 1 1 1 1 1 1 1 1 1 1 1 1 1 1 1 1 1 1 1 1 1 1 1 1 1 1 1 1 9 1 1 1 1 1 1 1 1 1 1 1 1 1 1 1 1 1 1 8 1 1 1 1 1 1 1 1 1 1 43 1 1 1 1 1
36 28
59 36
88 36
19 36
36 77
36 78
53 36
36 98
65 36
36 82
89 36
36 25
79 36
103 36
58 36
57 36
10 36
36 85
36 21
45 36
36 41
36 63
36 2
101 36
66 36
36 27
36 24
26 36
67 36
1 36
52 36
99 36
36 86
36 87
36 70
36 34
71 36
36 81
36 23
7 36
48 36
54 36
36 93
97 36
36 8
36 94
36 72
18 36
36 91
14 36
36 9
36 6
30 36
83 36
36 69
29 36
42 36
36 33
36 16
100 36
95 36
36 35
36 56
4 36
64 36
36 75
40 36
3 36
80 36
36 38
32 36
36 104
36 17
62 36
36 61
96 36
36 15
36 92
36 22
36 47
36 37
36 46
36 49
13 36
36 73
51 36
39 36
36 12
36 20
74 36
55 36
60 36
31 36
36 50
36 102
84 36
36 43
36 11
36 68
36 90
44 36
76 36
36 5
85 84
1 2 3 4 5 6 7 8 9 10 11 12 13 14 15 16 17 18 19 20 21 22 23 24 25 26 27 28 29 30 31 32 33 34 35 36 37 38 39 40 41 42 43 44 45 46 47 48 49 50 51 52 53 54 55 56 57 58 59 60 61 62 63 64 65 66 67 68 69 70 71 72 73 74 75 76 77 78 79 80 81 82 83 84 85
1 1 3 1 1 1 7 8 9 1 11 12 13 1 15 16 17 18 1 1 1 22 23 24 25 26 10 28 1 30 1 32 1 34 35 36 37 28 39 10 10 42 43 44 45 1 47 48 1 50 1 10 53 54 1 56 1 58 59 1 1 62 1 64 65 1 67 1 1 10 1 72 1 1 75 76 77 10 1 80 1 10 83 66 85
66 26
8 66
66 70
11 66
1 66
66 73
66 65
66 24
59 66
41 66
66 57
66 2
29 66
66 47
85 66
66 35
6 66
66 21
18 66
80 66
77 66
72 66
66 28
66 42
66 30
39 66
66 40
54 66
66 13
45 66
66 49
68 66
12 66
66 56
66 64
19 66
83 66
66 15
66 71
66 43
66 78
4 66
66 61
66 55
66 81
23 66
66 33
84 66
66 52
27 66
66 32
44 66
46 66
62 66
20 66
75 66
60 66
66 58
66 31
66 36
9 66
66 22
37 66
66 69
14 66
66 51
67 66
66 34
66 48
66 76
63 66
53 66
66 7
66 5
66 74
82 66
66 79
10 66
17 66
66 50
66 38
25 66
66 3
16 66
95 94
1 2 3 4 5 6 7 8 9 10 11 12 13 14 15 16 17 18 19 20 21 22 23 24 25 26 27 28 29 30 31 32 33 34 35 36 37 38 39 40 41 42 43 44 45 46 47 48 49 50 51 52 53 54 55 56 57 58 59 60 61 62 63 64 65 66 67 68 69 70 71 72 73 74 75 76 77 78 79 80 81 82 83 84 85 86 87 88 89 90 91 92 93 94 95
1 2 1 4 1 6 7 8 1 10 1 12 13 14 15 1 1 1 19 20 1 22 1 24 1 26 27 2 29 30 31 1 33 1 1 1 37 38 39 40 41 42 43 1 45 1 1 48 2 50 51 52 1 1 55 56 57 58 1 2 61 1 63 64 65 66 1 68 69 1 2 72 73 74 1 1 77 1 79 1 81 82 1 84 85 1 87 32 2 32 24 92 93 94 4
32 33
32 22
32 29
15 32
32 50
12 32
77 32
89 32
32 20
31 32
32 62
91 32
32 69
32 7
32 71
32 92
32 57
80 32
32 78
59 32
19 32
32 58
88 32
63 32
43 32
32 94
32 51
10 32
32 2
32 67
56 32
38 32
68 32
32 25
32 66
32 70
11 32
32 93
84 32
32 95
54 32
32 4
75 32
1 32
32 64
32 5
26 32
32 60
32 17
32 79
53 32
28 32
32 52
32 44
32 41
32 46
32 47
32 82
32 21
65 32
32 45
32 3
32 86
32 61
32 72
32 8
42 32
32 55
32 83
32 16
32 81
6 32
32 49
9 32
73 32
23 32
18 32
32 39
27 32
48 32
32 76
36 32
32 74
13 32
24 32
32 90
14 32
87 32
32 30
40 32
34 32
32 85
35 32
32 37
102 101
1 2 3 4 5 6 7 8 9 10 11 12 13 14 15 16 17 18 19 20 21 22 23 24 25 26 27 28 29 30 31 32 33 34 35 36 37 38 39 40 41 42 43 44 45 46 47 48 49 50 51 52 53 54 55 56 57 58 59 60 61 62 63 64 65 66 67 68 69 70 71 72 73 74 75 76 77 78 79 80 81 82 83 84 85 86 87 88 89 90 91 92 93 94 95 96 97 98 99 100 101 102
1 1 1 1 1 1 1 1 1 1 1 1 1 1 1 1 1 1 1 1 1 1 1 1 1 1 1 1 1 1 1 1 1 1 1 1 1 1 1 1 1 1 1 1 1 1 1 1 1 1 1 1 1 1 1 1 1 1 1 1 1 1 1 1 1 1 1 1 1 1 1 1 1 1 1 1 1 1 1 1 1 1 1 1 1 1 1 1 1 1 1 1 1 1 1 1 1 1 1 1 1 1
12 5
40 5
5 23
2 5
76 5
44 5
5 42
5 66
5 33
5 86
5 69
94 5
5 63
5 91
72 5
29 5
5 92
5 83
1 5
100 5
5 21
5 4
53 5
5 54
25 5
88 5
5 46
5 47
5 3
77 5
61 5
9 5
5 98
15 5
26 5
10 5
31 5
5 55
64 5
35 5
74 5
82 5
85 5
22 5
8 5
5 50
5 49
102 5
96 5
5 56
99 5
71 5
11 5
5 62
38 5
5 6
5 60
36 5
30 5
32 5
70 5
5 48
97 5
5 16
52 5
101 5
84 5
5 80
5 34
5 58
59 5
5 89
5 67
19 5
5 51
5 18
73 5
5 81
5 65
20 5
87 5
57 5
5 93
95 5
28 5
5 90
14 5
5 45
5 37
5 7
5 27
24 5
5 68
43 5
5 41
5 13
5 78
5 39
5 17
79 5
75 5
113 112
51 66 35 39 63 30 9 67 71 94 4 54 108 12 13 32 51 26 56 28 76 47 54 112 42 52 107 44 14 37 91 38 27 7 103 14 1 91 105 99 103 35 107 66 88 44 67 53 15 100 41 103 90 83 12 50 10 60 104 96 79 86 21 89 49 8 84 46 54 2 80 66 93 100 105 89 110 82 46 113 83 90 34 113 81 25 77 94 33 94 24 75 83 13 35 53 93 93 35 81 28 67 21 52 90 55 26 38 49 60 15 40 68
51 66 7 39 1 1 9 67 71 1 4 54 108 7 12 7 51 26 7 7 7 47 7 7 42 7 107 7 14 37 91 38 27 7 103 14 1 91 105 99 103 7 1 66 7 7 7 7 15 100 1 103 7 83 1 50 10 60 104 96 7 86 21 7 49 7 84 12 54 2 7 1 7 100 7 1 110 7 46 7 7 7 1 7 81 25 77 94 7 94 7 75 7 7 35 53 7 7 7 7 28 1 7 52 7 55 21 38 1 60 7 40 68
99 55
75 55
55 24
12 55
55 46
37 55
55 110
55 111
55 100
55 80
101 55
55 47
55 29
1 55
55 38
42 55
10 55
63 55
55 39
57 55
55 83
55 94
55 77
55 59
55 106
97 55
55 8
41 55
50 55
55 98
55 65
18 55
92 55
55 17
55 89
55 61
28 55
60 55
55 73
55 25
55 96
86 55
58 55
48 55
55 95
69 55
55 70
55 2
26 55
113 55
55 79
90 55
67 55
34 55
9 55
55 81
104 55
55 88
55 22
35 55
49 55
53 55
52 55
72 55
55 13
55 54
55 3
103 55
30 55
55 4
55 78
55 71
108 55
55 15
55 43
55 16
107 55
55 21
55 20
55 91
105 55
14 55
68 55
55 82
55 6
45 55
55 74
87 55
55 11
55 66
55 51
55 31
55 40
109 55
55 23
32 55
76 55
55 27
55 7
55 36
5 55
55 112
62 55
55 44
93 55
55 102
55 84
33 55
19 55
55 85
55 64
56 55
118 117
1 2 3 4 5 6 7 8 9 10 11 12 13 14 15 16 17 18 19 20 21 22 23 24 25 26 27 28 29 30 31 32 33 34 35 36 37 38 39 40 41 42 43 44 45 46 47 48 49 50 51 52 53 54 55 56 57 58 59 60 61 62 63 64 65 66 67 68 69 70 71 72 73 74 75 76 77 78 79 80 81 82 83 84 85 86 87 88 89 90 91 92 93 94 95 96 97 98 99 100 101 102 103 104 105 106 107 108 109 110 111 112 113 114 115 116 117 118
1 1 3 4 5 6 1 8 1 1 11 12 13 1 15 12 17 18 1 1 21 22 1 1 1 12 27 1 1 1 31 32 33 1 12 36 1 1 1 1 41 42 43 12 45 1 1 48 1 50 51 52 53 1 1 1 1 58 1 60 61 62 63 1 1 1 67 68 69 70 71 1 73 74 75 76 1 1 1 1 81 1 83 84 85 86 87 1 89 1 91 92 93 94 1 96 97 1 99 100 1 1 103 104 105 1 12 108 12 1 111 112 113 114 1 12 117 1
118 43
118 49
111 118
118 29
118 40
118 10
118 37
9 118
118 5
59 118
75 118
1 118
20 118
118 55
118 110
22 118
118 68
108 118
48 118
118 7
118 51
41 118
118 69
118 53
118 12
118 63
28 118
118 67
35 118
118 81
116 118
118 80
118 65
118 104
118 42
118 34
31 118
118 44
118 64
118 46
71 118
118 92
118 103
118 61
118 56
30 118
107 118
118 36
118 105
118 23
95 118
38 118
72 118
11 118
89 118
16 118
118 3
118 114
118 98
45 118
54 118
118 19
17 118
33 118
94 118
118 76
118 13
118 47
118 100
118 83
118 74
118 109
113 118
118 57
87 118
106 118
118 50
118 21
26 118
118 32
82 118
91 118
6 118
118 25
86 118
118 101
79 118
15 118
118 84
85 118
118 2
118 24
118 18
118 90
118 14
118 77
118 60
62 118
112 118
93 118
8 118
118 58
118 39
96 118
102 118
99 118
118 78
115 118
118 70
118 73
118 88
118 27
97 118
66 118
118 52
118 117
118 4
85 84
1 2 3 4 5 6 7 8 9 10 11 12 13 14 15 16 17 18 19 20 21 22 23 24 25 26 27 28 29 30 31 32 33 34 35 36 37 38 39 40 41 42 43 44 45 46 47 48 49 50 51 52 53 54 55 56 57 58 59 60 61 62 63 64 65 66 67 68 69 70 71 72 73 74 75 76 77 78 79 80 81 82 83 84 85
1 1 1 1 1 1 1 1 1 1 1 1 1 1 1 1 1 1 1 1 1 1 1 1 1 1 1 1 1 1 1 1 1 1 1 1 1 1 1 1 1 1 1 1 1 1 1 1 1 1 1 1 1 1 1 1 1 1 1 1 1 1 1 1 1 1 1 1 1 1 1 1 1 1 1 1 1 1 1 1 1 1 1 1 1
69 47
47 20
55 47
65 47
47 59
23 47
81 47
47 60
83 47
47 80
47 28
3 47
13 47
47 41
38 47
47 73
27 47
72 47
47 9
62 47
47 7
22 47
47 52
47 11
77 47
47 42
47 67
47 39
47 35
47 2
56 47
47 85
75 47
15 47
19 47
47 84
68 47
47 25
47 78
47 76
47 64
8 47
47 26
47 44
47 18
47 29
47 61
47 40
48 47
37 47
47 30
47 1
50 47
66 47
47 53
12 47
14 47
36 47
47 34
4 47
47 71
47 10
47 43
47 31
16 47
47 21
47 70
74 47
47 46
32 47
17 47
33 47
47 51
58 47
47 54
47 82
47 24
63 47
47 79
57 47
47 49
45 47
47 6
5 47
91 90
2 30 36 88 62 54 81 46 56 76 11 44 65 35 69 71 83 32 59 35 31 49 13 75 79 76 51 56 42 40 91 85 10 29 22 8 23 75 56 36 53 89 56 57 10 48 41 50 35 22 10 44 50 7 74 32 50 25 43 73 68 58 9 62 87 33 9 54 65 84 83 58 19 50 36 47 13 44 10 53 89 83 14 26 64 83 59 62 43 91 64
2 2 2 2 2 2 2 2 2 2 2 2 2 2 2 2 2 2 2 2 2 2 2 2 2 2 2 2 2 2 2 2 2 2 2 2 2 2 2 2 2 2 2 2 2 2 2 2 2 2 2 2 2 2 2 2 2 2 2 2 2 2 2 2 2 2 2 2 2 2 2 2 2 2 2 2 2 2 2 2 2 2 2 2 2 2 2 2 2 2 2
34 62
34 86
34 63
34 22
34 90
34 28
35 34
34 53
34 84
34 27
34 15
68 34
17 34
24 34
34 69
34 78
65 34
80 34
54 34
34 49
66 34
87 34
29 34
34 59
23 34
1 34
34 83
34 40
34 73
33 34
18 34
34 36
75 34
91 34
3 34
72 34
60 34
34 43
34 77
34 51
89 34
52 34
50 34
34 47
11 34
88 34
34 6
34 25
5 34
8 34
13 34
34 7
34 19
30 34
34 82
34 56
20 34
34 61
70 34
58 34
48 34
34 79
34 12
34 76
34 57
34 16
4 34
34 10
34 9
2 34
67 34
34 42
39 34
26 34
34 41
37 34
21 34
34 64
34 85
32 34
34 74
71 34
81 34
34 14
31 34
44 34
34 46
34 45
34 55
38 34
100 99
1 2 3 4 5 6 7 8 9 10 11 12 13 14 15 16 17 18 19 20 21 22 23 24 25 26 27 28 29 30 31 32 33 34 35 36 37 38 39 40 41 42 43 44 45 46 47 48 49 50 51 52 53 54 55 56 57 58 59 60 61 62 63 64 65 66 67 68 69 70 71 72 73 74 75 76 77 78 79 80 81 82 83 84 85 86 87 88 89 90 91 92 93 94 95 96 97 98 99 100
1 2 3 4 5 6 7 8 2 10 11 2 2 14 8 4 8 12 19 20 21 22 8 2 4 4 27 28 29 30 9 32 4 34 35 36 37 2 12 4 41 42 43 44 45 46 47 48 49 50 51 52 53 2 55 2 9 58 2 60 12 2 4 64 2 66 67 4 69 2 71 2 4 74 75 76 77 4 59 80 4 4 83 84 85 86 12 88 89 4 91 92 9 94 4 4 9 98 99 100
22 12
82 12
12 67
10 12
81 12
5 12
90 12
12 29
12 40
63 12
12 52
47 12
54 12
12 57
89 12
59 12
12 85
12 71
97 12
75 12
12 93
41 12
12 2
12 80
61 12
65 12
12 3
36 12
14 12
55 12
12 16
12 24
12 44
9 12
12 13
12 15
12 49
51 12
12 34
35 12
12 11
12 58
12 79
4 12
12 48
12 46
60 12
12 95
84 12
12 21
8 12
12 94
98 12
12 20
70 12
50 12
12 72
12 45
12 66
12 100
87 12
12 83
6 12
12 74
12 37
12 76
18 12
32 12
12 30
19 12
1 12
33 12
27 12
64 12
12 78
42 12
69 12
12 86
28 12
39 12
17 12
12 91
12 92
99 12
38 12
12 68
12 25
12 7
12 23
12 43
12 96
26 12
12 53
56 12
12 62
12 31
12 88
12 77
12 73
118 117
12 63 34 55 102 54 24 32 9 77 113 47 113 25 14 48 115 81 6 65 40 110 1 71 43 47 38 113 5 107 45 110 105 91 117 28 89 84 7 39 101 95 112 8 43 96 45 20 117 55 83 76 22 110 24 30 109 95 91 59 29 20 58 112 44 52 81 83 31 24 45 64 112 103 23 100 43 17 7 88 85 10 58 118 100 74 27 85 97 78 91 93 90 53 95 55 98 108 117 100 80 88 61 82 6 26 108 80 61 85 42 93 95 54 100 9 54 89
1 1 1 1 1 1 1 1 1 1 1 1 1 1 1 1 1 1 1 1 1 1 1 1 1 1 1 1 1 1 1 1 1 1 1 1 1 1 1 1 1 1 1 1 1 1 1 1 1 1 1 1 1 1 1 1 1 1 1 1 1 1 1 1 1 1 1 1 1 1 1 1 1 1 1 1 1 1 1 1 1 1 1 1 1 1 1 1 1 1 1 1 1 1 1 1 1 1 1 1 1 1 1 1 1 1 1 1 1 1 1 1 1 1 1 1 1 1
6 83
112 6
23 6
6 14
104 6
6 114
6 84
40 6
6 53
28 6
6 62
6 86
6 30
6 107
26 6
115 6
6 106
9 6
6 70
58 6
44 6
69 6
50 6
8 6
102 6
76 6
6 75
6 22
67 6
117 6
59 6
6 94
1 6
32 6
64 6
6 47
6 97
99 6
6 20
6 3
5 6
6 101
37 6
6 74
100 6
6 39
6 65
6 17
54 6
77 6
96 6
6 92
19 6
85 6
6 38
6 45
81 6
6 41
6 109
16 6
6 4
98 6
95 6
12 6
68 6
6 43
6 91
66 6
82 6
6 116
6 33
6 72
25 6
6 80
6 90
56 6
6 36
6 29
57 6
6 48
89 6
6 7
6 52
6 118
31 6
6 71
6 79
6 27
13 6
87 6
108 6
6 105
60 6
6 110
6 21
6 34
6 10
6 24
35 6
61 6
6 88
42 6
2 6
55 6
6 49
6 78
6 73
6 18
6 46
6 111
113 6
6 93
63 6
6 51
103 6
6 11
15 6
80 79
75 26 36 26 68 45 21 41 47 56 36 78 46 58 37 43 5 69 79 3 79 15 46 64 9 67 34 46 22 65 30 78 57 42 10 52 46 53 1 25 33 61 35 57 21 65 68 70 31 2 76 68 25 56 21 43 80 46 80 8 5 33 48 12 15 21 60 76 40 16 18 47 60 61 47 51 45 26 8 40
8 8 8 8 68 8 21 41 47 18 8 78 37 58 37 8 5 37 79 3 79 15 37 8 9 67 34 8 22 65 8 78 57 42 10 8 46 8 1 8 8 8 35 8 21 65 8 8 18 2 76 68 8 8 8 8 80 46 80 8 5 8 8 12 15 8 8 76 40 16 8 8 37 61 47 8 8 8 8 8
72 34
72 51
72 15
72 39
5 72
72 23
12 72
36 72
72 31
72 37
72 25
68 72
58 72
21 72
72 78
11 72
72 20
72 46
72 38
72 55
72 76
72 80
72 10
3 72
72 48
72 49
72 69
44 72
72 9
72 42
52 72
72 17
71 72
72 32
61 72
41 72
72 47
54 72
45 72
13 72
16 72
2 72
4 72
72 27
7 72
33 72
72 64
8 72
72 53
60 72
72 26
59 72
72 50
72 29
75 72
72 19
57 72
40 72
72 63
67 72
14 72
79 72
72 43
1 72
72 30
28 72
66 72
72 62
72 77
72 70
18 72
72 73
72 56
72 24
74 72
72 35
72 22
72 65
72 6
96 95
1 2 3 4 5 6 7 8 9 10 11 12 13 14 15 16 17 18 19 20 21 22 23 24 25 26 27 28 29 30 31 32 33 34 35 36 37 38 39 40 41 42 43 44 45 46 47 48 49 50 51 52 53 54 55 56 57 58 59 60 61 62 63 64 65 66 67 68 69 70 71 72 73 74 75 76 77 78 79 80 81 82 83 84 85 86 87 88 89 90 91 92 93 94 95 96
1 2 3 4 1 1 1 8 9 1 11 12 13 14 15 16 1 1 19 20 21 1 18 24 25 26 1 28 1 30 1 1 33 34 35 36 37 1 39 40 1 42 43 44 1 46 1 48 49 50 1 52 1 54 1 1 1 1 59 1 60 62 63 64 1 1 67 68 1 1 1 72 1 7 75 1 77 78 1 80 81 82 1 84 85 86 1 1 89 51 1 92 93 94 95 1
51 6
66 51
89 51
51 1
51 27
37 51
51 58
51 47
51 9
51 20
46 51
78 51
51 62
10 51
48 51
93 51
83 51
51 60
51 19
51 13
51 57
12 51
75 51
51 70
34 51
24 51
51 33
63 51
95 51
30 51
51 59
92 51
2 51
51 31
51 39
51 82
51 88
22 51
55 51
4 51
51 16
14 51
43 51
94 51
64 51
50 51
51 29
51 38
21 51
51 71
8 51
73 51
51 68
51 72
23 51
49 51
51 15
74 51
51 84
51 42
56 51
40 51
51 52
51 54
53 51
76 51
51 5
51 26
51 86
51 18
61 51
85 51
91 51
80 51
28 51
35 51
32 51
69 51
51 25
45 51
96 51
44 51
51 7
51 41
17 51
79 51
51 36
51 67
51 3
51 65
77 51
51 90
11 51
51 87
51 81
99 98
1 2 3 4 5 6 7 8 9 10 11 12 13 14 15 16 17 18 19 20 21 22 23 24 25 26 27 28 29 30 31 32 33 34 35 36 37 38 39 40 41 42 43 44 45 46 47 48 49 50 51 52 53 54 55 56 57 58 59 60 61 62 63 64 65 66 67 68 69 70 71 72 73 74 75 76 77 78 79 80 81 82 83 84 85 86 87 88 89 90 91 92 93 94 95 96 97 98 99
1 1 1 1 1 1 1 1 1 1 1 1 1 1 1 1 1 1 1 1 1 1 1 1 1 1 1 1 1 1 1 1 1 1 1 1 1 1 1 1 1 1 1 1 1 1 1 1 1 1 1 1 1 1 1 1 1 1 37 1 1 1 1 1 1 1 1 1 1 1 1 1 1 1 1 1 1 1 1 1 1 1 1 1 1 1 1 1 1 1 1 1 1 1 1 1 1 1 1
37 15
15 23
15 13
58 15
19 15
7 15
78 15
15 77
15 76
72 15
15 53
70 15
15 43
74 15
15 88
15 71
15 31
15 65
5 15
22 15
80 15
82 15
45 15
15 10
15 63
26 15
15 44
15 46
32 15
15 94
20 15
92 15
8 15
27 15
15 48
15 68
39 15
15 60
15 18
35 15
15 52
15 81
93 15
28 15
3 15
15 21
69 15
15 29
84 15
15 24
15 30
96 15
15 75
14 15
15 4
15 95
15 57
15 85
15 97
15 38
15 55
15 12
11 15
15 56
16 15
98 15
15 87
15 2
15 51
62 15
15 89
33 15
9 15
15 67
40 15
15 54
15 50
66 15
15 6
15 91
79 15
15 59
15 49
15 86
15 36
15 99
15 25
61 15
15 1
34 15
15 42
15 83
15 17
64 15
90 15
73 15
47 15
41 15
97 96
1 2 3 4 5 6 7 8 9 10 11 12 13 14 15 16 17 18 19 20 21 22 23 24 25 26 27 28 29 30 31 32 33 34 35 36 37 38 39 40 41 42 43 44 45 46 47 48 49 50 51 52 53 54 55 56 57 58 59 60 61 62 63 64 65 66 67 68 69 70 71 72 73 74 75 76 77 78 79 80 81 82 83 84 85 86 87 88 89 90 91 92 93 94 95 96 97
1 1 1 1 1 1 1 1 1 1 1 1 1 1 1 1 1 1 1 1 1 1 1 1 1 1 1 1 1 1 1 1 1 1 1 1 1 1 1 1 1 1 1 1 1 1 1 1 1 1 1 1 1 1 1 1 1 1 1 1 1 1 1 1 1 1 1 1 1 1 1 1 1 1 1 1 1 1 1 1 1 1 1 1 1 1 1 1 1 1 1 1 1 64 1 1 1
63 56
89 63
55 63
63 67
12 63
92 63
24 63
63 66
63 22
63 26
13 63
63 70
6 63
63 57
63 41
35 63
82 63
63 51
63 59
63 17
63 78
1 63
50 63
63 9
63 2
63 83
63 18
63 84
52 63
63 87
81 63
63 40
86 63
63 90
63 33
3 63
63 72
14 63
19 63
63 46
63 62
75 63
63 76
63 28
30 63
27 63
61 63
85 63
63 68
60 63
63 11
63 69
31 63
63 74
63 49
10 63
63 20
63 77
88 63
63 45
63 48
63 96
63 53
63 25
38 63
79 63
7 63
63 73
63 4
63 65
63 21
58 63
63 64
63 39
63 23
63 5
16 63
63 44
29 63
63 43
94 63
63 95
42 63
63 37
63 36
91 63
71 63
47 63
63 8
63 97
32 63
63 93
63 80
34 63
54 63
15 63
103 102
1 2 3 4 5 6 7 8 9 10 11 12 13 14 15 16 17 18 19 20 21 22 23 24 25 26 27 28 29 30 31 32 33 34 35 36 37 38 39 40 41 42 43 44 45 46 47 48 49 50 51 52 53 54 55 56 57 58 59 60 61 62 63 64 65 66 67 68 69 70 71 72 73 74 75 76 77 78 79 80 81 82 83 84 85 86 87 88 89 90 91 92 93 94 95 96 97 98 99 100 101 102 103
1 1 1 1 1 1 1 1 1 1 1 1 1 1 1 1 1 1 1 1 1 1 1 1 1 1 1 1 1 1 1 1 1 1 1 1 1 1 1 1 1 1 1 1 1 1 1 1 1 1 1 1 1 1 1 1 1 1 1 1 1 1 1 1 1 1 49 1 1 1 1 1 1 1 1 1 1 1 1 1 1 1 1 1 1 1 1 1 1 1 1 1 1 1 1 1 1 1 1 1 1 1 1
45 36
62 36
34 36
36 31
36 20
36 73
38 36
89 36
11 36
53 36
49 36
36 7
16 36
36 66
69 36
87 36
36 41
36 95
36 33
72 36
36 83
6 36
56 36
35 36
88 36
36 2
36 32
26 36
36 84
9 36
103 36
36 46
36 1
59 36
37 36
99 36
36 80
36 78
5 36
36 71
13 36
36 97
36 50
23 36
36 55
36 51
36 18
74 36
67 36
36 92
24 36
21 36
36 75
86 36
40 36
36 90
36 44
36 93
43 36
36 94
36 8
27 36
36 25
39 36
36 12
36 60
36 10
36 17
36 102
100 36
36 63
54 36
36 91
36 61
36 52
36 19
36 58
36 29
101 36
36 47
36 15
36 64
36 57
36 28
36 77
36 68
36 82
76 36
36 42
36 3
4 36
96 36
36 98
36 65
36 22
85 36
81 36
14 36
36 48
30 36
36 70
79 36
114 113
1 2 3 4 5 6 7 8 9 10 11 12 13 14 15 16 17 18 19 20 21 22 23 24 25 26 27 28 29 30 31 32 33 34 35 36 37 38 39 40 41 42 43 44 45 46 47 48 49 50 51 52 53 54 55 56 57 58 59 60 61 62 63 64 65 66 67 68 69 70 71 72 73 74 75 76 77 78 79 80 81 82 83 84 85 86 87 88 89 90 91 92 93 94 95 96 97 98 99 100 101 102 103 104 105 106 107 108 109 110 111 112 113 114
1 1 1 1 1 1 1 1 1 1 1 1 1 1 1 1 1 1 1 1 1 1 1 1 1 1 1 1 1 1 1 1 1 1 1 1 1 1 1 1 1 1 1 1 1 1 1 1 1 1 1 1 1 1 1 1 1 1 1 1 1 1 1 1 1 1 1 1 1 1 1 1 1 1 1 1 1 1 1 1 1 1 1 66 1 1 1 1 1 1 1 1 1 1 1 1 1 1 1 1 1 1 1 1 1 1 1 1 1 1 1 1 1 1
63 100
96 63
23 63
69 63
63 85
68 63
39 63
63 28
31 63
14 63
63 53
98 63
2 63
20 63
63 7
48 63
63 16
56 63
63 94
63 8
63 97
63 71
63 83
41 63
63 93
26 63
63 11
63 81
88 63
80 63
63 95
63 27
63 79
63 114
78 63
63 54
63 36
63 105
45 63
77 63
63 42
63 21
63 66
99 63
60 63
29 63
76 63
63 70
63 6
38 63
9 63
63 50
52 63
109 63
63 5
34 63
63 43
75 63
63 55
111 63
44 63
63 64
63 113
90 63
57 63
63 24
92 63
112 63
63 101
84 63
87 63
3 63
63 102
91 63
46 63
18 63
63 4
63 89
63 106
63 58
63 62
63 107
37 63
63 25
103 63
108 63
63 40
22 63
82 63
86 63
63 1
63 49
63 47
63 51
63 10
63 17
63 35
63 72
104 63
12 63
63 73
63 33
63 13
19 63
63 32
63 59
63 15
63 74
110 63
63 65
63 30
63 61
63 67
120 119
1 2 3 4 5 6 7 8 9 10 11 12 13 14 15 16 17 18 19 20 21 22 23 24 25 26 27 28 29 30 31 32 33 34 35 36 37 38 39 40 41 42 43 44 45 46 47 48 49 50 51 52 53 54 55 56 57 58 59 60 61 62 63 64 65 66 67 68 69 70 71 72 73 74 75 76 77 78 79 80 81 82 83 84 85 86 87 88 89 90 91 92 93 94 95 96 97 98 99 100 101 102 103 104 105 106 107 108 109 110 111 112 113 114 115 116 117 118 119 120
1 1 1 1 1 1 1 1 1 1 1 1 1 1 1 1 1 1 1 1 1 1 1 1 1 1 1 1 1 1 1 1 1 1 1 1 1 1 1 1 1 1 1 1 1 1 1 1 1 1 1 1 1 1 1 1 1 1 1 1 1 1 1 1 1 1 1 1 1 1 1 1 1 1 1 1 1 1 79 1 1 1 1 1 1 1 1 1 1 1 1 1 1 1 1 1 1 1 1 1 1 1 1 1 1 1 1 1 1 1 1 1 1 1 1 1 1 1 1 1
37 104
104 91
104 68
104 109
29 104
104 74
104 40
104 62
9 104
104 107
104 81
104 61
73 104
104 49
104 54
89 104
104 80
34 104
104 33
56 104
104 103
104 6
104 117
10 104
104 14
104 63
28 104
104 52
102 104
17 104
104 31
104 72
23 104
76 104
55 104
104 105
104 98
66 104
1 104
104 44
104 95
104 94
13 104
104 93
104 2
114 104
16 104
30 104
104 51
104 36
100 104
104 87
104 41
104 64
84 104
32 104
104 3
39 104
59 104
88 104
99 104
79 104
104 43
47 104
57 104
104 46
104 38
104 11
120 104
104 78
104 71
113 104
35 104
12 104
104 97
104 115
18 104
67 104
104 26
42 104
119 104
104 19
60 104
104 53
110 104
24 104
50 104
69 104
104 4
104 5
104 77
90 104
104 25
48 104
104 7
104 92
104 20
104 45
104 96
83 104
70 104
82 104
104 22
104 58
75 104
104 86
85 104
104 21
116 104
104 27
104 108
65 104
104 111
104 101
104 112
118 104
104 8
104 15
106 104
91 90
1 2 3 4 5 6 7 8 9 10 11 12 13 14 15 16 17 18 19 20 21 22 23 24 25 26 27 28 29 30 31 32 33 34 35 36 37 38 39 40 41 42 43 44 45 46 47 48 49 50 51 52 53 54 55 56 57 58 59 60 61 62 63 64 65 66 67 68 69 70 71 72 73 74 75 76 77 78 79 80 81 82 83 84 85 86 87 88 89 90 91
1 2 1 1 5 6 7 8 9 1 11 1 1 14 1 16 1 18 1 1 21 22 15 24 1 1 1 28 1 30 31 1 33 34 35 36 37 38 1 1 1 1 43 15 45 1 47 48 1 50 51 1 15 1 1 56 1 15 1 60 61 62 1 64 1 66 67 68 69 70 1 72 73 74 15 76 77 15 79 80 81 15 83 1 85 1 87 88 15 90 1
15 39
51 15
44 15
15 62
52 15
15 30
13 15
15 8
59 15
15 91
15 54
15 79
64 15
38 15
15 37
48 15
15 16
15 86
75 15
15 58
15 41
89 15
27 15
6 15
15 4
15 76
15 12
45 15
29 15
15 77
61 15
70 15
15 47
15 25
49 15
40 15
15 84
60 15
15 90
85 15
15 87
15 28
56 15
53 15
15 50
31 15
15 67
10 15
15 32
33 15
15 1
15 43
7 15
15 83
15 5
15 26
21 15
3 15
15 57
65 15
15 68
15 18
15 2
9 15
15 69
63 15
82 15
22 15
15 46
73 15
15 23
15 55
88 15
15 35
15 72
17 15
34 15
15 11
15 24
15 80
74 15
15 36
19 15
15 42
14 15
71 15
15 78
15 81
20 15
15 66
90 89
70 65 90 89 58 64 4 70 24 86 48 88 37 36 70 40 78 89 20 9 52 44 60 13 38 54 72 43 57 49 35 89 84 33 32 19 29 50 45 39 85 22 62 76 63 61 54 38 81 58 86 46 34 51 1 21 80 22 59 22 71 24 27 63 88 88 70 68 3 73 21 57 17 63 53 41 72 86 30 37 44 74 43 64 19 54 38 73 35 49
1 1 1 1 1 1 1 1 1 1 1 1 1 1 1 1 1 1 1 1 1 1 1 1 1 1 1 1 1 1 1 1 1 1 1 1 1 1 1 1 1 1 1 1 1 1 1 1 1 1 1 1 1 1 1 1 1 1 1 1 1 1 1 1 1 1 1 1 1 1 1 1 1 1 1 1 1 1 1 1 1 1 1 1 1 1 1 1 1 1
6 67
79 6
6 66
90 6
6 2
6 57
26 6
75 6
6 18
6 4
19 6
63 6
21 6
29 6
72 6
31 6
15 6
86 6
6 38
6 80
56 6
6 39
6 25
81 6
49 6
6 28
68 6
6 44
12 6
6 42
16 6
6 35
6 33
6 64
47 6
6 88
36 6
71 6
6 23
6 45
6 59
6 46
6 82
6 53
32 6
6 77
55 6
61 6
84 6
6 7
76 6
6 5
34 6
6 83
8 6
65 6
62 6
22 6
6 78
6 73
13 6
85 6
6 69
14 6
87 6
1 6
30 6
6 51
58 6
48 6
6 20
6 3
6 54
6 27
6 10
6 70
24 6
6 60
43 6
6 52
6 37
6 50
40 6
74 6
17 6
6 9
6 41
11 6
89 6
84 83
1 2 3 4 5 6 7 8 9 10 11 12 13 14 15 16 17 18 19 20 21 22 23 24 25 26 27 28 29 30 31 32 33 34 35 36 37 38 39 40 41 42 43 44 45 46 47 48 49 50 51 52 53 54 55 56 57 58 59 60 61 62 63 64 65 66 67 68 69 70 71 72 73 74 75 76 77 78 79 80 81 82 83 84
1 1 1 1 1 1 1 1 1 1 1 1 1 1 1 1 1 1 1 1 1 1 1 1 1 1 1 1 1 1 1 1 1 1 1 1 1 1 1 1 1 1 1 1 1 1 1 1 1 1 1 1 1 1 1 1 1 1 1 1 1 1 1 1 1 1 1 1 1 1 1 1 1 1 1 1 1 1 1 1 1 1 1 1
30 70
30 12
52 30
13 30
30 33
63 30
30 6
30 46
15 30
84 30
17 30
30 19
39 30
31 30
30 61
30 77
50 30
30 41
54 30
30 69
81 30
58 30
14 30
49 30
30 51
30 56
30 80
30 5
30 44
34 30
37 30
30 25
30 62
30 53
30 23
47 30
30 20
30 26
21 30
57 30
35 30
30 74
30 64
76 30
11 30
30 7
8 30
79 30
30 36
30 71
18 30
22 30
30 1
30 72
66 30
30 32
30 83
30 59
30 10
82 30
16 30
30 4
27 30
9 30
38 30
43 30
45 30
55 30
30 3
30 67
30 75
30 60
30 29
68 30
30 40
30 48
30 65
24 30
30 2
78 30
73 30
30 42
30 28
86 85
1 2 3 4 5 6 7 8 9 10 11 12 13 14 15 16 17 18 19 20 21 22 23 24 25 26 27 28 29 30 31 32 33 34 35 36 37 38 39 40 41 42 43 44 45 46 47 48 49 50 51 52 53 54 55 56 57 58 59 60 61 62 63 64 65 66 67 68 69 70 71 72 73 74 75 76 77 78 79 80 81 82 83 84 85 86
1 1 1 1 1 1 1 1 1 1 1 1 1 1 1 1 1 1 1 1 1 1 1 1 1 1 1 1 1 1 1 1 1 1 1 1 1 1 1 1 1 42 1 1 1 1 1 1 1 1 1 1 1 1 1 1 1 1 1 1 1 1 1 1 1 1 1 1 1 1 1 1 1 1 1 1 1 1 1 1 1 1 1 1 1 1
27 41
41 31
4 41
2 41
41 39
41 78
41 60
41 79
41 6
77 41
51 41
41 76
61 41
15 41
9 41
41 5
25 41
41 85
45 41
41 40
52 41
59 41
41 54
83 41
41 8
36 41
41 20
41 57
41 86
72 41
41 18
41 82
66 41
56 41
22 41
41 47
41 12
41 30
41 24
41 11
69 41
50 41
7 41
73 41
41 34
41 71
16 41
41 28
1 41
41 84
35 41
41 81
14 41
41 64
41 43
41 75
63 41
58 41
33 41
41 70
48 41
41 42
68 41
41 23
41 21
41 13
41 19
41 53
41 29
41 65
38 41
17 41
41 74
41 3
32 41
26 41
41 80
41 44
41 55
37 41
41 10
46 41
41 67
41 49
41 62
107 106
14 56 5 3 18 32 18 58 73 61 39 57 86 21 1 57 97 65 74 13 14 85 85 1 15 74 74 91 67 54 27 78 23 75 8 104 57 7 96 44 97 14 82 4 100 98 9 30 82 92 14 45 35 55 102 84 41 76 65 66 34 95 89 97 40 76 16 68 98 42 61 9 45 57 26 97 63 16 102 75 54 68 88 16 33 54 72 14 50 34 73 69 83 97 102 26 1 96 81 79 33 70 33 29 93 61 57
1 56 5 1 18 32 8 58 8 61 1 8 86 21 1 57 97 8 74 1 14 8 85 1 8 8 1 91 1 1 27 78 8 1 8 104 1 7 8 44 97 14 8 1 100 98 9 8 1 92 14 45 8 8 1 8 8 76 65 8 34 8 89 8 40 76 8 8 98 42 8 9 1 1 26 97 1 16 102 1 8 68 88 16 1 54 1 14 50 34 73 69 83 1 102 26 1 96 81 79 33 1 33 8 93 61 57
20 49
49 44
36 49
49 35
49 98
62 49
49 51
49 63
22 49
49 38
106 49
88 49
82 49
94 49
48 49
49 76
81 49
100 49
49 52
49 78
57 49
49 77
49 7
49 96
70 49
49 46
41 49
49 2
49 25
24 49
86 49
49 83
49 23
49 66
15 49
12 49
49 21
28 49
49 18
49 34
13 49
49 99
43 49
61 49
49 39
37 49
49 75
3 49
107 49
101 49
105 49
80 49
58 49
84 49
49 90
69 49
49 53
27 49
73 49
14 49
72 49
49 5
49 42
9 49
49 50
45 49
95 49
92 49
49 40
64 49
49 33
6 49
49 68
49 71
49 31
67 49
49 93
49 47
49 104
49 65
55 49
49 54
49 102
49 97
103 49
16 49
49 29
85 49
8 49
49 17
49 32
49 11
49 74
4 49
10 49
56 49
49 1
79 49
60 49
59 49
87 49
49 89
49 26
49 30
19 49
49 91
110 109
1 2 3 4 5 6 7 8 9 10 11 12 13 14 15 16 17 18 19 20 21 22 23 24 25 26 27 28 29 30 31 32 33 34 35 36 37 38 39 40 41 42 43 44 45 46 47 48 49 50 51 52 53 54 55 56 57 58 59 60 61 62 63 64 65 66 67 68 69 70 71 72 73 74 75 76 77 78 79 80 81 82 83 84 85 86 87 88 89 90 91 92 93 94 95 96 97 98 99 100 101 102 103 104 105 106 107 108 109 110
1 2 3 4 5 6 1 8 9 10 11 8 8 14 15 16 1 18 16 20 21 22 23 16 25 26 27 28 29 30 31 32 16 1 35 6 8 16 6 1 1 42 43 16 6 46 47 27 6 8 51 52 53 54 55 56 57 16 59 8 61 19 63 16 1 66 67 68 6 27 1 72 27 74 75 76 8 78 8 8 81 82 6 84 85 8 87 88 6 90 91 92 93 94 95 96 8 98 8 100 8 102 103 104 19 16 8 8 109 110
99 71
98 71
36 71
39 71
105 71
71 66
71 45
71 106
71 21
6 71
71 28
25 71
68 71
75 71
78 71
71 65
48 71
11 71
89 71
86 71
71 109
71 50
20 71
71 52
71 61
71 47
80 71
71 9
43 71
108 71
100 71
93 71
71 85
71 101
35 71
12 71
71 7
71 56
37 71
71 73
91 71
71 33
42 71
71 3
71 1
88 71
96 71
71 110
71 16
4 71
102 71
71 59
26 71
71 72
79 71
38 71
15 71
63 71
71 8
53 71
71 23
95 71
13 71
64 71
71 69
103 71
31 71
71 46
90 71
71 84
10 71
71 62
2 71
49 71
74 71
83 71
71 81
44 71
71 30
71 82
34 71
55 71
87 71
71 40
58 71
71 5
76 71
60 71
54 71
71 51
71 14
57 71
71 107
22 71
71 27
71 67
29 71
18 71
94 71
71 104
32 71
41 71
77 71
71 92
24 71
71 70
71 97
71 17
71 19
99 98
62 51 67 35 3 59 32 78 12 93 81 28 81 80 63 32 59 67 67 71 28 71 37 56 62 91 44 40 14 69 11 21 63 85 77 59 17 30 23 74 46 6 35 65 83 83 35 2 76 11 37 52 70 71 83 68 65 96 3 17 2 12 33 67 11 58 98 18 8 38 23 81 43 34 99 18 89 56 18 19 89 58 26 38 55 90 58 73 11 6 2 6 83 31 13 71 54 52 97
2 2 2 2 2 2 2 2 2 2 2 2 2 2 2 2 2 2 2 2 2 2 2 2 2 2 2 2 2 2 2 2 2 2 2 2 2 2 2 2 2 2 2 2 2 2 2 2 2 2 2 2 2 2 2 2 65 2 2 2 2 2 2 2 2 2 2 2 2 2 2 2 2 2 2 2 2 2 2 2 2 2 2 2 2 2 2 2 2 2 2 2 2 2 2 2 2 2 2
42 45
85 45
70 45
45 31
61 45
45 59
67 45
20 45
64 45
45 57
45 21
45 75
68 45
9 45
45 15
26 45
45 25
87 45
45 4
69 45
54 45
93 45
73 45
97 45
55 45
45 94
78 45
45 41
45 84
45 12
62 45
99 45
45 39
45 28
45 50
40 45
45 58
45 77
82 45
29 45
91 45
45 37
1 45
83 45
45 30
45 74
44 45
19 45
45 72
45 76
71 45
45 60
45 18
17 45
45 2
80 45
45 81
16 45
33 45
45 49
45 10
45 95
45 53
45 48
45 13
43 45
45 7
34 45
3 45
45 8
45 79
38 45
45 23
45 14
45 96
45 66
47 45
45 98
45 5
36 45
45 51
45 35
45 22
45 46
86 45
45 11
90 45
6 45
45 63
88 45
92 45
45 65
32 45
52 45
27 45
24 45
45 89
56 45
104 103
1 2 3 4 5 6 7 8 9 10 11 12 13 14 15 16 17 18 19 20 21 22 23 24 25 26 27 28 29 30 31 32 33 34 35 36 37 38 39 40 41 42 43 44 45 46 47 48 49 50 51 52 53 54 55 56 57 58 59 60 61 62 63 64 65 66 67 68 69 70 71 72 73 74 75 76 77 78 79 80 81 82 83 84 85 86 87 88 89 90 91 92 93 94 95 96 97 98 99 100 101 102 103 104
1 1 1 1 1 1 1 1 1 1 1 1 1 1 1 1 1 1 1 1 1 1 1 1 1 1 1 1 1 1 1 1 1 1 1 1 1 1 1 1 1 1 1 1 1 1 1 1 1 1 1 1 1 1 1 1 1 1 1 1 1 1 1 1 1 1 1 1 1 1 1 1 1 1 1 54 1 1 1 1 1 1 1 1 1 1 1 1 1 1 1 1 1 1 1 1 1 1 1 1 1 1 1 1
13 12
1 12
84 12
83 12
12 5
17 12
12 54
12 6
12 80
12 45
16 12
79 12
12 22
12 69
12 47
9 12
12 20
32 12
12 26
57 12
12 44
12 101
91 12
102 12
58 12
29 12
104 12
12 66
12 8
12 76
85 12
12 96
39 12
12 100
12 90
12 19
38 12
25 12
12 62
4 12
87 12
12 77
12 46
12 71
67 12
12 2
70 12
12 41
31 12
12 74
95 12
34 12
12 89
98 12
12 37
56 12
12 7
12 60
12 11
48 12
51 12
12 59
3 12
12 52
12 82
12 42
12 64
75 12
12 78
12 97
12 15
50 12
43 12
40 12
103 12
93 12
28 12
72 12
12 88
12 33
12 63
12 73
86 12
99 12
92 12
12 10
12 65
12 49
36 12
12 18
23 12
30 12
12 94
12 24
61 12
55 12
81 12
12 27
68 12
35 12
12 53
12 21
12 14
92 91
1 2 3 4 5 6 7 8 9 10 11 12 13 14 15 16 17 18 19 20 21 22 23 24 25 26 27 28 29 30 31 32 33 34 35 36 37 38 39 40 41 42 43 44 45 46 47 48 49 50 51 52 53 54 55 56 57 58 59 60 61 62 63 64 65 66 67 68 69 70 71 72 73 74 75 76 77 78 79 80 81 82 83 84 85 86 87 88 89 90 91 92
1 2 3 4 5 4 7 1 4 10 11 4 13 4 15 16 17 18 4 20 4 4 23 4 8 1 27 4 29 1 4 4 33 34 35 36 4 38 39 1 41 4 43 1 1 46 47 48 49 4 51 52 53 4 55 4 1 4 59 60 8 4 63 64 4 66 4 68 4 70 4 72 1 74 4 8 4 1 4 1 4 82 4 84 85 86 87 88 4 90 91 4
38 8
73 8
8 40
8 52
8 39
4 8
8 22
8 67
8 33
34 8
8 19
8 84
8 23
8 18
77 8
8 11
36 8
70 8
28 8
8 89
8 14
8 41
5 8
32 8
79 8
86 8
75 8
63 8
29 8
8 20
48 8
8 68
8 10
8 55
8 83
8 50
8 62
21 8
82 8
65 8
7 8
8 49
8 78
56 8
8 54
8 59
8 85
64 8
31 8
15 8
3 8
8 42
8 17
8 26
8 87
80 8
8 51
8 66
8 69
8 92
8 12
8 46
8 47
8 1
90 8
8 2
24 8
61 8
74 8
8 53
8 13
8 6
8 9
88 8
30 8
72 8
45 8
44 8
8 25
8 27
76 8
8 43
60 8
71 8
57 8
37 8
16 8
58 8
8 81
35 8
91 8
91 90
1 2 3 4 5 6 7 8 9 10 11 12 13 14 15 16 17 18 19 20 21 22 23 24 25 26 27 28 29 30 31 32 33 34 35 36 37 38 39 40 41 42 43 44 45 46 47 48 49 50 51 52 53 54 55 56 57 58 59 60 61 62 63 64 65 66 67 68 69 70 71 72 73 74 75 76 77 78 79 80 81 82 83 84 85 86 87 88 89 90 91
1 2 3 3 3 6 7 3 9 3 11 12 13 3 3 16 17 3 19 3 3 3 15 3 25 3 27 3 3 3 31 32 33 34 35 36 37 38 3 40 41 3 43 44 45 46 3 3 3 3 3 52 53 54 3 56 57 58 3 60 61 62 3 64 3 3 3 68 3 3 71 3 73 3 3 3 77 78 79 3 81 3 3 84 85 3 3 3 3 90 91
4 51
66 4
18 4
4 25
64 4
37 4
4 40
4 85
60 4
15 4
4 79
5 4
4 13
19 4
39 4
4 31
4 38
4 41
4 1
78 4
4 6
4 58
4 23
4 52
4 84
8 4
36 4
4 80
65 4
4 63
47 4
4 7
4 75
4 43
4 46
53 4
4 11
4 28
50 4
16 4
10 4
4 55
4 87
4 56
4 49
4 73
69 4
20 4
4 54
89 4
77 4
4 3
4 57
29 4
17 4
9 4
4 59
4 70
90 4
12 4
35 4
76 4
4 82
83 4
62 4
88 4
4 33
67 4
4 71
86 4
4 45
4 26
4 72
61 4
4 42
4 48
4 81
14 4
22 4
34 4
21 4
27 4
74 4
4 32
4 2
4 44
4 68
4 30
4 24
91 4
93 92
11 82 78 71 64 10 43 7 3 39 79 73 55 20 78 30 41 77 9 61 14 23 79 85 33 58 48 90 30 9 18 93 13 60 51 23 21 62 67 91 12 82 7 51 92 27 1 8 48 52 34 39 81 78 84 27 86 26 81 40 22 11 19 55 68 28 26 72 66 89 9 19 83 68 35 54 52 29 54 23 52 51 57 64 48 57 23 49 65 12 35 38 7
1 1 1 1 1 1 1 1 1 1 1 1 1 1 1 1 1 1 1 1 1 1 1 1 1 1 1 1 1 1 1 1 1 1 1 1 1 1 1 1 1 1 1 1 1 1 1 1 1 1 1 1 1 1 1 1 1 1 1 1 1 1 1 1 1 1 1 1 1 1 1 1 1 1 1 1 1 1 1 1 1 1 1 1 1 1 1 1 1 1 1 1 1
53 62
1 53
16 53
6 53
26 53
87 53
18 53
9 53
53 64
90 53
21 53
53 27
55 53
56 53
53 69
11 53
53 33
53 36
82 53
8 53
24 53
30 53
12 53
53 63
7 53
34 53
53 2
53 25
51 53
15 53
92 53
52 53
89 53
72 53
53 68
53 91
75 53
86 53
66 53
44 53
53 29
14 53
73 53
79 53
53 17
53 71
53 84
88 53
53 5
53 81
54 53
53 41
53 80
53 46
60 53
70 53
40 53
53 22
53 4
31 53
53 47
13 53
20 53
53 37
85 53
53 19
53 93
78 53
42 53
53 57
59 53
39 53
38 53
53 58
77 53
67 53
53 61
53 83
53 76
43 53
65 53
50 53
74 53
53 48
10 53
53 49
3 53
35 53
23 53
53 28
45 53
53 32
83 82
42 26 38 53 29 5 78 66 36 57 71 79 6 13 54 42 51 76 49 28 69 15 25 77 69 33 67 19 52 5 4 48 35 40 69 60 37 6 30 63 68 22 22 50 38 50 48 79 68 70 17 63 36 25 29 75 42 49 59 63 83 74 38 1 19 58 5 27 65 67 27 74 3 57 49 14 13 69 39 36 39 71 83
42 26 38 53 1 5 1 66 36 57 5 1 6 1 1 42 5 76 49 1 1 1 1 1 1 33 67 19 1 5 1 1 35 40 1 60 1 6 30 63 1 1 22 1 1 50 48 79 68 1 17 1 36 25 1 1 42 49 33 1 83 74 1 1 19 58 1 27 1 67 27 1 3 57 1 1 13 69 1 36 39 71 83
12 35
12 37
12 64
12 23
8 12
12 60
12 50
12 24
12 29
69 12
46 12
56 12
12 47
48 12
12 34
16 12
21 12
20 12
18 12
12 32
12 57
77 12
52 12
33 12
14 12
26 12
74 12
12 9
12 66
19 12
12 75
15 12
12 39
54 12
12 58
70 12
36 12
45 12
62 12
22 12
30 12
80 12
12 73
25 12
51 12
12 71
76 12
5 12
12 28
12 78
83 12
1 12
12 82
12 2
12 17
40 12
13 12
12 53
12 4
12 42
72 12
12 31
12 59
12 10
63 12
12 81
12 79
12 41
12 67
44 12
68 12
43 12
61 12
12 65
12 3
27 12
12 7
12 49
12 38
12 6
11 12
12 55
107 106
99 99 55 59 11 96 26 38 22 62 25 31 62 54 10 6 38 63 4 42 91 94 38 29 70 17 64 80 1 31 31 85 44 12 53 46 47 16 104 32 73 51 67 83 57 38 58 78 36 13 40 81 103 13 102 21 82 67 94 102 100 10 52 27 94 97 78 7 98 73 99 91 8 81 8 50 99 104 81 105 62 61 61 21 12 7 63 84 106 79 102 95 102 97 98 35 84 24 43 87 16 15 88 22 100 35 33
4 4 4 59 4 4 26 38 22 62 25 31 4 4 10 6 4 4 4 4 91 94 38 8 70 17 64 4 1 4 31 4 44 8 53 46 6 8 104 32 4 51 4 8 4 38 58 78 8 13 8 81 103 8 102 21 82 67 4 102 100 8 4 4 8 6 4 7 98 73 99 91 6 4 8 4 4 104 81 6 62 61 6 21 12 7 63 4 106 4 4 95 102 97 98 35 84 6 4 87 8 15 88 22 100 4 33
6 49
6 7
15 6
6 39
6 78
6 77
6 34
6 106
6 107
6 59
6 58
6 44
6 36
80 6
63 6
6 50
6 27
104 6
6 10
6 69
79 6
17 6
6 70
6 42
6 92
6 102
6 19
99 6
29 6
87 6
85 6
66 6
24 6
21 6
6 43
30 6
6 20
97 6
45 6
6 13
6 37
57 6
81 6
6 47
3 6
41 6
88 6
48 6
23 6
6 4
103 6
33 6
12 6
54 6
6 64
6 25
6 67
82 6
86 6
55 6
51 6
60 6
56 6
6 73
6 61
1 6
105 6
6 75
6 74
91 6
6 65
6 16
84 6
6 94
6 35
6 90
6 89
6 46
93 6
6 28
6 38
11 6
76 6
96 6
6 98
6 83
6 53
6 71
100 6
6 72
6 8
6 18
6 68
95 6
6 9
2 6
6 22
6 14
40 6
6 26
52 6
32 6
62 6
6 5
6 101
31 6
104 103
1 2 3 4 5 6 7 8 9 10 11 12 13 14 15 16 17 18 19 20 21 22 23 24 25 26 27 28 29 30 31 32 33 34 35 36 37 38 39 40 41 42 43 44 45 46 47 48 49 50 51 52 53 54 55 56 57 58 59 60 61 62 63 64 65 66 67 68 69 70 71 72 73 74 75 76 77 78 79 80 81 82 83 84 85 86 87 88 89 90 91 92 93 94 95 96 97 98 99 100 101 102 103 104
1 1 1 1 1 1 1 1 1 1 1 1 1 1 1 1 1 1 1 1 1 1 1 1 1 1 1 1 1 1 1 1 1 1 1 1 1 1 1 1 1 1 1 1 1 1 1 1 1 1 1 1 1 1 1 1 1 1 1 1 1 1 1 1 1 1 1 1 1 1 1 1 1 1 1 1 1 1 1 1 1 1 1 1 1 1 1 1 1 1 1 1 1 1 1 1 1 1 1 1 1 1 1 1
9 67
96 9
54 9
9 20
9 12
38 9
70 9
9 89
9 37
82 9
23 9
9 64
47 9
9 57
75 9
31 9
21 9
45 9
48 9
9 2
93 9
63 9
9 4
3 9
13 9
74 9
33 9
34 9
9 46
9 43
50 9
51 9
9 81
9 17
59 9
9 94
9 88
52 9
97 9
79 9
9 32
60 9
18 9
9 58
101 9
71 9
24 9
5 9
9 39
104 9
35 9
9 102
9 76
9 10
9 72
9 26
9 77
9 85
9 11
9 95
69 9
65 9
22 9
98 9
78 9
87 9
9 68
91 9
19 9
9 62
7 9
9 66
30 9
16 9
9 49
40 9
9 103
9 41
9 99
9 61
55 9
9 14
25 9
9 56
86 9
100 9
28 9
9 1
92 9
6 9
9 8
9 84
9 42
29 9
9 36
83 9
80 9
53 9
9 27
44 9
73 9
9 15
90 9
115 114
39 35 43 95 111 74 61 3 107 53 20 91 113 104 71 54 5 23 115 109 89 30 71 109 80 83 39 79 67 16 94 54 103 51 42 91 49 74 61 39 18 56 40 81 22 67 47 18 26 31 28 17 70 78 81 92 91 15 24 84 38 35 101 113 4 21 81 82 55 3 87 2 82 51 58 9 8 71 68 22 18 79 6 87 40 99 75 22 115 70 24 48 58 64 59 73 43 57 67 82 71 23 58 105 11 65 57 73 25 25 49 88 91 92 33
2 2 2 2 2 2 2 2 2 2 2 2 2 2 2 2 2 2 2 2 2 2 2 2 2 2 2 2 2 2 2 2 2 2 2 2 2 39 2 2 2 2 2 2 2 2 2 2 2 2 2 2 2 2 2 2 2 2 2 2 2 2 2 2 2 2 2 2 2 2 2 2 2 2 2 2 2 2 2 2 2 2 2 2 2 2 2 2 2 2 2 2 2 2 2 2 2 2 2 2 2 2 2 2 2 2 2 2 2 2 2 2 2 2 2
80 16
80 81
79 80
113 80
80 62
65 80
80 92
52 80
110 80
80 29
24 80
80 75
66 80
51 80
80 8
69 80
80 103
4 80
80 27
80 107
93 80
48 80
39 80
80 31
10 80
2 80
80 95
97 80
44 80
80 34
49 80
80 17
80 55
80 41
80 38
80 25
80 112
19 80
59 80
84 80
60 80
80 3
80 35
80 87
80 18
61 80
67 80
80 28
88 80
101 80
96 80
6 80
80 56
26 80
98 80
58 80
80 108
1 80
63 80
12 80
80 89
5 80
80 86
85 80
91 80
80 45
105 80
90 80
80 30
80 72
80 23
14 80
80 57
80 21
94 80
114 80
99 80
80 40
80 111
80 104
46 80
80 50
80 100
109 80
80 78
64 80
80 9
80 13
54 80
20 80
80 68
43 80
80 77
71 80
80 102
80 76
80 73
80 11
74 80
106 80
80 32
115 80
42 80
83 80
7 80
70 80
47 80
80 15
80 36
80 82
37 80
33 80
22 80
53 80
86 85
35 58 66 28 82 11 61 12 32 8 20 76 26 71 19 54 64 11 81 32 82 66 30 75 82 45 24 33 17 41 86 7 65 74 48 48 81 80 3 82 80 65 25 42 29 75 53 7 44 43 58 48 80 23 86 33 14 11 72 17 11 51 31 38 54 77 28 82 47 39 60 79 5 77 31 30 34 50 55 71 22 10 33 70 74 49
5 5 5 5 5 5 5 5 5 5 5 5 5 5 5 5 5 5 5 5 5 5 5 5 5 5 5 5 5 5 5 5 5 5 5 5 5 5 3 5 5 5 5 5 5 5 5 5 5 5 5 5 5 5 5 5 5 5 5 5 5 5 5 5 5 5 5 5 5 5 5 5 5 5 5 5 5 5 5 5 5 5 5 5 5 5
45 2
74 45
45 42
32 45
45 35
45 78
45 82
57 45
5 45
45 51
45 20
27 45
45 54
18 45
45 14
45 38
53 45
45 43
15 45
45 22
45 79
45 11
45 61
25 45
45 41
45 47
59 45
3 45
45 66
10 45
68 45
45 13
45 50
45 70
84 45
62 45
45 23
1 45
45 40
45 12
6 45
31 45
30 45
33 45
77 45
45 4
69 45
29 45
45 8
64 45
45 37
71 45
24 45
39 45
45 86
45 36
16 45
45 44
34 45
48 45
49 45
45 80
45 7
46 45
60 45
73 45
45 75
67 45
45 28
26 45
76 45
45 72
45 85
45 21
9 45
45 65
81 45
45 83
17 45
45 55
56 45
63 45
45 19
58 45
52 45
83 82
33 12 18 1 65 11 45 25 23 15 18 65 14 75 51 57 2 63 18 68 53 6 67 18 38 15 64 72 19 26 5 12 51 3 41 54 58 11 64 29 17 55 63 9 70 14 19 5 50 10 80 81 60 14 82 56 1 58 61 70 51 46 28 7 16 76 8 79 5 12 75 61 61 77 33 55 6 72 13 44 81 18 54
33 12 5 1 3 11 45 25 23 2 18 65 14 3 51 5 2 63 5 68 2 6 67 18 38 5 7 2 19 2 5 2 3 3 41 3 58 5 64 29 17 55 63 9 5 3 19 3 7 2 80 5 60 5 82 3 1 58 61 5 51 3 7 3 16 76 8 5 5 12 75 61 61 77 33 55 6 72 7 44 81 5 54
28 31
28 56
28 17
3 28
65 28
72 28
67 28
28 74
28 41
28 63
28 66
82 28
4 28
13 28
44 28
12 28
28 62
28 38
28 39
28 77
7 28
76 28
21 28
28 29
6 28
28 69
28 16
28 5
28 40
23 28
8 28
79 28
73 28
49 28
28 60
18 28
32 28
28 50
43 28
47 28
28 35
42 28
54 28
28 19
28 83
30 28
24 28
25 28
28 48
28 34
28 58
28 2
28 15
64 28
28 81
28 57
10 28
52 28
80 28
28 45
1 28
75 28
28 46
28 51
28 53
61 28
28 71
22 28
28 37
28 70
33 28
26 28
28 9
28 11
28 78
27 28
28 36
59 28
14 28
20 28
55 28
68 28
112 111
1 2 3 4 5 6 7 8 9 10 11 12 13 14 15 16 17 18 19 20 21 22 23 24 25 26 27 28 29 30 31 32 33 34 35 36 37 38 39 40 41 42 43 44 45 46 47 48 49 50 51 52 53 54 55 56 57 58 59 60 61 62 63 64 65 66 67 68 69 70 71 72 73 74 75 76 77 78 79 80 81 82 83 84 85 86 87 88 89 90 91 92 93 94 95 96 97 98 99 100 101 102 103 104 105 106 107 108 109 110 111 112
1 2 3 3 1 1 7 8 9 10 11 12 1 3 1 1 17 18 19 1 21 22 23 3 1 3 27 28 3 1 31 1 3 34 35 36 1 1 1 1 41 42 3 1 3 46 47 3 49 50 51 3 53 54 1 56 57 58 59 3 61 62 3 64 65 66 67 68 69 1 71 47 3 1 1 3 1 78 47 80 1 82 1 84 85 86 87 88 89 90 91 3 1 94 1 96 97 1 99 100 3 1 103 104 105 106 3 108 109 110 5 3
93 67
93 64
93 42
23 93
93 87
93 45
55 93
82 93
93 84
93 6
93 112
81 93
93 22
93 15
93 40
18 93
93 3
91 93
31 93
93 24
88 93
96 93
93 60
93 16
34 93
93 49
5 93
2 93
37 93
93 69
93 50
58 93
93 4
93 100
101 93
52 93
93 75
9 93
74 93
8 93
110 93
93 25
62 93
93 83
93 106
57 93
61 93
93 109
71 93
93 32
97 93
93 20
93 43
39 93
44 93
93 54
102 93
46 93
93 66
93 80
93 14
48 93
65 93
93 70
78 93
93 51
93 90
93 111
93 41
93 47
104 93
93 38
93 72
93 33
1 93
35 93
21 93
30 93
26 93
93 76
93 86
13 93
93 36
93 89
93 59
93 29
93 53
93 98
77 93
56 93
93 19
93 103
93 27
107 93
93 105
93 92
93 99
93 7
93 73
93 108
17 93
93 28
93 85
63 93
93 12
10 93
79 93
93 11
94 93
68 93
95 93
99 98
1 2 3 4 5 6 7 8 9 10 11 12 13 14 15 16 17 18 19 20 21 22 23 24 25 26 27 28 29 30 31 32 33 34 35 36 37 38 39 40 41 42 43 44 45 46 47 48 49 50 51 52 53 54 55 56 57 58 59 60 61 62 63 64 65 66 67 68 69 70 71 72 73 74 75 76 77 78 79 80 81 82 83 84 85 86 87 88 89 90 91 92 93 94 95 96 97 98 99
1 1 1 1 1 1 1 1 1 1 1 1 1 1 1 1 1 1 1 1 1 1 1 1 1 1 1 1 1 1 1 1 1 1 1 1 1 1 1 1 1 1 1 1 1 1 1 1 1 1 1 1 1 1 1 1 1 1 1 1 1 1 1 1 1 1 1 1 1 1 1 1 1 1 1 1 1 1 1 1 1 1 1 1 1 1 1 1 1 1 1 1 1 1 1 1 1 1 1
27 9
27 74
94 27
27 89
27 34
87 27
82 27
27 67
27 1
18 27
7 27
27 10
75 27
27 3
27 20
31 27
24 27
15 27
68 27
23 27
28 27
27 22
98 27
27 17
27 65
27 48
29 27
57 27
27 56
73 27
37 27
81 27
27 4
27 52
27 88
27 26
27 91
27 13
2 27
71 27
27 40
62 27
27 96
39 27
43 27
90 27
83 27
97 27
27 35
51 27
27 44
47 27
27 53
27 78
27 36
42 27
27 14
27 8
95 27
27 86
50 27
72 27
27 76
27 59
60 27
27 80
27 84
92 27
27 21
27 12
27 55
27 30
27 69
27 49
27 46
6 27
85 27
27 5
16 27
27 99
54 27
27 45
27 11
27 77
32 27
63 27
41 27
27 93
27 66
58 27
27 61
33 27
79 27
27 38
19 27
25 27
27 64
70 27
91 90
1 2 3 4 5 6 7 8 9 10 11 12 13 14 15 16 17 18 19 20 21 22 23 24 25 26 27 28 29 30 31 32 33 34 35 36 37 38 39 40 41 42 43 44 45 46 47 48 49 50 51 52 53 54 55 56 57 58 59 60 61 62 63 64 65 66 67 68 69 70 71 72 73 74 75 76 77 78 79 80 81 82 83 84 85 86 87 88 89 90 91
1 1 1 1 1 1 1 1 1 1 1 1 1 1 1 1 1 1 1 1 1 1 1 1 1 1 1 1 1 1 1 1 1 1 1 1 1 1 1 1 1 1 1 1 1 1 1 1 1 1 1 1 1 1 1 1 1 1 1 1 1 1 1 1 1 1 1 1 1 1 1 1 1 1 1 1 1 1 1 1 1 1 1 1 1 1 1 1 1 1 1
20 79
79 72
79 83
79 45
3 79
79 77
79 54
79 15
22 79
18 79
79 2
78 79
30 79
79 28
79 50
79 46
79 89
21 79
5 79
79 39
79 49
79 80
47 79
79 59
79 43
79 6
11 79
79 71
57 79
79 37
23 79
36 79
79 85
79 9
79 34
79 67
79 12
79 64
86 79
79 73
29 79
79 61
1 79
79 24
79 42
81 79
82 79
79 35
79 84
79 53
62 79
79 31
70 79
7 79
65 79
79 8
75 79
76 79
56 79
88 79
79 58
79 48
79 63
79 16
79 60
79 52
17 79
79 40
79 25
79 44
79 87
79 68
79 91
26 79
79 69
4 79
74 79
19 79
33 79
79 41
10 79
14 79
38 79
79 90
13 79
79 32
79 55
66 79
79 27
51 79
118 117
1 2 3 4 5 6 7 8 9 10 11 12 13 14 15 16 17 18 19 20 21 22 23 24 25 26 27 28 29 30 31 32 33 34 35 36 37 38 39 40 41 42 43 44 45 46 47 48 49 50 51 52 53 54 55 56 57 58 59 60 61 62 63 64 65 66 67 68 69 70 71 72 73 74 75 76 77 78 79 80 81 82 83 84 85 86 87 88 89 90 91 92 93 94 95 96 97 98 99 100 101 102 103 104 105 106 107 108 109 110 111 112 113 114 115 116 117 118
1 1 1 1 1 1 1 1 1 1 1 1 1 1 1 1 1 1 1 1 1 1 1 1 1 1 1 1 1 1 1 1 1 1 1 1 1 1 1 1 1 1 1 1 1 1 1 1 1 1 1 1 1 1 1 1 1 1 1 1 1 1 1 1 1 1 1 1 1 1 1 1 1 1 1 1 1 1 1 1 1 1 1 1 1 1 1 1 1 1 1 1 1 1 1 1 1 1 1 1 1 1 1 1 1 1 1 1 1 1 1 1 1 1 1 1 1 1
52 82
82 87
63 82
82 18
82 101
74 82
106 82
82 66
82 56
117 82
82 72
82 64
38 82
82 93
82 35
34 82
82 27
82 95
41 82
80 82
4 82
30 82
21 82
82 36
68 82
61 82
48 82
82 29
82 23
82 99
96 82
60 82
82 54
82 57
105 82
82 39
82 11
82 59
82 90
46 82
77 82
19 82
7 82
82 47
75 82
82 73
3 82
17 82
82 92
44 82
31 82
51 82
82 114
49 82
82 110
82 91
82 1
82 84
82 83
6 82
58 82
82 116
107 82
82 50
102 82
78 82
82 2
111 82
86 82
82 14
82 53
25 82
43 82
82 108
82 118
82 76
82 109
32 82
82 8
82 85
45 82
82 115
82 33
81 82
89 82
82 79
94 82
82 98
9 82
82 12
82 37
82 67
22 82
82 55
82 113
82 16
28 82
10 82
15 82
100 82
70 82
26 82
82 42
82 97
5 82
112 82
82 62
103 82
13 82
82 71
82 65
82 40
104 82
69 82
82 20
82 24
82 88
88 87
88 25 81 66 20 4 25 26 67 57 79 17 16 39 50 38 46 32 86 56 74 1 81 76 84 22 7 8 41 76 23 84 12 76 27 27 32 62 12 7 87 76 35 82 23 43 65 38 16 6 48 21 39 19 24 41 70 11 35 70 33 78 81 12 67 85 21 46 39 14 22 53 63 68 71 53 16 37 63 78 12 2 26 20 23 73 46 64
1 1 1 1 1 1 1 1 1 1 1 1 1 1 1 1 1 1 1 1 1 1 1 1 1 1 1 1 1 1 1 1 1 1 1 1 1 1 1 1 1 1 1 1 1 1 1 1 1 1 1 1 1 1 1 1 1 1 1 1 1 1 1 1 1 1 1 1 1 1 1 1 1 1 1 1 1 1 1 1 1 1 1 1 1 1 1 1
6 27
36 6
40 6
28 6
24 6
6 88
6 87
6 64
6 83
9 6
6 79
6 81
82 6
32 6
33 6
73 6
6 17
6 19
35 6
6 60
6 4
61 6
45 6
22 6
2 6
6 1
71 6
37 6
70 6
65 6
46 6
84 6
72 6
39 6
76 6
6 44
6 26
47 6
6 50
6 14
63 6
6 29
6 30
51 6
20 6
6 43
6 78
53 6
52 6
75 6
49 6
6 59
69 6
5 6
15 6
6 62
6 10
6 74
6 54
6 38
6 31
6 18
57 6
77 6
6 85
6 55
23 6
6 8
6 67
6 68
13 6
6 80
6 12
34 6
6 25
66 6
11 6
6 48
3 6
16 6
6 41
58 6
6 7
86 6
6 56
6 42
6 21
85 84
36 46 6 9 3 7 37 32 74 76 10 45 27 21 26 57 64 60 65 14 12 35 66 24 68 7 4 9 1 74 34 63 10 18 81 51 84 17 15 48 8 18 80 57 29 32 18 9 21 49 47 72 19 78 57 67 79 1 66 61 68 6 76 60 82 63 24 14 54 18 6 27 5 15 64 65 59 61 33 71 20 8 52 78 76
1 1 1 1 1 1 1 1 1 1 1 1 1 1 1 1 1 1 1 1 1 1 1 1 1 1 1 1 1 1 1 1 1 1 1 1 1 1 1 1 1 1 1 1 1 1 1 1 1 1 1 1 1 1 1 1 1 1 1 1 1 1 1 1 1 1 1 1 1 1 1 1 1 1 1 1 1 1 1 1 1 1 1 1 1
30 80
71 30
30 37
25 30
30 41
31 30
83 30
30 1
67 30
72 30
30 82
30 19
51 30
12 30
73 30
35 30
36 30
30 6
30 64
55 30
30 21
38 30
30 79
3 30
27 30
57 30
29 30
30 78
75 30
30 58
30 15
30 20
81 30
56 30
7 30
30 8
30 63
30 77
30 53
30 5
30 84
70 30
30 48
30 68
30 18
30 49
30 10
76 30
30 65
30 44
85 30
24 30
30 52
30 16
13 30
30 40
30 39
74 30
42 30
45 30
33 30
30 9
59 30
11 30
43 30
50 30
32 30
60 30
34 30
30 61
2 30
14 30
30 28
69 30
30 22
26 30
4 30
30 47
30 46
30 23
30 66
30 62
54 30
17 30
114 113
97 38 105 2 14 26 77 60 46 78 104 97 53 35 96 111 96 80 114 76 96 28 27 85 65 71 103 70 29 92 65 16 14 109 7 61 81 8 97 56 80 40 1 59 78 71 96 18 7 109 103 114 101 18 105 20 1 4 98 114 8 97 2 4 6 47 35 36 18 98 40 97 43 47 75 30 81 7 71 11 87 50 49 59 88 99 113 106 46 22 94 114 114 62 19 14 4 93 65 109 60 98 12 11 13 64 22 13 26 66 6 78 77 33
97 38 1 1 14 1 77 60 46 78 1 77 1 35 96 111 1 1 1 76 96 28 1 1 65 1 59 1 29 92 65 16 14 109 7 1 1 1 97 56 80 4 1 1 1 1 1 18 7 1 1 114 1 18 105 1 1 4 98 1 1 97 1 4 6 47 1 36 1 98 40 97 43 18 75 30 81 7 71 1 87 1 1 18 59 1 113 106 1 1 94 114 1 62 1 14 4 1 1 1 60 98 12 1 13 1 1 13 26 1 6 78 1 33
45 99
99 12
99 40
99 82
57 99
99 74
99 20
3 99
99 105
99 27
73 99
99 34
18 99
72 99
99 108
8 99
88 99
99 103
99 23
99 106
99 90
99 94
99 29
99 63
107 99
99 67
99 68
53 99
13 99
97 99
71 99
5 99
99 21
99 98
99 49
76 99
99 16
99 33
85 99
99 110
56 99
15 99
24 99
99 100
99 81
99 112
99 36
99 1
47 99
2 99
99 35
77 99
102 99
44 99
22 99
99 43
99 60
99 25
30 99
99 32
87 99
11 99
99 101
86 99
10 99
51 99
99 113
99 39
48 99
7 99
99 114
99 111
96 99
62 99
83 99
9 99
50 99
66 99
26 99
99 79
99 17
99 58
99 38
89 99
99 84
46 99
91 99
99 80
61 99
70 99
19 99
65 99
6 99
99 59
41 99
104 99
78 99
99 54
99 92
99 69
99 28
99 42
99 4
99 52
55 99
99 93
99 64
99 95
14 99
109 99
99 37
75 99
99 31
93 92
1 2 3 4 5 6 7 8 9 10 11 12 13 14 15 16 17 18 19 20 21 22 23 24 25 26 27 28 29 30 31 32 33 34 35 36 37 38 39 40 41 42 43 44 45 46 47 48 49 50 51 52 53 54 55 56 57 58 59 60 61 62 63 64 65 66 67 68 69 70 71 72 73 74 75 76 77 78 79 80 81 82 83 84 85 86 87 88 89 90 91 92 93
1 2 3 4 5 2 4 2 9 10 11 12 2 2 15 2 17 18 14 4 21 14 4 2 25 26 14 14 29 14 2 32 33 4 4 36 37 2 2 40 41 14 43 44 45 46 47 48 49 50 51 14 53 43 55 56 2 58 14 43 2 2 2 64 2 2 2 14 2 2 2 2 73 74 75 76 77 78 2 80 14 82 83 84 85 86 87 2 2 2 91 92 93
67 86
67 48
67 54
77 67
71 67
67 90
67 56
2 67
23 67
74 67
67 51
67 70
67 16
75 67
67 6
12 67
67 36
67 45
67 24
31 67
81 67
67 10
80 67
67 89
67 88
67 25
67 20
67 52
60 67
29 67
73 67
93 67
3 67
67 32
26 67
87 67
67 79
67 57
67 62
1 67
67 28
41 67
92 67
67 13
67 39
63 67
69 67
27 67
30 67
67 85
35 67
67 14
46 67
83 67
64 67
67 66
67 8
67 7
67 78
67 34
67 38
67 11
53 67
59 67
22 67
67 55
67 49
18 67
67 82
67 50
58 67
67 21
67 68
67 84
67 61
76 67
43 67
33 67
65 67
47 67
67 42
67 15
91 67
67 40
19 67
44 67
4 67
9 67
37 67
5 67
67 17
67 72
109 108
101 8 33 88 8 16 87 31 47 56 58 71 79 27 34 86 86 18 33 87 76 19 60 22 45 52 88 51 60 37 69 105 29 80 22 89 79 69 8 71 103 34 83 17 7 60 106 36 91 5 73 10 57 6 30 1 108 42 6 78 109 40 40 27 78 89 28 109 102 8 106 42 89 11 18 17 26 65 18 18 37 64 46 31 30 5 91 77 4 72 50 92 7 63 92 27 101 44 30 89 50 14 69 70 10 106 2 78 46
1 1 1 1 1 1 1 1 1 1 1 1 1 1 1 1 1 1 1 1 1 1 1 1 1 1 1 1 1 1 1 1 1 1 1 1 1 1 1 1 1 1 1 1 1 1 1 1 1 1 1 1 1 1 1 1 1 1 1 1 1 1 1 1 1 1 1 1 1 1 1 1 1 1 1 1 1 1 1 1 1 1 1 1 1 1 1 1 1 1 1 1 1 1 1 1 1 1 1 1 1 1 1 1 1 1 1 1 1
97 107
93 97
56 97
97 20
69 97
101 97
97 79
24 97
55 97
66 97
97 50
36 97
92 97
91 97
97 58
43 97
97 1
97 35
97 53
54 97
27 97
97 15
68 97
97 84
97 17
97 57
6 97
97 105
16 97
97 28
97 3
102 97
97 95
12 97
97 70
97 60
97 25
97 64
97 48
97 65
97 52
47 97
97 18
104 97
88 97
97 19
97 26
83 97
23 97
97 11
97 94
97 44
97 46
80 97
97 67
97 10
97 5
97 59
82 97
97 99
97 71
97 75
81 97
97 4
41 97
9 97
97 108
97 14
13 97
73 97
78 97
97 63
22 97
31 97
97 49
97 76
97 77
97 37
45 97
21 97
97 61
97 106
72 97
85 97
40 97
30 97
86 97
97 109
87 97
89 97
29 97
97 32
38 97
2 97
33 97
39 97
97 62
97 98
51 97
97 96
7 97
100 97
103 97
97 34
8 97
97 90
97 74
42 97
111 110
1 2 3 4 5 6 7 8 9 10 11 12 13 14 15 16 17 18 19 20 21 22 23 24 25 26 27 28 29 30 31 32 33 34 35 36 37 38 39 40 41 42 43 44 45 46 47 48 49 50 51 52 53 54 55 56 57 58 59 60 61 62 63 64 65 66 67 68 69 70 71 72 73 74 75 76 77 78 79 80 81 82 83 84 85 86 87 88 89 90 91 92 93 94 95 96 97 98 99 100 101 102 103 104 105 106 107 108 109 110 111
1 1 1 1 1 1 1 1 1 1 1 1 1 1 1 1 1 1 1 1 1 1 1 1 1 1 1 1 1 1 1 1 1 1 1 1 1 1 1 1 1 1 1 1 1 1 1 1 1 1 1 1 1 1 1 1 1 1 1 1 1 1 1 1 1 1 1 1 1 1 1 1 1 1 1 1 1 1 1 1 1 1 1 1 1 1 1 1 1 1 1 1 1 1 1 1 1 1 1 1 1 1 1 1 1 1 1 1 1 1 1
77 88
8 88
73 88
105 88
81 88
88 47
88 101
88 98
88 83
56 88
88 1
88 4
41 88
106 88
88 74
88 11
84 88
88 55
60 88
79 88
66 88
88 90
6 88
5 88
88 51
88 40
88 64
88 89
12 88
48 88
93 88
42 88
88 80
100 88
2 88
88 34
24 88
107 88
10 88
88 50
29 88
88 14
88 53
88 22
88 30
88 43
88 87
88 57
91 88
88 68
88 70
88 72
69 88
88 33
88 67
46 88
78 88
88 75
25 88
76 88
28 88
111 88
88 49
88 7
88 62
88 54
110 88
82 88
88 38
92 88
88 31
102 88
88 52
85 88
15 88
88 61
103 88
88 17
18 88
88 20
88 35
16 88
88 104
88 37
108 88
95 88
88 99
88 13
88 97
88 26
36 88
63 88
88 27
88 32
88 59
19 88
94 88
23 88
21 88
88 39
88 9
88 86
96 88
88 3
88 45
88 109
58 88
88 65
71 88
88 44
88 87
1 2 3 4 5 6 7 8 9 10 11 12 13 14 15 16 17 18 19 20 21 22 23 24 25 26 27 28 29 30 31 32 33 34 35 36 37 38 39 40 41 42 43 44 45 46 47 48 49 50 51 52 53 54 55 56 57 58 59 60 61 62 63 64 65 66 67 68 69 70 71 72 73 74 75 76 77 78 79 80 81 82 83 84 85 86 87 88
1 2 3 4 5 6 7 8 9 10 10 12 13 5 15 10 17 5 19 20 5 10 23 24 10 26 5 28 5 30 5 32 10 5 35 10 37 38 39 5 10 42 10 10 45 10 47 10 49 5 51 52 53 10 55 56 57 58 10 5 10 62 10 64 10 5 5 68 69 70 10 72 73 10 10 29 77 10 79 10 5 82 83 10 10 86 87 88
62 29
29 42
2 29
29 52
29 41
29 36
47 29
9 29
54 29
29 64
8 29
29 24
29 56
29 76
43 29
29 15
11 29
29 30
65 29
26 29
66 29
19 29
29 3
29 80
29 53
29 48
21 29
78 29
44 29
32 29
29 13
29 51
29 22
25 29
29 61
88 29
49 29
20 29
29 40
55 29
29 70
29 59
29 50
29 6
16 29
29 79
46 29
67 29
57 29
27 29
35 29
33 29
87 29
18 29
73 29
29 84
10 29
34 29
45 29
29 37
63 29
58 29
72 29
12 29
29 74
82 29
29 60
39 29
7 29
31 29
29 38
85 29
29 71
29 1
29 75
29 4
5 29
69 29
29 17
28 29
83 29
29 68
77 29
81 29
23 29
29 86
29 14
102 101
1 2 3 4 5 6 7 8 9 10 11 12 13 14 15 16 17 18 19 20 21 22 23 24 25 26 27 28 29 30 31 32 33 34 35 36 37 38 39 40 41 42 43 44 45 46 47 48 49 50 51 52 53 54 55 56 57 58 59 60 61 62 63 64 65 66 67 68 69 70 71 72 73 74 75 76 77 78 79 80 81 82 83 84 85 86 87 88 89 90 91 92 93 94 95 96 97 98 99 100 101 102
1 1 1 1 1 3 1 1 1 1 1 1 1 1 1 1 16 1 1 1 1 1 1 1 7 1 1 1 1 1 1 1 1 1 1 1 1 1 1 1 1 1 1 1 1 1 1 1 1 1 1 1 1 1 1 1 1 1 1 1 1 1 1 1 1 1 1 1 1 1 1 1 1 1 1 1 1 1 1 1 1 1 1 1 1 1 1 1 1 1 1 1 1 1 1 1 1 1 1 1 1 1
99 84
84 85
84 40
84 1
84 33
23 84
94 84
84 6
43 84
42 84
27 84
84 39
73 84
22 84
87 84
10 84
84 19
49 84
18 84
84 61
84 68
84 100
84 34
84 26
84 9
83 84
89 84
15 84
14 84
84 8
75 84
84 69
74 84
84 59
46 84
65 84
84 70
90 84
84 45
84 63
84 11
28 84
84 86
5 84
71 84
47 84
84 62
36 84
58 84
84 37
17 84
72 84
84 38
3 84
92 84
32 84
51 84
52 84
7 84
4 84
91 84
84 35
76 84
96 84
84 29
84 41
84 66
50 84
84 98
82 84
84 78
84 88
84 81
84 80
67 84
84 55
2 84
77 84
84 21
84 30
25 84
84 57
84 13
84 56
84 44
24 84
84 48
84 53
84 20
54 84
84 95
84 79
84 12
101 84
84 31
60 84
93 84
97 84
84 64
16 84
84 102
120 119
63 87 70 72 82 81 38 31 59 89 15 38 24 68 114 90 93 104 26 45 23 25 113 101 18 87 76 106 85 94 107 11 25 100 58 106 37 102 114 84 85 84 32 82 118 72 29 11 75 3 69 103 51 73 32 29 1 32 20 38 83 20 17 64 44 86 116 84 66 16 68 56 33 91 72 86 94 105 71 59 12 35 70 17 90 45 6 22 19 37 43 59 20 71 6 85 114 68 68 103 18 70 13 13 71 70 29 75 72 86 23 100 71 31 13 28 83 77 81 39
1 1 1 1 1 1 1 1 1 1 1 1 1 1 1 1 1 1 1 1 1 1 1 1 1 1 1 1 1 1 1 1 1 1 1 1 1 1 1 1 1 1 1 1 1 1 1 1 1 1 1 1 1 1 1 1 1 1 1 1 1 1 1 1 1 1 1 1 1 1 1 1 1 1 1 1 1 1 1 1 1 1 1 1 1 1 6 1 1 1 1 1 1 1 1 1 1 1 1 1 1 1 1 1 1 1 1 1 1 1 1 1 1 1 1 1 1 1 1 1
92 68
92 8
92 7
16 92
92 44
19 92
11 92
92 105
92 49
92 98
92 91
92 66
24 92
88 92
42 92
79 92
25 92
31 92
54 92
12 92
33 92
92 65
92 100
41 92
47 92
92 20
116 92
119 92
59 92
18 92
81 92
97 92
5 92
102 92
93 92
108 92
92 29
92 61
92 13
96 92
92 78
94 92
2 92
84 92
92 14
114 92
89 92
92 77
92 90
92 110
92 10
92 27
92 43
26 92
92 48
92 82
92 53
92 117
39 92
92 17
92 6
95 92
92 87
36 92
92 103
37 92
45 92
92 21
92 118
4 92
92 111
92 104
92 80
92 83
92 9
50 92
92 62
74 92
38 92
92 99
92 58
113 92
92 73
92 75
92 30
51 92
92 70
64 92
92 71
101 92
35 92
92 63
23 92
112 92
92 28
92 67
92 69
52 92
109 92
92 32
120 92
15 92
92 1
72 92
92 3
92 34
22 92
92 57
92 76
60 92
56 92
92 86
92 40
106 92
92 107
115 92
55 92
92 46
92 85
94 93
6 19 55 47 93 52 17 82 11 62 27 79 62 24 8 14 69 41 43 5 21 25 34 31 8 76 12 58 37 14 5 93 14 36 79 24 38 76 1 38 59 76 72 92 82 82 18 18 42 22 48 67 6 6 1 67 27 49 28 54 8 30 18 27 92 47 77 18 46 60 37 78 78 88 94 56 86 14 74 8 35 61 15 81 59 15 17 37 81 83 93 69 38 51
1 1 1 1 1 1 1 1 1 1 1 1 1 1 1 1 1 1 1 1 1 1 1 1 1 1 1 1 1 1 1 1 1 1 1 1 1 1 1 1 1 1 1 1 1 1 1 1 1 1 1 1 1 1 1 1 1 1 1 1 1 1 1 1 1 1 1 1 1 1 1 1 1 1 1 1 1 1 1 1 1 1 1 1 1 1 1 1 1 1 1 1 1 1
59 23
23 67
34 23
23 94
54 23
23 46
23 3
21 23
50 23
12 23
23 2
23 76
23 78
13 23
23 9
23 29
23 63
56 23
60 23
23 14
64 23
15 23
23 8
24 23
35 23
16 23
57 23
23 75
74 23
23 42
92 23
23 22
23 33
68 23
77 23
25 23
1 23
43 23
23 5
23 69
11 23
23 87
23 17
23 41
23 27
23 19
23 86
23 51
93 23
83 23
23 10
85 23
23 79
23 90
23 48
23 47
23 37
6 23
23 82
52 23
45 23
71 23
18 23
23 4
23 44
81 23
28 23
23 55
23 84
62 23
23 65
58 23
23 26
23 80
73 23
23 32
61 23
23 49
23 53
23 20
23 36
23 39
70 23
66 23
40 23
38 23
23 72
88 23
23 31
23 89
23 7
30 23
23 91
100 99
1 2 3 4 5 6 7 8 9 10 11 12 13 14 15 16 17 18 19 20 21 22 23 24 25 26 27 28 29 30 31 32 33 34 35 36 37 38 39 40 41 42 43 44 45 46 47 48 49 50 51 52 53 54 55 56 57 58 59 60 61 62 63 64 65 66 67 68 69 70 71 72 73 74 75 76 77 78 79 80 81 82 83 84 85 86 87 88 89 90 91 92 93 94 95 96 97 98 99 100
1 1 1 1 1 1 1 1 1 1 1 1 1 1 1 1 1 1 1 1 1 1 1 1 1 1 1 1 1 1 1 1 1 1 1 1 1 1 1 1 1 1 1 1 1 1 1 1 1 1 1 1 1 1 1 1 1 1 1 1 1 1 1 1 1 1 1 1 1 1 1 1 1 1 1 1 1 1 1 1 1 1 1 1 1 1 1 1 1 1 1 1 1 1 1 1 1 1 1 1
42 52
42 47
42 38
67 42
82 42
42 20
3 42
42 94
22 42
59 42
88 42
50 42
11 42
66 42
2 42
48 42
23 42
34 42
45 42
42 90
93 42
42 87
61 42
42 73
96 42
42 8
41 42
42 26
9 42
42 16
69 42
42 49
42 25
42 19
28 42
42 56
60 42
83 42
42 37
80 42
14 42
42 95
42 53
33 42
64 42
92 42
42 44
57 42
42 10
42 85
32 42
40 42
42 7
54 42
42 75
77 42
42 35
15 42
39 42
42 24
42 68
71 42
42 31
36 42
81 42
86 42
42 27
42 78
100 42
30 42
65 42
6 42
99 42
42 1
70 42
42 29
42 97
13 42
42 89
76 42
42 79
42 72
21 42
42 62
42 84
42 12
74 42
98 42
58 42
4 42
91 42
55 42
42 51
42 46
43 42
5 42
18 42
63 42
17 42
114 113
1 2 3 4 5 6 7 8 9 10 11 12 13 14 15 16 17 18 19 20 21 22 23 24 25 26 27 28 29 30 31 32 33 34 35 36 37 38 39 40 41 42 43 44 45 46 47 48 49 50 51 52 53 54 55 56 57 58 59 60 61 62 63 64 65 66 67 68 69 70 71 72 73 74 75 76 77 78 79 80 81 82 83 84 85 86 87 88 89 90 91 92 93 94 95 96 97 98 99 100 101 102 103 104 105 106 107 108 109 110 111 112 113 114
1 2 3 4 5 2 7 5 2 2 11 2 13 2 15 15 17 2 5 2 21 22 23 24 25 26 27 2 29 30 31 32 33 2 35 36 37 38 39 2 5 42 43 44 45 46 2 48 5 50 51 2 5 2 55 2 57 58 59 60 61 62 2 64 2 2 2 68 69 5 71 2 2 2 15 76 77 2 79 80 2 82 2 2 2 86 87 88 2 2 91 92 2 94 2 96 2 98 15 2 2 5 2 104 105 106 2 101 109 110 5 2 2 15
94 101
9 101
34 101
81 101
73 101
6 101
77 101
41 101
101 8
101 50
101 113
11 101
101 40
101 46
101 18
101 20
52 101
101 32
67 101
78 101
1 101
101 35
104 101
101 100
25 101
101 39
22 101
101 108
101 61
101 48
62 101
101 45
101 28
101 70
16 101
110 101
90 101
101 31
101 85
101 23
3 101
101 4
114 101
27 101
101 30
101 65
80 101
101 12
60 101
101 72
101 103
101 29
101 64
101 43
86 101
76 101
101 15
21 101
92 101
63 101
101 66
82 101
38 101
101 53
14 101
112 101
101 44
97 101
101 87
58 101
101 36
2 101
51 101
74 101
106 101
33 101
57 101
101 54
102 101
111 101
101 93
101 59
19 101
88 101
101 26
101 10
101 75
101 7
96 101
101 17
91 101
37 101
47 101
101 105
101 95
89 101
69 101
68 101
42 101
56 101
79 101
101 13
101 83
101 55
84 101
101 24
101 107
101 98
101 71
5 101
109 101
99 101
101 49
110 109
1 2 3 4 5 6 7 8 9 10 11 12 13 14 15 16 17 18 19 20 21 22 23 24 25 26 27 28 29 30 31 32 33 34 35 36 37 38 39 40 41 42 43 44 45 46 47 48 49 50 51 52 53 54 55 56 57 58 59 60 61 62 63 64 65 66 67 68 69 70 71 72 73 74 75 76 77 78 79 80 81 82 83 84 85 86 87 88 89 90 91 92 93 94 95 96 97 98 99 100 101 102 103 104 105 106 107 108 109 110
1 1 1 1 1 1 1 1 1 1 1 1 1 1 1 1 1 1 1 1 1 1 21 1 1 1 1 1 1 1 1 1 1 1 1 1 1 1 1 1 1 1 1 1 1 1 1 1 1 1 1 1 1 1 1 1 1 1 1 1 1 1 1 1 1 1 1 1 1 1 1 1 1 1 1 1 1 1 1 1 1 1 1 1 1 1 1 1 1 1 1 1 1 1 1 1 1 1 1 1 1 1 1 1 1 1 1 1 1 1
108 91
98 108
21 108
108 32
58 108
83 108
3 108
108 5
10 108
52 108
16 108
108 28
108 41
56 108
108 63
108 30
24 108
7 108
108 110
107 108
109 108
108 29
43 108
108 97
36 108
57 108
53 108
108 67
108 6
82 108
108 25
35 108
108 26
33 108
108 84
59 108
108 72
100 108
89 108
108 2
73 108
108 95
108 80
88 108
108 101
108 44
27 108
87 108
108 86
17 108
108 104
108 39
108 94
108 99
74 108
108 78
54 108
108 62
108 90
108 81
40 108
12 108
38 108
8 108
23 108
108 15
108 47
46 108
31 108
108 102
76 108
108 50
108 60
108 45
108 70
55 108
108 1
108 71
9 108
19 108
85 108
108 37
108 92
108 105
108 65
108 69
103 108
49 108
11 108
108 77
64 108
108 20
13 108
18 108
93 108
75 108
61 108
106 108
108 48
108 66
51 108
108 22
108 96
108 42
108 14
108 4
34 108
79 108
108 68
102 101
1 2 3 4 5 6 7 8 9 10 11 12 13 14 15 16 17 18 19 20 21 22 23 24 25 26 27 28 29 30 31 32 33 34 35 36 37 38 39 40 41 42 43 44 45 46 47 48 49 50 51 52 53 54 55 56 57 58 59 60 61 62 63 64 65 66 67 68 69 70 71 72 73 74 75 76 77 78 79 80 81 82 83 84 85 86 87 88 89 90 91 92 93 94 95 96 97 98 99 100 101 102
1 1 1 1 1 1 1 1 1 1 1 1 1 1 1 1 1 1 1 1 1 1 1 1 1 1 1 1 1 1 1 1 1 1 1 1 1 1 1 1 1 1 1 1 1 1 1 1 1 1 1 1 1 1 1 1 1 1 1 1 1 1 1 1 1 1 1 1 1 1 1 1 1 1 1 1 1 1 1 1 1 1 1 1 1 1 1 1 1 1 1 1 1 1 1 1 1 1 1 1 1 1
64 17
7 17
17 35
17 50
91 17
17 63
17 52
17 18
82 17
17 53
17 9
34 17
17 30
17 71
17 65
4 17
97 17
92 17
57 17
17 1
74 17
17 61
17 67
17 93
101 17
23 17
17 66
78 17
17 55
33 17
17 32
83 17
17 36
17 69
17 39
59 17
17 12
42 17
10 17
17 24
48 17
17 72
58 17
17 56
62 17
5 17
26 17
14 17
17 41
17 73
96 17
75 17
17 51
8 17
17 44
17 15
17 81
17 77
88 17
17 79
17 76
87 17
17 85
17 98
19 17
28 17
17 84
46 17
29 17
13 17
17 102
20 17
47 17
45 17
95 17
99 17
25 17
17 70
6 17
17 94
17 43
17 21
86 17
17 11
54 17
17 16
17 49
80 17
27 17
68 17
31 17
89 17
22 17
17 100
17 37
17 60
17 38
17 3
17 40
90 17
17 2
106 105
1 2 3 4 5 6 7 8 9 10 11 12 13 14 15 16 17 18 19 20 21 22 23 24 25 26 27 28 29 30 31 32 33 34 35 36 37 38 39 40 41 42 43 44 45 46 47 48 49 50 51 52 53 54 55 56 57 58 59 60 61 62 63 64 65 66 67 68 69 70 71 72 73 74 75 76 77 78 79 80 81 82 83 84 85 86 87 88 89 90 91 92 93 94 95 96 97 98 99 100 101 102 103 104 105 106
1 1 1 1 1 1 1 1 1 1 1 1 1 1 1 1 1 1 1 1 1 1 1 1 1 1 1 1 1 1 1 1 33 1 1 1 1 1 1 1 1 1 1 1 1 1 1 1 1 1 1 1 1 1 1 1 1 1 1 1 1 1 1 1 1 1 1 1 1 1 1 1 1 1 1 1 1 1 1 1 1 1 1 1 1 1 1 1 1 1 1 1 1 1 1 1 1 1 1 1 1 1 1 1 1 1
60 51
86 60
60 59
60 83
106 60
26 60
60 87
60 104
60 6
60 53
19 60
54 60
71 60
1 60
60 75
60 24
60 101
2 60
64 60
82 60
60 70
60 74
67 60
60 34
60 10
60 46
60 18
60 91
60 5
60 16
60 20
60 25
105 60
58 60
60 17
47 60
81 60
60 94
60 42
48 60
96 60
100 60
60 98
43 60
60 13
69 60
29 60
32 60
60 68
85 60
12 60
41 60
60 39
73 60
45 60
60 90
60 92
62 60
60 76
80 60
60 95
60 55
37 60
60 97
44 60
78 60
60 35
60 8
9 60
60 21
52 60
60 38
60 11
60 30
60 40
66 60
28 60
60 50
60 23
63 60
102 60
60 27
4 60
57 60
60 61
60 77
88 60
3 60
60 15
60 33
7 60
60 36
93 60
56 60
60 79
60 99
89 60
22 60
49 60
60 84
60 103
14 60
60 31
60 72
65 60
117 116
9 50 81 17 96 3 4 43 23 115 101 60 28 104 6 74 53 72 24 56 98 113 105 97 116 84 4 80 94 96 1 32 82 105 108 46 22 7 104 33 3 117 76 51 91 37 2 99 83 104 31 68 74 12 114 13 64 33 97 39 21 72 10 113 18 117 95 22 44 40 52 108 27 95 70 51 26 37 53 27 117 52 6 96 81 107 75 10 10 78 69 49 1 69 29 65 38 8 89 36 62 41 61 96 112 96 96 14 33 103 76 26 65 116 93 1 54
1 1 1 1 1 1 4 1 1 1 1 1 1 1 1 1 1 1 1 1 1 1 1 1 1 1 1 1 1 1 1 1 1 1 1 1 1 1 1 1 1 1 1 1 1 1 1 1 1 1 1 1 1 1 1 1 1 1 1 1 1 1 1 1 1 1 1 1 1 40 1 1 1 1 1 1 1 1 1 1 1 1 1 1 1 1 1 1 1 1 1 1 1 1 1 1 1 1 1 1 1 1 1 1 1 1 1 1 1 1 1 1 1 1 1 1 1
87 42
42 89
82 42
42 85
42 30
42 26
13 42
42 25
104 42
67 42
42 44
39 42
42 33
102 42
42 97
42 34
42 79
115 42
56 42
42 113
37 42
6 42
42 80
42 70
9 42
42 105
42 40
61 42
42 112
42 41
42 100
54 42
42 20
109 42
42 49
42 86
92 42
42 24
42 5
42 17
42 10
91 42
42 47
42 32
42 88
16 42
53 42
35 42
42 8
42 45
42 57
42 60
3 42
42 52
27 42
42 59
7 42
48 42
96 42
42 76
69 42
42 2
22 42
42 12
83 42
36 42
42 103
38 42
51 42
42 107
62 42
94 42
28 42
42 58
42 117
42 116
19 42
108 42
93 42
43 42
42 81
42 64
42 23
11 42
78 42
29 42
42 71
42 55
65 42
1 42
75 42
68 42
42 63
42 106
42 46
42 66
95 42
84 42
73 42
31 42
74 42
18 42
101 42
72 42
42 90
14 42
21 42
15 42
42 77
99 42
42 111
42 50
42 110
114 42
98 42
4 42
87 86
70 17 31 43 57 14 15 16 68 46 12 71 39 37 12 30 30 69 85 9 75 45 20 36 84 63 84 86 35 9 56 32 54 54 5 57 26 4 30 64 15 19 56 38 48 70 69 10 19 80 54 16 35 72 66 48 16 86 37 33 28 40 53 72 80 9 38 4 49 71 81 62 49 72 9 87 66 26 41 27 38 27 14 17 67 86 14
5 5 31 43 5 5 15 5 5 5 12 5 5 5 12 30 5 69 85 9 75 5 20 36 5 5 84 5 35 5 56 32 5 54 5 5 26 4 30 4 15 5 5 5 5 5 5 10 19 5 54 16 35 5 66 5 16 5 37 33 5 5 53 72 5 9 38 4 5 71 81 5 49 72 5 5 5 5 41 27 5 5 14 17 67 5 14
39 50
8 50
50 72
42 50
70 50
50 37
50 48
50 40
50 52
50 62
50 73
38 50
50 56
51 50
50 77
54 50
85 50
41 50
50 64
50 76
25 50
9 50
50 10
50 83
31 50
50 59
50 44
50 49
67 50
4 50
17 50
74 50
50 36
50 45
50 27
69 50
33 50
29 50
61 50
19 50
16 50
50 15
30 50
55 50
50 12
50 87
13 50
50 35
65 50
50 53
47 50
50 21
50 81
22 50
50 60
24 50
5 50
80 50
50 78
50 86
50 46
50 14
82 50
26 50
6 50
50 11
28 50
7 50
50 57
43 50
1 50
50 34
68 50
50 32
58 50
84 50
50 63
50 20
18 50
23 50
50 79
2 50
50 3
50 66
50 75
71 50
98 97
1 2 3 4 5 6 7 8 9 10 11 12 13 14 15 16 17 18 19 20 21 22 23 24 25 26 27 28 29 30 31 32 33 34 35 36 37 38 39 40 41 42 43 44 45 46 47 48 49 50 51 52 53 54 55 56 57 58 59 60 61 62 63 64 65 66 67 68 69 70 71 72 73 74 75 76 77 78 79 80 81 82 83 84 85 86 87 88 89 90 91 92 93 94 95 96 97 98
1 2 3 4 5 6 7 8 4 4 4 12 13 14 12 16 17 18 19 20 4 22 4 24 25 4 27 4 4 30 4 32 4 34 35 4 37 4 39 8 41 42 8 44 45 4 47 48 49 50 4 52 53 54 55 4 4 58 4 60 4 62 4 4 4 66 12 4 4 70 4 4 73 74 75 76 8 78 79 80 81 7 4 84 85 86 4 7 89 90 4 92 4 4 4 96 97 98
94 69
23 94
33 94
76 94
16 94
39 94
25 94
94 97
94 62
94 4
67 94
50 94
55 94
74 94
95 94
11 94
94 92
94 22
94 9
94 14
17 94
94 73
94 64
94 41
94 80
94 34
59 94
78 94
68 94
94 49
94 24
94 63
47 94
94 31
94 86
94 56
82 94
94 20
37 94
94 45
54 94
81 94
94 44
94 13
94 52
94 90
94 61
38 94
72 94
96 94
30 94
71 94
94 32
83 94
53 94
12 94
94 87
1 94
94 66
94 7
58 94
19 94
94 21
29 94
94 42
94 35
77 94
57 94
91 94
5 94
94 60
94 10
94 79
98 94
3 94
2 94
94 85
65 94
94 27
6 94
15 94
94 48
8 94
94 18
70 94
94 75
94 43
88 94
94 89
94 28
84 94
51 94
94 36
93 94
26 94
40 94
46 94
117 116
1 2 3 4 5 6 7 8 9 10 11 12 13 14 15 16 17 18 19 20 21 22 23 24 25 26 27 28 29 30 31 32 33 34 35 36 37 38 39 40 41 42 43 44 45 46 47 48 49 50 51 52 53 54 55 56 57 58 59 60 61 62 63 64 65 66 67 68 69 70 71 72 73 74 75 76 77 78 79 80 81 82 83 84 85 86 87 88 89 90 91 92 93 94 95 96 97 98 99 100 101 102 103 104 105 106 107 108 109 110 111 112 113 114 115 116 117
1 1 1 1 1 1 1 1 1 1 1 1 1 1 1 1 1 1 1 1 1 1 1 1 1 1 1 1 1 1 1 1 1 1 1 1 1 1 1 1 1 1 1 1 1 1 1 1 1 1 1 1 1 1 1 1 1 1 1 1 1 1 1 1 1 1 1 1 1 1 1 1 1 1 1 1 1 1 1 1 1 1 1 1 1 1 1 1 1 1 1 1 1 1 1 1 1 1 1 1 1 1 1 1 1 1 1 1 1 1 1 1 1 1 1 1 1
89 113
57 89
89 73
89 78
89 29
89 68
21 89
51 89
89 74
82 89
103 89
58 89
89 13
89 83
45 89
89 16
88 89
49 89
89 106
89 33
8 89
89 117
89 105
91 89
89 76
31 89
65 89
89 35
89 25
89 92
72 89
89 100
110 89
93 89
10 89
89 87
89 14
89 24
89 36
22 89
89 55
43 89
89 107
15 89
108 89
59 89
7 89
102 89
11 89
89 48
111 89
54 89
89 32
89 62
89 101
9 89
79 89
56 89
26 89
89 77
89 109
37 89
86 89
89 3
89 1
89 52
60 89
104 89
89 61
99 89
71 89
81 89
89 18
89 34
89 6
44 89
4 89
30 89
19 89
89 47
41 89
89 64
23 89
97 89
95 89
115 89
116 89
89 46
38 89
20 89
89 53
67 89
17 89
112 89
63 89
89 28
40 89
89 2
42 89
89 69
89 90
80 89
89 39
89 5
89 66
89 27
89 94
85 89
89 70
89 12
89 96
84 89
75 89
89 98
50 89
89 114
91 90
1 2 3 4 5 6 7 8 9 10 11 12 13 14 15 16 17 18 19 20 21 22 23 24 25 26 27 28 29 30 31 32 33 34 35 36 37 38 39 40 41 42 43 44 45 46 47 48 49 50 51 52 53 54 55 56 57 58 59 60 61 62 63 64 65 66 67 68 69 70 71 72 73 74 75 76 77 78 79 80 81 82 83 84 85 86 87 88 89 90 91
1 2 3 4 5 3 3 3 9 10 3 12 13 3 15 16 17 3 19 3 3 22 23 3 25 26 3 28 29 1 31 3 3 3 35 36 3 38 39 3 41 3 3 3 3 46 47 48 49 3 51 3 3 3 55 3 3 58 3 3 3 62 63 64 65 66 67 3 69 3 3 3 3 74 75 76 3 78 79 3 35 82 3 3 85 35 3 3 3 90 3
50 76
7 50
81 50
50 19
52 50
65 50
50 56
50 62
83 50
64 50
50 58
23 50
50 5
50 26
1 50
50 28
60 50
50 32
50 20
50 90
85 50
33 50
50 48
71 50
77 50
87 50
50 25
46 50
88 50
40 50
38 50
3 50
50 8
66 50
75 50
50 13
10 50
50 55
67 50
50 14
86 50
50 89
50 21
39 50
36 50
73 50
50 63
17 50
80 50
50 35
11 50
6 50
50 54
50 4
24 50
50 27
50 45
18 50
50 41
50 78
50 61
50 68
50 47
50 82
50 37
50 42
2 50
50 84
50 57
49 50
50 9
30 50
31 50
50 72
79 50
53 50
50 12
34 50
50 16
50 91
50 51
70 50
50 15
50 74
43 50
50 22
69 50
50 59
50 44
50 29
118 117
1 2 3 4 5 6 7 8 9 10 11 12 13 14 15 16 17 18 19 20 21 22 23 24 25 26 27 28 29 30 31 32 33 34 35 36 37 38 39 40 41 42 43 44 45 46 47 48 49 50 51 52 53 54 55 56 57 58 59 60 61 62 63 64 65 66 67 68 69 70 71 72 73 74 75 76 77 78 79 80 81 82 83 84 85 86 87 88 89 90 91 92 93 94 95 96 97 98 99 100 101 102 103 104 105 106 107 108 109 110 111 112 113 114 115 116 117 118
1 1 1 1 1 1 1 1 1 1 1 1 1 1 1 1 1 1 1 1 1 1 1 1 1 1 1 1 1 1 1 32 1 1 1 1 1 1 1 1 1 1 1 1 1 1 1 1 1 1 1 1 1 1 1 1 1 1 1 1 1 1 1 1 1 1 1 1 1 1 1 1 1 1 1 1 1 1 1 1 1 1 1 1 1 1 1 1 1 1 1 1 1 1 1 1 1 1 1 1 1 1 1 1 1 1 1 1 1 1 1 1 1 1 1 1 1 1
92 10
61 92
92 76
92 53
62 92
113 92
27 92
92 101
12 92
23 92
75 92
92 77
7 92
92 21
92 25
92 111
66 92
92 65
92 8
108 92
72 92
92 106
98 92
99 92
46 92
112 92
107 92
30 92
74 92
92 5
54 92
59 92
90 92
92 84
13 92
50 92
92 42
114 92
92 43
92 39
64 92
92 44
92 83
92 31
92 70
92 56
49 92
92 38
79 92
9 92
109 92
17 92
51 92
92 52
89 92
88 92
92 80
68 92
92 96
92 85
95 92
92 115
92 3
71 92
92 48
1 92
92 55
37 92
58 92
92 57
116 92
92 60
118 92
82 92
16 92
92 2
15 92
92 6
92 93
92 103
92 104
92 19
92 40
92 14
11 92
94 92
24 92
92 63
92 29
47 92
41 92
91 92
20 92
18 92
73 92
110 92
36 92
92 86
100 92
28 92
97 92
92 81
4 92
92 26
45 92
67 92
117 92
102 92
92 34
92 87
35 92
33 92
92 105
92 22
92 69
78 92
32 92
111 110
83 32 67 29 110 14 61 16 67 78 59 16 5 22 24 25 59 75 22 93 80 73 50 23 103 63 104 7 13 98 23 63 88 15 80 12 95 26 88 32 105 3 76 28 82 89 93 93 43 52 87 39 86 41 20 61 39 57 52 26 70 35 44 80 89 96 65 8 79 30 58 71 37 76 33 2 28 92 1 3 70 62 64 41 108 77 21 53 91 41 25 82 76 93 10 106 79 1 47 50 102 27 96 51 33 3 53 29 8 83 86
83 1 67 29 110 14 1 16 67 1 59 3 1 3 3 25 3 75 22 93 73 3 50 23 1 63 104 7 13 98 23 63 1 1 1 1 95 1 88 1 105 3 76 28 3 3 1 93 43 52 87 39 3 1 3 61 5 57 52 26 1 35 44 80 3 3 65 3 79 30 58 1 37 1 3 2 3 92 1 1 70 1 64 41 108 1 21 53 91 1 25 1 1 93 10 3 79 1 1 1 1 5 96 51 33 3 1 1 3 83 86
13 7
13 60
13 108
13 99
13 110
13 32
77 13
72 13
5 13
45 13
71 13
13 15
13 92
13 57
10 13
42 13
13 44
51 13
13 30
13 59
102 13
43 13
25 13
14 13
68 13
103 13
13 38
76 13
11 13
13 2
13 21
13 53
13 65
18 13
105 13
13 86
13 106
37 13
12 13
39 13
63 13
13 22
13 69
33 13
58 13
24 13
62 13
13 20
13 23
36 13
56 13
8 13
17 13
41 13
13 79
13 55
90 13
13 94
35 13
91 13
13 82
4 13
13 16
96 13
104 13
73 13
13 26
74 13
78 13
13 3
61 13
13 1
87 13
111 13
40 13
13 81
13 83
13 84
28 13
13 64
13 66
13 29
13 48
13 34
13 52
19 13
13 95
27 13
93 13
9 13
13 100
13 107
13 67
13 101
13 6
70 13
80 13
85 13
13 109
89 13
13 31
13 46
13 49
13 98
75 13
13 97
50 13
13 54
47 13
13 88
110 109
1 2 3 4 5 6 7 8 9 10 11 12 13 14 15 16 17 18 19 20 21 22 23 24 25 26 27 28 29 30 31 32 33 34 35 36 37 38 39 40 41 42 43 44 45 46 47 48 49 50 51 52 53 54 55 56 57 58 59 60 61 62 63 64 65 66 67 68 69 70 71 72 73 74 75 76 77 78 79 80 81 82 83 84 85 86 87 88 89 90 91 92 93 94 95 96 97 98 99 100 101 102 103 104 105 106 107 108 109 110
1 2 3 4 4 6 7 4 9 10 9 3 13 14 9 4 4 4 19 4 21 22 23 24 9 26 18 28 9 30 31 4 33 34 35 36 4 38 4 9 41 42 6 44 4 46 9 48 49 50 12 52 40 54 9 4 9 58 59 4 9 9 63 4 65 66 4 68 69 70 71 72 12 4 75 9 9 78 9 4 9 4 83 84 9 86 4 9 18 90 4 9 93 4 95 9 4 98 4 100 101 102 103 104 105 4 9 9 109 110
11 18
18 1
18 83
53 18
38 18
18 74
18 91
94 18
96 18
18 44
46 18
26 18
40 18
18 27
20 18
18 79
71 18
108 18
18 107
21 18
25 18
60 18
18 101
18 61
9 18
14 18
18 81
48 18
18 23
18 13
18 92
18 72
18 52
84 18
18 8
18 63
18 105
18 77
18 88
47 18
104 18
50 18
31 18
58 18
18 62
18 39
18 49
18 68
18 16
42 18
2 18
18 30
18 99
34 18
24 18
18 15
18 76
59 18
18 73
18 10
18 7
18 85
18 36
18 106
18 87
18 54
90 18
109 18
18 102
18 29
18 37
41 18
95 18
5 18
18 86
18 45
18 75
18 98
18 103
78 18
6 18
18 56
32 18
18 65
12 18
28 18
100 18
82 18
57 18
70 18
4 18
17 18
64 18
69 18
18 67
18 55
97 18
18 43
18 3
18 22
18 51
19 18
110 18
18 93
33 18
18 80
18 89
35 18
18 66
95 94
1 2 3 4 5 6 7 8 9 10 11 12 13 14 15 16 17 18 19 20 21 22 23 24 25 26 27 28 29 30 31 32 33 34 35 36 37 38 39 40 41 42 43 44 45 46 47 48 49 50 51 52 53 54 55 56 57 58 59 60 61 62 63 64 65 66 67 68 69 70 71 72 73 74 75 76 77 78 79 80 81 82 83 84 85 86 87 88 89 90 91 92 93 94 95
1 2 3 4 5 6 7 8 6 10 11 12 6 14 15 6 17 18 19 6 21 22 23 6 25 6 6 28 29 6 6 6 6 6 6 36 6 38 39 6 41 6 6 6 6 46 6 6 49 6 6 52 53 6 55 6 57 58 6 6 27 62 6 64 65 66 67 68 37 6 71 72 73 6 6 6 77 6 79 80 81 6 83 84 6 6 87 6 89 6 6 92 93 6 95
28 43
58 43
43 53
12 43
43 1
43 69
43 70
43 85
43 39
43 90
43 21
43 6
43 9
43 84
43 22
95 43
43 54
43 36
43 37
43 86
43 18
35 43
63 43
43 13
43 76
49 43
5 43
57 43
43 61
79 43
75 43
43 7
19 43
60 43
43 80
91 43
83 43
16 43
43 81
48 43
62 43
43 45
43 77
50 43
32 43
26 43
94 43
10 43
43 41
43 47
43 73
43 89
43 46
43 59
43 66
8 43
43 68
43 92
72 43
56 43
43 87
78 43
43 31
43 27
43 38
43 65
43 25
52 43
43 34
43 51
43 74
42 43
43 4
33 43
43 29
30 43
64 43
43 15
44 43
93 43
43 71
43 40
43 3
43 2
24 43
14 43
82 43
88 43
17 43
23 43
55 43
11 43
43 20
67 43
101 100
1 2 3 4 5 6 7 8 9 10 11 12 13 14 15 16 17 18 19 20 21 22 23 24 25 26 27 28 29 30 31 32 33 34 35 36 37 38 39 40 41 42 43 44 45 46 47 48 49 50 51 52 53 54 55 56 57 58 59 60 61 62 63 64 65 66 67 68 69 70 71 72 73 74 75 76 77 78 79 80 81 82 83 84 85 86 87 88 89 90 91 92 93 94 95 96 97 98 99 100 101
1 2 1 4 1 6 7 1 1 10 11 12 1 14 6 1 1 18 19 1 1 1 1 24 25 26 27 28 29 30 31 32 33 34 35 36 37 1 1 40 1 42 1 44 1 46 47 48 49 1 6 52 53 54 6 6 1 6 1 60 6 1 63 64 6 1 67 1 1 70 71 1 73 1 75 76 77 78 1 80 1 82 1 84 1 86 87 88 6 90 1 92 1 94 1 6 6 1 99 100 1
51 41
59 41
23 41
41 32
41 42
41 76
30 41
31 41
41 21
41 79
85 41
56 41
41 58
62 41
94 41
41 100
83 41
41 28
41 37
41 93
97 41
41 89
41 99
98 41
68 41
41 53
54 41
41 33
80 41
45 41
49 41
41 101
72 41
41 78
96 41
41 91
88 41
57 41
41 34
41 29
10 41
8 41
22 41
27 41
41 11
41 47
2 41
61 41
41 25
41 7
41 74
41 12
41 43
86 41
41 5
41 90
41 16
41 77
41 6
41 55
24 41
81 41
41 35
41 67
41 38
36 41
41 40
4 41
64 41
41 82
17 41
41 92
41 18
46 41
41 39
20 41
41 95
13 41
44 41
48 41
41 15
1 41
69 41
14 41
9 41
41 66
75 41
70 41
41 63
41 52
60 41
19 41
3 41
41 26
41 65
84 41
73 41
41 50
41 71
41 87
86 85
1 2 3 4 5 6 7 8 9 10 11 12 13 14 15 16 17 18 19 20 21 22 23 24 25 26 27 28 29 30 31 32 33 34 35 36 37 38 39 40 41 42 43 44 45 46 47 48 49 50 51 52 53 54 55 56 57 58 59 60 61 62 63 64 65 66 67 68 69 70 71 72 73 74 75 76 77 78 79 80 81 82 83 84 85 86
1 2 3 4 1 5 7 8 9 1 1 12 1 1 15 16 17 5 5 20 21 22 23 24 5 26 27 28 29 30 5 32 1 5 1 36 1 1 39 40 41 42 43 44 5 5 1 1 49 50 1 1 53 54 27 1 57 58 59 60 5 62 63 5 65 5 1 1 69 1 1 72 1 74 5 76 77 5 79 80 81 1 83 1 85 1
5 21
5 22
38 5
5 33
49 5
41 5
5 69
5 47
5 83
40 5
5 80
2 5
51 5
77 5
5 81
5 82
57 5
5 12
15 5
5 28
5 59
78 5
44 5
74 5
5 7
5 58
85 5
5 30
5 16
5 31
79 5
5 13
53 5
5 1
45 5
5 11
5 66
5 29
34 5
5 24
37 5
60 5
39 5
26 5
61 5
18 5
5 70
35 5
5 27
3 5
5 20
75 5
5 56
8 5
64 5
5 52
62 5
86 5
19 5
5 36
48 5
6 5
5 43
5 23
5 25
5 68
5 10
14 5
17 5
5 76
5 32
4 5
55 5
5 73
72 5
50 5
5 54
5 84
67 5
63 5
5 9
5 71
42 5
5 65
46 5
118 117
22 84 50 112 86 41 69 97 7 18 44 114 115 110 20 96 39 35 93 76 111 76 28 24 74 79 82 118 79 97 17 1 88 53 63 72 102 41 22 72 85 47 78 94 73 44 38 69 67 57 8 102 97 15 113 117 43 22 98 10 57 36 3 108 45 99 44 58 84 117 40 85 19 25 33 69 16 81 55 82 99 63 6 25 34 48 38 95 81 21 34 99 67 2 11 31 83 91 51 110 34 68 97 47 111 42 8 40 54 51 112 20 79 11 106 32 31 83
22 84 50 3 11 41 11 97 7 18 11 11 115 11 20 96 39 11 93 3 111 3 11 11 11 79 82 118 11 97 17 1 88 53 3 3 102 41 22 72 85 47 78 3 73 44 11 69 67 57 8 28 97 3 113 3 43 11 3 10 57 11 3 3 3 11 3 11 84 28 3 85 11 25 33 69 3 81 3 3 99 63 6 25 11 3 38 3 3 21 28 3 67 2 11 11 83 11 11 11 34 45 3 47 111 42 8 40 54 51 11 3 79 11 106 11 31 83
65 45
65 114
44 65
65 108
20 65
65 46
110 65
58 65
65 17
95 65
47 65
26 65
65 1
52 65
106 65
65 30
41 65
65 37
94 65
76 65
65 91
49 65
109 65
112 65
15 65
64 65
96 65
82 65
65 55
34 65
65 56
65 78
118 65
65 72
65 7
65 98
65 111
65 21
33 65
65 89
54 65
65 35
65 85
65 87
65 104
65 62
60 65
65 6
24 65
65 81
65 39
65 43
65 8
65 23
70 65
65 117
102 65
65 77
32 65
19 65
65 90
2 65
65 50
18 65
36 65
65 93
65 61
65 9
65 40
63 65
67 65
65 57
12 65
4 65
99 65
65 74
69 65
3 65
38 65
113 65
97 65
65 51
25 65
65 48
65 105
65 88
65 92
65 107
79 65
65 103
65 42
65 29
65 71
65 66
68 65
115 65
86 65
13 65
83 65
65 14
75 65
27 65
10 65
31 65
65 28
100 65
65 59
16 65
65 11
65 22
65 53
65 5
84 65
65 101
65 80
65 116
65 73
83 82
68 52 14 31 83 26 60 37 61 10 50 40 47 37 61 64 42 58 16 34 19 26 47 16 55 19 11 43 15 1 41 19 75 42 72 10 53 8 56 34 43 83 30 36 81 66 72 4 58 31 54 36 44 76 23 52 8 59 13 25 41 75 40 51 38 70 32 28 40 13 26 39 39 56 48 74 63 66 66 15 36 52 39
68 52 14 31 1 1 1 1 1 1 1 40 1 1 61 64 42 58 16 34 19 26 1 16 55 19 11 1 15 1 1 1 1 1 72 1 53 1 1 34 1 8 30 36 1 8 72 4 1 31 54 1 44 1 23 8 8 1 8 25 41 75 1 1 8 70 32 28 40 1 26 39 39 1 48 74 63 1 66 15 36 52 39
14 11
53 11
11 57
27 11
11 23
33 11
10 11
11 5
11 39
59 11
36 11
11 58
41 11
11 49
46 11
11 4
50 11
11 25
11 60
48 11
66 11
11 1
11 18
26 11
3 11
11 12
11 76
11 37
11 52
11 38
54 11
11 13
15 11
31 11
69 11
11 44
11 21
2 11
70 11
83 11
11 24
11 34
11 79
62 11
8 11
45 11
72 11
67 11
82 11
71 11
11 73
22 11
11 29
75 11
11 78
74 11
11 68
64 11
11 47
32 11
80 11
65 11
20 11
63 11
42 11
7 11
11 61
11 77
81 11
30 11
56 11
40 11
11 55
6 11
11 43
11 17
9 11
51 11
11 28
19 11
11 16
11 35
102 101
1 2 3 4 5 6 7 8 9 10 11 12 13 14 15 16 17 18 19 20 21 22 23 24 25 26 27 28 29 30 31 32 33 34 35 36 37 38 39 40 41 42 43 44 45 46 47 48 49 50 51 52 53 54 55 56 57 58 59 60 61 62 63 64 65 66 67 68 69 70 71 72 73 74 75 76 77 78 79 80 81 82 83 84 85 86 87 88 89 90 91 92 93 94 95 96 97 98 99 100 101 102
1 1 1 1 1 1 1 1 1 1 1 1 1 1 1 1 1 1 1 1 1 1 1 1 1 1 1 1 1 1 1 1 1 1 1 1 1 1 1 1 1 1 1 1 1 1 1 1 1 1 1 1 40 1 1 1 1 1 1 1 1 1 1 1 1 1 1 1 1 1 1 1 1 1 1 1 1 1 1 1 1 1 1 1 1 1 1 1 1 1 1 1 1 1 1 1 1 1 1 1 1 1
47 1
1 21
1 80
77 1
1 54
97 1
1 29
1 13
41 1
1 5
50 1
1 20
1 98
1 52
30 1
32 1
53 1
79 1
25 1
1 71
51 1
23 1
35 1
1 82
43 1
62 1
1 39
27 1
14 1
1 12
37 1
4 1
49 1
1 90
1 56
1 84
72 1
73 1
1 70
1 58
1 33
1 85
1 101
17 1
1 15
69 1
1 24
67 1
92 1
1 86
1 36
1 10
1 34
1 55
1 61
1 76
1 74
19 1
2 1
1 18
57 1
31 1
48 1
1 22
40 1
1 3
78 1
99 1
87 1
6 1
28 1
1 7
1 66
65 1
11 1
1 96
59 1
1 38
1 91
93 1
42 1
1 68
26 1
1 60
1 8
88 1
1 64
1 83
1 75
1 81
1 46
100 1
63 1
89 1
16 1
1 94
9 1
44 1
1 45
1 102
1 95
96 95
54 12 65 85 83 28 17 65 15 47 33 87 78 93 70 16 85 96 88 11 80 57 52 73 12 75 28 16 29 30 82 72 25 61 96 96 59 57 51 10 1 4 60 90 47 22 46 11 42 12 2 59 61 4 54 74 23 34 73 63 43 46 65 67 47 83 38 4 29 1 4 19 86 45 45 6 90 12 52 87 17 59 83 3 37 58 6 11 69 45 14 23 67 58 47 14
1 1 1 1 1 1 1 1 1 1 1 1 1 1 1 1 1 1 1 1 1 1 1 1 1 1 1 1 1 1 1 1 1 1 1 1 1 1 1 1 1 1 1 1 1 1 1 1 1 1 1 1 1 1 1 1 1 1 1 1 1 1 1 1 1 1 1 1 1 1 1 1 1 1 1 1 1 1 1 1 1 1 1 1 1 1 1 1 1 1 1 1 1 1 1 1
53 65
53 23
62 53
32 53
53 57
53 26
5 53
19 53
53 94
67 53
53 93
53 78
37 53
53 4
53 30
15 53
3 53
53 12
53 90
11 53
20 53
53 66
29 53
53 83
48 53
53 50
47 53
56 53
73 53
53 36
53 95
53 55
74 53
77 53
53 51
53 69
70 53
53 46
54 53
53 84
53 22
53 59
88 53
53 41
53 89
72 53
53 14
25 53
81 53
85 53
63 53
91 53
53 7
18 53
53 40
79 53
71 53
53 87
53 58
53 27
53 9
42 53
53 49
53 1
2 53
33 53
53 68
53 45
39 53
28 53
53 10
43 53
17 53
53 52
53 6
24 53
53 76
53 35
53 82
53 34
53 44
13 53
64 53
53 16
53 96
53 75
53 92
21 53
53 31
61 53
80 53
86 53
8 53
53 60
53 38
98 97
1 2 3 4 5 6 7 8 9 10 11 12 13 14 15 16 17 18 19 20 21 22 23 24 25 26 27 28 29 30 31 32 33 34 35 36 37 38 39 40 41 42 43 44 45 46 47 48 49 50 51 52 53 54 55 56 57 58 59 60 61 62 63 64 65 66 67 68 69 70 71 72 73 74 75 76 77 78 79 80 81 82 83 84 85 86 87 88 89 90 91 92 93 94 95 96 97 98
1 1 1 1 1 1 1 1 1 1 1 1 1 1 1 1 1 1 1 1 1 1 1 1 1 1 1 1 1 1 1 1 1 1 1 1 1 1 1 1 1 1 1 1 1 1 1 1 1 1 1 1 1 1 1 1 1 1 1 1 1 1 1 1 1 1 1 1 1 1 1 1 1 1 1 1 1 1 1 1 1 1 1 1 1 1 1 1 1 1 1 1 1 1 1 1 1 1
21 80
21 20
71 21
77 21
13 21
21 46
45 21
10 21
58 21
34 21
33 21
59 21
21 53
50 21
21 97
48 21
32 21
51 21
21 29
12 21
21 1
21 60
16 21
21 72
89 21
21 7
3 21
21 38
21 56
85 21
82 21
21 69
9 21
21 24
21 39
21 57
21 23
21 74
21 65
21 6
78 21
63 21
68 21
21 18
75 21
21 79
70 21
21 62
21 93
21 90
76 21
54 21
25 21
4 21
40 21
73 21
21 47
27 21
55 21
21 19
21 28
88 21
21 83
87 21
21 96
21 31
21 92
21 2
35 21
22 21
42 21
30 21
91 21
95 21
21 44
21 81
21 49
37 21
21 84
21 43
21 5
21 26
21 94
64 21
61 21
21 11
21 14
98 21
21 15
21 8
17 21
52 21
21 66
21 36
86 21
67 21
21 41
94 93
1 2 3 4 5 6 7 8 9 10 11 12 13 14 15 16 17 18 19 20 21 22 23 24 25 26 27 28 29 30 31 32 33 34 35 36 37 38 39 40 41 42 43 44 45 46 47 48 49 50 51 52 53 54 55 56 57 58 59 60 61 62 63 64 65 66 67 68 69 70 71 72 73 74 75 76 77 78 79 80 81 82 83 84 85 86 87 88 89 90 91 92 93 94
1 1 1 1 1 1 1 1 1 1 1 2 1 1 1 1 1 1 1 1 1 1 1 1 1 1 1 1 1 1 1 1 1 1 1 1 1 1 1 1 1 1 1 1 1 1 1 1 1 1 1 1 1 1 1 1 1 1 1 1 1 1 1 1 1 1 1 1 1 1 1 1 1 1 1 1 1 58 1 1 1 1 1 1 1 1 1 1 1 1 1 1 1 1
41 4
16 4
11 4
4 51
2 4
4 13
4 12
65 4
4 29
85 4
4 75
4 3
90 4
4 14
47 4
7 4
25 4
93 4
24 4
4 31
4 53
4 49
94 4
70 4
64 4
86 4
32 4
45 4
46 4
78 4
5 4
4 73
4 6
4 60
4 62
38 4
39 4
69 4
87 4
19 4
4 67
4 54
26 4
35 4
4 72
4 80
4 22
4 71
4 84
4 77
4 76
4 30
4 23
4 61
82 4
28 4
4 91
36 4
59 4
56 4
4 63
4 66
18 4
44 4
4 40
4 89
81 4
57 4
4 83
58 4
21 4
52 4
4 1
34 4
4 74
4 48
88 4
4 33
17 4
4 79
4 9
4 55
4 15
42 4
4 10
4 92
4 37
8 4
4 43
20 4
4 50
68 4
4 27
113 112
1 2 3 4 5 6 7 8 9 10 11 12 13 14 15 16 17 18 19 20 21 22 23 24 25 26 27 28 29 30 31 32 33 34 35 36 37 38 39 40 41 42 43 44 45 46 47 48 49 50 51 52 53 54 55 56 57 58 59 60 61 62 63 64 65 66 67 68 69 70 71 72 73 74 75 76 77 78 79 80 81 82 83 84 85 86 87 88 89 90 91 92 93 94 95 96 97 98 99 100 101 102 103 104 105 106 107 108 109 110 111 112 113
1 1 1 1 1 1 1 1 1 1 1 1 1 1 1 1 1 1 1 1 1 1 1 1 1 1 1 1 1 1 1 1 1 1 1 1 1 1 1 1 1 1 1 1 1 1 1 1 1 1 1 1 1 1 1 1 1 1 1 1 1 1 1 1 1 1 1 1 1 1 1 1 1 1 1 1 1 1 1 1 1 1 1 1 1 1 1 1 1 1 1 1 1 1 1 1 1 1 1 1 1 1 1 1 1 1 1 1 1 1 1 1 1
69 19
1 19
51 19
19 50
19 5
107 19
19 23
19 109
19 47
85 19
88 19
62 19
40 19
74 19
19 80
53 19
19 30
94 19
19 43
61 19
15 19
36 19
48 19
19 93
12 19
19 82
19 84
55 19
91 19
19 73
19 108
92 19
83 19
100 19
19 24
19 63
19 71
19 59
19 81
103 19
65 19
16 19
19 39
19 86
112 19
19 90
101 19
19 2
68 19
19 97
52 19
44 19
102 19
31 19
54 19
25 19
4 19
64 19
19 110
28 19
19 45
19 104
19 70
19 18
19 33
22 19
8 19
19 13
7 19
105 19
19 34
98 19
58 19
19 66
46 19
29 19
95 19
19 9
19 57
21 19
38 19
72 19
19 106
19 60
89 19
37 19
19 14
19 27
17 19
19 67
19 41
56 19
19 20
10 19
78 19
76 19
19 99
19 6
19 79
75 19
26 19
19 11
19 111
19 35
19 42
19 87
32 19
19 3
19 77
49 19
19 96
19 113
97 96
1 2 3 4 5 6 7 8 9 10 11 12 13 14 15 16 17 18 19 20 21 22 23 24 25 26 27 28 29 30 31 32 33 34 35 36 37 38 39 40 41 42 43 44 45 46 47 48 49 50 51 52 53 54 55 56 57 58 59 60 61 62 63 64 65 66 67 68 69 70 71 72 73 74 75 76 77 78 79 80 81 82 83 84 85 86 87 88 89 90 91 92 93 94 95 96 97
1 2 1 1 5 1 7 8 9 1 1 1 13 14 15 16 17 1 19 20 1 22 23 24 1 1 27 28 29 30 31 32 33 1 35 1 20 1 39 40 41 42 43 1 45 1 1 48 49 50 51 1 1 54 1 1 1 1 59 1 1 1 1 64 1 1 1 68 1 1 1 1 73 59 1 1 1 1 1 1 81 82 1 84 85 1 87 1 89 1 91 92 93 94 1 96 20
4 25
93 25
40 25
13 25
85 25
25 73
20 25
25 59
82 25
25 72
25 11
83 25
25 52
25 36
55 25
19 25
25 56
25 35
25 71
75 25
25 88
25 90
53 25
78 25
25 44
39 25
77 25
21 25
29 25
45 25
25 91
3 25
25 57
67 25
25 38
15 25
23 25
95 25
17 25
25 32
25 92
66 25
50 25
84 25
5 25
68 25
18 25
10 25
25 61
25 28
25 24
25 94
46 25
1 25
25 31
25 34
12 25
25 43
47 25
25 6
97 25
2 25
60 25
37 25
25 58
86 25
25 48
25 42
25 33
25 8
25 81
25 26
25 16
64 25
22 25
70 25
87 25
65 25
25 74
25 63
51 25
54 25
79 25
25 69
25 14
25 76
7 25
9 25
49 25
25 41
30 25
62 25
27 25
80 25
96 25
25 89
97 96
34 58 66 56 2 77 51 30 11 95 3 73 77 96 8 28 70 97 77 71 52 91 86 26 14 17 97 96 77 72 97 42 28 12 29 38 44 28 38 51 58 44 49 29 92 67 75 42 45 81 77 73 37 75 50 54 69 51 22 34 74 8 21 75 73 62 15 45 53 94 61 35 11 66 2 43 2 13 41 26 79 90 45 88 39 43 68 25 53 58 32 32 40 94 35 39 79
34 3 66 56 2 77 51 30 11 95 3 3 3 3 3 22 70 97 77 3 3 22 3 3 14 3 66 3 77 3 97 42 3 3 3 38 44 28 38 51 22 44 49 29 3 67 75 42 45 81 70 73 37 75 50 30 3 51 3 3 3 8 3 75 73 62 15 3 3 3 22 35 11 2 2 3 2 13 3 26 3 90 45 88 39 43 3 25 3 58 32 3 40 94 26 3 79
74 23
74 3
74 37
74 20
74 52
57 74
74 9
74 7
74 19
74 68
74 42
96 74
74 79
74 81
74 67
74 88
74 89
48 74
12 74
61 74
74 65
73 74
74 30
74 11
74 21
15 74
18 74
40 74
74 87
95 74
5 74
74 31
74 97
78 74
76 74
74 56
91 74
74 94
55 74
86 74
74 28
74 1
59 74
47 74
74 24
58 74
74 85
63 74
43 74
54 74
74 77
74 27
74 49
74 53
51 74
46 74
93 74
4 74
74 80
74 44
74 45
71 74
74 90
39 74
74 22
74 64
35 74
74 17
74 84
74 83
62 74
74 75
26 74
74 82
2 74
74 50
74 92
74 34
74 70
66 74
6 74
74 38
13 74
74 32
14 74
74 69
74 10
41 74
74 33
74 25
8 74
74 29
74 16
74 60
74 36
72 74
105 104
1 2 3 4 5 6 7 8 9 10 11 12 13 14 15 16 17 18 19 20 21 22 23 24 25 26 27 28 29 30 31 32 33 34 35 36 37 38 39 40 41 42 43 44 45 46 47 48 49 50 51 52 53 54 55 56 57 58 59 60 61 62 63 64 65 66 67 68 69 70 71 72 73 74 75 76 77 78 79 80 81 82 83 84 85 86 87 88 89 90 91 92 93 94 95 96 97 98 99 100 101 102 103 104 105
1 1 1 1 1 1 1 1 1 1 1 1 1 1 1 1 1 1 1 1 1 1 1 1 1 1 1 1 1 1 1 1 1 1 1 1 1 1 1 1 1 1 1 1 1 1 1 1 1 1 1 1 1 1 1 1 1 1 1 1 1 1 1 1 1 1 1 1 1 1 1 1 1 1 1 1 1 1 1 1 1 1 1 1 1 1 1 1 1 1 1 1 1 1 1 1 1 1 1 1 1 1 1 1 1
45 21
21 102
18 21
14 21
21 85
31 21
22 21
21 83
21 17
8 21
21 87
21 79
19 21
99 21
48 21
21 49
21 82
46 21
97 21
21 72
35 21
91 21
21 34
51 21
77 21
21 27
21 60
89 21
32 21
56 21
81 21
93 21
26 21
21 5
43 21
69 21
33 21
24 21
21 58
103 21
21 75
21 90
30 21
21 100
21 23
12 21
68 21
21 71
62 21
21 73
21 52
65 21
21 16
21 104
21 95
86 21
21 92
25 21
21 94
101 21
21 80
7 21
28 21
21 70
21 78
21 15
21 37
47 21
21 67
21 84
21 59
2 21
21 42
21 40
21 66
21 54
44 21
3 21
74 21
21 13
21 29
88 21
21 9
4 21
41 21
21 105
63 21
21 39
53 21
76 21
10 21
55 21
21 36
6 21
38 21
20 21
11 21
21 64
21 50
21 96
98 21
21 61
1 21
21 57
111 110
1 2 3 4 5 6 7 8 9 10 11 12 13 14 15 16 17 18 19 20 21 22 23 24 25 26 27 28 29 30 31 32 33 34 35 36 37 38 39 40 41 42 43 44 45 46 47 48 49 50 51 52 53 54 55 56 57 58 59 60 61 62 63 64 65 66 67 68 69 70 71 72 73 74 75 76 77 78 79 80 81 82 83 84 85 86 87 88 89 90 91 92 93 94 95 96 97 98 99 100 101 102 103 104 105 106 107 108 109 110 111
1 2 3 4 5 6 7 8 9 10 11 11 13 14 11 3 3 11 3 20 11 11 23 24 25 11 11 28 29 30 11 11 11 34 11 36 37 38 11 40 41 42 43 44 45 3 11 48 11 50 3 52 3 54 11 3 3 58 3 60 11 15 63 64 65 66 11 68 69 15 71 3 3 11 11 76 11 3 11 11 81 11 83 84 3 86 87 15 89 90 91 92 11 94 95 96 15 98 99 3 101 102 103 11 105 106 107 3 109 110 111
90 56
107 56
56 14
56 39
56 75
22 56
30 56
87 56
56 80
46 56
56 63
71 56
56 48
56 76
108 56
77 56
47 56
37 56
89 56
56 101
56 104
56 27
93 56
56 64
60 56
98 56
56 54
70 56
65 56
97 56
86 56
56 17
21 56
19 56
26 56
3 56
92 56
56 35
94 56
61 56
55 56
56 67
57 56
78 56
36 56
56 1
56 16
56 24
56 5
99 56
56 62
56 2
15 56
56 111
109 56
7 56
88 56
4 56
56 34
44 56
56 41
56 59
56 53
9 56
95 56
11 56
56 105
56 38
91 56
56 66
42 56
6 56
56 73
56 83
56 43
56 32
56 69
100 56
79 56
106 56
56 85
31 56
56 25
56 12
56 50
56 8
56 49
10 56
56 28
96 56
72 56
56 110
56 58
56 68
56 81
40 56
56 82
56 84
23 56
74 56
56 33
56 18
56 52
56 13
29 56
51 56
56 45
56 103
102 56
20 56
108 107
48 4 5 22 1 24 6 88 80 104 78 73 80 91 76 65 16 13 21 83 14 71 26 68 88 78 8 98 26 89 31 26 49 64 92 79 86 98 74 73 25 71 5 103 83 90 18 48 60 25 81 34 78 24 59 83 68 30 108 106 43 72 75 108 49 36 69 44 33 99 1 46 72 39 2 105 99 94 84 69 79 57 79 33 20 6 47 10 34 34 91 6 27 104 5 30 23 104 16 37 106 29 34 91 14 59 34 27
1 1 1 1 1 1 1 1 1 1 1 1 1 1 1 1 1 1 1 1 1 1 1 1 1 1 1 1 1 1 1 1 1 1 1 1 1 1 1 1 1 1 1 1 1 1 1 1 1 1 1 1 1 1 1 1 1 1 1 1 1 1 1 1 1 1 1 1 1 1 1 1 1 1 1 1 1 1 1 1 1 1 1 1 1 1 1 1 1 1 1 1 1 1 1 1 1 1 1 1 1 1 1 1 1 1 1 1
43 35
43 96
43 78
29 43
43 2
3 43
43 41
43 45
43 53
43 102
43 30
43 20
86 43
69 43
94 43
38 43
28 43
43 14
58 43
43 22
80 43
18 43
88 43
43 4
43 21
43 5
36 43
24 43
26 43
7 43
43 51
87 43
65 43
82 43
71 43
32 43
43 9
43 27
43 92
70 43
43 61
43 44
43 48
25 43
43 31
63 43
43 76
46 43
43 34
43 105
43 16
43 39
43 33
56 43
43 107
103 43
43 47
84 43
52 43
89 43
43 50
101 43
43 13
11 43
100 43
43 54
43 8
43 57
43 75
73 43
37 43
64 43
43 95
43 23
43 74
91 43
40 43
43 6
43 99
43 79
67 43
19 43
43 90
43 83
43 77
43 68
43 62
43 66
108 43
43 17
104 43
72 43
55 43
59 43
43 81
43 10
43 97
43 106
43 60
93 43
43 42
12 43
98 43
43 85
49 43
15 43
43 1
92 91
1 2 3 4 5 6 7 8 9 10 11 12 13 14 15 16 17 18 19 20 21 22 23 24 25 26 27 28 29 30 31 32 33 34 35 36 37 38 39 40 41 42 43 44 45 46 47 48 49 50 51 52 53 54 55 56 57 58 59 60 61 62 63 64 65 66 67 68 69 70 71 72 73 74 75 76 77 78 79 80 81 82 83 84 85 86 87 88 89 90 91 92
1 1 1 1 1 1 1 1 1 1 1 1 1 1 1 1 1 1 1 1 1 1 1 1 1 1 1 1 1 1 1 1 1 1 1 1 1 1 1 1 1 1 1 1 1 1 1 1 1 1 1 1 1 1 1 1 1 1 1 1 1 1 1 1 61 1 1 1 1 1 1 1 1 1 1 1 1 1 1 1 1 1 1 1 1 1 1 1 1 1 1 1
55 47
55 21
55 77
55 37
55 9
55 92
55 78
69 55
19 55
28 55
55 18
55 42
55 89
20 55
55 2
55 33
55 65
55 41
55 66
54 55
79 55
56 55
55 72
55 31
51 55
55 75
23 55
11 55
55 52
90 55
55 15
10 55
55 46
55 63
43 55
14 55
55 67
55 4
55 22
87 55
76 55
55 83
3 55
55 6
30 55
55 85
55 84
55 25
27 55
91 55
44 55
40 55
55 57
60 55
55 36
55 17
55 86
71 55
48 55
55 82
55 12
1 55
50 55
55 59
64 55
55 45
34 55
68 55
55 16
32 55
8 55
58 55
55 73
29 55
55 5
7 55
26 55
38 55
55 81
55 53
55 24
49 55
61 55
80 55
55 39
55 13
62 55
55 35
55 70
55 74
55 88
111 110
1 2 3 4 5 6 7 8 9 10 11 12 13 14 15 16 17 18 19 20 21 22 23 24 25 26 27 28 29 30 31 32 33 34 35 36 37 38 39 40 41 42 43 44 45 46 47 48 49 50 51 52 53 54 55 56 57 58 59 60 61 62 63 64 65 66 67 68 69 70 71 72 73 74 75 76 77 78 79 80 81 82 83 84 85 86 87 88 89 90 91 92 93 94 95 96 97 98 99 100 101 102 103 104 105 106 107 108 109 110 111
1 1 3 1 1 1 7 8 1 10 1 12 13 14 15 16 17 1 1 20 1 22 23 1 25 26 27 28 1 1 31 32 1 34 1 36 1 38 39 40 19 1 43 1 45 46 1 48 49 1 51 52 1 1 1 56 1 1 1 1 61 62 1 1 65 66 1 1 1 1 71 72 1 1 75 1 1 1 1 80 1 82 1 84 85 86 87 1 89 90 91 92 93 1 95 1 1 98 1 1 101 1 103 104 1 1 107 108 24 1 111
73 60
73 37
31 73
57 73
20 73
73 92
73 104
73 110
109 73
73 77
3 73
73 7
73 49
93 73
73 88
73 98
96 73
73 32
2 73
73 10
73 51
55 73
41 73
84 73
73 97
47 73
73 34
43 73
73 40
42 73
6 73
73 22
9 73
29 73
80 73
73 86
4 73
101 73
73 48
73 78
73 82
67 73
73 24
23 73
70 73
35 73
73 21
73 36
73 100
73 33
61 73
73 16
73 103
73 83
68 73
73 56
95 73
73 27
73 30
73 89
73 15
54 73
73 105
72 73
73 8
19 73
39 73
73 13
73 63
73 53
65 73
107 73
91 73
66 73
73 71
73 75
17 73
5 73
1 73
73 94
99 73
108 73
102 73
73 50
73 90
73 38
73 44
73 106
76 73
73 87
26 73
45 73
81 73
46 73
12 73
73 59
73 69
73 79
85 73
73 52
64 73
18 73
73 62
73 11
25 73
73 58
14 73
111 73
73 74
73 28
91 90
31 51 2 58 24 16 53 19 18 59 26 39 40 49 20 14 72 11 34 33 32 10 38 36 56 28 80 41 81 35 19 18 75 66 2 77 73 15 1 86 24 62 25 3 7 5 4 1 34 10 50 14 62 86 89 55 36 76 30 10 55 9 24 45 10 17 11 1 89 90 3 44 46 80 62 31 82 35 59 51 16 80 32 75 71 76 19 51 80 90 14
1 1 1 1 1 1 1 1 1 1 1 1 1 1 1 1 1 1 1 1 1 1 1 1 1 1 1 1 1 1 1 1 1 1 1 1 1 1 1 1 1 1 1 1 1 1 1 1 1 1 1 1 1 1 1 1 1 1 1 1 1 1 1 1 1 1 1 1 1 1 1 1 1 1 1 1 1 1 1 1 1 1 1 1 1 1 1 1 1 1 1
68 35
13 68
29 68
68 71
80 68
68 33
68 36
68 55
68 62
68 81
21 68
68 22
24 68
26 68
45 68
68 11
68 66
89 68
68 83
70 68
57 68
68 77
68 23
68 14
39 68
68 69
68 51
68 44
76 68
68 91
68 5
59 68
19 68
68 2
73 68
68 67
46 68
68 58
68 6
79 68
84 68
52 68
90 68
68 20
68 65
68 85
68 49
68 7
56 68
68 78
28 68
43 68
68 34
53 68
32 68
68 37
68 15
68 17
12 68
48 68
41 68
60 68
68 8
68 74
50 68
68 4
25 68
42 68
68 18
68 1
16 68
88 68
75 68
38 68
68 27
68 63
68 10
82 68
31 68
61 68
68 40
54 68
68 3
9 68
87 68
72 68
30 68
68 64
86 68
68 47
98 97
30 93 80 23 59 57 71 10 6 75 2 26 47 61 17 10 5 1 67 20 56 84 62 14 41 49 37 41 29 70 49 58 76 85 70 68 27 2 77 83 32 21 83 20 57 81 85 92 15 71 26 70 71 42 95 51 89 27 73 38 15 15 36 26 24 29 49 8 78 94 69 69 37 41 20 37 59 34 44 53 77 24 41 53 22 26 72 95 3 7 65 16 47 3 40 73 57 2
1 1 1 1 1 1 1 1 1 1 1 1 1 61 1 1 1 1 1 1 1 1 1 1 1 1 1 1 1 1 1 1 1 1 1 1 1 1 1 1 1 1 1 1 1 1 1 1 1 1 1 1 1 1 1 1 1 1 1 1 1 1 1 1 1 1 1 1 1 1 1 1 1 1 1 1 1 1 1 1 1 1 1 1 1 1 1 1 1 1 1 1 1 1 1 1 1 1
50 11
50 82
50 66
50 88
89 50
73 50
14 50
98 50
28 50
50 81
50 38
50 1
50 69
15 50
50 6
94 50
50 70
18 50
50 25
71 50
50 30
44 50
86 50
87 50
77 50
91 50
55 50
96 50
58 50
50 20
50 93
49 50
34 50
50 23
50 47
10 50
50 46
53 50
62 50
50 16
51 50
13 50
97 50
50 33
65 50
50 31
50 54
9 50
8 50
50 61
50 48
50 80
2 50
50 95
74 50
3 50
90 50
68 50
50 83
50 78
64 50
50 72
50 76
50 59
50 40
29 50
50 84
50 21
35 50
50 4
19 50
50 92
22 50
42 50
26 50
50 63
24 50
7 50
50 17
5 50
50 41
79 50
50 39
50 12
50 85
50 75
43 50
50 37
67 50
50 57
50 32
50 45
36 50
50 52
50 56
27 50
60 50
118 117
104 25 36 69 83 16 35 72 30 41 62 94 56 113 87 115 3 62 68 2 101 118 28 55 56 4 72 37 19 89 51 99 37 30 48 59 94 30 63 114 47 79 70 101 74 4 88 11 37 97 58 87 58 74 103 55 109 41 66 108 12 30 55 15 24 97 11 60 88 82 53 114 79 31 27 104 118 25 16 63 63 70 64 66 23 14 30 88 65 108 1 97 17 3 94 78 41 44 88 33 110 60 89 93 93 75 61 89 67 98 50 50 76 16 4 33 26 92
1 1 1 1 1 1 1 1 1 1 1 1 1 1 1 1 1 1 68 1 1 1 1 1 1 1 1 1 1 1 1 1 1 1 1 1 1 1 1 1 1 1 1 1 1 1 1 1 1 1 1 1 1 1 1 1 1 1 1 1 1 1 1 1 1 1 1 1 1 1 1 1 1 1 1 1 1 1 1 1 1 1 1 1 1 1 1 1 1 1 1 1 1 1 1 1 1 1 1 1 1 1 1 1 1 1 1 1 1 1 1 1 1 1 1 1 1 1
5 12
12 68
80 12
12 33
108 12
20 12
87 12
92 12
12 35
12 10
57 12
12 94
12 1
12 31
12 21
73 12
12 14
75 12
105 12
4 12
12 16
12 113
48 12
12 85
30 12
12 55
12 61
12 109
78 12
12 110
12 38
72 12
12 23
2 12
12 56
12 103
19 12
12 37
63 12
12 104
86 12
12 13
12 96
82 12
12 54
116 12
77 12
12 65
52 12
3 12
12 95
114 12
12 69
102 12
64 12
106 12
67 12
12 45
12 43
12 62
101 12
8 12
12 49
107 12
12 89
12 32
12 17
90 12
12 93
12 71
12 50
12 29
70 12
12 34
83 12
81 12
12 24
12 112
100 12
12 84
15 12
12 74
11 12
12 25
99 12
12 88
12 53
9 12
41 12
12 27
91 12
42 12
12 47
12 60
12 36
12 39
12 115
51 12
6 12
58 12
12 22
117 12
12 118
76 12
12 28
111 12
44 12
12 46
26 12
7 12
18 12
66 12
12 40
79 12
12 59
97 12
12 98
111 110
1 2 3 4 5 6 7 8 9 10 11 12 13 14 15 16 17 18 19 20 21 22 23 24 25 26 27 28 29 30 31 32 33 34 35 36 37 38 39 40 41 42 43 44 45 46 47 48 49 50 51 52 53 54 55 56 57 58 59 60 61 62 63 64 65 66 67 68 69 70 71 72 73 74 75 76 77 78 79 80 81 82 83 84 85 86 87 88 89 90 91 92 93 94 95 96 97 98 99 100 101 102 103 104 105 106 107 108 109 110 111
1 2 3 4 5 6 7 8 5 5 7 12 2 5 15 5 17 18 2 7 21 22 7 24 25 15 27 28 29 30 2 32 7 34 5 36 37 2 2 5 7 2 5 44 2 5 2 48 49 50 51 5 2 5 55 7 57 58 59 60 61 5 63 64 7 2 67 2 69 5 7 72 2 74 75 76 2 2 79 80 81 82 15 84 2 86 87 2 2 90 2 92 93 94 7 96 97 98 99 89 101 102 103 5 5 106 107 7 109 110 111
30 89
89 59
89 12
89 105
89 50
7 89
89 11
89 64
89 25
16 89
71 89
80 89
92 89
89 37
63 89
89 44
47 89
89 86
72 89
55 89
4 89
89 31
28 89
89 83
89 8
89 45
56 89
51 89
79 89
78 89
18 89
62 89
39 89
89 93
101 89
61 89
89 49
29 89
106 89
89 110
97 89
60 89
70 89
89 66
89 87
3 89
75 89
73 89
89 90
89 21
89 108
89 35
89 1
94 89
89 76
89 53
89 82
89 15
89 20
89 88
89 32
74 89
84 89
58 89
46 89
89 54
19 89
89 91
89 10
57 89
41 89
100 89
6 89
89 14
9 89
89 102
81 89
109 89
36 89
89 107
77 89
89 13
89 95
89 48
111 89
27 89
89 5
52 89
104 89
33 89
89 98
89 69
2 89
89 99
89 85
89 42
96 89
89 23
68 89
89 67
17 89
89 38
89 24
89 65
89 40
89 22
89 34
89 26
103 89
43 89
83 82
1 2 3 4 5 6 7 8 9 10 11 12 13 14 15 16 17 18 19 20 21 22 23 24 25 26 27 28 29 30 31 32 33 34 35 36 37 38 39 40 41 42 43 44 45 46 47 48 49 50 51 52 53 54 55 56 57 58 59 60 61 62 63 64 65 66 67 68 69 70 71 72 73 74 75 76 77 78 79 80 81 82 83
1 1 1 1 1 1 1 1 1 1 1 1 1 1 1 1 1 1 1 1 1 1 1 1 1 1 1 1 1 1 1 1 1 1 1 1 1 1 1 1 1 1 1 1 1 1 1 1 1 37 1 1 1 1 1 1 1 1 1 1 1 1 1 1 1 1 1 1 1 1 1 1 1 1 1 1 1 1 1 1 1 1 1
41 35
3 35
35 78
51 35
35 33
15 35
28 35
35 63
35 57
17 35
26 35
27 35
35 44
35 16
68 35
35 66
18 35
35 24
35 1
35 62
35 82
12 35
39 35
56 35
35 67
38 35
35 74
35 7
35 58
35 32
35 4
37 35
35 65
35 22
34 35
35 45
73 35
35 72
35 21
35 60
35 75
43 35
8 35
35 19
11 35
35 69
35 81
48 35
53 35
80 35
47 35
42 35
35 64
10 35
35 55
6 35
35 20
35 13
61 35
35 40
52 35
5 35
50 35
54 35
23 35
49 35
76 35
31 35
14 35
35 9
35 71
77 35
70 35
29 35
35 2
35 30
35 79
46 35
35 83
35 36
35 59
35 25
80 79
1 2 3 4 5 6 7 8 9 10 11 12 13 14 15 16 17 18 19 20 21 22 23 24 25 26 27 28 29 30 31 32 33 34 35 36 37 38 39 40 41 42 43 44 45 46 47 48 49 50 51 52 53 54 55 56 57 58 59 60 61 62 63 64 65 66 67 68 69 70 71 72 73 74 75 76 77 78 79 80
1 1 1 1 1 1 1 1 1 1 1 1 1 1 1 1 1 1 1 1 1 1 1 1 1 1 1 1 1 1 1 1 1 1 1 1 1 1 1 1 1 1 1 1 1 1 1 1 1 1 1 1 1 1 1 1 1 1 1 1 1 1 1 1 1 1 1 1 1 1 1 1 1 1 1 1 1 1 1 1
18 41
41 28
26 41
41 34
19 41
41 50
32 41
41 23
41 75
65 41
41 58
41 4
67 41
41 72
41 70
41 36
69 41
79 41
10 41
20 41
41 48
41 9
42 41
41 39
41 59
17 41
55 41
61 41
41 56
43 41
25 41
41 38
41 21
41 22
41 33
45 41
41 14
41 64
41 71
41 78
41 44
35 41
41 51
77 41
3 41
41 8
12 41
54 41
11 41
41 73
41 46
41 68
30 41
41 74
41 63
76 41
52 41
5 41
40 41
16 41
2 41
62 41
41 60
7 41
41 1
41 6
15 41
37 41
31 41
41 49
41 27
41 29
80 41
41 57
41 13
24 41
53 41
41 47
41 66
113 112
5 2 86 99 10 73 103 64 43 96 2 72 15 23 2 1 74 46 26 103 77 87 109 18 103 57 33 41 81 45 38 49 15 90 46 56 21 87 105 100 18 55 109 46 68 6 79 104 20 22 39 32 100 74 27 16 73 56 48 51 5 98 101 110 13 91 81 112 99 76 14 53 73 28 90 45 99 69 54 21 111 11 9 66 95 35 43 77 112 83 91 37 76 43 77 54 63 58 58 27 22 12 67 78 29 17 108 50 78 36 44 99 22
5 2 2 18 10 18 103 64 43 96 2 18 15 23 2 1 74 46 11 103 77 87 18 18 26 18 33 26 81 45 18 49 15 26 46 56 21 18 105 100 18 22 109 18 68 6 79 18 20 22 26 32 100 26 18 16 18 18 48 51 5 98 26 110 13 18 81 112 99 22 14 22 11 28 90 18 99 18 22 21 111 11 9 66 95 18 18 77 112 83 18 18 18 22 22 18 63 58 58 27 22 12 18 18 18 17 18 18 78 18 18 99 22
19 98
109 19
57 19
19 50
19 68
19 22
26 19
16 19
46 19
107 19
113 19
93 19
54 19
40 19
19 18
19 41
13 19
19 97
64 19
19 14
19 73
30 19
19 72
19 92
19 96
75 19
66 19
19 103
19 83
70 19
12 19
19 108
33 19
4 19
19 100
29 19
55 19
19 15
19 37
19 59
85 19
19 45
19 44
5 19
52 19
11 19
27 19
111 19
19 89
19 51
19 91
19 35
19 34
87 19
19 69
19 3
94 19
21 19
67 19
19 8
48 19
63 19
77 19
19 106
38 19
19 1
60 19
19 81
88 19
74 19
19 105
23 19
2 19
58 19
19 25
19 39
19 86
49 19
101 19
9 19
7 19
19 47
19 62
19 90
61 19
6 19
80 19
32 19
42 19
82 19
102 19
36 19
19 104
19 28
31 19
10 19
19 84
99 19
19 24
19 56
20 19
19 76
79 19
95 19
65 19
110 19
71 19
19 78
112 19
53 19
19 43
19 17
107 106
1 2 3 4 5 6 7 8 9 10 11 12 13 14 15 16 17 18 19 20 21 22 23 24 25 26 27 28 29 30 31 32 33 34 35 36 37 38 39 40 41 42 43 44 45 46 47 48 49 50 51 52 53 54 55 56 57 58 59 60 61 62 63 64 65 66 67 68 69 70 71 72 73 74 75 76 77 78 79 80 81 82 83 84 85 86 87 88 89 90 91 92 93 94 95 96 97 98 99 100 101 102 103 104 105 106 107
1 2 3 4 5 6 4 4 9 10 11 4 13 3 15 16 3 18 19 20 21 22 23 24 25 26 3 3 29 30 4 32 4 34 35 36 31 38 39 3 41 42 43 44 45 4 47 48 4 3 4 52 53 4 55 56 3 58 4 60 61 62 4 3 65 66 67 3 69 3 71 3 3 3 75 76 4 17 79 80 4 82 83 84 46 3 4 4 89 4 91 92 4 4 4 96 97 3 99 100 4 31 17 4 4 106 107
57 41
57 74
15 57
57 52
57 39
57 67
57 7
57 78
81 57
57 30
71 57
85 57
57 17
92 57
57 32
91 57
2 57
57 102
57 42
43 57
57 97
70 57
89 57
57 37
57 53
57 44
57 103
57 38
12 57
68 57
57 58
13 57
57 16
57 22
45 57
20 57
57 99
75 57
57 107
98 57
65 57
57 95
57 48
57 34
57 93
57 47
57 94
57 4
57 31
57 6
28 57
5 57
63 57
59 57
73 57
18 57
57 62
57 79
57 101
29 57
57 21
57 19
57 9
57 80
77 57
57 49
87 57
23 57
82 57
90 57
10 57
57 33
57 50
57 96
57 27
57 106
60 57
57 55
57 56
24 57
57 83
46 57
51 57
69 57
57 86
57 100
61 57
72 57
57 64
57 104
57 66
54 57
57 3
76 57
11 57
57 1
36 57
84 57
57 40
8 57
88 57
57 25
57 14
57 105
57 26
57 35
111 110
1 2 3 4 5 6 7 8 9 10 11 12 13 14 15 16 17 18 19 20 21 22 23 24 25 26 27 28 29 30 31 32 33 34 35 36 37 38 39 40 41 42 43 44 45 46 47 48 49 50 51 52 53 54 55 56 57 58 59 60 61 62 63 64 65 66 67 68 69 70 71 72 73 74 75 76 77 78 79 80 81 82 83 84 85 86 87 88 89 90 91 92 93 94 95 96 97 98 99 100 101 102 103 104 105 106 107 108 109 110 111
1 1 1 1 1 1 1 1 1 1 1 1 1 1 1 1 1 1 1 1 1 1 1 1 1 1 1 1 1 1 1 1 1 1 1 1 1 1 1 1 1 1 1 1 1 1 1 1 1 1 1 1 1 1 1 1 1 1 1 1 1 1 1 1 1 1 1 1 1 1 1 1 1 1 1 1 1 1 1 1 1 1 1 1 1 1 1 1 1 1 1 1 1 1 1 1 1 1 1 1 1 1 1 1 1 1 1 1 1 1 1
28 32
91 28
28 67
28 78
76 28
28 110
66 28
74 28
4 28
20 28
106 28
28 60
28 36
19 28
17 28
28 10
28 1
95 28
28 82
51 28
16 28
28 3
102 28
42 28
28 52
79 28
63 28
28 100
28 37
49 28
28 44
28 56
28 50
28 84
35 28
89 28
70 28
88 28
28 12
28 104
28 65
28 30
26 28
28 99
25 28
15 28
28 87
83 28
28 8
31 28
108 28
28 92
11 28
28 24
28 34
41 28
6 28
28 53
28 85
28 55
28 58
28 90
2 28
68 28
14 28
28 9
28 62
18 28
28 23
28 98
28 103
21 28
43 28
71 28
28 40
38 28
73 28
93 28
59 28
28 22
33 28
5 28
47 28
111 28
28 94
27 28
28 48
28 97
54 28
28 61
28 109
28 80
28 101
28 13
28 72
28 96
81 28
28 57
28 86
28 105
28 39
28 77
29 28
28 69
75 28
28 107
28 45
28 46
7 28
64 28
113 112
1 2 3 4 5 6 7 8 9 10 11 12 13 14 15 16 17 18 19 20 21 22 23 24 25 26 27 28 29 30 31 32 33 34 35 36 37 38 39 40 41 42 43 44 45 46 47 48 49 50 51 52 53 54 55 56 57 58 59 60 61 62 63 64 65 66 67 68 69 70 71 72 73 74 75 76 77 78 79 80 81 82 83 84 85 86 87 88 89 90 91 92 93 94 95 96 97 98 99 100 101 102 103 104 105 106 107 108 109 110 111 112 113
1 1 1 1 1 1 1 1 1 1 1 1 1 1 1 1 1 1 1 1 1 1 1 1 1 1 1 1 1 1 1 1 1 1 1 1 1 1 1 40 1 1 1 1 1 1 1 1 1 1 1 1 1 1 1 1 1 1 1 1 1 1 1 1 1 1 1 1 1 1 1 1 1 1 1 1 1 1 1 1 1 1 1 1 1 1 1 1 1 1 1 1 1 1 1 1 1 1 1 1 1 1 1 1 1 1 1 1 1 1 1 1 1
93 82
36 82
82 2
82 90
105 82
82 60
27 82
82 98
82 65
15 82
107 82
63 82
82 22
82 56
82 8
7 82
33 82
71 82
29 82
38 82
42 82
16 82
39 82
82 37
82 28
82 21
13 82
43 82
82 110
88 82
82 99
12 82
82 57
47 82
108 82
82 3
30 82
82 109
82 91
82 69
54 82
58 82
82 85
31 82
102 82
82 92
82 19
101 82
82 26
82 86
82 50
53 82
82 51
82 77
20 82
18 82
94 82
82 14
49 82
82 32
82 5
82 10
6 82
44 82
81 82
82 83
104 82
82 23
82 62
35 82
82 72
82 89
41 82
82 25
45 82
40 82
82 95
82 76
82 103
82 64
82 24
82 74
59 82
82 78
82 106
52 82
75 82
96 82
79 82
111 82
82 84
82 1
55 82
82 113
82 100
82 73
82 80
82 46
82 9
82 97
82 68
82 61
87 82
67 82
112 82
82 48
82 4
82 17
70 82
66 82
11 82
82 34
111 110
1 2 3 4 5 6 7 8 9 10 11 12 13 14 15 16 17 18 19 20 21 22 23 24 25 26 27 28 29 30 31 32 33 34 35 36 37 38 39 40 41 42 43 44 45 46 47 48 49 50 51 52 53 54 55 56 57 58 59 60 61 62 63 64 65 66 67 68 69 70 71 72 73 74 75 76 77 78 79 80 81 82 83 84 85 86 87 88 89 90 91 92 93 94 95 96 97 98 99 100 101 102 103 104 105 106 107 108 109 110 111
1 1 1 1 1 1 1 1 1 1 1 1 1 1 1 1 1 1 1 1 1 1 1 1 1 1 1 1 1 1 1 1 1 1 1 1 1 1 1 1 1 1 1 1 1 1 1 1 1 1 1 1 1 1 1 1 1 1 1 1 1 1 1 1 1 1 1 1 52 1 1 1 1 1 1 1 1 1 1 1 1 1 1 1 1 1 1 1 1 1 1 1 1 1 1 1 1 1 1 1 1 1 1 1 1 1 1 1 1 1 1
50 63
111 50
28 50
50 105
50 47
14 50
71 50
90 50
50 54
50 3
95 50
66 50
78 50
50 31
101 50
75 50
37 50
51 50
70 50
81 50
50 72
50 22
50 12
26 50
50 98
50 48
74 50
91 50
50 38
33 50
57 50
7 50
50 29
109 50
50 2
50 99
50 84
77 50
86 50
17 50
50 64
42 50
83 50
50 10
50 25
40 50
16 50
62 50
50 36
96 50
50 87
102 50
50 68
50 35
59 50
50 80
41 50
21 50
50 110
46 50
44 50
8 50
50 58
50 88
50 65
50 4
39 50
52 50
50 23
50 1
34 50
60 50
32 50
106 50
50 5
50 45
50 108
73 50
53 50
20 50
76 50
30 50
50 89
50 6
50 92
97 50
56 50
85 50
50 82
69 50
50 103
107 50
11 50
27 50
50 9
50 49
19 50
50 104
79 50
50 100
61 50
24 50
94 50
50 93
50 13
55 50
18 50
50 67
15 50
50 43
118 117
1 2 3 4 5 6 7 8 9 10 11 12 13 14 15 16 17 18 19 20 21 22 23 24 25 26 27 28 29 30 31 32 33 34 35 36 37 38 39 40 41 42 43 44 45 46 47 48 49 50 51 52 53 54 55 56 57 58 59 60 61 62 63 64 65 66 67 68 69 70 71 72 73 74 75 76 77 78 79 80 81 82 83 84 85 86 87 88 89 90 91 92 93 94 95 96 97 98 99 100 101 102 103 104 105 106 107 108 109 110 111 112 113 114 115 116 117 118
1 1 1 1 1 1 1 1 1 1 1 1 1 1 1 1 1 1 1 1 1 1 1 1 1 1 1 1 1 1 1 1 1 1 1 1 1 1 1 1 1 1 1 1 1 1 1 1 1 1 1 1 1 1 1 1 1 1 1 1 1 1 1 1 1 1 1 1 1 1 1 1 1 1 1 1 1 1 1 1 1 1 1 1 1 1 1 1 1 1 1 1 1 1 1 1 1 1 1 1 1 1 1 1 1 1 1 1 1 1 1 1 1 1 1 1 1 1
63 40
97 40
21 40
40 116
40 76
40 61
40 2
40 67
40 51
40 43
102 40
40 29
40 80
19 40
40 41
62 40
35 40
40 92
40 99
40 115
103 40
40 98
40 48
40 59
78 40
40 11
23 40
111 40
93 40
53 40
17 40
34 40
40 66
40 85
40 55
87 40
45 40
100 40
40 52
40 104
5 40
3 40
40 110
71 40
40 106
40 54
40 31
40 13
38 40
40 44
40 95
91 40
105 40
40 94
40 60
73 40
20 40
22 40
82 40
40 69
40 27
84 40
6 40
40 46
40 4
83 40
118 40
40 18
40 30
40 39
40 14
88 40
40 70
40 10
74 40
40 15
40 81
40 58
114 40
40 36
40 107
64 40
109 40
8 40
40 113
40 56
40 7
57 40
40 90
112 40
24 40
40 25
40 75
77 40
40 32
16 40
40 101
108 40
26 40
9 40
68 40
86 40
89 40
40 79
1 40
117 40
47 40
40 33
49 40
37 40
12 40
40 65
40 42
96 40
40 28
50 40
72 40
96 95
52 5 13 36 54 39 79 54 59 12 20 13 60 58 23 3 88 29 90 84 48 2 62 33 9 61 12 46 45 37 16 68 11 51 57 16 18 38 58 2 89 2 76 46 27 12 74 79 19 15 83 63 4 59 12 96 84 33 27 86 76 88 77 43 25 59 81 42 14 8 59 68 96 66 1 78 73 48 33 65 70 92 90 24 57 53 78 85 71 46 71 61 90 93 46 88
1 1 1 1 1 1 1 1 1 1 1 1 1 1 1 1 1 1 1 1 1 1 1 1 1 1 1 1 1 1 1 1 1 1 1 1 1 1 1 1 1 1 1 1 1 1 1 1 1 1 1 1 1 1 1 1 1 1 1 1 1 1 1 1 1 1 1 1 1 1 1 1 1 1 1 1 1 1 1 1 1 1 1 1 1 1 1 1 1 1 1 1 1 1 1 1
76 31
17 76
64 76
76 83
76 1
77 76
76 46
76 10
88 76
76 56
81 76
76 16
76 30
51 76
47 76
76 71
59 76
76 50
76 24
76 61
57 76
20 76
33 76
4 76
8 76
32 76
55 76
73 76
76 13
67 76
26 76
76 28
63 76
89 76
76 40
76 18
11 76
96 76
76 90
76 34
39 76
76 94
42 76
76 22
72 76
41 76
78 76
35 76
80 76
58 76
49 76
92 76
76 21
76 7
68 76
76 15
76 44
69 76
76 53
76 66
84 76
76 82
76 5
76 85
65 76
6 76
37 76
76 70
91 76
76 36
62 76
76 87
76 29
76 12
79 76
2 76
9 76
86 76
76 45
54 76
76 27
95 76
25 76
76 38
23 76
19 76
75 76
93 76
76 74
48 76
52 76
76 14
60 76
3 76
43 76
115 114
57 47 107 6 64 76 87 86 33 4 76 99 46 96 25 96 108 43 54 25 89 15 57 111 54 51 11 50 113 75 107 44 18 1 16 103 50 78 68 96 25 106 15 79 74 50 62 86 59 35 55 90 7 97 35 105 22 85 111 43 40 31 90 8 83 19 77 46 28 24 59 74 73 76 55 31 99 12 106 113 47 39 70 1 8 108 93 29 89 26 29 90 100 5 8 106 28 24 37 10 88 38 59 14 83 22 59 115 13 4 13 115 59 86 60
1 1 1 1 1 1 1 1 1 1 1 1 1 1 1 1 1 1 1 1 1 1 1 1 1 1 1 1 1 1 1 1 1 1 1 1 1 1 1 1 1 1 1 1 1 1 1 1 1 1 1 1 1 1 1 1 1 1 1 1 1 1 1 1 1 1 1 1 1 1 1 1 1 1 1 1 1 1 1 1 1 1 1 1 1 1 1 1 1 1 1 1 1 1 1 1 1 1 1 1 1 1 1 1 1 1 1 1 1 1 1 1 1 1 1
17 12
103 12
90 12
12 91
12 44
12 66
12 115
12 57
12 81
12 98
12 40
12 105
12 113
12 107
79 12
88 12
12 26
110 12
50 12
7 12
6 12
12 84
12 99
12 68
12 13
8 12
14 12
12 43
12 28
12 82
12 65
59 12
12 85
12 9
48 12
12 38
12 69
108 12
12 95
80 12
51 12
12 1
54 12
55 12
12 30
45 12
12 36
12 53
12 60
102 12
100 12
12 34
12 23
76 12
12 52
12 77
12 111
12 58
12 114
24 12
12 92
12 73
12 49
63 12
12 112
89 12
87 12
12 104
37 12
12 61
12 62
12 94
42 12
75 12
12 86
12 31
12 19
22 12
41 12
12 18
64 12
70 12
12 33
109 12
39 12
12 67
29 12
46 12
78 12
74 12
12 35
12 83
3 12
12 101
97 12
12 56
16 12
12 32
5 12
12 96
2 12
12 21
12 71
11 12
4 12
12 15
93 12
106 12
12 20
12 47
27 12
25 12
12 10
72 12
114 113
38 57 33 50 48 104 73 97 2 8 107 56 85 80 21 80 3 77 58 88 91 74 47 26 107 56 87 60 78 23 33 68 60 3 98 111 13 54 83 87 31 97 27 106 83 30 52 74 82 86 15 66 36 40 107 20 70 80 71 9 3 38 26 69 10 3 85 13 69 55 9 113 29 45 22 102 75 68 80 88 44 108 26 5 7 82 96 47 62 112 110 11 36 48 54 26 108 36 103 19 71 56 86 57 89 98 19 41 1 67 28 29 112 100
1 1 1 1 1 1 1 1 1 1 1 1 1 23 1 1 1 1 1 1 1 1 1 1 1 1 1 1 1 1 1 1 1 1 1 1 1 1 1 1 1 1 1 1 1 1 1 1 1 1 1 1 1 1 1 1 1 1 1 1 1 1 1 1 1 1 1 1 1 1 1 1 1 1 1 1 1 1 1 1 1 1 1 1 1 1 1 1 1 1 1 1 1 1 1 1 1 1 1 1 1 1 1 1 1 1 1 1 1 1 1 1 1 1
34 50
49 34
34 72
34 82
70 34
96 34
34 105
34 38
34 45
34 28
81 34
34 30
36 34
34 21
98 34
84 34
34 10
17 34
56 34
104 34
100 34
57 34
34 85
34 75
34 109
67 34
25 34
34 20
9 34
69 34
41 34
101 34
52 34
74 34
34 68
34 65
103 34
34 112
66 34
31 34
34 22
34 18
34 3
34 27
34 37
34 46
34 48
34 32
92 34
34 90
6 34
34 78
34 111
34 106
93 34
34 58
34 95
34 71
34 63
34 14
34 62
34 88
34 44
108 34
34 11
91 34
55 34
110 34
2 34
83 34
34 76
102 34
97 34
34 33
34 4
113 34
1 34
29 34
34 15
34 86
19 34
34 77
99 34
34 43
61 34
34 94
34 79
34 59
34 114
34 35
54 34
24 34
34 87
34 12
34 5
13 34
34 16
39 34
34 42
34 26
47 34
34 8
107 34
34 7
34 23
34 73
51 34
89 34
34 64
60 34
34 53
34 40
34 80
80 79
75 2 30 2 40 16 6 16 66 38 32 17 6 9 48 37 3 32 48 44 75 39 28 46 37 63 70 3 46 12 3 28 52 70 76 24 9 73 30 47 6 37 75 59 70 14 55 74 70 77 11 61 76 45 21 12 45 46 6 48 21 54 51 23 3 27 37 67 42 11 9 76 50 36 80 42 52 12 16 43
2 2 2 2 2 2 2 2 2 2 2 2 2 2 2 2 2 2 2 2 2 2 2 2 2 2 2 2 2 2 2 2 2 2 2 2 2 2 2 2 2 2 2 2 2 2 2 2 2 2 2 2 2 2 2 2 2 2 2 2 2 50 2 2 2 2 2 2 2 2 2 2 2 2 2 2 2 2 2 2
42 67
26 67
67 13
67 65
67 44
67 38
67 9
67 79
73 67
67 25
67 39
67 61
67 6
18 67
67 37
67 2
51 67
67 27
67 58
67 45
67 17
67 74
46 67
67 59
67 8
67 5
64 67
67 40
43 67
71 67
30 67
67 56
67 29
67 53
10 67
67 14
1 67
67 41
11 67
12 67
19 67
75 67
20 67
67 47
3 67
52 67
67 4
67 16
31 67
70 67
67 77
23 67
80 67
67 62
67 66
67 49
54 67
33 67
15 67
67 28
67 35
50 67
24 67
48 67
78 67
67 72
67 55
67 7
67 57
76 67
67 36
63 67
67 69
67 32
67 68
67 22
60 67
67 34
67 21
104 103
1 2 3 4 5 6 7 8 9 10 11 12 13 14 15 16 17 18 19 20 21 22 23 24 25 26 27 28 29 30 31 32 33 34 35 36 37 38 39 40 41 42 43 44 45 46 47 48 49 50 51 52 53 54 55 56 57 58 59 60 61 62 63 64 65 66 67 68 69 70 71 72 73 74 75 76 77 78 79 80 81 82 83 84 85 86 87 88 89 90 91 92 93 94 95 96 97 98 99 100 101 102 103 104
1 1 1 1 1 1 1 1 1 1 1 1 1 1 1 1 1 1 1 1 1 1 1 1 1 1 1 1 1 1 1 1 1 1 1 1 1 1 1 1 1 1 1 1 1 1 1 1 1 1 1 1 1 1 1 1 1 1 1 1 1 1 1 1 1 1 1 1 1 1 1 1 1 1 1 1 1 1 1 1 1 1 1 1 1 1 1 1 1 1 1 1 1 1 1 1 1 1 1 27 1 1 1 1
88 7
82 7
7 9
7 6
7 92
37 7
62 7
84 7
98 7
39 7
7 35
10 7
48 7
31 7
63 7
7 58
52 7
7 72
7 34
7 69
7 96
20 7
11 7
25 7
36 7
7 28
7 43
7 41
90 7
7 14
7 66
21 7
7 75
7 93
7 77
7 22
7 33
26 7
73 7
55 7
60 7
97 7
7 70
7 47
7 42
7 18
32 7
61 7
7 29
81 7
5 7
102 7
16 7
45 7
7 76
7 94
7 12
99 7
7 19
7 68
101 7
27 7
100 7
4 7
7 78
7 8
7 86
50 7
7 83
7 15
2 7
7 85
7 95
7 40
7 51
7 80
7 71
64 7
59 7
74 7
89 7
7 56
7 3
57 7
7 65
7 17
7 67
49 7
38 7
7 24
7 87
54 7
7 1
30 7
44 7
7 79
7 13
7 46
7 53
7 23
7 91
7 104
103 7
87 86
1 2 3 4 5 6 7 8 9 10 11 12 13 14 15 16 17 18 19 20 21 22 23 24 25 26 27 28 29 30 31 32 33 34 35 36 37 38 39 40 41 42 43 44 45 46 47 48 49 50 51 52 53 54 55 56 57 58 59 60 61 62 63 64 65 66 67 68 69 70 71 72 73 74 75 76 77 78 79 80 81 82 83 84 85 86 87
1 1 1 1 1 1 1 1 1 1 1 1 1 1 1 1 1 1 1 1 1 1 1 1 1 1 1 1 1 1 1 1 1 1 1 1 1 1 1 1 1 1 1 1 1 1 1 1 1 1 1 1 1 1 1 1 1 1 1 1 1 1 1 1 1 1 1 1 1 1 1 1 1 1 1 1 1 1 1 1 1 1 1 1 1 1 1
48 12
12 9
12 87
12 42
74 12
83 12
12 21
80 12
11 12
53 12
12 84
12 54
22 12
38 12
12 37
58 12
12 5
67 12
12 55
31 12
12 27
12 60
12 50
12 62
12 44
20 12
56 12
12 25
12 10
36 12
12 8
12 68
3 12
12 30
12 77
43 12
7 12
70 12
82 12
12 63
12 79
75 12
4 12
47 12
12 45
16 12
12 57
12 61
12 35
12 65
6 12
12 71
12 2
12 64
12 39
14 12
51 12
26 12
12 17
12 49
12 85
12 73
59 12
12 23
24 12
12 72
1 12
41 12
12 46
33 12
12 86
28 12
12 52
69 12
12 76
15 12
12 78
12 29
13 12
12 18
40 12
12 81
66 12
12 34
12 19
12 32
80 79
39 46 56 69 31 60 67 11 73 78 39 45 73 49 19 4 40 9 75 76 4 42 38 52 30 16 46 65 43 8 36 75 68 21 26 45 55 60 23 41 67 39 6 50 79 22 39 33 20 26 12 17 14 56 13 35 47 28 21 10 76 19 52 80 13 48 11 79 34 40 18 41 57 6 5 17 41 8 34 31
39 46 4 69 31 4 67 11 73 4 39 4 4 4 19 4 40 4 75 4 4 4 38 4 12 16 46 65 43 8 36 75 68 21 4 4 4 4 4 41 67 39 6 50 79 22 4 4 4 26 4 4 4 56 13 4 47 28 4 4 4 4 52 80 4 48 11 4 4 40 18 4 57 4 4 4 4 4 4 4
56 46
56 44
71 56
27 56
66 56
56 65
56 15
24 56
73 56
5 56
20 56
56 4
16 56
56 34
56 32
56 64
62 56
7 56
30 56
56 49
78 56
56 69
19 56
39 56
14 56
56 36
17 56
3 56
56 25
56 70
76 56
10 56
56 35
37 56
56 52
29 56
41 56
33 56
56 59
1 56
56 75
74 56
54 56
56 18
56 8
12 56
56 55
60 56
56 2
56 68
56 22
56 9
47 56
38 56
56 72
56 79
63 56
56 28
6 56
56 53
26 56
56 43
56 67
77 56
45 56
51 56
23 56
80 56
61 56
56 42
31 56
50 56
58 56
56 21
56 11
57 56
56 13
40 56
48 56
116 115
1 2 3 4 5 6 7 8 9 10 11 12 13 14 15 16 17 18 19 20 21 22 23 24 25 26 27 28 29 30 31 32 33 34 35 36 37 38 39 40 41 42 43 44 45 46 47 48 49 50 51 52 53 54 55 56 57 58 59 60 61 62 63 64 65 66 67 68 69 70 71 72 73 74 75 76 77 78 79 80 81 82 83 84 85 86 87 88 89 90 91 92 93 94 95 96 97 98 99 100 101 102 103 104 105 106 107 108 109 110 111 112 113 114 115 116
1 1 1 1 1 4 1 1 1 1 1 1 1 1 1 1 1 1 1 1 1 1 1 1 1 1 1 1 1 1 1 1 1 1 1 1 1 1 1 1 1 1 1 1 1 1 1 1 1 1 1 1 1 1 1 1 1 1 1 1 1 1 1 1 1 1 1 1 1 1 1 1 1 1 1 1 1 1 1 1 1 1 1 1 1 1 1 1 1 1 1 1 1 1 1 1 1 1 1 1 1 1 1 1 1 1 1 1 1 1 1 1 1 1 1 1
54 71
69 71
71 55
71 52
71 36
60 71
106 71
71 73
8 71
71 84
89 71
24 71
63 71
71 49
113 71
33 71
56 71
96 71
114 71
71 57
71 46
71 4
26 71
71 112
107 71
71 44
71 76
71 2
71 47
88 71
71 31
71 97
71 40
71 102
71 28
67 71
71 27
93 71
71 80
74 71
71 53
7 71
71 45
6 71
70 71
71 22
48 71
86 71
71 110
71 43
17 71
71 38
71 95
71 13
71 85
99 71
35 71
71 10
71 39
71 61
71 59
21 71
32 71
3 71
71 5
71 116
79 71
71 66
92 71
34 71
71 62
14 71
18 71
71 111
71 58
71 20
71 25
108 71
71 82
71 15
109 71
71 42
71 101
16 71
81 71
65 71
71 51
71 100
83 71
71 50
71 75
71 91
1 71
71 90
115 71
29 71
71 23
71 64
71 30
71 78
71 11
71 68
71 87
71 103
19 71
77 71
71 105
71 37
71 41
71 12
71 104
71 9
71 72
94 71
98 71
102 101
4 40 48 85 57 39 30 53 21 35 98 99 51 78 77 34 9 88 20 99 17 40 7 15 23 71 1 61 55 87 90 37 23 19 42 70 38 53 86 13 98 83 11 2 35 21 33 77 37 63 2 82 50 34 78 73 98 1 26 98 53 88 56 32 96 16 89 51 86 100 34 72 82 72 81 99 11 48 59 95 68 40 28 81 29 22 100 94 57 43 78 13 41 17 89 17 62 4 101 58 93 70
1 1 1 1 1 1 1 1 1 1 1 1 1 1 1 1 1 1 1 1 1 1 1 1 1 1 1 1 1 1 1 1 1 1 1 1 1 1 1 1 1 1 1 1 1 1 1 1 1 1 1 1 1 1 1 1 1 1 1 1 1 1 1 1 1 1 1 1 1 1 1 1 1 1 1 1 1 1 1 1 1 1 1 1 1 1 1 1 1 1 1 1 1 1 1 1 1 1 1 1 1 1
84 60
60 3
38 60
49 60
1 60
59 60
23 60
29 60
77 60
69 60
60 88
60 80
60 90
57 60
60 91
61 60
60 74
60 24
7 60
45 60
60 63
60 28
60 66
46 60
44 60
98 60
60 85
60 39
60 47
27 60
50 60
79 60
89 60
30 60
64 60
70 60
60 97
60 9
34 60
60 6
60 55
60 99
40 60
60 100
60 19
60 18
60 53
94 60
60 65
60 31
2 60
48 60
60 25
60 75
20 60
83 60
13 60
82 60
5 60
81 60
60 22
60 12
60 11
60 16
60 37
51 60
60 101
10 60
60 41
60 102
8 60
60 93
60 52
60 21
87 60
60 76
73 60
68 60
60 72
60 56
32 60
4 60
60 26
78 60
60 86
60 95
96 60
60 35
15 60
60 43
60 36
14 60
60 58
60 54
62 60
60 33
42 60
60 67
17 60
60 92
71 60
107 106
1 2 3 4 5 6 7 8 9 10 11 12 13 14 15 16 17 18 19 20 21 22 23 24 25 26 27 28 29 30 31 32 33 34 35 36 37 38 39 40 41 42 43 44 45 46 47 48 49 50 51 52 53 54 55 56 57 58 59 60 61 62 63 64 65 66 67 68 69 70 71 72 73 74 75 76 77 78 79 80 81 82 83 84 85 86 87 88 89 90 91 92 93 94 95 96 97 98 99 100 101 102 103 104 105 106 107
1 1 1 1 1 1 1 1 1 1 1 1 1 1 1 1 1 1 1 1 1 1 1 1 1 1 1 1 1 1 1 1 1 1 1 1 1 1 1 1 1 1 1 1 1 1 1 1 1 1 1 1 1 1 1 1 1 1 1 1 1 1 1 1 1 1 1 1 1 1 1 1 1 1 1 1 1 1 1 1 1 1 1 1 1 1 1 1 1 1 1 1 1 1 1 1 1 1 1 1 1 1 1 1 1 1 1
80 83
80 72
80 73
80 54
80 79
80 5
42 80
86 80
80 57
80 16
4 80
78 80
50 80
80 8
60 80
40 80
80 94
80 28
102 80
48 80
38 80
1 80
80 20
11 80
15 80
80 13
21 80
80 53
80 91
80 82
80 92
80 77
100 80
68 80
80 107
80 39
41 80
34 80
45 80
80 27
80 63
80 29
80 101
80 12
80 64
80 47
88 80
80 74
80 44
80 25
9 80
85 80
71 80
24 80
49 80
18 80
22 80
58 80
80 3
80 87
80 98
80 65
80 70
80 81
23 80
67 80
80 103
80 33
106 80
19 80
89 80
104 80
10 80
69 80
80 37
80 96
26 80
80 31
52 80
30 80
80 7
80 14
17 80
80 36
2 80
62 80
51 80
61 80
80 76
93 80
80 95
80 35
90 80
80 46
80 59
80 99
80 66
6 80
80 56
80 55
80 75
80 32
80 43
80 105
97 80
80 84
98 97
9 80 68 79 76 80 60 30 74 29 38 30 10 41 19 8 59 48 22 98 62 5 40 75 69 79 43 63 87 65 17 90 48 93 6 25 91 87 87 20 2 27 80 19 3 42 36 77 74 3 92 77 48 53 19 82 2 75 61 11 96 23 82 90 40 12 64 45 19 32 23 20 81 12 84 43 48 2 54 47 52 51 80 66 64 6 1 80 81 64 19 56 83 5 38 60 54 35
1 1 1 1 1 1 1 1 1 29 1 1 1 1 1 1 1 1 1 1 1 1 1 1 1 1 1 1 1 1 1 1 1 1 1 1 1 1 1 1 1 1 1 1 1 1 1 1 1 1 1 1 1 1 1 1 1 1 1 1 1 1 1 1 1 1 1 1 1 1 1 1 1 1 1 1 1 1 1 1 1 1 1 1 1 1 1 1 1 1 1 1 1 1 1 1 1 1
83 28
83 94
5 83
49 83
45 83
83 2
41 83
90 83
83 73
23 83
70 83
20 83
83 13
40 83
14 83
83 74
87 83
83 26
83 84
83 62
83 36
83 22
83 51
83 55
83 65
83 6
19 83
83 4
79 83
10 83
83 61
69 83
71 83
83 18
15 83
83 37
75 83
48 83
83 27
95 83
24 83
83 64
29 83
83 9
83 86
83 34
88 83
83 35
83 85
83 67
83 57
83 11
7 83
83 16
33 83
83 17
83 25
54 83
59 83
83 82
46 83
83 39
98 83
66 83
83 44
58 83
32 83
83 91
76 83
21 83
83 77
63 83
83 89
78 83
92 83
52 83
68 83
50 83
60 83
83 96
83 42
83 81
83 43
47 83
8 83
93 83
97 83
38 83
83 80
83 72
83 12
30 83
83 1
31 83
56 83
53 83
83 3
113 112
1 2 3 4 5 6 7 8 9 10 11 12 13 14 15 16 17 18 19 20 21 22 23 24 25 26 27 28 29 30 31 32 33 34 35 36 37 38 39 40 41 42 43 44 45 46 47 48 49 50 51 52 53 54 55 56 57 58 59 60 61 62 63 64 65 66 67 68 69 70 71 72 73 74 75 76 77 78 79 80 81 82 83 84 85 86 87 88 89 90 91 92 93 94 95 96 97 98 99 100 101 102 103 104 105 106 107 108 109 110 111 112 113
1 1 1 1 1 1 7 8 9 1 11 12 13 14 1 1 17 18 19 20 1 22 23 1 25 1 1 28 29 30 31 32 33 34 1 1 1 1 1 1 41 42 43 1 1 46 47 48 49 1 51 1 53 1 55 56 57 1 17 60 1 62 63 1 65 1 67 68 1 70 1 72 73 1 75 76 1 78 1 1 1 1 31 1 85 1 1 1 31 1 1 92 93 94 95 1 97 98 99 100 1 1 103 1 105 106 17 1 1 1 111 112 1
104 97
104 67
104 63
60 104
50 104
90 104
18 104
41 104
105 104
104 48
104 94
104 7
104 43
70 104
104 72
100 104
104 55
106 104
104 99
104 68
104 58
104 5
104 73
84 104
12 104
104 91
96 104
104 37
88 104
104 44
104 21
6 104
104 109
17 104
36 104
104 8
14 104
104 10
104 76
31 104
104 82
104 89
112 104
104 2
85 104
104 28
108 104
32 104
104 24
65 104
30 104
104 87
104 46
86 104
22 104
104 42
11 104
104 40
52 104
93 104
104 9
56 104
104 101
104 74
111 104
38 104
19 104
104 26
104 54
104 39
104 51
104 15
3 104
92 104
104 69
104 66
61 104
104 34
104 75
80 104
104 23
104 13
35 104
104 29
104 16
62 104
4 104
104 27
81 104
104 1
53 104
20 104
83 104
95 104
113 104
104 103
104 71
49 104
104 98
104 79
104 77
57 104
104 45
104 25
104 59
33 104
104 107
104 78
104 102
104 110
47 104
104 64
94 93
86 60 69 92 85 12 25 92 84 48 18 40 7 36 27 47 28 1 56 70 26 90 77 91 69 52 77 63 84 31 56 46 82 5 11 55 64 54 15 66 49 53 23 12 84 62 71 65 47 7 7 23 46 88 33 15 90 61 7 91 15 52 2 82 77 59 23 47 58 70 53 71 69 14 75 44 19 40 17 60 26 88 75 8 88 25 87 39 63 73 7 34 12 13
1 1 1 1 1 1 1 1 1 1 1 1 1 1 1 1 1 1 1 1 1 1 1 1 1 1 1 1 1 1 1 1 1 1 1 1 1 1 1 1 1 1 1 1 1 1 1 1 1 1 1 1 1 1 1 1 1 1 1 1 1 1 1 1 1 1 1 1 1 1 1 1 1 1 1 1 1 1 1 1 1 1 32 1 1 1 1 1 1 1 1 1 1 1
57 69
69 79
69 64
24 69
69 2
38 69
69 65
85 69
69 81
39 69
11 69
69 52
4 69
91 69
5 69
26 69
69 31
45 69
69 89
9 69
61 69
69 16
88 69
69 66
78 69
77 69
69 19
69 70
53 69
69 87
69 63
69 49
3 69
42 69
28 69
74 69
69 36
69 7
69 30
69 34
94 69
69 25
93 69
13 69
69 92
69 84
69 18
44 69
20 69
59 69
69 72
67 69
82 69
69 8
12 69
55 69
69 43
73 69
71 69
80 69
69 1
69 21
69 60
6 69
69 83
48 69
69 35
56 69
69 22
41 69
62 69
58 69
54 69
33 69
76 69
75 69
86 69
68 69
37 69
29 69
17 69
69 50
69 47
32 69
40 69
69 14
51 69
15 69
27 69
69 10
69 46
69 90
69 23
84 83
52 65 35 51 24 72 42 57 54 28 46 15 75 21 76 56 79 45 12 46 43 66 31 18 12 6 45 50 55 58 76 35 59 12 27 71 82 77 12 53 16 43 38 64 50 51 12 51 45 8 65 76 76 11 34 52 30 41 6 53 29 5 29 49 36 79 53 75 14 17 80 9 69 22 17 73 24 82 3 19 57 75 8 74
3 3 3 3 3 3 3 3 3 3 3 3 3 3 3 3 3 3 3 3 3 55 3 3 3 3 3 3 3 3 3 3 3 3 3 3 3 3 3 3 3 3 3 3 3 3 3 3 3 3 3 3 3 3 3 3 3 3 3 3 3 3 3 3 3 3 3 3 3 3 3 3 3 3 3 3 3 3 3 3 3 3 3 3
1 23
23 61
37 23
49 23
40 23
23 78
14 23
16 23
23 79
53 23
23 67
23 39
23 59
23 30
66 23
33 23
23 5
23 72
81 23
23 84
23 42
7 23
73 23
62 23
34 23
23 74
2 23
69 23
64 23
55 23
23 20
8 23
52 23
17 23
76 23
70 23
23 41
23 56
43 23
23 36
23 60
15 23
25 23
23 10
13 23
65 23
23 50
44 23
23 35
23 71
23 18
32 23
51 23
23 11
58 23
23 38
19 23
23 68
23 47
23 6
23 31
23 54
46 23
57 23
12 23
23 28
24 23
26 23
23 22
23 48
21 23
3 23
23 9
23 45
27 23
4 23
75 23
83 23
63 23
23 29
82 23
77 23
80 23
81 80
1 2 3 4 5 6 7 8 9 10 11 12 13 14 15 16 17 18 19 20 21 22 23 24 25 26 27 28 29 30 31 32 33 34 35 36 37 38 39 40 41 42 43 44 45 46 47 48 49 50 51 52 53 54 55 56 57 58 59 60 61 62 63 64 65 66 67 68 69 70 71 72 73 74 75 76 77 78 79 80 81
1 2 3 4 5 6 7 2 9 10 11 2 2 2 2 2 2 1 2 20 2 22 2 2 2 2 2 28 29 2 2 32 2 34 2 36 37 2 2 2 2 42 2 2 45 46 47 48 49 2 51 52 53 54 55 56 57 2 59 2 61 2 2 64 2 66 2 35 69 2 2 2 73 2 2 76 77 78 2 80 2
60 14
60 53
34 60
60 19
60 77
79 60
60 44
23 60
3 60
60 27
50 60
49 60
74 60
35 60
60 21
60 64
60 81
60 38
22 60
60 57
60 68
75 60
60 72
60 9
60 5
45 60
60 48
60 56
46 60
58 60
31 60
33 60
60 78
60 40
60 54
60 63
60 66
60 52
60 43
12 60
20 60
60 59
8 60
41 60
62 60
60 26
67 60
60 15
80 60
10 60
60 61
16 60
76 60
6 60
65 60
30 60
60 7
1 60
60 11
70 60
60 51
60 29
13 60
24 60
60 71
60 69
60 28
36 60
55 60
17 60
2 60
60 39
42 60
60 32
4 60
18 60
47 60
60 73
37 60
60 25
82 81
1 2 3 4 5 6 7 8 9 10 11 12 13 14 15 16 17 18 19 20 21 22 23 24 25 26 27 28 29 30 31 32 33 34 35 36 37 38 39 40 41 42 43 44 45 46 47 48 49 50 51 52 53 54 55 56 57 58 59 60 61 62 63 64 65 66 67 68 69 70 71 72 73 74 75 76 77 78 79 80 81 82
1 1 1 1 1 1 1 1 1 1 1 1 1 1 1 1 1 1 1 1 1 1 1 1 1 1 1 1 1 1 1 1 1 1 1 1 1 1 1 1 1 1 1 1 1 1 1 1 1 1 1 1 1 1 1 1 1 1 1 1 1 1 1 1 1 1 1 1 1 1 1 1 1 1 1 1 1 1 1 1 1 1
34 3
58 3
37 3
3 27
3 11
64 3
21 3
7 3
38 3
67 3
22 3
73 3
3 60
3 76
3 31
15 3
3 30
3 65
43 3
3 70
3 54
14 3
40 3
3 78
51 3
39 3
81 3
3 20
52 3
3 32
3 4
3 69
3 29
3 41
3 50
68 3
47 3
36 3
3 62
3 46
3 28
3 66
57 3
3 1
48 3
3 79
72 3
10 3
3 25
3 80
3 24
3 55
3 26
3 59
63 3
75 3
3 23
3 77
3 9
3 82
3 8
42 3
5 3
3 35
3 6
19 3
3 44
33 3
2 3
61 3
45 3
13 3
3 56
3 12
53 3
71 3
3 18
74 3
16 3
49 3
17 3
95 94
71 50 46 72 26 85 71 24 41 5 58 31 41 81 3 62 93 2 41 92 22 13 68 94 50 77 67 90 9 59 44 8 15 65 68 21 40 16 47 4 57 76 54 4 16 91 66 24 23 54 28 4 9 73 47 78 43 58 79 86 36 62 58 7 31 26 32 57 21 78 91 46 39 54 37 54 46 43 24 20 48 38 33 72 61 34 89 75 48 34 48 88 15 7 37
2 2 2 2 2 2 2 2 2 2 2 2 2 2 2 2 2 2 2 2 2 2 2 2 2 2 2 2 2 2 2 2 2 2 2 2 2 2 2 2 2 2 2 2 2 2 2 2 2 2 2 2 2 2 2 2 2 2 2 2 2 2 2 2 2 2 2 2 2 2 2 2 2 2 2 2 2 2 2 2 2 2 2 2 2 2 2 2 2 2 2 2 2 2 2
10 84
10 38
46 10
10 37
5 10
89 10
10 2
4 10
10 65
93 10
9 10
10 26
10 85
73 10
10 83
10 7
10 36
14 10
10 57
24 10
10 39
49 10
31 10
21 10
41 10
6 10
63 10
10 33
42 10
25 10
74 10
86 10
44 10
10 40
29 10
10 87
61 10
10 92
10 94
11 10
48 10
67 10
43 10
20 10
10 68
10 80
10 30
15 10
81 10
10 53
10 1
22 10
10 82
10 8
59 10
10 95
72 10
66 10
10 54
10 52
77 10
10 12
10 55
51 10
17 10
56 10
10 35
60 10
10 79
76 10
10 19
10 27
58 10
69 10
16 10
13 10
90 10
10 45
62 10
10 34
64 10
88 10
70 10
10 28
75 10
10 71
91 10
10 47
10 32
3 10
10 23
10 18
50 10
10 78
115 114
1 2 3 4 5 6 7 8 9 10 11 12 13 14 15 16 17 18 19 20 21 22 23 24 25 26 27 28 29 30 31 32 33 34 35 36 37 38 39 40 41 42 43 44 45 46 47 48 49 50 51 52 53 54 55 56 57 58 59 60 61 62 63 64 65 66 67 68 69 70 71 72 73 74 75 76 77 78 79 80 81 82 83 84 85 86 87 88 89 90 91 92 93 94 95 96 97 98 99 100 101 102 103 104 105 106 107 108 109 110 111 112 113 114 115
1 1 1 1 1 1 1 1 1 1 1 1 1 1 1 1 1 1 1 1 1 1 1 1 1 1 1 1 1 1 1 1 1 1 1 1 1 1 1 1 1 1 1 1 1 1 1 1 1 1 1 1 1 1 1 1 1 1 1 1 1 1 1 1 1 1 1 1 1 1 1 1 1 1 1 1 1 1 1 1 1 1 1 1 1 1 1 1 1 1 1 1 1 1 1 1 1 1 1 1 1 1 1 1 1 1 1 1 1 1 1 1 1 1 1
1 3
2 3
3 75
3 11
3 5
35 3
111 3
12 3
98 3
62 3
19 3
3 86
60 3
79 3
3 18
63 3
82 3
3 55
34 3
38 3
3 67
3 81
3 64
44 3
33 3
91 3
3 104
3 28
3 32
31 3
3 52
17 3
3 89
3 21
3 110
51 3
3 30
53 3
3 9
40 3
3 29
3 97
71 3
3 22
72 3
3 77
46 3
3 25
7 3
58 3
3 68
3 16
3 115
3 78
3 76
3 100
3 88
54 3
103 3
80 3
3 85
56 3
66 3
3 57
3 95
3 65
3 41
83 3
3 14
3 24
3 8
3 48
10 3
3 61
3 26
3 27
3 15
50 3
87 3
43 3
3 90
23 3
109 3
3 39
3 105
3 37
47 3
92 3
74 3
94 3
3 13
3 73
3 102
3 112
3 6
3 20
99 3
3 114
3 84
96 3
3 42
3 36
69 3
45 3
59 3
93 3
101 3
113 3
3 106
70 3
108 3
3 107
3 49
3 4
104 103
1 2 3 4 5 6 7 8 9 10 11 12 13 14 15 16 17 18 19 20 21 22 23 24 25 26 27 28 29 30 31 32 33 34 35 36 37 38 39 40 41 42 43 44 45 46 47 48 49 50 51 52 53 54 55 56 57 58 59 60 61 62 63 64 65 66 67 68 69 70 71 72 73 74 75 76 77 78 79 80 81 82 83 84 85 86 87 88 89 90 91 92 93 94 95 96 97 98 99 100 101 102 103 104
1 1 1 1 1 1 1 1 1 1 1 1 4 1 1 1 1 1 1 1 1 1 1 1 1 1 1 1 1 1 1 1 1 1 1 1 1 1 1 2 1 1 1 1 1 1 1 1 1 1 1 1 1 1 1 1 1 1 1 1 1 1 1 1 1 1 1 1 1 1 1 1 1 1 1 1 1 1 1 1 1 1 1 1 1 1 1 1 1 1 1 1 1 1 1 1 1 1 1 1 1 1 1 1
79 2
95 2
2 18
53 2
45 2
98 2
28 2
2 4
72 2
2 76
22 2
47 2
59 2
2 101
27 2
99 2
24 2
2 84
9 2
70 2
30 2
33 2
2 51
2 11
3 2
69 2
44 2
2 91
2 78
2 88
63 2
60 2
2 75
102 2
13 2
12 2
2 61
92 2
2 94
2 93
2 50
82 2
14 2
62 2
56 2
2 19
2 97
71 2
2 74
8 2
77 2
83 2
2 29
96 2
2 52
80 2
81 2
2 17
6 2
23 2
43 2
64 2
39 2
2 1
2 55
31 2
103 2
34 2
54 2
7 2
48 2
5 2
73 2
2 41
2 26
38 2
100 2
16 2
2 15
85 2
104 2
2 40
2 49
2 86
90 2
32 2
36 2
2 67
10 2
2 20
2 89
42 2
2 57
66 2
2 46
2 35
87 2
65 2
2 37
25 2
68 2
21 2
58 2
110 109
37 44 91 11 69 90 45 22 105 68 72 52 23 96 102 80 16 44 23 20 84 27 102 67 3 41 63 98 82 50 12 89 40 96 17 100 3 5 58 96 72 82 57 65 5 63 47 93 70 22 108 67 6 11 19 16 43 82 104 59 60 52 85 107 74 7 70 72 60 37 45 96 82 6 73 66 58 43 99 34 5 106 109 35 85 56 51 17 14 14 45 24 19 6 97 77 2 65 107 34 46 44 41 97 105 71 17 82 19 64
2 2 2 2 2 2 2 2 2 2 2 2 7 2 2 2 2 2 2 2 2 2 2 2 2 2 2 2 47 2 2 2 2 2 2 2 2 2 2 2 2 2 2 2 2 2 2 2 2 2 2 2 2 2 2 2 2 2 2 2 2 2 2 2 2 2 2 2 2 2 2 2 2 2 2 2 2 2 2 2 2 2 2 2 2 2 2 2 5 2 2 2 2 2 2 2 2 2 2 2 2 2 2 2 2 2 2 2 2 2
94 108
110 94
94 96
13 94
104 94
60 94
19 94
94 74
94 99
73 94
101 94
8 94
94 89
94 45
94 22
94 65
94 29
35 94
39 94
21 94
94 91
47 94
80 94
97 94
94 28
94 17
69 94
59 94
30 94
57 94
12 94
94 6
15 94
102 94
94 54
51 94
93 94
94 87
94 107
88 94
94 49
85 94
24 94
94 37
94 68
10 94
94 26
77 94
94 16
38 94
9 94
58 94
23 94
94 25
94 76
42 94
94 83
94 81
48 94
94 62
78 94
94 66
94 33
94 86
18 94
94 4
94 71
94 50
56 94
67 94
94 63
55 94
64 94
14 94
94 20
94 34
44 94
92 94
53 94
94 5
94 32
94 106
94 11
2 94
94 84
94 40
94 52
94 82
98 94
61 94
94 75
70 94
105 94
41 94
94 109
43 94
94 3
94 31
1 94
94 7
46 94
94 90
94 79
94 72
103 94
27 94
94 95
36 94
94 100
84 83
1 2 3 4 5 6 7 8 9 10 11 12 13 14 15 16 17 18 19 20 21 22 23 24 25 26 27 28 29 30 31 32 33 34 35 36 37 38 39 40 41 42 43 44 45 46 47 48 49 50 51 52 53 54 55 56 57 58 59 60 61 62 63 64 65 66 67 68 69 70 71 72 73 74 75 76 77 78 79 80 81 82 83 84
1 2 3 2 2 2 7 2 2 2 11 12 2 2 2 2 17 2 19 20 2 22 2 2 2 26 2 28 29 2 31 32 33 2 35 2 2 38 39 2 2 42 43 2 45 2 47 48 49 50 51 2 53 2 55 56 57 58 2 2 61 2 63 64 65 66 2 2 69 2 2 72 2 74 75 2 2 78 2 2 2 2 83 2
29 2
2 64
2 41
2 14
2 44
75 2
2 54
59 2
52 2
72 2
13 2
2 16
2 77
2 53
9 2
2 4
2 42
2 27
2 82
2 34
37 2
2 15
2 38
46 2
32 2
58 2
74 2
2 33
83 2
67 2
2 10
66 2
2 62
36 2
49 2
21 2
68 2
2 19
18 2
69 2
47 2
20 2
5 2
70 2
30 2
7 2
2 81
2 17
48 2
57 2
2 51
40 2
2 12
2 80
2 11
79 2
2 43
39 2
76 2
2 61
28 2
6 2
2 35
63 2
2 45
25 2
2 60
2 23
2 3
2 55
50 2
73 2
22 2
2 8
2 71
84 2
56 2
26 2
2 31
2 78
2 1
24 2
65 2
89 88
1 2 3 4 5 6 7 8 9 10 11 12 13 14 15 16 17 18 19 20 21 22 23 24 25 26 27 28 29 30 31 32 33 34 35 36 37 38 39 40 41 42 43 44 45 46 47 48 49 50 51 52 53 54 55 56 57 58 59 60 61 62 63 64 65 66 67 68 69 70 71 72 73 74 75 76 77 78 79 80 81 82 83 84 85 86 87 88 89
1 2 3 4 5 6 7 8 9 10 11 12 13 14 15 4 17 18 19 20 4 22 3 24 3 26 20 28 29 20 31 3 33 34 35 20 37 20 39 20 4 42 3 4 3 46 3 3 49 20 48 52 48 54 55 56 57 58 59 3 20 62 3 64 65 3 3 68 69 70 71 3 4 3 3 3 3 3 79 3 81 20 83 84 85 86 3 48 3
16 48
48 14
51 48
48 46
48 32
48 2
28 48
38 48
48 59
48 21
65 48
23 48
48 3
48 44
8 48
47 48
79 48
50 48
48 62
48 82
48 85
48 49
83 48
48 26
48 81
19 48
70 48
48 80
43 48
48 55
48 33
36 48
48 37
15 48
39 48
48 13
48 75
48 41
25 48
56 48
48 27
57 48
24 48
48 10
48 42
67 48
48 63
48 7
71 48
48 6
48 87
64 48
48 5
48 76
1 48
48 34
48 18
30 48
20 48
48 84
48 61
86 48
48 78
31 48
48 9
48 89
48 60
58 48
48 22
52 48
48 69
35 48
72 48
73 48
48 29
48 74
48 12
48 40
66 48
48 88
54 48
68 48
45 48
48 4
77 48
11 48
17 48
53 48
112 111
1 2 3 4 5 6 7 8 9 10 11 12 13 14 15 16 17 18 19 20 21 22 23 24 25 26 27 28 29 30 31 32 33 34 35 36 37 38 39 40 41 42 43 44 45 46 47 48 49 50 51 52 53 54 55 56 57 58 59 60 61 62 63 64 65 66 67 68 69 70 71 72 73 74 75 76 77 78 79 80 81 82 83 84 85 86 87 88 89 90 91 92 93 94 95 96 97 98 99 100 101 102 103 104 105 106 107 108 109 110 111 112
1 1 1 1 1 1 1 1 1 1 1 1 1 1 1 1 1 1 1 1 1 1 1 1 1 1 1 1 1 1 1 1 1 1 1 1 1 1 1 1 15 1 1 1 1 1 1 1 1 1 1 1 1 1 1 1 1 1 1 1 1 1 1 1 1 1 1 1 1 1 1 1 1 1 1 1 1 1 1 1 1 1 1 1 1 1 1 1 1 1 1 1 1 1 1 1 1 1 1 1 1 1 1 1 1 1 1 1 1 1 1 1
80 14
42 14
14 108
6 14
39 14
14 84
99 14
14 85
14 83
20 14
31 14
14 37
14 58
14 75
74 14
14 17
14 27
16 14
14 82
14 22
14 26
14 86
111 14
56 14
14 41
14 48
14 47
76 14
14 34
14 65
55 14
14 81
112 14
14 28
92 14
57 14
30 14
14 3
89 14
32 14
14 35
51 14
14 29
100 14
77 14
14 66
7 14
14 11
25 14
14 21
14 43
23 14
61 14
14 64
96 14
14 50
14 60
14 72
45 14
14 88
71 14
14 9
95 14
97 14
14 63
14 102
14 104
14 44
14 59
14 98
53 14
87 14
33 14
2 14
12 14
14 24
14 103
14 18
79 14
14 40
14 93
4 14
14 94
14 1
36 14
14 46
91 14
70 14
14 90
14 68
73 14
109 14
14 106
14 107
105 14
62 14
14 78
101 14
38 14
15 14
19 14
14 8
14 110
69 14
52 14
13 14
14 49
67 14
14 5
10 14
54 14
96 95
55 70 7 66 11 93 70 14 94 16 19 60 46 85 93 2 63 33 27 26 86 50 36 65 30 38 53 57 6 33 15 39 33 43 22 86 68 48 19 82 12 30 19 46 22 11 38 95 5 44 96 94 64 63 92 10 49 66 20 35 7 89 10 49 20 12 67 27 48 39 70 16 20 25 33 33 96 85 36 36 22 52 4 19 92 48 90 11 62 42 33 46 74 38 92 2
2 2 6 66 2 16 6 14 94 16 19 6 6 85 93 2 2 33 2 2 86 50 16 65 30 2 53 57 2 2 15 6 33 43 22 86 6 48 19 82 2 30 19 46 2 11 2 95 5 44 2 94 6 63 92 6 6 66 6 2 7 89 2 49 20 2 2 27 2 39 70 2 2 25 33 2 6 6 36 36 2 2 4 6 92 2 90 11 62 42 6 46 2 38 92 2
11 72
83 72
72 66
9 72
87 72
72 22
72 50
72 29
14 72
72 49
72 68
8 72
44 72
72 63
72 32
42 72
72 23
71 72
72 2
72 40
54 72
45 72
72 52
80 72
28 72
77 72
5 72
72 64
27 72
72 79
72 26
72 37
70 72
33 72
74 72
72 10
78 72
72 57
67 72
86 72
72 95
72 89
72 69
39 72
55 72
72 36
7 72
72 47
72 62
3 72
72 73
72 18
81 72
72 61
72 12
30 72
31 72
72 20
84 72
72 21
72 1
19 72
72 76
35 72
72 48
72 59
72 88
72 41
72 96
72 65
93 72
72 34
16 72
72 53
72 51
15 72
56 72
90 72
72 91
72 94
72 60
72 75
46 72
72 25
85 72
72 13
72 17
4 72
6 72
43 72
72 92
24 72
58 72
72 82
38 72
87 86
1 2 3 4 5 6 7 8 9 10 11 12 13 14 15 16 17 18 19 20 21 22 23 24 25 26 27 28 29 30 31 32 33 34 35 36 37 38 39 40 41 42 43 44 45 46 47 48 49 50 51 52 53 54 55 56 57 58 59 60 61 62 63 64 65 66 67 68 69 70 71 72 73 74 75 76 77 78 79 80 81 82 83 84 85 86 87
1 2 2 4 2 6 7 8 9 10 11 2 13 14 3 2 17 18 2 20 2 22 2 2 25 3 27 28 29 2 2 2 33 2 2 36 37 38 2 40 41 42 2 2 45 3 2 3 49 50 3 52 2 2 55 2 2 2 59 60 3 62 63 2 65 66 67 68 69 70 71 72 2 2 2 76 77 78 79 2 2 3 83 84 85 86 87
83 57
57 29
57 58
57 23
20 57
57 30
67 57
57 78
63 57
57 6
57 47
35 57
57 7
2 57
14 57
57 79
57 48
16 57
57 34
49 57
84 57
57 70
57 68
25 57
57 32
15 57
57 60
69 57
50 57
57 38
51 57
41 57
59 57
57 26
42 57
61 57
87 57
57 55
56 57
12 57
57 44
57 24
57 46
57 13
21 57
57 52
65 57
74 57
18 57
57 64
57 36
28 57
39 57
66 57
37 57
57 75
9 57
57 85
86 57
19 57
57 33
43 57
57 73
4 57
82 57
57 31
3 57
57 11
57 40
57 54
57 10
57 1
80 57
72 57
45 57
62 57
57 76
8 57
57 53
57 22
77 57
5 57
17 57
27 57
57 81
57 71
80 79
21 58 58 14 50 49 33 76 10 11 65 41 35 77 21 25 42 16 25 41 62 65 64 37 51 80 47 18 16 66 47 70 49 16 31 10 54 22 15 79 2 68 54 6 28 64 77 6 65 49 18 26 32 37 71 49 13 13 16 77 63 12 8 20 50 60 76 17 22 25 62 4 30 3 19 14 34 64 70 54
2 2 2 2 2 2 2 2 2 2 2 2 2 2 2 2 2 2 2 2 2 2 2 2 2 2 2 2 2 2 2 2 2 2 2 2 2 2 2 2 2 2 2 2 2 2 2 2 2 2 2 2 2 2 2 2 2 2 2 2 2 2 2 2 2 2 2 2 2 2 2 2 2 2 2 2 2 2 2 2
69 13
69 50
69 37
69 62
69 41
38 69
69 12
56 69
69 24
69 57
28 69
69 58
15 69
69 3
49 69
33 69
67 69
10 69
1 69
69 36
80 69
69 22
69 34
14 69
39 69
60 69
75 69
69 77
59 69
69 66
54 69
73 69
42 69
69 8
21 69
4 69
69 71
63 69
69 26
74 69
72 69
69 43
69 53
69 16
69 68
32 69
5 69
35 69
51 69
61 69
48 69
11 69
20 69
69 64
18 69
69 65
69 9
69 45
69 2
69 76
69 40
69 46
27 69
25 69
52 69
69 55
69 30
69 29
69 19
31 69
69 6
69 79
69 78
69 47
7 69
17 69
70 69
69 23
69 44
110 109
84 70 76 92 93 39 80 67 84 96 43 70 54 103 9 109 63 1 49 44 6 106 50 25 85 47 65 5 97 103 94 68 77 33 49 79 84 108 15 52 18 65 22 62 24 103 61 90 76 62 38 10 94 68 104 51 34 46 105 96 86 23 32 71 75 91 23 5 12 29 32 81 43 21 22 10 38 62 100 53 39 54 55 68 83 76 106 96 76 23 64 56 8 10 28 43 6 52 54 90 7 12 2 68 16 64 64 54 74 37
1 1 1 1 1 1 1 1 1 1 1 1 1 1 1 1 1 1 1 1 1 1 1 1 1 1 1 1 1 1 1 1 1 1 1 1 1 1 1 1 1 1 1 1 1 1 1 1 1 1 1 1 1 1 1 1 1 1 1 1 1 1 1 1 1 1 1 1 1 1 1 1 1 1 1 1 1 1 1 1 1 1 1 1 1 1 1 1 1 1 1 1 1 1 1 1 1 1 1 1 1 1 1 1 1 1 1 1 1 1
110 86
86 26
45 86
86 6
13 86
86 55
86 66
86 21
37 86
86 16
86 46
42 86
86 77
86 23
86 5
65 86
82 86
31 86
58 86
86 12
86 39
86 70
1 86
25 86
86 29
86 100
86 107
80 86
69 86
86 36
24 86
86 53
86 2
104 86
86 52
86 93
81 86
86 56
99 86
30 86
38 86
33 86
62 86
84 86
86 67
35 86
27 86
86 7
86 91
95 86
89 86
64 86
103 86
86 3
11 86
73 86
57 86
106 86
86 20
86 10
97 86
86 75
86 85
86 4
86 102
19 86
86 109
86 72
88 86
9 86
90 86
86 63
86 41
86 71
28 86
86 79
15 86
18 86
47 86
96 86
86 74
86 105
86 54
17 86
44 86
86 48
86 78
94 86
86 68
86 43
86 76
49 86
101 86
50 86
86 83
8 86
86 108
92 86
51 86
40 86
61 86
86 34
32 86
22 86
60 86
87 86
59 86
14 86
98 86
99 98
1 2 3 4 5 6 7 8 9 10 11 12 13 14 15 16 17 18 19 20 21 22 23 24 25 26 27 28 29 30 31 32 33 34 35 36 37 38 39 40 41 42 43 44 45 46 47 48 49 50 51 52 53 54 55 56 57 58 59 60 61 62 63 64 65 66 67 68 69 70 71 72 73 74 75 76 77 78 79 80 81 82 83 84 85 86 87 88 89 90 91 92 93 94 95 96 97 98 99
1 2 3 4 3 3 7 8 3 10 2 3 3 3 15 16 17 18 7 3 21 3 3 3 25 26 27 28 29 3 31 3 33 3 7 3 3 38 3 3 41 3 43 3 3 3 3 7 49 3 51 52 3 54 55 3 3 58 59 60 61 7 63 3 65 3 67 3 3 3 3 72 3 74 3 76 3 78 79 80 3 82 18 84 85 3 87 88 89 90 91 3 3 3 3 96 97 98 99
3 46
42 46
46 87
81 46
23 46
67 46
37 46
46 89
39 46
46 18
76 46
49 46
8 46
86 46
46 97
46 54
98 46
46 12
46 53
46 2
46 38
46 59
46 24
43 46
96 46
46 91
46 11
46 4
7 46
46 6
46 16
69 46
46 25
46 64
46 36
46 40
45 46
62 46
46 50
46 80
92 46
35 46
46 34
73 46
46 83
74 46
29 46
47 46
90 46
46 79
46 26
46 32
46 17
21 46
63 46
30 46
55 46
46 84
46 5
46 58
61 46
46 19
41 46
46 51
57 46
78 46
20 46
75 46
46 56
46 13
31 46
70 46
60 46
94 46
46 95
14 46
93 46
77 46
15 46
10 46
28 46
46 44
46 88
33 46
48 46
46 1
65 46
46 22
46 85
46 71
46 72
46 68
46 66
99 46
27 46
82 46
46 52
9 46
92 91
6 87 87 14 77 64 29 1 39 40 34 64 54 21 43 40 5 27 72 26 56 5 77 27 59 90 18 84 52 29 19 90 40 58 24 55 79 67 22 91 49 80 88 68 1 51 43 39 30 28 51 17 88 39 59 31 80 41 65 89 81 31 15 71 84 47 11 87 45 41 29 13 64 27 80 72 85 65 8 49 60 57 54 63 42 64 26 2 49 68 45 34
1 1 1 1 1 1 1 1 1 1 1 1 1 1 1 1 1 1 1 1 1 1 1 1 1 1 1 1 1 1 1 1 1 1 1 1 1 1 1 1 1 1 1 1 1 1 1 1 1 1 1 1 1 1 1 1 1 1 1 1 1 1 1 1 1 1 1 1 1 1 1 1 1 1 1 1 1 1 1 1 1 1 1 1 1 1 1 1 1 1 1 1
54 39
54 75
54 53
59 54
54 37
54 58
54 56
35 54
73 54
69 54
60 54
24 54
7 54
78 54
44 54
54 71
54 41
72 54
54 21
54 66
38 54
76 54
33 54
67 54
54 20
54 61
54 45
54 32
70 54
52 54
54 23
43 54
90 54
54 11
54 50
3 54
8 54
64 54
79 54
14 54
54 29
54 47
54 10
54 36
28 54
40 54
19 54
54 51
4 54
88 54
54 91
54 80
31 54
54 55
25 54
54 9
54 85
54 81
54 12
87 54
54 17
54 34
48 54
15 54
54 84
54 6
54 65
54 30
54 18
68 54
5 54
46 54
1 54
16 54
54 27
22 54
54 89
54 62
54 92
63 54
54 42
54 74
49 54
54 26
83 54
86 54
54 13
57 54
2 54
54 82
77 54
103 102
1 2 3 4 5 6 7 8 9 10 11 12 13 14 15 16 17 18 19 20 21 22 23 24 25 26 27 28 29 30 31 32 33 34 35 36 37 38 39 40 41 42 43 44 45 46 47 48 49 50 51 52 53 54 55 56 57 58 59 60 61 62 63 64 65 66 67 68 69 70 71 72 73 74 75 76 77 78 79 80 81 82 83 84 85 86 87 88 89 90 91 92 93 94 95 96 97 98 99 100 101 102 103
1 1 1 1 1 1 1 1 1 1 1 1 1 1 1 1 1 1 1 1 1 1 3 1 1 1 1 1 1 1 1 1 1 1 1 1 1 1 1 1 1 1 1 1 1 1 1 1 1 1 1 1 1 1 1 1 1 1 1 1 1 1 1 1 1 1 1 1 1 1 1 1 1 1 1 1 1 1 1 1 1 1 1 1 1 1 1 1 1 1 1 1 1 1 1 1 1 1 1 1 1 1 1
40 76
76 45
76 80
76 69
32 76
63 76
76 17
37 76
76 102
83 76
76 39
76 90
76 49
46 76
57 76
76 15
5 76
66 76
76 48
76 27
76 43
13 76
9 76
82 76
76 20
85 76
6 76
103 76
76 84
76 72
76 79
76 16
76 33
74 76
31 76
4 76
41 76
3 76
76 19
18 76
76 2
76 59
11 76
76 44
28 76
34 76
55 76
77 76
76 99
76 25
52 76
76 30
76 75
58 76
76 42
76 29
87 76
76 86
76 97
21 76
95 76
76 26
12 76
51 76
92 76
54 76
88 76
53 76
76 50
76 94
76 96
76 100
76 36
61 76
76 10
14 76
76 73
64 76
68 76
71 76
76 81
24 76
76 65
76 98
76 60
23 76
76 101
76 89
76 93
76 62
1 76
76 78
76 35
76 8
47 76
70 76
22 76
67 76
91 76
38 76
56 76
76 7
84 83
84 57 19 27 70 75 11 31 60 58 50 44 13 21 3 47 65 59 4 14 56 48 61 22 15 25 76 38 58 35 2 30 31 84 76 80 78 30 24 66 79 6 44 83 43 42 42 13 71 71 74 2 63 23 75 72 32 25 58 15 75 72 71 50 12 40 3 26 52 49 63 50 39 14 83 30 39 71 60 60 23 3 59 74
2 2 2 2 2 2 2 2 2 2 2 2 2 2 2 2 2 2 2 2 2 2 2 2 2 2 2 2 2 2 2 2 2 2 2 2 2 2 2 2 2 2 2 2 2 2 2 2 2 2 2 2 2 2 2 2 2 2 2 2 74 2 2 2 2 2 2 2 2 2 2 2 2 2 2 2 2 2 2 2 2 2 2 2
17 71
71 61
51 71
71 43
25 71
71 59
36 71
71 27
71 77
57 71
71 56
45 71
19 71
71 60
16 71
71 78
66 71
71 4
73 71
71 35
80 71
58 71
71 5
71 54
71 81
20 71
71 26
31 71
71 2
28 71
71 34
29 71
71 69
72 71
50 71
71 41
71 1
84 71
23 71
12 71
68 71
71 83
71 6
8 71
75 71
71 13
22 71
53 71
71 63
71 42
18 71
33 71
71 37
39 71
71 38
79 71
3 71
74 71
71 21
82 71
64 71
71 32
47 71
70 71
71 9
71 7
71 55
48 71
71 15
71 52
46 71
14 71
71 40
71 11
71 62
71 24
65 71
49 71
71 76
30 71
67 71
71 44
10 71
111 110
1 2 3 4 5 6 7 8 9 10 11 12 13 14 15 16 17 18 19 20 21 22 23 24 25 26 27 28 29 30 31 32 33 34 35 36 37 38 39 40 41 42 43 44 45 46 47 48 49 50 51 52 53 54 55 56 57 58 59 60 61 62 63 64 65 66 67 68 69 70 71 72 73 74 75 76 77 78 79 80 81 82 83 84 85 86 87 88 89 90 91 92 93 94 95 96 97 98 99 100 101 102 103 104 105 106 107 108 109 110 111
1 1 1 1 1 1 1 1 1 1 11 1 1 1 1 1 1 1 1 1 1 1 1 1 1 1 1 1 1 1 1 1 1 1 1 1 1 1 1 1 1 1 1 1 1 1 1 1 1 1 1 1 1 1 1 1 1 1 1 1 1 1 1 1 1 1 1 1 1 1 1 1 1 1 1 1 1 1 1 1 1 1 1 1 1 1 1 1 1 1 1 1 1 1 1 1 1 1 1 1 1 1 1 1 1 1 1 1 1 1 1
82 53
4 53
53 36
53 83
49 53
7 53
55 53
53 16
53 12
56 53
30 53
57 53
53 45
104 53
107 53
53 76
53 25
94 53
70 53
69 53
53 100
53 20
109 53
48 53
53 89
80 53
53 8
2 53
51 53
53 26
28 53
53 46
39 53
95 53
111 53
77 53
50 53
63 53
53 11
53 37
53 103
18 53
15 53
102 53
53 24
14 53
53 96
53 32
10 53
53 75
53 41
17 53
91 53
60 53
38 53
53 79
108 53
31 53
23 53
65 53
53 110
54 53
88 53
53 29
43 53
66 53
35 53
53 52
85 53
53 59
53 42
53 58
90 53
5 53
34 53
53 67
53 105
73 53
40 53
98 53
106 53
93 53
33 53
53 44
53 84
53 74
53 47
53 87
27 53
53 71
53 97
53 13
53 9
6 53
81 53
78 53
21 53
53 101
72 53
53 19
53 1
22 53
3 53
53 68
99 53
62 53
53 64
86 53
53 92
53 61
97 96
1 2 3 4 5 6 7 8 9 10 11 12 13 14 15 16 17 18 19 20 21 22 23 24 25 26 27 28 29 30 31 32 33 34 35 36 37 38 39 40 41 42 43 44 45 46 47 48 49 50 51 52 53 54 55 56 57 58 59 60 61 62 63 64 65 66 67 68 69 70 71 72 73 74 75 76 77 78 79 80 81 82 83 84 85 86 87 88 89 90 91 92 93 94 95 96 97
1 1 1 1 1 1 1 1 1 1 1 1 1 1 1 1 1 1 1 1 1 1 1 1 1 1 1 1 1 1 1 1 1 1 1 1 1 1 1 1 1 1 1 1 1 1 1 1 1 1 1 1 1 1 1 1 1 1 1 1 1 1 1 1 1 1 1 1 1 1 1 1 1 1 1 1 1 1 1 1 1 1 1 1 1 1 1 1 1 1 1 1 1 1 1 1 1
31 20
20 23
3 20
20 63
13 20
20 45
20 49
38 20
76 20
20 22
25 20
20 4
66 20
75 20
96 20
20 72
65 20
90 20
48 20
61 20
11 20
20 14
20 53
20 17
20 74
20 73
20 43
20 58
52 20
54 20
28 20
20 55
20 6
24 20
20 60
20 87
20 36
41 20
1 20
20 47
35 20
44 20
26 20
20 79
64 20
34 20
91 20
20 70
12 20
20 93
20 85
89 20
9 20
20 42
20 82
29 20
20 27
20 50
68 20
88 20
20 39
8 20
20 80
20 57
20 77
20 40
20 51
19 20
20 71
37 20
15 20
20 83
32 20
20 67
20 62
20 86
20 69
56 20
95 20
20 10
20 5
30 20
20 7
18 20
92 20
20 33
20 78
20 21
97 20
2 20
94 20
46 20
84 20
20 16
59 20
81 20
119 118
1 2 3 4 5 6 7 8 9 10 11 12 13 14 15 16 17 18 19 20 21 22 23 24 25 26 27 28 29 30 31 32 33 34 35 36 37 38 39 40 41 42 43 44 45 46 47 48 49 50 51 52 53 54 55 56 57 58 59 60 61 62 63 64 65 66 67 68 69 70 71 72 73 74 75 76 77 78 79 80 81 82 83 84 85 86 87 88 89 90 91 92 93 94 95 96 97 98 99 100 101 102 103 104 105 106 107 108 109 110 111 112 113 114 115 116 117 118 119
1 1 1 1 1 1 1 1 1 1 1 1 1 1 1 1 1 1 1 1 1 1 1 1 1 1 1 1 1 1 1 1 1 1 1 1 1 1 1 1 1 24 1 1 1 1 1 1 1 1 1 1 1 1 1 1 1 1 1 1 1 1 1 1 1 1 1 1 1 1 1 1 1 1 1 1 1 1 1 1 1 1 1 1 1 1 1 1 1 1 1 1 1 1 1 1 1 1 1 1 1 1 1 1 1 1 1 1 1 1 1 1 1 1 1 1 1 1 1
4 7
63 4
4 103
93 4
4 106
69 4
4 77
4 81
4 82
4 94
44 4
75 4
6 4
4 30
4 50
40 4
4 104
4 97
33 4
113 4
36 4
4 37
25 4
117 4
29 4
105 4
4 17
73 4
22 4
4 2
72 4
48 4
4 110
4 64
4 19
99 4
13 4
4 57
115 4
4 27
20 4
31 4
4 16
3 4
4 79
107 4
116 4
38 4
4 52
45 4
4 65
55 4
87 4
4 32
98 4
86 4
34 4
4 66
4 119
71 4
90 4
39 4
96 4
4 91
60 4
112 4
4 41
62 4
4 1
26 4
5 4
80 4
4 88
4 84
4 58
56 4
67 4
4 24
42 4
18 4
4 46
114 4
4 21
4 8
4 61
4 108
4 111
4 43
70 4
4 10
59 4
4 15
4 100
4 9
28 4
4 35
4 14
4 78
12 4
101 4
4 51
4 68
4 95
54 4
23 4
89 4
85 4
83 4
11 4
4 102
4 92
118 4
74 4
4 109
4 49
4 47
4 76
53 4
103 102
1 2 3 4 5 6 7 8 9 10 11 12 13 14 15 16 17 18 19 20 21 22 23 24 25 26 27 28 29 30 31 32 33 34 35 36 37 38 39 40 41 42 43 44 45 46 47 48 49 50 51 52 53 54 55 56 57 58 59 60 61 62 63 64 65 66 67 68 69 70 71 72 73 74 75 76 77 78 79 80 81 82 83 84 85 86 87 88 89 90 91 92 93 94 95 96 97 98 99 100 101 102 103
1 2 3 4 5 6 7 8 9 10 11 6 13 14 15 16 17 18 19 2 2 22 2 24 25 2 27 28 29 2 2 32 33 34 2 2 10 38 39 2 41 42 2 44 45 46 12 48 49 2 2 2 53 54 2 56 2 2 2 60 61 62 2 64 2 2 67 2 2 70 2 2 73 2 75 2 77 2 79 10 81 2 83 2 2 86 87 88 2 90 2 2 93 94 95 12 2 2 2 2 101 10 103
24 12
69 12
71 12
12 90
12 43
62 12
12 73
20 12
2 12
83 12
14 12
85 12
76 12
96 12
12 94
101 12
55 12
82 12
12 100
51 12
12 79
12 5
74 12
64 12
12 22
42 12
30 12
12 72
12 39
12 10
87 12
92 12
56 12
12 44
12 6
12 19
12 61
12 25
81 12
12 95
9 12
35 12
12 26
97 12
98 12
65 12
12 53
11 12
12 33
12 54
49 12
37 12
13 12
57 12
12 91
88 12
16 12
86 12
78 12
52 12
8 12
12 34
12 46
84 12
15 12
66 12
12 75
12 17
68 12
12 63
12 80
12 50
21 12
12 3
12 29
36 12
27 12
12 38
89 12
12 70
4 12
12 59
60 12
12 77
32 12
12 67
23 12
40 12
12 7
12 41
99 12
12 18
12 58
12 48
12 47
28 12
31 12
102 12
12 45
12 1
93 12
12 103
103 102
32 90 40 1 75 6 46 47 58 90 9 87 28 53 95 32 4 28 14 1 82 14 81 103 65 3 96 18 53 3 88 97 83 4 73 85 62 82 7 96 15 33 76 23 67 12 68 38 4 4 91 67 32 94 65 25 56 18 81 96 9 77 39 97 59 27 35 92 35 103 98 45 82 86 10 1 69 81 26 25 73 96 87 48 56 45 91 10 17 70 16 33 25 37 26 82 23 39 93 99 60 56 49
1 1 1 1 1 1 1 1 1 1 1 1 1 1 1 1 1 1 1 1 1 1 1 1 1 1 1 1 1 1 1 1 1 1 1 1 1 1 1 1 1 1 1 1 1 1 1 1 1 1 1 1 1 1 1 1 1 1 1 1 1 1 1 1 1 1 1 1 1 1 1 1 1 1 1 1 1 1 1 1 1 1 1 1 1 1 1 1 1 1 1 1 1 1 1 1 1 1 1 1 1 1 1
69 31
69 21
18 69
100 69
70 69
69 52
13 69
69 83
69 102
45 69
69 89
4 69
77 69
30 69
68 69
69 36
69 90
59 69
69 20
80 69
46 69
69 58
69 34
38 69
42 69
69 17
11 69
93 69
69 23
56 69
76 69
35 69
97 69
69 28
69 67
69 22
5 69
69 72
69 15
69 98
69 91
69 47
69 73
74 69
69 66
96 69
44 69
69 87
27 69
69 75
69 12
69 49
16 69
2 69
69 37
69 95
69 48
24 69
69 64
69 10
19 69
69 33
69 103
69 94
101 69
79 69
69 32
82 69
69 85
69 88
69 40
8 69
50 69
84 69
69 1
69 65
41 69
69 78
60 69
69 51
69 7
69 54
69 61
69 57
63 69
39 69
69 99
53 69
29 69
3 69
25 69
62 69
9 69
69 81
69 43
26 69
86 69
55 69
71 69
6 69
92 69
14 69
91 90
85 31 8 57 58 63 64 25 73 66 69 66 13 16 80 51 51 87 16 16 61 24 81 29 17 84 21 77 28 21 79 34 15 66 20 39 10 86 55 73 77 39 88 50 66 29 11 61 27 90 76 53 38 63 46 83 4 87 14 23 46 31 83 45 8 11 11 35 13 77 50 74 51 8 49 89 42 75 35 73 59 45 90 7 33 10 11 9 73 37 25
85 9 8 57 4 4 4 25 73 66 7 4 13 16 7 51 51 87 7 7 61 7 81 29 4 4 4 77 28 21 79 34 15 7 20 7 10 86 55 73 7 7 7 50 7 29 9 7 9 90 64 7 38 63 46 4 4 7 14 23 4 31 4 7 8 4 11 35 13 7 4 4 51 8 49 89 42 75 7 73 59 45 7 7 33 7 11 9 73 37 7
47 7
3 7
7 30
7 12
44 7
7 34
32 7
6 7
75 7
58 7
57 7
43 7
61 7
62 7
63 7
7 5
49 7
33 7
7 45
19 7
89 7
85 7
40 7
7 35
7 42
7 86
74 7
7 88
7 70
7 87
37 7
82 7
9 7
48 7
50 7
21 7
80 7
7 18
7 52
41 7
13 7
16 7
7 2
77 7
91 7
7 51
27 7
7 15
7 29
17 7
59 7
7 4
79 7
7 78
7 38
7 23
7 20
7 53
7 28
7 36
7 39
7 55
7 81
7 1
7 66
7 46
7 90
7 8
7 73
7 71
22 7
10 7
7 83
65 7
68 7
7 26
25 7
7 72
24 7
7 54
7 76
69 7
14 7
84 7
7 56
7 60
7 64
7 67
7 11
7 31
115 114
1 2 3 4 5 6 7 8 9 10 11 12 13 14 15 16 17 18 19 20 21 22 23 24 25 26 27 28 29 30 31 32 33 34 35 36 37 38 39 40 41 42 43 44 45 46 47 48 49 50 51 52 53 54 55 56 57 58 59 60 61 62 63 64 65 66 67 68 69 70 71 72 73 74 75 76 77 78 79 80 81 82 83 84 85 86 87 88 89 90 91 92 93 94 95 96 97 98 99 100 101 102 103 104 105 106 107 108 109 110 111 112 113 114 115
1 2 3 4 5 6 6 8 6 10 6 12 6 14 15 16 17 6 19 20 21 22 6 24 25 26 27 28 29 28 31 6 28 14 6 6 6 38 39 40 28 6 39 6 6 46 47 48 49 6 51 52 53 54 6 6 57 14 28 60 6 6 63 64 14 6 67 68 6 6 6 72 73 6 75 76 77 6 79 6 81 82 6 84 85 86 87 6 6 6 91 6 93 94 6 6 97 98 99 14 101 14 6 104 6 106 107 6 109 6 6 112 6 114 115
70 83
83 105
83 50
98 83
75 83
83 4
82 83
13 83
83 6
88 83
83 80
83 77
83 15
83 47
72 83
74 83
73 83
83 65
26 83
83 33
31 83
90 83
7 83
83 45
85 83
32 83
83 22
83 115
53 83
83 59
55 83
5 83
83 62
83 91
1 83
35 83
44 83
83 79
83 8
9 83
83 64
83 36
23 83
56 83
83 110
83 87
83 95
52 83
83 68
3 83
83 10
109 83
83 89
93 83
83 58
83 76
84 83
14 83
83 92
83 99
24 83
81 83
83 63
37 83
49 83
107 83
29 83
83 38
86 83
96 83
112 83
83 28
108 83
83 2
21 83
19 83
83 61
83 66
57 83
46 83
71 83
102 83
83 43
83 25
83 39
18 83
83 51
103 83
30 83
83 113
111 83
83 20
83 114
69 83
78 83
97 83
83 34
83 12
94 83
83 104
16 83
60 83
83 40
17 83
83 106
83 11
101 83
67 83
100 83
83 27
83 54
83 48
83 42
41 83
91 90
1 2 3 4 5 6 7 8 9 10 11 12 13 14 15 16 17 18 19 20 21 22 23 24 25 26 27 28 29 30 31 32 33 34 35 36 37 38 39 40 41 42 43 44 45 46 47 48 49 50 51 52 53 54 55 56 57 58 59 60 61 62 63 64 65 66 67 68 69 70 71 72 73 74 75 76 77 78 79 80 81 82 83 84 85 86 87 88 89 90 91
1 2 3 4 5 6 2 4 4 10 11 12 4 4 15 4 1 4 19 20 21 22 1 1 25 4 4 4 29 30 4 32 4 34 4 4 4 38 4 40 41 4 4 4 4 46 2 48 49 4 51 52 4 4 55 56 57 58 2 2 2 4 63 2 4 1 67 4 69 70 71 4 73 4 2 76 77 78 79 80 81 4 83 84 4 4 4 88 89 90 91
25 17
3 17
50 17
89 17
23 17
2 17
17 7
17 4
17 28
41 17
17 20
17 65
71 17
1 17
90 17
33 17
17 13
67 17
17 35
83 17
17 9
59 17
82 17
44 17
17 32
17 27
17 43
86 17
17 63
17 80
52 17
17 5
17 69
17 76
17 29
17 21
42 17
15 17
17 78
17 37
18 17
81 17
17 68
16 17
17 70
6 17
24 17
17 19
17 64
12 17
17 47
17 26
40 17
17 66
17 14
57 17
48 17
34 17
53 17
17 11
61 17
17 75
22 17
17 60
30 17
84 17
17 8
17 49
54 17
17 77
17 38
17 51
17 73
31 17
58 17
17 79
17 85
17 72
36 17
17 39
17 46
17 55
17 62
17 91
88 17
17 56
74 17
87 17
10 17
17 45
105 104
6 35 27 100 43 83 14 68 29 53 103 7 94 38 20 65 54 73 92 16 49 45 12 21 15 64 85 60 36 102 78 26 84 38 96 4 36 28 48 3 28 73 32 104 2 3 20 93 101 40 55 37 23 56 95 2 59 27 62 80 34 55 89 74 86 63 47 19 20 95 31 39 17 68 13 69 81 75 12 40 56 41 95 94 4 34 52 46 44 69 92 5 55 58 73 102 55 33 51 38 64 92 19 88 37
2 2 2 2 2 2 2 2 2 2 2 2 2 2 2 2 2 2 2 2 2 2 2 2 2 2 2 2 2 2 2 2 2 2 2 2 2 2 2 2 2 2 2 2 2 2 2 2 2 2 2 2 2 2 2 2 2 2 2 2 2 2 2 2 2 2 2 2 2 2 2 2 2 2 2 2 2 2 2 2 2 2 2 75 2 2 2 2 2 2 2 2 2 2 2 2 2 2 2 2 2 2 2 2 2
68 59
44 59
59 19
59 62
21 59
59 69
94 59
59 61
82 59
77 59
59 16
59 57
59 81
86 59
59 28
73 59
34 59
59 98
59 17
59 64
59 31
75 59
50 59
59 48
59 13
59 14
59 72
59 18
90 59
79 59
59 32
59 47
10 59
59 23
59 76
35 59
59 8
59 12
59 1
84 59
52 59
59 37
59 105
92 59
3 59
40 59
71 59
59 91
59 103
5 59
6 59
49 59
59 11
59 78
65 59
38 59
88 59
55 59
58 59
46 59
59 63
104 59
59 30
4 59
89 59
96 59
56 59
54 59
59 101
74 59
59 97
70 59
95 59
27 59
41 59
102 59
24 59
29 59
59 87
20 59
2 59
59 85
66 59
59 93
45 59
59 22
59 15
100 59
59 80
25 59
42 59
59 26
59 67
51 59
39 59
59 33
59 99
9 59
59 60
59 43
7 59
36 59
59 53
83 59
113 112
64 65 5 75 38 57 23 21 61 27 67 49 72 22 79 94 22 76 6 84 11 87 23 77 41 7 77 59 43 24 72 12 91 111 29 17 52 38 106 36 104 10 11 49 48 52 91 34 61 1 48 36 19 15 48 70 85 1 56 54 3 109 20 99 60 88 16 29 90 44 61 80 53 7 64 29 19 35 67 58 86 69 10 36 94 103 6 9 68 94 96 105 97 50 92 53 29 45 81 38 83 105 92 77 67 38 96 4 3 96 73 45 107
64 1 1 1 1 57 1 1 61 1 1 1 1 22 79 94 1 76 6 84 1 1 23 77 1 1 77 1 43 24 1 12 91 111 1 17 52 38 106 1 104 10 1 49 48 52 1 34 1 1 48 36 19 15 48 1 85 1 1 54 3 109 1 99 60 1 1 1 1 1 61 1 53 7 64 1 1 35 1 1 1 69 10 1 1 1 6 9 1 1 1 105 97 1 1 1 1 1 1 38 83 1 1 77 1 1 1 4 3 1 73 1 1
86 65
18 86
86 15
86 112
66 86
8 86
109 86
86 79
86 113
86 4
86 43
86 96
86 7
86 100
37 86
98 86
78 86
86 30
23 86
86 90
86 28
86 95
68 86
102 86
86 58
27 86
86 108
70 86
101 86
103 86
86 107
85 86
38 86
86 56
86 106
20 86
57 86
46 86
86 40
86 25
50 86
63 86
45 86
53 86
12 86
86 87
86 54
33 86
86 72
86 73
80 86
84 86
82 86
75 86
91 86
86 88
86 62
97 86
86 61
86 52
86 47
74 86
86 32
94 86
24 86
86 71
86 89
86 11
86 9
83 86
86 13
86 3
86 10
86 49
64 86
51 86
86 14
86 22
86 76
86 59
86 111
86 16
86 99
86 31
81 86
77 86
5 86
17 86
86 26
92 86
86 48
86 34
86 55
93 86
86 41
104 86
35 86
86 36
86 67
86 60
86 2
86 44
110 86
86 105
86 29
19 86
86 1
86 69
86 39
86 42
86 21
6 86
95 94
57 15 6 74 60 61 28 79 36 94 8 68 81 67 87 49 20 47 21 6 17 18 82 70 17 65 72 26 27 81 31 23 48 78 72 54 14 60 73 39 26 58 2 42 46 70 81 20 2 10 28 6 38 2 33 9 42 7 76 60 58 13 71 26 18 22 15 54 34 89 23 10 26 70 2 67 9 47 53 72 67 14 94 4 71 94 61 92 60 2 22 57 39 53 93
2 2 2 2 2 2 2 2 2 2 2 2 2 2 2 2 2 2 2 2 2 2 2 2 2 2 2 2 2 2 2 2 2 2 2 2 2 2 2 2 2 2 2 2 2 2 2 2 2 2 2 2 2 2 2 2 2 2 2 2 2 2 2 2 2 2 2 2 2 2 2 2 2 2 2 2 2 2 2 2 2 2 2 2 2 2 2 2 2 2 2 2 2 2 2
4 64
73 64
64 41
64 22
7 64
64 34
64 85
64 25
64 33
64 45
35 64
64 50
64 89
12 64
64 63
86 64
64 18
64 29
64 8
64 93
14 64
64 57
90 64
44 64
64 68
64 83
70 64
64 32
5 64
64 94
39 64
75 64
64 95
64 13
19 64
30 64
51 64
74 64
23 64
2 64
28 64
64 47
84 64
56 64
64 55
64 66
77 64
27 64
82 64
92 64
64 43
64 65
81 64
64 37
64 11
62 64
67 64
3 64
64 59
16 64
64 36
69 64
52 64
61 64
76 64
64 88
91 64
64 58
54 64
64 10
64 1
64 87
64 48
64 20
64 80
64 26
64 53
60 64
64 49
64 42
9 64
64 72
15 64
64 6
64 21
64 71
64 17
64 38
64 40
64 31
79 64
64 78
24 64
64 46
88 87
58 77 64 70 49 25 78 69 31 83 34 65 68 73 30 59 12 86 82 52 71 71 79 86 84 21 85 76 41 14 62 4 21 59 8 52 15 11 71 26 60 15 80 35 69 12 23 29 38 12 59 29 48 13 53 34 32 17 60 23 86 36 60 85 30 1 18 55 83 62 1 36 87 51 17 73 12 31 82 28 62 43 38 82 63 44 84 26
1 1 1 1 1 1 1 1 1 1 1 1 1 1 1 1 1 1 1 1 1 1 1 1 1 1 1 1 1 1 1 1 1 1 1 1 1 1 1 1 1 1 1 1 1 1 1 1 1 1 1 1 1 1 1 1 1 1 1 1 1 1 1 1 1 1 1 1 1 1 1 1 1 1 1 1 1 1 1 1 1 1 1 1 1 1 1 1
86 62
44 62
54 62
62 75
62 11
62 63
56 62
62 25
62 7
88 62
62 77
58 62
62 19
62 48
62 5
3 62
62 40
62 66
68 62
73 62
62 26
36 62
62 81
21 62
18 62
62 12
62 79
62 85
62 4
62 72
62 23
14 62
62 60
62 41
2 62
62 83
62 29
30 62
62 51
62 87
55 62
62 32
62 8
62 16
62 1
47 62
37 62
57 62
62 9
17 62
53 62
62 84
59 62
62 67
62 49
62 42
69 62
62 71
78 62
50 62
24 62
10 62
62 13
62 22
62 31
46 62
65 62
45 62
62 6
38 62
62 76
74 62
62 15
62 61
27 62
80 62
35 62
33 62
62 52
20 62
62 43
64 62
70 62
62 34
82 62
62 39
62 28
111 110
1 2 3 4 5 6 7 8 9 10 11 12 13 14 15 16 17 18 19 20 21 22 23 24 25 26 27 28 29 30 31 32 33 34 35 36 37 38 39 40 41 42 43 44 45 46 47 48 49 50 51 52 53 54 55 56 57 58 59 60 61 62 63 64 65 66 67 68 69 70 71 72 73 74 75 76 77 78 79 80 81 82 83 84 85 86 87 88 89 90 91 92 93 94 95 96 97 98 99 100 101 102 103 104 105 106 107 108 109 110 111
1 2 2 1 5 6 7 1 9 10 11 1 13 12 15 2 17 12 19 12 21 1 3 24 1 26 27 28 1 30 31 3 33 34 35 36 37 38 39 3 1 12 2 44 1 25 47 48 49 50 1 52 25 54 29 2 1 58 59 60 61 62 12 64 65 66 1 68 1 2 71 12 73 12 1 76 2 78 79 12 81 82 83 84 85 86 3 2 1 90 91 92 93 94 95 12 12 98 99 100 101 102 12 104 2 106 107 12 12 110 111
25 33
25 95
25 43
40 25
25 56
76 25
39 25
48 25
25 54
37 25
25 111
25 68
10 25
3 25
25 46
25 98
25 45
58 25
25 82
25 79
4 25
13 25
25 8
25 63
109 25
25 7
25 53
25 66
57 25
89 25
25 22
25 70
32 25
25 90
25 2
25 52
25 50
73 25
25 85
25 51
25 60
92 25
20 25
5 25
25 28
65 25
25 87
25 72
100 25
25 38
25 81
42 25
83 25
25 67
25 59
21 25
31 25
86 25
84 25
12 25
19 25
25 80
25 110
25 27
25 36
78 25
9 25
94 25
41 25
25 99
25 49
25 97
6 25
11 25
14 25
25 61
1 25
25 55
15 25
24 25
25 103
77 25
25 75
25 64
25 88
69 25
30 25
101 25
25 47
35 25
23 25
34 25
108 25
93 25
25 26
25 18
25 102
107 25
25 71
25 105
62 25
104 25
25 91
16 25
44 25
25 96
25 29
106 25
25 17
74 25
119 118
1 2 3 4 5 6 7 8 9 10 11 12 13 14 15 16 17 18 19 20 21 22 23 24 25 26 27 28 29 30 31 32 33 34 35 36 37 38 39 40 41 42 43 44 45 46 47 48 49 50 51 52 53 54 55 56 57 58 59 60 61 62 63 64 65 66 67 68 69 70 71 72 73 74 75 76 77 78 79 80 81 82 83 84 85 86 87 88 89 90 91 92 93 94 95 96 97 98 99 100 101 102 103 104 105 106 107 108 109 110 111 112 113 114 115 116 117 118 119
1 1 1 1 1 1 1 1 1 1 1 1 1 1 1 1 1 1 1 1 1 1 1 1 1 1 1 1 1 1 1 1 1 1 1 1 1 1 1 1 1 1 1 1 1 1 1 1 49 1 1 1 1 1 1 1 1 1 1 1 1 1 1 1 1 1 1 1 1 1 1 1 1 1 1 1 1 1 1 1 1 1 1 1 1 1 1 1 1 1 1 1 1 1 1 1 1 1 1 1 1 1 1 1 1 1 1 1 1 1 1 1 1 1 1 1 1 1 1
109 76
114 76
45 76
76 104
76 8
9 76
76 6
110 76
68 76
76 86
76 108
76 25
76 53
20 76
35 76
76 5
85 76
76 74
77 76
34 76
60 76
76 57
51 76
76 69
14 76
46 76
83 76
64 76
102 76
76 94
76 115
76 103
71 76
76 37
76 32
67 76
76 91
12 76
31 76
76 39
76 55
76 78
76 19
4 76
76 22
76 50
40 76
116 76
76 44
76 59
76 7
113 76
76 93
98 76
62 76
76 29
76 96
76 21
76 105
76 119
76 73
76 92
56 76
76 65
76 118
76 30
15 76
76 48
76 61
28 76
87 76
95 76
76 23
41 76
112 76
76 11
101 76
76 52
76 117
89 76
72 76
2 76
70 76
10 76
111 76
17 76
33 76
84 76
106 76
76 88
76 3
76 66
76 97
76 24
76 49
76 27
76 18
90 76
81 76
76 63
76 13
76 75
76 36
76 99
58 76
76 82
76 79
76 100
76 54
80 76
76 38
76 47
76 1
76 42
76 16
76 107
76 43
26 76
83 82
27 30 37 46 68 53 14 81 51 31 9 37 52 63 19 18 64 15 78 73 20 36 80 49 50 41 41 30 12 42 2 28 55 34 82 5 83 53 53 45 81 71 69 55 26 50 19 20 6 38 53 40 38 21 51 53 31 49 14 3 16 62 54 47 34 62 57 74 33 52 4 2 36 22 73 16 19 3 39 39 57 10 44
2 2 2 2 2 2 2 2 2 2 2 2 2 2 2 2 2 2 2 2 2 2 2 2 2 2 2 2 2 2 2 2 2 2 2 2 2 2 2 2 2 2 2 2 2 2 2 2 2 2 2 2 2 2 2 2 2 2 2 2 2 2 2 2 2 2 2 2 2 2 2 2 2 2 2 2 2 2 2 2 2 2 2
1 45
1 33
12 1
62 1
70 1
39 1
77 1
23 1
24 1
1 10
1 37
1 80
1 66
28 1
1 17
48 1
14 1
1 20
1 40
15 1
1 44
1 30
82 1
1 31
1 52
1 11
1 65
1 7
22 1
1 47
63 1
9 1
1 55
2 1
4 1
1 19
1 64
60 1
1 27
1 59
1 3
35 1
1 41
57 1
1 6
1 13
56 1
1 49
1 61
69 1
36 1
43 1
1 73
68 1
1 79
1 25
1 74
76 1
78 1
1 51
81 1
1 34
1 67
1 46
58 1
1 32
38 1
53 1
18 1
1 71
1 54
1 8
1 42
75 1
72 1
83 1
29 1
1 16
1 50
26 1
1 5
21 1
96 95
1 2 3 4 5 6 7 8 9 10 11 12 13 14 15 16 17 18 19 20 21 22 23 24 25 26 27 28 29 30 31 32 33 34 35 36 37 38 39 40 41 42 43 44 45 46 47 48 49 50 51 52 53 54 55 56 57 58 59 60 61 62 63 64 65 66 67 68 69 70 71 72 73 74 75 76 77 78 79 80 81 82 83 84 85 86 87 88 89 90 91 92 93 94 95 96
1 1 1 1 1 1 1 1 1 1 1 12 1 1 1 1 1 1 1 1 1 1 1 1 1 1 1 1 1 1 1 1 1 1 1 1 1 1 1 1 1 1 1 1 1 1 1 1 1 1 1 1 1 1 1 1 1 1 1 1 1 1 1 1 1 1 1 1 1 1 1 1 1 1 1 1 1 1 1 1 1 1 1 1 1 1 1 1 1 1 1 1 1 1 1 1
91 41
42 91
91 31
91 33
70 91
7 91
91 69
48 91
74 91
68 91
91 65
88 91
38 91
5 91
91 56
47 91
91 72
67 91
71 91
91 54
91 13
12 91
91 49
16 91
91 93
36 91
91 80
91 81
1 91
34 91
91 10
91 57
91 82
91 29
91 6
91 43
91 50
23 91
20 91
91 45
91 92
64 91
91 90
96 91
52 91
46 91
4 91
91 44
95 91
91 32
24 91
51 91
63 91
22 91
11 91
89 91
91 37
26 91
14 91
91 30
91 84
91 77
53 91
91 8
9 91
59 91
86 91
83 91
91 61
91 79
94 91
91 2
35 91
91 19
91 25
62 91
91 76
91 60
18 91
21 91
91 3
91 28
40 91
91 75
91 87
27 91
91 15
91 78
85 91
91 58
55 91
39 91
91 66
17 91
91 73
108 107
1 2 3 4 5 6 7 8 9 10 11 12 13 14 15 16 17 18 19 20 21 22 23 24 25 26 27 28 29 30 31 32 33 34 35 36 37 38 39 40 41 42 43 44 45 46 47 48 49 50 51 52 53 54 55 56 57 58 59 60 61 62 63 64 65 66 67 68 69 70 71 72 73 74 75 76 77 78 79 80 81 82 83 84 85 86 87 88 89 90 91 92 93 94 95 96 97 98 99 100 101 102 103 104 105 106 107 108
1 1 1 1 1 1 1 1 1 1 1 1 1 1 1 1 1 1 1 1 1 1 1 1 1 1 1 1 1 1 1 1 1 1 1 1 1 1 1 1 1 1 1 1 1 1 1 1 1 1 1 1 1 1 1 1 1 1 1 1 1 1 1 1 1 1 1 1 1 1 1 1 1 1 1 1 1 1 1 1 1 1 1 1 1 1 1 1 1 1 1 1 1 1 1 1 1 1 1 1 1 1 1 1 1 1 1 1
14 23
91 23
78 23
23 32
39 23
42 23
23 27
23 74
18 23
23 49
37 23
46 23
88 23
23 57
89 23
59 23
23 13
23 62
23 61
23 6
21 23
28 23
23 40
82 23
93 23
12 23
76 23
84 23
45 23
70 23
44 23
108 23
23 72
23 51
30 23
34 23
77 23
23 71
26 23
86 23
7 23
23 81
23 99
23 53
31 23
56 23
23 36
65 23
103 23
23 16
23 17
23 97
105 23
50 23
23 25
23 22
94 23
4 23
35 23
67 23
5 23
23 104
95 23
23 75
96 23
19 23
23 90
15 23
23 92
2 23
23 10
23 100
68 23
43 23
23 73
33 23
23 58
23 3
23 79
38 23
23 60
23 63
98 23
23 87
23 55
23 69
8 23
24 23
106 23
101 23
23 41
107 23
23 80
23 66
54 23
64 23
23 11
47 23
1 23
23 52
23 102
20 23
83 23
48 23
29 23
9 23
23 85
92 91
1 2 3 4 5 6 7 8 9 10 11 12 13 14 15 16 17 18 19 20 21 22 23 24 25 26 27 28 29 30 31 32 33 34 35 36 37 38 39 40 41 42 43 44 45 46 47 48 49 50 51 52 53 54 55 56 57 58 59 60 61 62 63 64 65 66 67 68 69 70 71 72 73 74 75 76 77 78 79 80 81 82 83 84 85 86 87 88 89 90 91 92
1 2 1 4 5 6 1 5 9 3 11 1 13 14 15 16 5 18 19 20 21 22 5 24 1 26 27 28 29 30 1 32 33 1 35 36 5 38 39 40 3 3 1 1 1 1 47 48 1 50 5 1 1 1 5 56 3 1 1 60 61 62 63 64 65 1 1 1 69 70 71 72 73 1 75 76 8 78 3 1 81 82 1 1 85 1 1 88 89 90 91 92
30 25
13 25
35 25
83 25
59 25
76 25
21 25
18 25
57 25
45 25
4 25
61 25
58 25
14 25
25 12
25 55
15 25
25 53
92 25
25 84
25 10
80 25
25 39
25 87
25 17
40 25
25 41
31 25
43 25
25 27
25 60
25 36
25 78
25 72
25 29
6 25
25 86
19 25
24 25
25 64
25 65
25 54
25 71
67 25
25 33
89 25
25 3
34 25
25 23
8 25
85 25
25 1
25 46
25 16
25 77
25 79
5 25
25 38
56 25
25 51
62 25
25 73
68 25
26 25
81 25
25 47
7 25
25 42
25 44
48 25
25 66
25 37
88 25
25 74
91 25
50 25
25 20
49 25
25 63
82 25
2 25
25 52
25 70
25 75
32 25
25 11
9 25
25 69
25 90
25 22
25 28
107 106
1 2 3 4 5 6 7 8 9 10 11 12 13 14 15 16 17 18 19 20 21 22 23 24 25 26 27 28 29 30 31 32 33 34 35 36 37 38 39 40 41 42 43 44 45 46 47 48 49 50 51 52 53 54 55 56 57 58 59 60 61 62 63 64 65 66 67 68 69 70 71 72 73 74 75 76 77 78 79 80 81 82 83 84 85 86 87 88 89 90 91 92 93 94 95 96 97 98 99 100 101 102 103 104 105 106 107
1 1 1 1 1 1 1 1 1 1 1 1 1 1 1 1 1 1 1 1 1 1 1 1 1 1 1 1 1 1 1 1 1 1 1 1 1 1 1 1 1 1 1 1 1 1 1 1 1 1 1 37 1 1 1 1 1 1 1 1 1 1 1 1 1 1 1 1 1 1 1 1 1 1 1 1 1 1 1 1 1 1 1 1 1 1 1 1 1 1 1 1 1 1 1 1 1 1 1 1 1 1 1 1 1 1 1
76 39
39 72
39 56
92 39
107 39
39 37
36 39
39 34
39 38
39 98
106 39
10 39
39 69
39 12
39 89
39 28
17 39
11 39
101 39
39 32
39 87
39 68
99 39
39 63
39 6
39 66
79 39
86 39
49 39
25 39
39 51
39 104
39 2
39 40
14 39
39 74
39 60
39 19
39 44
39 97
48 39
4 39
75 39
42 39
35 39
39 84
39 82
15 39
39 88
39 33
61 39
39 41
24 39
39 73
54 39
18 39
39 105
43 39
22 39
57 39
39 55
103 39
53 39
65 39
39 20
39 81
85 39
39 77
39 59
39 1
39 9
7 39
39 102
93 39
95 39
39 90
71 39
39 16
78 39
39 64
39 8
39 62
39 45
39 5
39 96
39 13
39 27
83 39
39 80
50 39
91 39
39 94
39 70
31 39
39 29
30 39
39 52
39 3
21 39
39 26
39 46
100 39
47 39
58 39
39 67
23 39
104 103
1 2 3 4 5 6 7 8 9 10 11 12 13 14 15 16 17 18 19 20 21 22 23 24 25 26 27 28 29 30 31 32 33 34 35 36 37 38 39 40 41 42 43 44 45 46 47 48 49 50 51 52 53 54 55 56 57 58 59 60 61 62 63 64 65 66 67 68 69 70 71 72 73 74 75 76 77 78 79 80 81 82 83 84 85 86 87 88 89 90 91 92 93 94 95 96 97 98 99 100 101 102 103 104
1 2 3 4 5 6 7 8 7 10 11 5 7 14 15 2 17 18 7 20 21 22 23 24 25 26 27 28 29 7 31 32 5 34 35 7 33 38 39 5 33 5 43 44 45 7 33 7 49 50 7 52 7 33 5 5 57 58 33 60 28 62 28 64 65 7 7 68 69 7 71 7 73 74 75 7 77 33 7 80 81 33 7 33 85 86 5 28 89 90 91 92 56 7 95 96 97 98 5 100 7 102 103 7
57 33
32 33
33 26
77 33
33 13
33 104
33 84
33 11
33 9
33 46
33 89
33 5
33 2
33 94
33 35
42 33
33 93
33 53
33 21
41 33
60 33
33 67
17 33
44 33
33 18
12 33
33 19
33 70
33 15
31 33
33 20
61 33
33 51
33 62
33 37
33 68
33 64
33 63
95 33
97 33
33 81
33 90
82 33
76 33
43 33
33 45
33 14
3 33
33 74
102 33
33 1
33 28
29 33
24 33
33 49
16 33
10 33
33 72
33 83
101 33
4 33
33 86
54 33
103 33
33 58
33 73
25 33
33 38
27 33
56 33
33 69
50 33
87 33
33 30
33 39
36 33
33 79
75 33
59 33
33 22
100 33
52 33
33 71
33 80
33 47
65 33
6 33
33 7
33 91
33 96
33 55
33 88
33 85
34 33
33 98
33 8
66 33
78 33
33 23
99 33
48 33
92 33
33 40
85 84
1 2 3 4 5 6 7 8 9 10 11 12 13 14 15 16 17 18 19 20 21 22 23 24 25 26 27 28 29 30 31 32 33 34 35 36 37 38 39 40 41 42 43 44 45 46 47 48 49 50 51 52 53 54 55 56 57 58 59 60 61 62 63 64 65 66 67 68 69 70 71 72 73 74 75 76 77 78 79 80 81 82 83 84 85
1 1 1 1 1 1 1 1 1 1 1 1 1 1 1 1 1 1 1 1 1 1 1 1 1 1 1 1 1 1 1 1 1 1 1 1 1 1 1 1 1 1 1 1 1 1 1 1 1 1 1 1 1 1 1 1 1 1 1 1 1 1 1 1 1 1 1 1 1 1 1 1 1 1 1 1 1 1 1 1 1 1 1 1 1
41 48
41 36
70 41
77 41
41 74
44 41
41 76
41 11
49 41
60 41
41 12
41 67
41 20
13 41
23 41
51 41
41 62
41 22
7 41
37 41
41 85
41 8
41 75
43 41
33 41
16 41
41 24
19 41
41 14
41 65
4 41
79 41
39 41
56 41
41 3
41 29
41 25
41 54
80 41
41 42
41 68
41 35
55 41
41 84
57 41
41 6
50 41
30 41
41 32
41 28
46 41
71 41
53 41
27 41
41 47
81 41
41 40
41 59
41 1
63 41
38 41
26 41
72 41
61 41
2 41
41 31
58 41
64 41
41 78
41 45
41 34
41 83
41 69
10 41
18 41
73 41
41 21
41 5
17 41
41 9
52 41
41 66
41 82
15 41
91 90
1 2 3 4 5 6 7 8 9 10 11 12 13 14 15 16 17 18 19 20 21 22 23 24 25 26 27 28 29 30 31 32 33 34 35 36 37 38 39 40 41 42 43 44 45 46 47 48 49 50 51 52 53 54 55 56 57 58 59 60 61 62 63 64 65 66 67 68 69 70 71 72 73 74 75 76 77 78 79 80 81 82 83 84 85 86 87 88 89 90 91
1 1 1 1 1 1 1 1 1 1 1 1 1 1 1 1 1 1 1 1 1 1 1 1 1 1 1 1 1 1 1 1 1 1 1 1 1 1 1 1 1 1 1 1 1 1 1 1 1 1 1 1 1 1 1 1 1 1 1 1 1 1 1 1 1 1 1 1 1 1 1 1 1 1 1 1 1 1 1 1 1 1 1 1 1 1 1 1 1 1 1
17 81
17 48
17 55
17 36
27 17
68 17
28 17
50 17
17 4
33 17
10 17
86 17
85 17
17 62
91 17
17 47
17 84
17 63
64 17
17 18
17 13
17 26
19 17
17 8
17 30
17 37
38 17
17 12
17 56
17 70
17 14
39 17
76 17
79 17
60 17
17 67
17 82
17 20
17 34
31 17
41 17
74 17
83 17
51 17
17 11
77 17
17 46
61 17
17 40
17 25
17 71
17 22
17 2
17 52
17 53
58 17
54 17
45 17
17 69
35 17
17 87
17 15
17 43
57 17
17 49
65 17
73 17
42 17
17 44
88 17
24 17
17 3
17 59
5 17
89 17
17 29
72 17
21 17
17 1
17 66
16 17
9 17
17 6
17 75
90 17
17 7
80 17
32 17
17 23
17 78
93 92
37 1 75 25 88 15 80 71 71 70 33 48 61 46 14 12 56 50 16 68 46 8 49 6 51 29 60 45 51 22 36 5 53 36 26 44 52 77 67 17 56 66 22 37 24 74 31 65 47 75 1 56 15 40 73 22 58 26 59 23 27 25 58 42 58 14 55 91 93 67 92 78 26 11 69 43 82 25 19 73 70 62 19 31 38 67 87 67 52 48 66 64 74
37 1 75 25 88 8 80 11 71 15 33 15 61 46 11 12 56 14 16 68 46 8 49 6 51 8 14 45 15 22 15 5 53 36 26 44 52 15 11 17 56 66 22 15 24 74 8 11 47 75 1 11 15 15 15 11 15 8 15 23 15 15 58 42 8 14 55 91 93 8 92 15 15 11 69 43 82 15 15 15 70 62 19 31 14 15 8 67 52 8 15 8 74
27 92
28 92
92 24
12 92
32 92
92 81
92 78
73 92
92 35
92 11
34 92
17 92
71 92
36 92
92 53
92 70
92 37
52 92
92 22
82 92
33 92
89 92
92 77
92 50
92 18
76 92
92 74
92 6
40 92
92 48
67 92
43 92
92 38
92 56
88 92
92 68
39 92
92 59
87 92
7 92
72 92
90 92
1 92
80 92
92 8
92 62
13 92
45 92
84 92
92 2
92 4
92 16
92 69
20 92
3 92
92 41
92 14
92 30
92 23
51 92
92 54
85 92
21 92
66 92
93 92
46 92
25 92
92 49
92 57
60 92
92 29
92 26
65 92
44 92
92 86
92 10
75 92
42 92
47 92
19 92
92 64
92 91
61 92
31 92
92 79
92 5
58 92
83 92
92 9
92 63
15 92
92 55
117 116
1 2 3 4 5 6 7 8 9 10 11 12 13 14 15 16 17 18 19 20 21 22 23 24 25 26 27 28 29 30 31 32 33 34 35 36 37 38 39 40 41 42 43 44 45 46 47 48 49 50 51 52 53 54 55 56 57 58 59 60 61 62 63 64 65 66 67 68 69 70 71 72 73 74 75 76 77 78 79 80 81 82 83 84 85 86 87 88 89 90 91 92 93 94 95 96 97 98 99 100 101 102 103 104 105 106 107 108 109 110 111 112 113 114 115 116 117
1 2 3 4 2 2 7 8 9 2 11 2 2 14 15 16 17 2 1 20 21 2 23 2 2 2 2 28 2 30 2 32 33 2 35 36 37 38 2 40 2 42 43 44 45 9 2 48 9 2 51 9 2 54 2 56 2 2 59 60 2 2 2 64 65 66 67 68 69 2 2 72 73 2 2 9 77 2 79 2 2 82 2 2 85 86 2 88 2 90 25 92 93 2 95 96 9 2 99 2 101 102 103 2 105 9 107 2 2 2 111 2 113 114 2 2 117
74 81
81 42
15 81
90 81
110 81
81 64
81 57
81 71
81 13
81 116
81 99
20 81
18 81
81 59
81 4
35 81
81 46
81 51
81 11
107 81
81 100
1 81
81 55
81 36
103 81
88 81
95 81
54 81
81 84
29 81
81 91
83 81
77 81
66 81
92 81
81 60
19 81
112 81
81 106
81 96
81 56
78 81
81 17
81 48
81 68
81 93
81 70
25 81
81 10
7 81
81 113
81 80
61 81
81 31
81 104
16 81
81 3
109 81
81 58
81 102
81 111
81 94
81 114
81 115
65 81
27 81
81 23
52 81
81 53
81 97
50 81
81 87
44 81
39 81
8 81
12 81
81 72
81 41
40 81
89 81
26 81
98 81
81 34
81 117
81 76
45 81
81 47
81 6
81 108
30 81
81 24
62 81
81 14
81 85
28 81
63 81
81 33
81 101
22 81
81 82
81 67
79 81
81 9
81 73
5 81
81 69
81 21
81 75
49 81
81 105
81 37
81 38
86 81
32 81
2 81
81 43
94 93
1 2 3 4 5 6 7 8 9 10 11 12 13 14 15 16 17 18 19 20 21 22 23 24 25 26 27 28 29 30 31 32 33 34 35 36 37 38 39 40 41 42 43 44 45 46 47 48 49 50 51 52 53 54 55 56 57 58 59 60 61 62 63 64 65 66 67 68 69 70 71 72 73 74 75 76 77 78 79 80 81 82 83 84 85 86 87 88 89 90 91 92 93 94
1 1 3 1 1 1 1 1 1 1 1 1 1 1 1 1 1 1 1 1 1 1 1 1 1 1 1 1 1 1 1 1 1 1 1 1 1 1 1 1 1 1 1 1 1 1 1 1 1 1 1 1 1 1 1 1 1 1 1 1 1 1 1 1 1 1 1 1 1 1 1 1 1 1 1 1 1 1 1 1 1 1 1 1 1 1 1 1 1 1 1 1 1 1
36 13
22 13
3 13
5 13
13 79
13 50
13 80
13 67
13 8
13 18
13 41
13 49
71 13
13 28
6 13
13 53
13 27
13 30
13 33
13 54
25 13
13 42
34 13
70 13
21 13
78 13
61 13
13 62
13 37
13 57
72 13
13 89
13 7
13 81
87 13
76 13
13 63
94 13
88 13
84 13
13 92
9 13
13 46
47 13
13 83
13 90
13 68
13 77
35 13
64 13
93 13
13 45
73 13
32 13
10 13
31 13
13 75
13 58
13 60
85 13
44 13
13 4
13 24
13 43
13 2
20 13
13 56
13 16
52 13
13 29
13 26
13 51
59 13
13 39
82 13
15 13
38 13
1 13
48 13
13 12
13 66
14 13
13 23
17 13
13 65
13 69
91 13
13 74
13 86
19 13
13 55
13 40
13 11
86 85
86 65 61 48 40 47 33 21 34 24 57 40 19 78 67 74 11 2 42 79 25 41 76 40 67 34 30 12 52 55 67 58 30 29 37 4 77 24 73 52 85 8 38 5 51 42 35 82 11 8 70 78 62 39 14 57 10 70 37 65 61 37 42 77 14 48 50 76 29 37 52 79 29 55 49 37 46 19 37 77 21 77 6 51 27 28
86 65 61 2 12 47 4 21 34 5 57 40 5 4 5 74 11 2 5 12 5 41 5 40 5 34 5 5 5 12 67 4 30 4 37 4 77 4 73 4 2 8 21 5 4 5 5 4 2 5 5 78 62 5 14 57 5 70 37 65 61 37 5 57 14 48 50 76 29 37 5 79 29 5 49 37 46 19 37 77 5 77 6 51 27 4
10 4
17 4
4 18
22 4
4 34
4 15
59 4
4 82
63 4
51 4
4 8
33 4
36 4
39 4
75 4
83 4
2 4
29 4
1 4
77 4
58 4
4 66
4 55
4 6
86 4
4 16
4 23
42 4
4 48
4 9
4 71
4 45
4 32
4 80
4 53
4 27
60 4
13 4
46 4
4 24
4 35
26 4
4 12
4 20
30 4
4 74
79 4
14 4
4 7
4 5
4 25
4 41
49 4
61 4
4 21
4 52
37 4
69 4
84 4
4 38
4 72
56 4
4 67
50 4
44 4
28 4
64 4
68 4
40 4
3 4
31 4
4 19
4 78
4 57
4 47
73 4
43 4
65 4
85 4
4 54
62 4
76 4
11 4
4 81
4 70
104 103
1 2 3 4 5 6 7 8 9 10 11 12 13 14 15 16 17 18 19 20 21 22 23 24 25 26 27 28 29 30 31 32 33 34 35 36 37 38 39 40 41 42 43 44 45 46 47 48 49 50 51 52 53 54 55 56 57 58 59 60 61 62 63 64 65 66 67 68 69 70 71 72 73 74 75 76 77 78 79 80 81 82 83 84 85 86 87 88 89 90 91 92 93 94 95 96 97 98 99 100 101 102 103 104
1 2 3 2 2 6 7 8 9 7 4 12 2 2 4 4 17 2 19 20 21 2 4 24 25 4 27 28 29 30 31 2 33 2 35 4 37 4 39 40 41 4 43 44 45 46 47 48 49 2 51 52 53 54 55 4 57 4 4 60 61 4 63 4 65 66 2 2 69 2 71 4 73 74 75 76 77 78 79 80 81 4 83 84 85 2 87 4 2 90 91 4 93 4 7 96 2 2 99 100 4 7 7 2
89 4
36 89
98 89
89 80
89 68
89 93
89 82
43 89
89 21
22 89
89 79
59 89
89 16
58 89
50 89
91 89
90 89
89 23
89 17
52 89
89 63
94 89
19 89
89 74
87 89
89 76
89 103
89 34
89 53
95 89
40 89
89 6
89 24
104 89
66 89
89 61
102 89
78 89
83 89
20 89
89 26
89 15
89 101
89 56
89 45
89 27
89 49
89 11
81 89
89 100
9 89
18 89
89 38
39 89
67 89
44 89
89 97
89 35
33 89
89 55
89 47
28 89
89 29
2 89
89 32
85 89
89 5
89 14
89 72
89 71
57 89
89 12
46 89
89 88
51 89
54 89
89 73
37 89
89 41
89 75
89 96
13 89
31 89
92 89
89 69
89 60
86 89
64 89
48 89
62 89
77 89
42 89
89 25
89 99
84 89
89 10
70 89
89 8
89 30
3 89
1 89
7 89
89 65
82 81
58 71 55 7 58 79 7 27 29 34 48 63 19 46 38 60 48 20 15 73 46 63 16 69 47 52 30 25 45 61 47 15 36 58 6 39 52 60 31 11 7 79 77 39 6 18 64 32 5 45 34 6 1 36 26 55 73 48 1 73 79 65 33 31 1 66 49 20 5 51 53 36 27 11 45 53 30 26 10 18 2 51
1 1 1 1 1 1 1 1 1 1 1 1 1 1 1 1 1 1 1 1 1 1 1 1 1 1 26 1 1 1 1 1 1 1 1 1 1 1 1 1 1 1 1 1 1 1 1 1 1 1 1 1 1 1 1 1 1 1 1 1 1 1 1 1 1 1 1 1 1 1 1 1 1 1 1 1 1 1 1 1 1 1
18 63
18 65
18 68
18 82
56 18
18 64
24 18
18 43
39 18
18 15
18 60
70 18
37 18
62 18
18 13
18 27
18 40
30 18
48 18
53 18
45 18
18 16
18 42
18 81
18 7
33 18
79 18
11 18
59 18
18 54
18 34
21 18
18 35
18 14
9 18
18 25
67 18
5 18
18 31
44 18
18 72
28 18
20 18
18 71
55 18
18 49
77 18
18 22
32 18
18 58
18 23
18 26
73 18
61 18
6 18
69 18
52 18
74 18
19 18
3 18
47 18
18 76
18 66
29 18
18 10
8 18
78 18
18 17
80 18
4 18
18 1
18 2
51 18
18 75
18 38
18 46
18 41
50 18
18 57
18 12
18 36
90 89
22 46 14 74 52 10 31 55 6 87 54 37 53 58 58 51 25 74 12 18 39 9 75 46 2 8 72 1 18 86 44 26 74 82 68 77 64 5 84 87 76 25 61 50 49 19 23 22 18 72 8 71 30 78 57 44 52 1 82 63 59 3 47 21 84 3 20 89 76 16 37 38 13 34 2 38 16 87 15 9 13 21 9 73 24 52 51 54 45 22
1 1 1 1 1 1 1 1 1 1 1 1 1 1 1 1 1 1 1 1 1 1 1 1 1 1 1 1 1 1 1 1 1 1 1 1 1 1 1 1 1 1 1 1 1 1 1 1 1 1 8 1 1 1 1 1 1 1 1 1 1 1 1 1 1 1 1 1 1 1 1 1 1 1 1 1 1 1 1 1 1 1 1 1 1 1 1 1 1 1
21 81
57 21
33 21
11 21
21 8
73 21
3 21
21 46
28 21
87 21
71 21
21 23
21 84
18 21
14 21
13 21
21 32
58 21
50 21
48 21
61 21
21 38
21 55
21 70
49 21
65 21
45 21
21 1
21 67
72 21
34 21
42 21
21 75
10 21
21 88
24 21
82 21
2 21
63 21
21 47
90 21
21 44
85 21
21 19
21 77
21 25
21 43
21 31
7 21
5 21
86 21
53 21
21 36
21 6
21 56
52 21
21 12
64 21
21 83
21 68
27 21
21 35
21 40
54 21
21 62
89 21
21 66
80 21
21 16
21 30
21 29
21 51
39 21
22 21
21 37
59 21
41 21
21 17
20 21
21 15
69 21
21 79
9 21
78 21
26 21
21 4
60 21
76 21
21 74
104 103
1 2 3 4 5 6 7 8 9 10 11 12 13 14 15 16 17 18 19 20 21 22 23 24 25 26 27 28 29 30 31 32 33 34 35 36 37 38 39 40 41 42 43 44 45 46 47 48 49 50 51 52 53 54 55 56 57 58 59 60 61 62 63 64 65 66 67 68 69 70 71 72 73 74 75 76 77 78 79 80 81 82 83 84 85 86 87 88 89 90 91 92 93 94 95 96 97 98 99 100 101 102 103 104
1 1 1 1 1 1 1 1 1 1 1 1 1 1 1 1 1 1 1 1 1 1 1 1 1 1 1 1 1 1 1 1 1 1 1 1 1 1 1 1 1 1 1 1 1 1 1 1 1 1 1 1 1 1 1 1 1 1 1 1 1 1 1 1 1 1 1 1 1 1 1 1 65 1 1 1 1 1 1 1 1 1 1 1 1 1 1 1 1 1 1 1 1 1 1 1 1 1 1 1 1 1 1 1
36 34
36 40
16 36
28 36
101 36
51 36
54 36
86 36
36 12
36 11
36 33
36 104
36 35
36 97
36 19
58 36
36 60
36 22
53 36
36 21
36 50
82 36
95 36
14 36
7 36
92 36
36 17
36 61
36 85
52 36
36 31
68 36
99 36
26 36
47 36
55 36
27 36
90 36
36 43
36 56
36 10
36 15
36 63
87 36
84 36
36 78
37 36
36 100
69 36
36 67
25 36
13 36
36 38
32 36
36 20
70 36
36 18
36 75
36 49
8 36
57 36
46 36
36 65
36 3
103 36
36 76
36 29
102 36
44 36
36 98
36 89
79 36
81 36
24 36
36 5
36 23
36 66
42 36
88 36
36 72
91 36
41 36
36 83
74 36
36 73
36 71
36 94
36 4
45 36
2 36
36 48
36 93
9 36
77 36
36 62
36 59
96 36
36 39
80 36
30 36
36 64
36 6
1 36
86 85
71 69 68 69 53 32 76 52 75 80 60 39 45 55 47 76 82 75 82 59 24 58 78 46 48 84 20 57 65 10 83 84 68 68 19 76 4 79 32 83 33 81 56 37 23 6 17 52 44 12 18 23 32 22 76 3 61 76 26 69 7 22 7 43 48 39 11 12 59 37 58 9 73 65 18 24 9 53 20 64 23 14 61 81 49 16
71 69 4 69 53 4 76 4 4 4 60 39 4 55 4 4 82 4 4 59 24 4 4 46 48 84 4 4 4 4 4 4 68 4 19 76 4 4 4 83 33 4 56 4 4 4 4 52 44 12 18 23 4 22 76 3 4 76 10 10 7 22 4 43 4 4 4 12 4 37 58 4 73 19 18 10 9 4 20 4 23 14 4 81 49 16
30 6
76 30
30 49
65 30
37 30
30 4
56 30
8 30
64 30
30 40
30 78
30 69
30 14
82 30
61 30
46 30
30 23
30 53
30 36
22 30
30 9
30 75
79 30
16 30
13 30
63 30
30 34
30 20
2 30
30 83
30 60
30 24
30 48
47 30
30 15
54 30
44 30
50 30
29 30
42 30
43 30
30 17
38 30
30 39
86 30
30 25
30 67
30 73
74 30
58 30
30 3
51 30
52 30
28 30
30 70
85 30
18 30
11 30
30 55
30 32
30 7
30 66
30 26
33 30
30 80
30 68
41 30
30 72
30 81
30 10
30 84
1 30
30 71
12 30
59 30
45 30
62 30
77 30
30 57
30 21
30 19
30 31
30 5
35 30
30 27
97 96
1 2 3 4 5 6 7 8 9 10 11 12 13 14 15 16 17 18 19 20 21 22 23 24 25 26 27 28 29 30 31 32 33 34 35 36 37 38 39 40 41 42 43 44 45 46 47 48 49 50 51 52 53 54 55 56 57 58 59 60 61 62 63 64 65 66 67 68 69 70 71 72 73 74 75 76 77 78 79 80 81 82 83 84 85 86 87 88 89 90 91 92 93 94 95 96 97
1 1 1 1 1 1 1 1 1 1 1 1 1 1 1 1 1 1 1 1 1 1 1 1 1 1 1 1 1 1 1 1 1 1 1 1 1 38 1 1 1 1 1 1 1 1 1 1 1 1 1 1 1 1 1 1 1 1 1 1 1 1 1 1 1 1 1 1 1 1 1 1 1 1 1 1 1 1 1 1 1 1 1 1 1 1 1 1 1 1 1 1 1 1 1 1 1
58 87
87 63
59 87
83 87
87 90
87 55
87 75
74 87
22 87
51 87
87 52
87 12
76 87
86 87
87 65
42 87
87 48
87 21
44 87
89 87
87 29
87 82
87 9
87 64
87 6
36 87
87 31
11 87
87 61
38 87
81 87
37 87
27 87
87 62
53 87
87 47
87 68
87 40
97 87
30 87
87 96
67 87
87 56
87 93
43 87
87 14
87 7
87 5
87 54
87 35
87 33
87 49
41 87
87 78
34 87
87 25
87 4
87 20
15 87
87 1
3 87
60 87
10 87
32 87
87 92
79 87
88 87
87 16
87 77
87 13
95 87
70 87
2 87
87 72
39 87
17 87
69 87
87 24
87 8
87 57
87 71
66 87
87 46
45 87
87 26
87 18
87 23
80 87
19 87
50 87
87 91
87 85
84 87
94 87
73 87
87 28
110 109
63 96 77 2 37 68 52 105 94 86 84 86 45 41 43 27 65 12 44 50 2 10 4 102 32 102 47 109 46 97 101 65 52 61 3 57 83 72 67 65 37 8 39 99 29 23 105 21 70 27 58 10 48 17 15 73 106 7 6 100 108 58 90 52 22 101 63 74 107 36 56 99 51 60 26 14 83 54 57 11 88 15 79 61 74 18 14 83 76 52 46 92 83 84 36 3 88 32 82 103 54 69 88 32 55 84 104 98 62 27
2 2 2 2 2 2 2 2 2 2 2 2 2 2 2 2 2 2 2 2 2 2 2 2 2 2 2 2 2 2 2 2 2 2 3 2 2 2 2 2 2 2 2 2 2 2 2 2 2 2 2 2 2 2 2 2 2 2 2 2 2 2 2 2 2 2 2 2 2 2 2 2 2 2 2 2 2 2 2 2 2 2 2 2 2 2 2 2 2 2 2 2 2 2 2 2 2 2 2 2 2 2 2 2 2 2 2 2 2 2
81 64
78 81
84 81
81 15
33 81
81 57
81 67
81 16
10 81
81 38
81 77
21 81
3 81
81 98
81 83
72 81
2 81
81 108
89 81
42 81
12 81
41 81
81 34
81 100
81 99
106 81
46 81
81 58
66 81
107 81
81 53
81 91
39 81
81 51
81 11
36 81
52 81
79 81
81 75
102 81
60 81
81 110
32 81
81 61
81 103
54 81
81 105
20 81
81 6
25 81
43 81
104 81
81 92
81 82
109 81
81 96
24 81
81 35
81 88
76 81
81 27
5 81
81 26
81 13
81 93
7 81
17 81
81 97
81 47
81 73
90 81
74 81
95 81
81 30
81 68
81 94
81 1
29 81
48 81
81 80
81 62
81 63
31 81
81 87
4 81
81 22
71 81
81 18
81 23
81 69
56 81
81 19
81 50
81 40
28 81
65 81
86 81
101 81
81 85
81 37
44 81
81 45
81 55
49 81
14 81
81 59
9 81
70 81
81 8
87 86
1 2 3 4 5 6 7 8 9 10 11 12 13 14 15 16 17 18 19 20 21 22 23 24 25 26 27 28 29 30 31 32 33 34 35 36 37 38 39 40 41 42 43 44 45 46 47 48 49 50 51 52 53 54 55 56 57 58 59 60 61 62 63 64 65 66 67 68 69 70 71 72 73 74 75 76 77 78 79 80 81 82 83 84 85 86 87
1 2 3 4 5 5 7 8 9 10 9 12 13 14 15 16 11 18 19 9 21 22 23 11 25 26 27 9 29 11 9 32 33 34 35 36 37 38 39 11 9 42 43 9 45 46 11 48 49 9 11 9 53 54 19 56 57 11 9 9 9 11 63 64 11 66 11 68 69 19 71 9 73 11 75 9 77 9 9 80 9 82 83 84 11 86 11
44 70
46 44
49 44
44 76
44 79
44 83
44 53
44 73
44 40
86 44
55 44
71 44
23 44
44 57
44 13
67 44
3 44
44 48
44 2
35 44
44 1
44 84
37 44
44 12
44 21
44 85
62 44
44 82
28 44
44 36
44 6
44 22
44 33
44 56
19 44
44 60
64 44
44 10
68 44
51 44
81 44
44 4
34 44
31 44
44 30
44 25
47 44
80 44
29 44
44 43
66 44
44 5
44 63
61 44
8 44
44 77
44 17
72 44
44 41
24 44
32 44
42 44
44 69
65 44
11 44
15 44
44 50
44 7
9 44
39 44
14 44
74 44
75 44
44 78
16 44
44 26
52 44
27 44
87 44
38 44
58 44
44 45
18 44
44 59
54 44
20 44
108 107
1 2 3 4 5 6 7 8 9 10 11 12 13 14 15 16 17 18 19 20 21 22 23 24 25 26 27 28 29 30 31 32 33 34 35 36 37 38 39 40 41 42 43 44 45 46 47 48 49 50 51 52 53 54 55 56 57 58 59 60 61 62 63 64 65 66 67 68 69 70 71 72 73 74 75 76 77 78 79 80 81 82 83 84 85 86 87 88 89 90 91 92 93 94 95 96 97 98 99 100 101 102 103 104 105 106 107 108
1 2 3 4 5 6 7 8 5 5 3 12 13 5 5 5 5 18 19 20 21 3 5 24 25 26 27 5 29 30 31 5 33 34 35 36 37 38 39 5 33 42 43 44 5 5 33 48 5 5 5 52 5 5 55 56 33 58 59 44 61 5 33 64 5 33 67 33 5 70 71 5 44 74 44 76 5 33 3 5 81 82 83 84 85 86 33 88 3 90 91 92 93 94 95 5 97 98 99 100 101 5 5 33 5 5 5 108
51 89
89 75
89 83
107 89
73 89
89 16
18 89
93 89
89 86
89 35
89 70
1 89
89 49
89 85
88 89
72 89
63 89
47 89
67 89
59 89
74 89
54 89
30 89
97 89
89 64
39 89
91 89
76 89
89 6
89 68
60 89
89 66
89 7
78 89
65 89
37 89
98 89
92 89
99 89
89 40
96 89
33 89
89 38
28 89
89 34
22 89
36 89
89 29
71 89
13 89
89 79
89 103
89 52
89 25
89 21
89 77
101 89
69 89
23 89
45 89
89 11
102 89
9 89
10 89
89 2
62 89
87 89
90 89
89 100
57 89
89 104
61 89
8 89
17 89
89 55
41 89
19 89
106 89
89 14
89 105
89 81
108 89
58 89
43 89
44 89
80 89
31 89
94 89
48 89
89 95
53 89
84 89
27 89
89 20
26 89
4 89
5 89
89 56
89 42
89 15
89 12
24 89
89 32
89 46
3 89
82 89
89 50
103 102
98 11 14 74 19 28 80 32 37 84 51 5 28 61 3 21 30 86 22 54 96 4 10 64 8 59 95 98 58 71 57 92 51 42 103 79 73 66 36 26 47 10 99 47 44 52 77 35 21 40 42 80 10 47 39 35 6 74 22 102 101 35 13 71 43 59 33 11 36 92 48 59 50 103 22 28 88 94 94 97 80 60 13 78 40 94 34 98 67 76 21 35 42 39 54 27 80 26 53 83 49 35 21
3 3 3 3 3 3 3 3 3 3 3 3 3 3 3 3 3 3 3 3 3 3 3 3 3 3 3 3 3 3 3 3 3 3 3 3 3 3 3 3 3 3 3 3 3 3 3 3 3 3 3 3 3 3 3 3 3 3 3 3 3 3 3 3 3 3 3 3 3 3 3 3 3 3 3 3 3 3 3 3 3 3 3 3 39 3 3 3 3 3 3 3 3 3 3 3 3 3 3 3 3 3 3
74 57
88 57
57 4
57 89
57 40
25 57
57 53
58 57
99 57
57 90
46 57
54 57
57 10
56 57
14 57
2 57
57 6
57 34
57 9
57 36
45 57
19 57
26 57
57 39
57 17
66 57
57 38
55 57
57 70
57 24
57 31
92 57
57 41
50 57
12 57
22 57
51 57
57 61
76 57
57 27
87 57
37 57
57 78
98 57
57 86
57 42
57 28
57 83
57 101
57 62
57 100
57 23
57 68
57 81
47 57
3 57
32 57
57 43
49 57
71 57
91 57
57 97
57 102
57 11
73 57
57 82
60 57
93 57
57 79
44 57
57 77
57 5
57 29
1 57
65 57
57 64
13 57
57 33
35 57
85 57
57 95
7 57
75 57
57 69
72 57
59 57
57 18
57 16
67 57
57 96
103 57
30 57
57 94
57 80
63 57
84 57
48 57
8 57
57 52
20 57
57 15
21 57
82 81
59 28 74 51 34 28 39 81 28 1 31 76 79 27 41 80 47 74 38 72 14 29 50 17 23 38 68 3 41 26 71 65 35 24 47 66 47 8 72 81 37 58 4 64 49 81 40 29 25 79 70 27 21 45 21 33 52 45 82 60 62 74 37 17 82 7 46 6 41 54 56 25 57 11 15 15 66 70 66 50 81 32
1 1 1 1 1 1 1 1 1 1 1 1 1 1 1 1 1 1 1 1 1 1 1 1 1 1 1 1 1 1 1 1 1 1 1 1 1 1 1 1 1 1 1 1 1 1 1 1 1 1 1 1 1 1 1 1 1 1 1 1 1 1 1 1 1 1 1 1 1 1 1 1 1 1 1 1 1 1 1 1 1 1
56 68
37 68
26 68
67 68
73 68
59 68
43 68
68 3
68 72
68 60
68 38
68 80
14 68
68 4
16 68
25 68
53 68
68 29
64 68
71 68
8 68
28 68
79 68
68 65
68 39
68 66
46 68
62 68
78 68
68 19
54 68
68 74
68 15
40 68
12 68
68 31
52 68
68 11
10 68
1 68
18 68
68 7
45 68
68 58
51 68
68 75
55 68
68 32
21 68
68 42
2 68
68 13
69 68
68 34
68 27
30 68
20 68
48 68
36 68
68 5
33 68
68 57
9 68
76 68
68 44
63 68
68 22
68 47
35 68
41 68
68 61
68 17
68 24
68 49
70 68
23 68
82 68
68 81
68 50
77 68
68 6
95 94
44 86 6 33 38 82 78 68 54 23 91 72 71 58 59 63 62 74 11 86 31 34 43 76 8 70 51 5 54 37 41 58 73 8 50 14 5 19 42 59 92 19 57 25 60 15 56 29 76 37 27 43 91 79 19 81 84 87 49 68 39 57 40 54 60 85 94 16 48 14 17 15 51 84 23 20 1 87 32 19 12 20 52 22 35 63 29 78 89 58 28 45 5 1 39
5 5 6 33 38 1 78 68 54 23 91 5 5 12 5 1 1 74 11 86 5 34 43 76 8 12 1 5 12 37 41 58 5 5 50 14 5 19 42 59 92 19 57 5 60 15 56 28 12 5 27 43 91 1 19 81 84 28 5 5 39 1 40 5 60 85 19 1 48 14 1 1 51 84 1 20 1 12 32 19 12 20 19 1 35 63 29 78 89 58 28 1 5 1 39
20 27
27 80
27 23
67 27
32 27
92 27
27 16
58 27
27 33
60 27
27 34
89 27
27 90
27 73
27 94
27 78
27 51
63 27
27 61
40 27
59 27
36 27
28 27
27 46
27 10
43 27
27 4
27 68
26 27
22 27
1 27
83 27
27 64
47 27
27 52
27 11
27 54
27 56
13 27
27 24
27 9
27 53
27 21
27 17
7 27
27 42
27 35
27 39
27 85
27 66
27 6
77 27
27 18
27 84
81 27
76 27
88 27
93 27
27 29
3 27
19 27
27 44
25 27
62 27
87 27
27 8
27 50
79 27
70 27
27 49
45 27
27 71
75 27
2 27
27 48
27 86
5 27
27 95
27 57
65 27
55 27
82 27
69 27
27 14
27 74
12 27
41 27
38 27
27 15
91 27
72 27
31 27
27 37
27 30
101 100
1 2 3 4 5 6 7 8 9 10 11 12 13 14 15 16 17 18 19 20 21 22 23 24 25 26 27 28 29 30 31 32 33 34 35 36 37 38 39 40 41 42 43 44 45 46 47 48 49 50 51 52 53 54 55 56 57 58 59 60 61 62 63 64 65 66 67 68 69 70 71 72 73 74 75 76 77 78 79 80 81 82 83 84 85 86 87 88 89 90 91 92 93 94 95 96 97 98 99 100 101
1 1 1 1 1 1 1 1 1 1 1 1 1 1 1 1 1 1 1 1 1 1 1 1 1 1 1 1 1 1 1 1 1 1 1 1 1 1 1 1 1 1 1 1 1 1 1 1 1 1 1 1 1 1 1 1 1 1 1 1 1 1 1 1 1 1 1 1 1 1 1 1 1 2 1 1 1 1 1 1 1 1 1 1 1 1 1 1 1 1 1 1 1 1 1 1 1 1 1 1 1
76 28
58 28
28 9
28 49
28 46
23 28
29 28
28 14
10 28
28 57
28 24
94 28
28 34
28 93
18 28
28 2
67 28
28 99
92 28
28 38
28 68
72 28
28 84
28 5
37 28
28 54
28 95
28 88
28 7
28 48
35 28
28 25
81 28
30 28
28 27
28 97
32 28
52 28
28 82
28 21
55 28
1 28
40 28
12 28
87 28
77 28
44 28
28 43
91 28
4 28
66 28
28 85
28 16
79 28
28 61
28 45
71 28
96 28
100 28
28 53
28 75
28 89
78 28
28 8
28 64
28 42
28 70
33 28
6 28
51 28
28 73
50 28
28 90
39 28
41 28
28 65
83 28
28 60
86 28
28 3
28 63
80 28
28 69
28 98
20 28
62 28
28 36
28 17
74 28
28 22
15 28
28 47
28 31
28 56
11 28
13 28
59 28
19 28
28 101
26 28
83 82
1 2 3 4 5 6 7 8 9 10 11 12 13 14 15 16 17 18 19 20 21 22 23 24 25 26 27 28 29 30 31 32 33 34 35 36 37 38 39 40 41 42 43 44 45 46 47 48 49 50 51 52 53 54 55 56 57 58 59 60 61 62 63 64 65 66 67 68 69 70 71 72 73 74 75 76 77 78 79 80 81 82 83
1 2 3 4 5 2 2 2 3 10 3 2 13 14 2 3 17 18 2 3 3 22 23 2 25 26 2 3 29 30 31 32 33 34 35 36 37 38 39 3 3 2 43 44 45 2 47 48 49 2 51 52 53 3 2 56 2 2 2 2 61 62 63 2 65 2 67 68 2 70 2 3 3 74 75 2 2 78 79 80 81 82 83
63 71
11 71
15 71
66 71
17 71
71 83
71 20
71 42
71 13
71 75
71 5
49 71
39 71
21 71
71 79
34 71
62 71
80 71
71 40
71 32
71 9
71 69
71 64
71 41
71 60
71 81
71 65
2 71
23 71
47 71
55 71
71 48
29 71
19 71
71 8
24 71
71 54
71 53
71 44
26 71
71 14
71 61
45 71
73 71
71 27
82 71
71 1
71 36
71 58
30 71
71 56
71 76
71 33
71 7
71 70
71 68
71 35
59 71
71 77
71 57
71 6
71 16
46 71
72 71
3 71
71 50
71 74
10 71
22 71
25 71
71 18
71 28
4 71
71 51
78 71
31 71
43 71
67 71
71 37
71 12
71 38
52 71
83 82
1 2 3 4 5 6 7 8 9 10 11 12 13 14 15 16 17 18 19 20 21 22 23 24 25 26 27 28 29 30 31 32 33 34 35 36 37 38 39 40 41 42 43 44 45 46 47 48 49 50 51 52 53 54 55 56 57 58 59 60 61 62 63 64 65 66 67 68 69 70 71 72 73 74 75 76 77 78 79 80 81 82 83
1 2 3 1 5 6 1 8 7 10 11 12 2 14 15 16 17 2 2 2 21 2 7 24 25 7 27 28 1 30 31 32 33 34 35 5 37 2 39 2 41 1 43 44 45 46 47 1 49 50 2 52 7 54 7 1 1 58 59 60 61 7 5 64 1 66 2 68 2 2 2 72 73 2 75 76 77 2 2 80 81 82 83
29 18
29 82
29 70
29 56
47 29
17 29
29 44
29 43
29 15
5 29
29 57
29 34
29 38
29 14
29 61
21 29
8 29
25 29
29 80
29 16
29 3
48 29
29 79
75 29
29 30
42 29
65 29
32 29
81 29
22 29
29 36
29 59
51 29
20 29
66 29
29 73
29 67
4 29
83 29
46 29
29 6
29 31
23 29
45 29
29 76
1 29
24 29
29 26
29 78
29 12
29 69
33 29
29 68
19 29
29 11
54 29
29 37
29 63
29 50
29 60
28 29
29 13
29 2
49 29
29 72
29 40
29 64
55 29
77 29
71 29
27 29
29 52
29 39
29 74
29 9
29 58
62 29
29 41
29 35
53 29
29 10
7 29
89 88
42 34 44 89 54 69 60 13 39 53 28 71 68 77 78 28 80 49 53 70 85 57 77 24 75 16 40 53 7 87 37 29 14 20 47 17 60 60 29 79 89 37 33 2 13 25 38 77 20 1 57 70 87 86 49 88 45 32 47 49 49 70 20 36 45 56 2 43 14 84 6 57 16 38 13 30 71 71 28 47 42 1 83 72 76 5 31 71 22
1 1 1 1 1 1 1 1 1 1 1 1 1 1 1 1 1 1 1 1 35 1 1 1 1 1 1 1 1 1 1 1 1 1 1 1 1 1 1 1 1 1 1 1 1 1 1 1 1 1 1 1 1 1 1 1 1 1 1 1 1 1 1 1 1 1 1 1 1 1 1 1 1 1 1 1 1 1 1 1 1 1 1 1 1 1 1 1 1
2 18
13 18
68 18
18 89
18 44
50 18
18 45
18 78
18 66
18 33
18 30
18 81
18 36
18 62
88 18
18 32
18 69
63 18
18 10
43 18
3 18
38 18
18 84
18 23
73 18
22 18
31 18
18 61
64 18
25 18
19 18
5 18
18 27
18 75
17 18
67 18
18 87
18 8
16 18
18 42
18 85
18 14
83 18
18 26
70 18
79 18
18 6
18 51
34 18
18 24
80 18
76 18
53 18
11 18
48 18
18 54
41 18
18 77
18 20
18 39
18 59
9 18
18 47
18 56
18 72
7 18
18 82
49 18
71 18
58 18
74 18
35 18
18 12
86 18
18 28
18 40
60 18
55 18
37 18
18 29
65 18
18 1
46 18
57 18
18 4
18 15
18 52
21 18
86 85
1 2 3 4 5 6 7 8 9 10 11 12 13 14 15 16 17 18 19 20 21 22 23 24 25 26 27 28 29 30 31 32 33 34 35 36 37 38 39 40 41 42 43 44 45 46 47 48 49 50 51 52 53 54 55 56 57 58 59 60 61 62 63 64 65 66 67 68 69 70 71 72 73 74 75 76 77 78 79 80 81 82 83 84 85 86
1 1 1 1 1 1 1 1 1 1 1 1 1 1 1 1 1 1 1 1 1 1 1 1 1 1 1 1 1 1 1 1 1 1 1 1 1 1 1 1 1 1 1 1 1 1 1 1 1 1 1 1 1 1 1 1 1 1 1 1 1 1 1 1 1 1 1 1 1 1 1 1 1 1 1 1 1 1 1 1 1 1 1 1 1 1
50 29
29 56
29 81
28 29
29 53
29 33
29 5
29 76
61 29
29 1
84 29
29 39
29 70
26 29
49 29
20 29
35 29
48 29
23 29
83 29
29 80
63 29
86 29
29 42
71 29
46 29
29 32
16 29
25 29
29 85
73 29
29 4
41 29
29 74
60 29
7 29
29 27
29 21
6 29
68 29
29 72
34 29
69 29
38 29
24 29
54 29
43 29
29 59
29 9
29 82
15 29
29 10
45 29
31 29
64 29
75 29
29 11
19 29
40 29
29 36
51 29
13 29
57 29
29 8
66 29
29 2
37 29
67 29
58 29
29 55
29 12
52 29
29 22
79 29
29 62
29 3
14 29
17 29
29 77
30 29
44 29
29 65
18 29
78 29
29 47
97 96
1 2 3 4 5 6 7 8 9 10 11 12 13 14 15 16 17 18 19 20 21 22 23 24 25 26 27 28 29 30 31 32 33 34 35 36 37 38 39 40 41 42 43 44 45 46 47 48 49 50 51 52 53 54 55 56 57 58 59 60 61 62 63 64 65 66 67 68 69 70 71 72 73 74 75 76 77 78 79 80 81 82 83 84 85 86 87 88 89 90 91 92 93 94 95 96 97
1 1 1 1 1 1 1 1 1 1 1 1 1 1 1 1 1 1 1 1 1 1 1 1 1 1 1 1 1 1 1 1 1 1 1 1 1 1 1 1 1 1 1 1 1 1 1 1 1 1 1 1 1 1 1 1 1 1 1 1 1 1 1 1 1 18 1 1 1 1 1 1 1 1 1 1 1 1 1 1 1 1 1 1 1 1 1 1 1 1 1 1 1 1 1 1 1
11 46
11 78
11 69
77 11
11 43
64 11
11 89
11 73
42 11
11 40
11 53
11 12
67 11
52 11
11 6
11 38
14 11
11 75
44 11
11 31
95 11
22 11
11 5
11 96
93 11
39 11
71 11
16 11
86 11
70 11
11 18
11 15
3 11
17 11
25 11
54 11
88 11
1 11
11 58
28 11
60 11
56 11
11 91
11 49
57 11
11 97
11 26
11 32
80 11
11 47
19 11
11 9
11 83
63 11
11 29
11 48
11 55
61 11
11 30
74 11
11 8
11 34
11 79
11 7
11 45
11 24
11 41
11 21
85 11
90 11
11 23
11 76
92 11
36 11
11 59
11 4
11 68
11 94
10 11
11 82
37 11
11 62
11 51
66 11
2 11
50 11
35 11
11 81
65 11
11 13
11 20
11 72
11 87
27 11
11 33
11 84
107 106
58 99 45 26 41 37 42 13 77 26 54 57 102 68 44 29 79 30 37 24 35 22 24 89 26 32 85 20 72 84 85 80 61 74 8 34 18 49 80 13 18 93 84 14 36 14 77 26 28 68 100 78 5 65 56 77 55 2 24 79 42 4 76 13 42 38 80 107 24 36 107 75 97 17 81 6 12 24 46 56 69 24 69 47 64 31 11 68 107 45 92 7 25 16 15 49 43 56 72 42 55 95 53 8 33 25 66
5 5 45 7 41 12 42 5 77 26 5 5 102 68 7 5 5 30 37 5 35 22 24 89 12 7 85 20 72 5 85 80 7 74 7 34 5 7 80 13 5 93 76 5 36 5 77 26 5 5 100 78 5 65 7 77 7 2 5 79 7 4 76 5 12 38 80 107 24 36 107 12 5 5 81 6 7 24 46 56 69 24 69 47 64 5 5 68 5 45 92 7 25 16 5 5 43 5 72 42 49 7 5 8 33 25 66
89 90
50 89
89 84
89 30
89 79
89 58
89 5
89 4
89 12
83 89
89 16
89 37
89 100
89 8
95 89
89 69
89 36
89 20
40 89
89 46
89 53
9 89
57 89
89 73
97 89
89 61
92 89
89 23
103 89
94 89
31 89
89 98
89 1
89 19
89 34
77 89
80 89
89 59
63 89
11 89
81 89
89 49
89 51
3 89
14 89
68 89
41 89
89 39
64 89
62 89
89 54
89 35
89 7
89 91
89 21
89 26
18 89
89 13
47 89
85 89
89 96
89 52
89 70
89 93
66 89
15 89
48 89
65 89
89 10
45 89
99 89
2 89
89 105
22 89
89 86
101 89
89 82
89 88
102 89
89 55
42 89
89 74
89 32
87 89
60 89
89 78
29 89
89 72
44 89
75 89
89 43
67 89
89 27
6 89
104 89
89 17
89 24
25 89
71 89
89 33
89 38
89 56
106 89
107 89
89 28
76 89
113 112
1 2 3 4 5 6 7 8 9 10 11 12 13 14 15 16 17 18 19 20 21 22 23 24 25 26 27 28 29 30 31 32 33 34 35 36 37 38 39 40 41 42 43 44 45 46 47 48 49 50 51 52 53 54 55 56 57 58 59 60 61 62 63 64 65 66 67 68 69 70 71 72 73 74 75 76 77 78 79 80 81 82 83 84 85 86 87 88 89 90 91 92 93 94 95 96 97 98 99 100 101 102 103 104 105 106 107 108 109 110 111 112 113
1 2 3 4 5 6 7 8 9 4 4 12 3 14 15 3 17 18 19 20 21 22 23 24 25 4 3 28 29 30 4 3 3 13 13 36 37 4 39 3 3 42 4 44 45 3 47 48 3 3 51 3 53 3 55 13 57 58 59 4 61 3 3 3 13 27 67 68 69 70 3 3 73 27 3 3 77 3 4 80 81 3 4 84 85 86 87 4 3 90 91 92 93 94 95 96 3 98 3 100 4 102 3 3 3 106 4 4 109 110 111 112 3
22 27
81 27
69 27
27 37
27 15
27 6
74 27
27 77
27 28
27 16
105 27
27 57
27 82
27 30
27 39
27 63
60 27
40 27
27 102
103 27
27 20
27 17
1 27
27 34
14 27
92 27
21 27
44 27
27 85
27 89
27 36
27 13
27 91
27 65
27 113
18 27
27 79
27 2
110 27
27 47
27 95
27 80
27 43
71 27
87 27
27 94
27 42
27 46
27 68
11 27
27 50
106 27
27 19
64 27
32 27
66 27
99 27
10 27
100 27
7 27
27 111
27 24
27 72
27 83
27 61
49 27
27 53
27 84
25 27
23 27
8 27
52 27
58 27
27 56
27 97
27 26
93 27
27 67
12 27
27 29
27 90
45 27
27 4
62 27
27 5
59 27
27 51
27 73
27 108
27 96
27 76
27 54
48 27
27 78
104 27
27 41
9 27
3 27
31 27
101 27
112 27
27 35
27 86
27 55
27 107
27 70
27 88
27 33
27 98
75 27
109 27
27 38
83 82
1 2 3 4 5 6 7 8 9 10 11 12 13 14 15 16 17 18 19 20 21 22 23 24 25 26 27 28 29 30 31 32 33 34 35 36 37 38 39 40 41 42 43 44 45 46 47 48 49 50 51 52 53 54 55 56 57 58 59 60 61 62 63 64 65 66 67 68 69 70 71 72 73 74 75 76 77 78 79 80 81 82 83
1 1 1 1 1 1 1 1 1 1 1 1 1 1 1 1 1 1 1 1 1 1 1 1 1 1 1 1 1 1 1 1 1 1 1 1 1 1 1 1 1 1 1 1 1 1 1 1 1 1 1 1 1 1 1 1 1 1 1 1 1 1 1 1 1 1 1 1 1 1 1 1 1 1 1 1 1 1 1 1 1 1 1
49 34
49 6
49 7
64 49
49 55
49 18
49 5
49 2
9 49
45 49
10 49
49 23
56 49
15 49
49 11
49 75
61 49
49 27
59 49
21 49
39 49
49 40
63 49
49 22
49 80
49 50
49 79
82 49
49 83
62 49
49 47
49 29
49 68
42 49
49 73
44 49
49 46
49 1
35 49
3 49
49 26
49 69
49 72
49 31
78 49
49 37
57 49
49 17
49 14
49 58
49 53
49 81
49 67
43 49
49 77
48 49
49 20
32 49
4 49
38 49
54 49
49 70
49 30
60 49
8 49
25 49
33 49
12 49
66 49
13 49
49 76
24 49
52 49
49 36
65 49
49 28
51 49
49 41
19 49
71 49
16 49
49 74
94 93
1 2 3 4 5 6 7 8 9 10 11 12 13 14 15 16 17 18 19 20 21 22 23 24 25 26 27 28 29 30 31 32 33 34 35 36 37 38 39 40 41 42 43 44 45 46 47 48 49 50 51 52 53 54 55 56 57 58 59 60 61 62 63 64 65 66 67 68 69 70 71 72 73 74 75 76 77 78 79 80 81 82 83 84 85 86 87 88 89 90 91 92 93 94
1 2 3 4 5 6 1 1 1 10 11 9 1 14 15 1 17 18 19 20 21 1 23 1 1 26 1 25 29 25 1 32 33 34 35 1 1 1 39 1 1 9 1 44 25 9 47 1 1 50 51 9 53 54 55 1 57 25 59 60 61 62 63 64 1 14 67 9 1 25 71 25 73 74 75 76 1 78 9 1 25 1 83 1 85 86 87 88 89 9 9 92 93 1
25 18
32 25
23 25
61 25
25 22
25 58
73 25
92 25
87 25
25 35
4 25
81 25
25 7
25 59
65 25
63 25
25 45
89 25
25 40
47 25
82 25
16 25
25 86
25 80
25 91
25 52
25 93
1 25
78 25
83 25
25 30
25 29
50 25
15 25
25 41
85 25
49 25
53 25
25 74
10 25
25 44
25 21
90 25
54 25
25 34
5 25
79 25
67 25
25 94
25 13
39 25
25 31
25 75
24 25
25 88
68 25
25 77
48 25
27 25
37 25
25 17
25 62
25 3
25 2
25 69
25 70
25 26
6 25
57 25
60 25
56 25
25 72
36 25
25 9
25 64
51 25
12 25
25 33
19 25
8 25
11 25
25 20
25 14
76 25
38 25
71 25
28 25
25 55
84 25
25 43
46 25
66 25
42 25
118 117
37 32 111 5 81 72 113 55 83 38 26 76 18 46 57 94 105 80 80 89 64 82 38 99 3 89 10 116 45 115 22 3 87 43 63 108 90 56 13 113 50 81 80 21 68 24 17 71 53 113 104 78 40 106 80 86 32 72 79 105 75 44 63 73 62 65 60 105 91 46 116 106 46 86 76 72 67 63 41 21 9 95 115 14 30 20 93 32 93 23 112 90 30 75 46 37 36 35 86 61 114 38 31 16 30 15 86 70 43 80 107 57 67 118 47 59 46 80
3 3 3 3 3 3 3 3 3 3 3 3 3 3 3 3 3 3 3 3 3 3 3 3 3 3 3 3 3 3 3 3 3 3 3 3 3 3 3 3 3 3 3 3 3 3 3 3 3 3 3 3 3 3 3 3 3 3 3 3 3 3 3 3 3 3 3 3 3 3 3 3 3 3 3 55 3 3 3 3 3 3 3 3 3 3 3 3 3 3 3 3 3 3 3 3 3 3 3 3 3 3 3 3 3 3 3 3 3 3 3 3 3 3 3 3 3 3
61 46
20 46
46 101
21 46
28 46
3 46
46 104
46 62
30 46
91 46
46 23
48 46
46 4
115 46
54 46
46 40
46 14
64 46
46 116
44 46
26 46
46 41
46 102
46 57
46 84
46 55
46 100
32 46
46 108
53 46
46 79
111 46
46 66
46 52
46 70
46 114
88 46
72 46
34 46
46 27
35 46
38 46
46 19
46 33
2 46
46 8
82 46
60 46
46 81
46 36
46 29
46 96
46 10
45 46
46 99
47 46
43 46
46 65
46 9
46 12
31 46
46 49
46 106
117 46
46 25
46 73
107 46
46 17
46 69
39 46
46 56
113 46
63 46
46 59
110 46
46 75
51 46
93 46
71 46
109 46
37 46
58 46
16 46
46 78
46 89
46 97
13 46
46 1
46 6
74 46
46 24
46 105
46 80
46 68
46 5
77 46
46 98
46 118
46 112
18 46
46 22
92 46
46 7
46 50
67 46
46 15
95 46
46 90
46 86
87 46
46 83
46 42
46 94
103 46
11 46
46 85
76 46
102 101
11 4 49 64 87 10 9 3 66 65 13 14 57 13 67 80 23 28 20 19 99 19 57 72 78 78 88 4 57 27 61 48 52 39 72 90 17 29 60 8 87 31 12 26 41 53 17 12 58 11 44 80 73 87 8 19 48 61 14 80 55 87 91 77 19 24 19 56 65 50 50 74 42 33 90 1 6 36 93 59 9 98 4 68 20 74 101 51 40 25 72 12 44 3 69 59 32 93 70 89 55 10
1 1 1 1 1 1 1 1 1 1 1 1 1 1 1 1 1 1 1 1 1 1 1 1 1 1 1 1 1 1 1 1 1 1 1 1 1 1 1 1 1 1 1 1 1 1 1 1 1 1 1 1 1 1 1 1 1 1 1 1 22 1 1 1 1 1 1 1 1 1 1 1 1 1 1 1 1 1 1 1 1 1 1 1 1 1 1 1 1 1 1 1 1 1 1 1 1 1 1 1 1 1
32 82
82 45
46 82
94 82
12 82
17 82
82 11
82 27
82 21
82 26
82 90
82 99
13 82
82 62
56 82
63 82
50 82
25 82
82 44
82 100
82 37
82 77
82 6
33 82
14 82
75 82
7 82
82 72
39 82
81 82
8 82
82 68
82 55
82 96
82 91
23 82
98 82
82 65
82 29
49 82
51 82
2 82
82 74
60 82
82 87
82 41
82 34
82 85
82 101
31 82
66 82
82 28
82 78
71 82
82 54
38 82
24 82
3 82
82 40
19 82
93 82
82 35
82 73
86 82
57 82
95 82
82 42
18 82
5 82
59 82
15 82
82 22
10 82
82 83
82 69
82 48
82 92
82 64
58 82
80 82
70 82
43 82
61 82
82 9
47 82
82 4
82 30
82 67
97 82
82 88
1 82
82 20
76 82
36 82
82 102
82 52
53 82
82 79
84 82
82 16
82 89
91 90
4 80 1 27 24 35 32 87 22 20 85 51 69 4 33 69 4 54 13 71 69 86 33 50 65 40 52 77 72 19 41 78 67 27 55 37 90 20 41 81 61 21 58 14 2 51 86 80 84 50 73 45 12 64 7 63 39 9 12 12 85 11 23 9 44 13 40 40 79 80 89 24 21 77 84 71 51 82 79 9 42 40 91 2 45 50 46 39 17 91 86
1 1 1 1 1 1 1 1 1 1 1 1 1 1 1 1 1 1 1 1 1 1 1 1 1 1 1 1 1 1 1 1 1 9 1 1 1 1 1 1 1 1 1 1 1 1 1 1 1 1 1 1 1 1 1 1 1 1 1 1 1 1 1 1 1 1 1 1 1 1 1 1 1 1 1 1 1 1 1 1 1 1 1 1 1 1 1 1 1 1 1
38 3
3 80
49 3
3 18
13 3
8 3
3 59
3 75
3 37
3 53
87 3
36 3
12 3
3 35
3 42
85 3
86 3
79 3
22 3
3 74
44 3
66 3
3 68
3 62
83 3
58 3
91 3
26 3
3 16
3 15
3 21
3 6
3 65
32 3
69 3
45 3
3 63
54 3
3 24
48 3
46 3
3 56
3 67
39 3
11 3
78 3
3 5
3 43
34 3
29 3
47 3
61 3
3 71
3 73
3 17
3 64
3 27
50 3
3 55
3 40
31 3
20 3
9 3
3 90
82 3
70 3
2 3
3 30
51 3
57 3
10 3
7 3
14 3
3 28
3 33
3 72
1 3
3 76
3 77
3 25
3 52
88 3
41 3
3 60
4 3
19 3
3 84
3 89
3 23
81 3
90 89
89 4 68 7 71 74 10 26 14 50 25 66 81 87 7 17 24 28 36 66 24 62 35 75 46 35 37 20 62 49 51 13 87 7 13 32 46 85 56 60 56 80 22 42 4 41 57 17 15 48 82 50 40 57 14 49 86 76 78 1 37 37 52 22 62 71 25 73 45 70 76 30 25 73 82 29 46 63 3 42 29 24 29 87 38 28 30 61 86 69
89 4 68 7 7 74 1 26 14 50 25 66 81 87 7 17 1 1 36 1 1 1 1 75 46 35 37 20 1 7 1 7 3 1 1 1 46 85 1 60 1 80 1 1 4 3 57 17 7 48 82 50 3 57 14 7 1 76 78 1 1 1 1 22 62 71 1 73 1 70 76 1 25 1 82 29 14 63 3 42 29 24 1 1 38 28 30 1 86 69
20 29
30 20
20 75
6 20
20 56
20 89
2 20
55 20
20 4
20 78
20 3
20 83
26 20
20 28
20 23
20 67
20 10
42 20
61 20
20 65
20 54
36 20
20 53
20 18
70 20
20 1
20 34
20 46
35 20
20 58
64 20
21 20
20 9
20 57
20 41
20 48
20 8
15 20
20 5
20 79
20 50
20 74
16 20
20 44
13 20
20 60
20 14
68 20
38 20
82 20
20 43
62 20
84 20
72 20
20 19
24 20
20 45
49 20
20 27
76 20
85 20
88 20
20 37
31 20
20 90
47 20
63 20
20 51
86 20
33 20
22 20
20 11
20 39
40 20
20 52
20 7
59 20
20 80
20 73
20 69
20 17
87 20
20 66
20 25
20 77
32 20
71 20
12 20
20 81
107 106
9 48 52 100 51 70 54 84 74 82 68 80 32 12 42 90 30 82 70 43 5 58 81 35 55 19 14 46 68 59 64 45 59 54 19 21 60 56 17 11 106 44 72 2 15 17 97 53 100 12 41 83 67 49 53 35 37 31 36 41 83 44 65 62 98 20 29 48 37 16 56 104 70 102 7 88 27 90 19 6 17 15 9 103 102 41 18 32 77 76 55 77 30 18 86 45 18 93 38 96 57 35 100 77 12 18 52
2 2 2 2 2 2 2 2 2 2 2 2 32 2 2 2 2 2 2 2 2 2 2 2 2 2 2 2 2 2 2 2 2 2 2 2 2 2 2 2 2 2 2 2 2 2 2 2 2 2 2 2 2 2 2 2 2 2 2 2 2 2 2 2 2 2 2 2 2 2 2 2 2 2 2 2 2 2 2 2 2 2 2 2 2 2 2 2 2 2 2 2 2 2 2 2 2 2 2 2 2 2 2 2 2 2 2
72 67
72 11
22 72
72 39
72 59
68 72
85 72
72 14
10 72
72 87
72 94
31 72
50 72
72 71
93 72
72 28
101 72
72 13
9 72
72 89
96 72
72 86
72 58
72 32
72 55
26 72
54 72
72 81
72 51
72 44
72 42
48 72
5 72
72 3
41 72
25 72
61 72
72 62
37 72
72 38
70 72
72 105
72 29
106 72
103 72
52 72
84 72
15 72
72 40
88 72
76 72
72 98
72 60
92 72
21 72
77 72
72 27
35 72
69 72
72 90
72 36
72 73
72 83
4 72
72 18
102 72
72 74
72 34
72 79
12 72
72 16
72 43
19 72
53 72
1 72
100 72
30 72
7 72
72 49
20 72
72 24
66 72
64 72
97 72
23 72
63 72
107 72
104 72
57 72
72 78
72 6
82 72
56 72
46 72
72 33
95 72
72 80
72 75
91 72
72 65
2 72
72 17
72 99
72 47
8 72
45 72
104 103
7 21 34 93 58 32 15 43 90 47 78 64 64 31 48 26 95 82 27 13 66 62 28 74 35 35 15 82 77 57 96 23 83 95 86 3 31 5 34 87 4 4 13 54 100 64 87 23 59 45 73 70 66 55 60 67 60 32 63 10 92 70 61 98 22 43 100 30 18 83 71 15 12 25 69 23 55 74 73 96 37 48 56 43 40 25 62 33 68 54 9 78 74 92 43 97 79 22 37 13 91 65 7 27
7 21 34 37 4 32 3 3 31 4 3 3 3 31 48 26 95 82 27 13 3 4 28 74 35 35 15 82 3 57 96 23 83 37 86 3 31 5 34 47 4 4 4 4 4 64 3 23 59 31 73 3 37 4 60 4 60 4 63 10 92 3 61 98 3 43 4 30 4 83 4 15 12 25 4 23 55 74 4 96 3 48 56 43 40 25 62 3 37 37 4 78 3 92 4 3 4 4 4 4 91 3 7 27
81 9
81 93
81 10
1 81
36 81
81 33
41 81
50 81
31 81
45 81
91 81
81 75
73 81
43 81
13 81
84 81
81 53
81 14
81 97
37 81
28 81
81 64
35 81
60 81
77 81
70 81
89 81
72 81
81 24
21 81
32 81
61 81
81 44
88 81
46 81
78 81
81 100
81 30
81 80
81 83
42 81
81 103
68 81
81 66
81 11
38 81
81 95
81 34
57 81
6 81
81 52
102 81
81 99
81 65
54 81
81 79
92 81
17 81
39 81
81 20
71 81
81 94
59 81
48 81
67 81
7 81
55 81
81 3
27 81
81 101
87 81
29 81
81 51
16 81
12 81
90 81
98 81
81 85
81 63
81 96
104 81
82 81
56 81
81 40
5 81
76 81
81 19
58 81
81 18
81 69
2 81
81 23
81 26
81 4
74 81
25 81
81 22
81 15
8 81
81 49
62 81
86 81
47 81
113 112
18 77 79 48 9 21 40 45 13 27 12 74 81 54 93 73 49 109 9 14 64 78 73 91 54 32 55 43 48 14 100 104 75 25 102 59 62 3 95 3 30 106 44 24 49 43 69 110 12 90 37 23 40 51 99 29 42 89 113 41 59 85 88 77 21 60 52 19 32 68 71 16 63 94 39 68 53 2 40 46 11 72 48 101 68 61 95 84 66 61 55 19 3 68 1 107 4 83 15 34 51 88 24 73 10 84 43 77 87 18 54 58 10
1 1 1 1 1 1 1 1 1 1 1 1 1 1 1 1 1 1 1 1 1 1 1 1 1 1 1 1 1 1 1 1 1 1 1 1 1 1 1 1 1 1 1 1 1 1 1 1 1 1 1 1 1 1 1 1 1 1 1 1 1 1 1 1 1 1 1 1 1 1 1 1 1 1 1 1 1 1 1 1 1 1 1 1 1 1 1 1 1 1 1 1 1 1 1 1 1 1 1 1 1 1 1 1 1 1 1 1 1 1 1 1 1
24 72
84 24
7 24
92 24
24 52
38 24
96 24
24 46
65 24
12 24
24 101
24 23
24 8
22 24
24 44
24 35
24 89
105 24
24 106
45 24
24 76
24 78
74 24
24 59
24 90
104 24
9 24
24 103
43 24
24 42
24 37
86 24
15 24
24 97
14 24
24 95
63 24
55 24
24 40
2 24
70 24
24 81
24 26
18 24
87 24
24 5
24 75
24 60
25 24
16 24
24 4
1 24
24 36
98 24
24 3
24 56
24 32
51 24
57 24
24 13
24 19
111 24
80 24
24 33
88 24
29 24
24 50
24 67
24 53
24 107
24 91
21 24
24 27
112 24
24 73
24 93
24 62
24 47
58 24
24 41
34 24
83 24
48 24
24 94
100 24
24 110
24 71
24 79
49 24
30 24
85 24
24 17
24 64
68 24
24 108
24 77
109 24
6 24
39 24
61 24
24 69
20 24
24 28
24 102
24 31
24 54
99 24
11 24
24 82
24 66
113 24
24 10
112 111
5 60 43 72 68 63 10 68 86 12 23 2 1 44 56 94 77 93 104 22 103 48 5 15 46 107 66 49 57 56 54 71 111 20 75 32 93 81 48 80 68 69 88 31 104 56 73 41 98 90 94 60 63 10 5 61 79 112 33 36 22 21 104 28 95 5 54 84 84 84 89 96 39 70 52 56 109 37 92 56 45 15 46 30 37 53 70 64 5 61 25 99 34 81 93 85 53 111 27 20 41 55 36 101 33 63 89 30 96 82 2 11
5 10 43 5 68 63 10 68 86 5 23 2 1 5 5 5 77 93 104 5 103 5 5 15 46 107 5 49 57 5 5 71 111 5 75 32 5 5 5 20 68 69 5 5 104 5 73 5 5 5 94 5 63 5 5 5 5 5 33 36 5 21 104 5 95 5 5 84 84 84 5 96 5 70 20 5 109 5 5 56 5 15 5 30 37 52 5 64 5 61 5 5 10 10 93 85 53 111 5 5 5 5 36 5 5 5 89 5 96 5 2 11
112 34
79 34
17 34
68 34
24 34
34 2
34 15
19 34
34 54
34 85
34 7
90 34
34 3
38 34
56 34
103 34
77 34
39 34
29 34
34 70
36 34
81 34
111 34
34 80
78 34
34 69
18 34
73 34
34 5
34 63
88 34
32 34
59 34
83 34
107 34
34 102
34 51
34 55
34 84
34 23
106 34
46 34
64 34
35 34
14 34
40 34
110 34
37 34
30 34
97 34
34 20
34 6
42 34
61 34
34 25
34 49
34 26
34 82
34 60
98 34
57 34
34 12
34 74
21 34
34 41
34 89
4 34
109 34
34 108
34 47
13 34
34 76
8 34
66 34
28 34
96 34
45 34
86 34
104 34
75 34
34 50
34 99
34 16
44 34
58 34
34 27
34 31
67 34
34 62
22 34
34 1
34 95
105 34
93 34
34 71
52 34
91 34
34 9
72 34
34 53
34 11
101 34
34 87
43 34
34 48
100 34
10 34
34 92
94 34
34 65
33 34
81 80
80 32 18 17 21 58 40 66 66 28 9 7 46 59 70 26 12 47 68 3 21 69 61 59 8 54 12 46 78 55 19 23 38 70 17 57 39 18 59 35 62 7 79 77 27 80 60 51 76 53 45 80 40 76 21 17 8 2 33 64 16 17 72 44 60 54 72 2 30 38 39 37 3 34 16 39 62 19 20 34 54
2 2 18 17 2 16 40 66 66 28 9 3 46 3 70 3 12 47 3 3 3 2 61 59 8 2 12 46 78 55 19 23 12 3 17 3 2 18 3 7 2 2 2 7 2 80 60 51 76 2 45 80 40 3 21 17 8 2 33 64 2 17 2 3 60 54 12 2 30 38 39 37 3 3 16 39 62 16 3 34 54
61 4
61 50
58 61
76 61
61 10
53 61
61 12
61 26
61 62
59 61
14 61
61 79
61 45
60 61
48 61
64 61
7 61
3 61
27 61
2 61
67 61
8 61
61 19
54 61
61 33
11 61
77 61
61 15
61 78
61 39
21 61
61 31
61 40
44 61
9 61
61 72
61 29
61 68
61 23
73 61
61 1
41 61
61 38
42 61
61 55
61 25
13 61
70 61
61 34
61 43
74 61
61 75
61 80
57 61
81 61
61 37
69 61
51 61
61 20
61 22
61 18
66 61
61 24
30 61
61 35
16 61
17 61
32 61
61 5
63 61
28 61
61 36
61 52
6 61
47 61
61 46
61 56
49 61
65 61
61 71
119 118
78 73 3 33 48 51 42 109 108 24 15 67 75 44 108 6 42 27 29 28 1 52 113 29 103 39 15 117 28 61 73 54 30 46 50 114 100 72 44 89 46 44 101 41 73 88 37 67 41 63 106 111 82 32 56 8 40 102 108 110 46 27 100 102 14 3 57 107 71 36 63 62 10 105 88 97 29 12 99 103 83 82 3 88 70 59 118 16 75 13 47 83 19 119 79 13 99 33 53 23 38 12 91 8 83 119 98 14 27 94 88 79 32 20 84 52 51 46 52
78 73 3 33 1 3 42 109 3 24 15 67 75 3 108 3 42 27 29 3 1 3 113 6 103 39 15 3 28 61 73 6 3 3 50 114 3 1 44 89 46 44 101 3 73 3 37 3 8 3 3 111 3 3 56 3 40 3 1 3 46 3 3 102 14 3 57 107 6 36 3 1 6 105 88 97 29 3 99 103 83 82 3 88 3 59 118 3 3 13 47 3 3 119 79 13 99 33 3 23 6 12 91 8 83 3 3 14 3 94 3 79 6 20 3 52 3 3 52
110 38
38 91
97 38
38 79
66 38
38 34
38 45
22 38
38 113
12 38
114 38
38 18
38 53
74 38
41 38
13 38
78 38
38 39
38 72
38 101
38 3
38 17
10 38
38 37
38 36
55 38
28 38
38 50
38 6
86 38
38 71
38 15
59 38
38 49
38 95
103 38
64 38
38 68
108 38
20 38
67 38
38 46
21 38
65 38
82 38
38 115
38 35
38 33
38 107
93 38
40 38
38 48
30 38
38 106
38 31
57 38
38 88
90 38
44 38
16 38
38 80
38 77
38 8
92 38
73 38
69 38
62 38
38 11
38 75
116 38
109 38
58 38
27 38
43 38
9 38
1 38
38 100
38 63
60 38
29 38
4 38
38 112
111 38
38 5
84 38
14 38
32 38
89 38
24 38
61 38
38 76
96 38
42 38
117 38
38 56
105 38
38 87
104 38
98 38
25 38
47 38
38 52
38 85
81 38
38 102
83 38
38 70
38 2
38 99
23 38
38 119
7 38
38 54
19 38
94 38
118 38
51 38
38 26
116 115
1 2 3 4 5 6 7 8 9 10 11 12 13 14 15 16 17 18 19 20 21 22 23 24 25 26 27 28 29 30 31 32 33 34 35 36 37 38 39 40 41 42 43 44 45 46 47 48 49 50 51 52 53 54 55 56 57 58 59 60 61 62 63 64 65 66 67 68 69 70 71 72 73 74 75 76 77 78 79 80 81 82 83 84 85 86 87 88 89 90 91 92 93 94 95 96 97 98 99 100 101 102 103 104 105 106 107 108 109 110 111 112 113 114 115 116
1 1 1 1 1 1 1 1 1 1 1 1 1 1 1 1 1 1 1 1 1 1 1 1 1 1 1 1 1 1 1 1 1 1 1 1 1 1 1 1 1 1 1 1 1 1 1 1 1 1 1 1 1 1 1 1 1 1 1 1 1 1 1 1 1 1 1 1 1 1 1 1 1 1 1 1 1 1 1 1 1 1 1 1 1 1 1 1 1 1 1 1 1 1 1 1 1 1 1 1 1 1 1 1 1 1 1 1 1 1 1 1 1 1 1 1
27 63
27 104
79 27
107 27
87 27
93 27
27 23
27 3
110 27
65 27
27 72
4 27
100 27
27 21
27 116
106 27
27 22
2 27
27 9
27 15
102 27
47 27
27 41
81 27
16 27
95 27
88 27
27 52
27 50
115 27
12 27
54 27
35 27
27 38
27 90
27 29
94 27
27 76
27 28
113 27
27 6
27 40
27 51
27 109
27 114
55 27
111 27
39 27
75 27
58 27
57 27
27 8
18 27
53 27
27 61
27 48
20 27
27 56
27 25
85 27
78 27
27 1
59 27
11 27
17 27
5 27
13 27
105 27
68 27
32 27
27 112
42 27
44 27
73 27
7 27
27 45
27 70
24 27
27 86
27 46
30 27
27 60
27 89
64 27
103 27
27 26
27 33
27 37
27 19
77 27
27 66
80 27
27 92
27 34
27 96
27 62
82 27
108 27
36 27
27 67
97 27
27 49
69 27
27 31
10 27
27 83
27 99
27 71
98 27
27 84
27 74
27 91
27 43
27 14
101 27
83 82
1 2 3 4 5 6 7 8 9 10 11 12 13 14 15 16 17 18 19 20 21 22 23 24 25 26 27 28 29 30 31 32 33 34 35 36 37 38 39 40 41 42 43 44 45 46 47 48 49 50 51 52 53 54 55 56 57 58 59 60 61 62 63 64 65 66 67 68 69 70 71 72 73 74 75 76 77 78 79 80 81 82 83
1 1 1 1 1 1 1 1 1 1 1 1 1 1 1 1 1 1 1 1 1 1 1 1 1 1 1 1 1 1 1 1 1 1 1 1 1 1 1 1 1 1 1 1 1 1 1 1 1 1 1 1 1 1 1 1 1 1 1 1 1 1 1 1 1 1 1 1 1 1 1 1 1 1 1 1 1 1 1 1 1 1 1
28 26
26 19
48 26
26 66
26 13
26 79
26 33
17 26
26 9
31 26
26 43
12 26
26 8
14 26
15 26
26 4
76 26
26 34
74 26
26 78
26 68
26 80
39 26
55 26
11 26
26 16
26 7
70 26
26 1
37 26
26 5
26 24
26 44
26 6
40 26
25 26
10 26
73 26
26 59
83 26
26 45
50 26
71 26
3 26
29 26
26 30
42 26
26 18
26 82
26 41
26 62
53 26
47 26
51 26
26 72
26 67
26 81
26 60
26 75
64 26
65 26
26 57
52 26
27 26
61 26
26 46
26 2
20 26
26 77
35 26
26 56
26 32
69 26
26 54
26 58
36 26
23 26
63 26
26 21
26 38
22 26
26 49
82 81
1 2 3 4 5 6 7 8 9 10 11 12 13 14 15 16 17 18 19 20 21 22 23 24 25 26 27 28 29 30 31 32 33 34 35 36 37 38 39 40 41 42 43 44 45 46 47 48 49 50 51 52 53 54 55 56 57 58 59 60 61 62 63 64 65 66 67 68 69 70 71 72 73 74 75 76 77 78 79 80 81 82
1 1 1 1 1 1 1 1 1 1 1 1 1 1 1 1 1 1 1 1 1 1 1 1 1 1 1 1 1 1 1 1 1 1 1 1 1 1 1 1 1 1 1 1 1 1 1 1 1 1 1 1 1 1 1 1 1 1 1 1 1 1 1 1 1 1 1 1 1 1 1 1 1 1 1 1 1 1 1 1 1 1
5 75
75 59
82 75
75 13
15 75
75 81
75 23
75 71
75 34
75 61
35 75
75 32
76 75
69 75
75 63
75 38
75 78
75 44
75 19
25 75
66 75
67 75
4 75
77 75
75 10
79 75
75 42
52 75
30 75
31 75
75 22
17 75
75 50
49 75
75 7
75 1
75 37
75 43
75 24
75 36
47 75
75 45
3 75
55 75
75 6
75 39
75 73
54 75
20 75
75 27
75 57
48 75
53 75
29 75
75 62
11 75
75 33
68 75
75 60
75 72
75 9
75 8
21 75
75 51
28 75
75 16
75 26
75 65
80 75
75 12
75 2
75 46
75 64
56 75
41 75
70 75
58 75
74 75
18 75
75 40
75 14
103 102
1 2 3 4 5 6 7 8 9 10 11 12 13 14 15 16 17 18 19 20 21 22 23 24 25 26 27 28 29 30 31 32 33 34 35 36 37 38 39 40 41 42 43 44 45 46 47 48 49 50 51 52 53 54 55 56 57 58 59 60 61 62 63 64 65 66 67 68 69 70 71 72 73 74 75 76 77 78 79 80 81 82 83 84 85 86 87 88 89 90 91 92 93 94 95 96 97 98 99 100 101 102 103
1 1 1 1 1 1 1 1 1 1 1 1 1 1 1 1 1 1 1 1 1 1 1 1 1 1 1 1 1 1 1 1 1 1 1 1 1 1 1 1 1 1 1 1 1 1 1 1 1 1 1 1 1 1 1 1 1 1 1 1 1 1 1 1 1 1 1 1 1 1 1 1 1 1 1 1 1 1 1 1 1 1 1 1 1 1 1 1 1 1 1 1 1 1 1 1 1 1 1 1 1 1 1
74 5
5 35
90 5
5 36
87 5
5 65
26 5
68 5
5 79
5 18
103 5
96 5
98 5
100 5
86 5
5 63
5 61
5 43
25 5
22 5
5 73
5 11
66 5
5 17
55 5
5 72
5 64
34 5
1 5
39 5
89 5
94 5
24 5
5 76
5 102
45 5
67 5
93 5
33 5
58 5
5 95
60 5
46 5
5 9
5 88
51 5
83 5
71 5
80 5
62 5
37 5
19 5
5 31
5 28
5 91
5 32
5 27
53 5
5 30
5 4
23 5
5 29
5 52
5 82
5 41
44 5
5 7
85 5
5 40
5 75
16 5
47 5
57 5
5 49
5 84
5 38
42 5
50 5
5 56
5 12
54 5
5 8
5 10
99 5
15 5
70 5
21 5
5 14
77 5
5 13
97 5
69 5
3 5
5 20
5 6
48 5
5 81
5 2
5 59
92 5
5 101
78 5
115 114
1 2 3 4 5 6 7 8 9 10 11 12 13 14 15 16 17 18 19 20 21 22 23 24 25 26 27 28 29 30 31 32 33 34 35 36 37 38 39 40 41 42 43 44 45 46 47 48 49 50 51 52 53 54 55 56 57 58 59 60 61 62 63 64 65 66 67 68 69 70 71 72 73 74 75 76 77 78 79 80 81 82 83 84 85 86 87 88 89 90 91 92 93 94 95 96 97 98 99 100 101 102 103 104 105 106 107 108 109 110 111 112 113 114 115
1 1 1 1 1 1 1 1 1 1 1 1 1 1 1 1 1 1 1 1 1 1 1 1 1 1 1 1 1 1 1 1 1 1 1 1 1 1 1 1 1 1 1 1 1 1 1 1 1 1 1 1 1 1 1 1 1 1 1 1 1 1 1 1 1 1 1 1 1 1 1 1 1 1 1 66 1 1 1 1 1 1 1 1 1 1 1 1 1 1 1 1 1 1 1 1 1 1 1 1 1 1 1 1 1 1 1 1 1 1 1 1 1 1 1
103 50
50 62
19 50
52 50
78 50
64 50
50 27
50 6
58 50
50 89
85 50
112 50
50 38
50 94
50 68
50 95
50 43
50 26
50 75
114 50
50 80
12 50
50 98
39 50
84 50
50 88
50 83
50 91
50 34
10 50
50 4
37 50
3 50
50 11
50 110
50 77
50 49
106 50
50 7
50 9
50 71
81 50
50 113
51 50
50 28
101 50
70 50
50 15
50 46
13 50
50 20
50 48
60 50
36 50
102 50
50 21
65 50
59 50
18 50
82 50
87 50
50 17
50 111
50 32
54 50
33 50
66 50
69 50
40 50
86 50
1 50
50 61
50 53
50 14
50 35
45 50
50 115
50 41
50 56
96 50
50 8
50 25
50 100
74 50
105 50
50 22
30 50
90 50
42 50
50 104
50 2
97 50
50 92
50 5
29 50
50 107
50 72
73 50
50 67
44 50
79 50
50 63
50 31
93 50
50 57
16 50
24 50
50 23
108 50
50 99
50 76
55 50
50 47
109 50
103 102
62 100 16 99 38 77 45 20 92 44 78 45 62 21 36 3 9 99 79 56 31 62 93 5 22 78 58 102 90 48 90 28 69 26 81 103 24 34 67 7 79 89 23 91 82 79 54 98 57 33 16 89 9 22 3 85 5 85 48 15 92 56 25 103 17 85 103 56 71 94 3 81 85 46 69 2 100 18 58 38 27 93 66 59 92 29 67 1 47 58 64 90 88 23 73 10 91 73 23 32 33 41 63
1 1 1 1 1 1 1 1 1 1 1 1 1 1 1 1 1 1 1 1 1 1 70 1 1 1 1 1 1 1 1 1 1 1 1 1 1 1 1 1 1 1 1 1 1 1 1 1 1 1 1 1 1 1 1 1 1 1 1 1 1 1 1 1 1 1 1 1 1 1 1 1 1 1 1 1 1 1 1 1 1 1 1 1 1 1 1 1 1 1 1 1 1 1 1 1 1 1 1 1 1 1 1
26 48
47 48
73 48
56 48
48 22
18 48
38 48
48 12
53 48
62 48
48 79
49 48
76 48
84 48
58 48
80 48
48 101
48 27
48 50
96 48
74 48
48 55
6 48
81 48
8 48
63 48
5 48
48 75
48 10
64 48
57 48
95 48
48 100
48 44
87 48
9 48
48 99
83 48
48 72
48 43
69 48
48 91
4 48
48 21
48 29
86 48
94 48
48 82
48 7
48 39
48 45
48 35
48 24
48 65
48 34
16 48
48 17
48 59
48 89
48 52
67 48
42 48
48 78
48 70
48 92
60 48
71 48
23 48
48 40
32 48
3 48
48 85
97 48
48 28
46 48
77 48
48 15
48 103
98 48
48 31
2 48
51 48
1 48
90 48
48 14
36 48
48 11
88 48
48 61
48 19
48 33
37 48
20 48
102 48
30 48
13 48
25 48
48 41
48 93
48 66
54 48
48 68
98 97
1 2 3 4 5 6 7 8 9 10 11 12 13 14 15 16 17 18 19 20 21 22 23 24 25 26 27 28 29 30 31 32 33 34 35 36 37 38 39 40 41 42 43 44 45 46 47 48 49 50 51 52 53 54 55 56 57 58 59 60 61 62 63 64 65 66 67 68 69 70 71 72 73 74 75 76 77 78 79 80 81 82 83 84 85 86 87 88 89 90 91 92 93 94 95 96 97 98
1 2 3 2 2 2 7 8 4 4 11 2 13 14 2 16 4 2 19 20 21 4 23 24 25 26 27 2 4 2 31 32 33 34 35 36 2 2 4 40 41 4 43 44 45 2 4 4 9 2 4 2 4 54 2 5 57 2 59 2 61 2 63 2 2 2 4 68 69 70 71 72 73 4 75 76 2 78 2 2 81 82 83 84 5 86 4 2 89 2 5 92 93 94 2 96 2 98
5 28
27 5
5 41
69 5
5 82
5 45
95 5
5 62
70 5
9 5
5 37
5 29
5 97
5 67
5 10
5 63
5 4
5 42
5 64
5 78
5 26
5 60
38 5
5 68
2 5
5 89
5 39
5 88
5 59
73 5
8 5
84 5
47 5
6 5
5 77
5 35
61 5
94 5
5 57
71 5
43 5
5 81
53 5
58 5
33 5
5 55
5 19
52 5
5 31
5 75
5 40
5 48
5 36
14 5
13 5
1 5
5 79
72 5
5 86
49 5
5 80
83 5
23 5
5 65
5 7
30 5
5 46
24 5
3 5
85 5
5 25
12 5
5 92
15 5
66 5
54 5
34 5
5 76
5 20
93 5
74 5
5 56
5 22
50 5
5 32
87 5
96 5
44 5
5 16
17 5
5 21
11 5
5 90
5 18
5 51
91 5
5 98
100 99
1 2 3 4 5 6 7 8 9 10 11 12 13 14 15 16 17 18 19 20 21 22 23 24 25 26 27 28 29 30 31 32 33 34 35 36 37 38 39 40 41 42 43 44 45 46 47 48 49 50 51 52 53 54 55 56 57 58 59 60 61 62 63 64 65 66 67 68 69 70 71 72 73 74 75 76 77 78 79 80 81 82 83 84 85 86 87 88 89 90 91 92 93 94 95 96 97 98 99 100
1 1 1 1 1 1 1 1 1 1 1 1 1 1 1 1 1 1 1 1 1 1 1 1 1 1 1 1 1 1 1 1 1 1 1 1 1 1 1 1 1 1 1 1 1 1 1 1 1 1 1 1 1 1 1 1 1 1 56 1 1 1 1 1 1 1 1 1 1 1 1 1 1 1 1 1 1 1 1 1 1 1 1 1 1 1 1 1 1 1 1 1 1 1 1 1 1 1 1 1
55 11
55 91
81 55
55 82
55 32
55 35
86 55
55 87
55 24
55 20
42 55
88 55
73 55
55 84
44 55
55 51
89 55
26 55
5 55
55 10
6 55
38 55
52 55
55 43
55 41
83 55
7 55
55 66
55 9
55 8
55 62
55 3
55 78
55 70
65 55
71 55
36 55
85 55
55 37
69 55
55 53
27 55
55 46
28 55
55 94
55 99
55 64
74 55
1 55
76 55
100 55
58 55
67 55
33 55
55 12
55 23
39 55
55 47
98 55
60 55
55 15
55 18
55 34
75 55
55 57
21 55
55 59
55 56
55 93
55 80
55 50
55 61
55 29
72 55
55 13
92 55
55 17
55 68
77 55
55 25
54 55
55 97
55 95
55 90
49 55
31 55
55 2
55 4
55 40
96 55
16 55
55 45
79 55
48 55
55 22
55 63
14 55
55 19
30 55
105 104
1 2 3 4 5 6 7 8 9 10 11 12 13 14 15 16 17 18 19 20 21 22 23 24 25 26 27 28 29 30 31 32 33 34 35 36 37 38 39 40 41 42 43 44 45 46 47 48 49 50 51 52 53 54 55 56 57 58 59 60 61 62 63 64 65 66 67 68 69 70 71 72 73 74 75 76 77 78 79 80 81 82 83 84 85 86 87 88 89 90 91 92 93 94 95 96 97 98 99 100 101 102 103 104 105
1 1 1 1 1 1 1 1 1 1 1 1 1 1 1 1 1 1 1 1 1 1 1 1 1 1 1 1 1 1 1 1 1 1 1 1 1 1 1 1 1 1 1 1 1 1 1 1 1 1 1 1 1 1 1 1 1 1 1 1 1 1 1 1 1 1 1 1 1 1 1 1 1 1 1 1 1 1 1 1 1 1 1 1 1 1 1 1 1 1 1 1 1 1 1 1 1 1 1 1 1 1 1 1 1
21 10
21 100
21 62
90 21
27 21
21 59
22 21
40 21
66 21
21 20
26 21
21 39
21 28
21 23
21 14
83 21
68 21
37 21
47 21
88 21
84 21
21 69
18 21
21 76
89 21
75 21
86 21
21 98
43 21
87 21
21 96
21 44
21 46
21 105
92 21
21 56
71 21
21 8
60 21
65 21
29 21
30 21
54 21
21 15
49 21
21 70
21 38
63 21
77 21
21 16
19 21
21 41
73 21
6 21
21 1
21 57
21 31
21 91
104 21
21 81
21 61
21 13
21 36
21 4
21 94
21 5
21 58
55 21
52 21
21 95
34 21
21 72
3 21
21 67
21 93
21 7
21 12
82 21
21 103
45 21
21 2
42 21
9 21
51 21
21 101
24 21
25 21
74 21
33 21
21 53
97 21
17 21
64 21
21 102
21 80
32 21
21 11
78 21
79 21
85 21
48 21
21 99
21 50
35 21
80 79
1 2 3 4 5 6 7 8 9 10 11 12 13 14 15 16 17 18 19 20 21 22 23 24 25 26 27 28 29 30 31 32 33 34 35 36 37 38 39 40 41 42 43 44 45 46 47 48 49 50 51 52 53 54 55 56 57 58 59 60 61 62 63 64 65 66 67 68 69 70 71 72 73 74 75 76 77 78 79 80
1 2 3 4 5 6 7 8 9 2 11 12 2 2 15 2 17 18 19 2 2 22 23 2 25 26 2 28 2 2 2 2 33 34 35 2 2 2 39 40 41 42 43 44 2 2 2 48 49 50 2 52 53 2 55 2 36 2 59 36 2 2 2 2 65 2 67 4 69 2 2 72 73 2 75 76 77 2 77 80
36 52
18 36
37 36
28 36
76 36
61 36
36 47
9 36
36 54
53 36
1 36
36 15
36 75
36 64
41 36
34 36
63 36
5 36
36 62
36 12
36 30
36 26
36 32
10 36
36 4
36 60
36 22
66 36
36 51
36 29
36 70
21 36
71 36
46 36
36 40
36 57
78 36
36 8
36 73
77 36
42 36
33 36
36 43
55 36
59 36
36 11
36 58
25 36
74 36
24 36
19 36
79 36
36 16
36 14
56 36
17 36
36 72
36 65
39 36
38 36
27 36
7 36
36 6
48 36
36 20
36 23
2 36
36 69
36 31
36 45
36 44
36 35
36 80
50 36
36 3
13 36
49 36
67 36
68 36
108 107
13 93 51 90 31 71 33 26 98 48 9 67 22 73 100 1 88 95 70 84 102 83 87 72 10 97 31 12 51 21 22 76 47 52 108 105 16 28 98 82 64 54 99 49 104 18 28 82 96 6 36 60 5 15 93 86 82 86 17 103 52 56 6 82 38 24 51 24 106 15 28 5 74 27 58 102 8 45 40 74 54 61 4 40 102 90 72 30 47 91 57 14 107 51 99 60 91 50 71 33 90 18 68 43 2 3 90 87
1 1 1 1 1 1 1 1 1 1 1 1 1 1 1 1 1 1 1 1 71 1 1 1 1 1 1 1 1 1 1 1 1 1 1 1 1 1 1 1 1 1 1 1 1 1 1 1 1 1 1 1 1 1 1 1 1 1 1 1 1 1 1 1 1 1 1 1 1 1 1 1 1 1 1 1 1 1 1 1 1 1 1 1 1 1 1 1 1 1 1 1 1 1 1 1 1 1 1 1 1 1 1 1 1 1 1 1
30 33
30 105
58 30
30 85
15 30
31 30
21 30
39 30
30 60
10 30
52 30
6 30
22 30
4 30
30 108
94 30
76 30
30 28
77 30
30 53
1 30
30 98
95 30
30 44
63 30
51 30
30 42
59 30
34 30
64 30
66 30
103 30
101 30
30 18
75 30
48 30
30 81
30 72
30 71
30 89
30 13
47 30
30 17
32 30
30 46
8 30
30 37
30 3
30 11
90 30
30 68
30 35
23 30
30 79
30 9
93 30
30 83
30 99
30 16
30 45
30 92
30 65
30 43
106 30
24 30
30 88
30 61
78 30
30 62
30 73
19 30
14 30
30 70
5 30
30 67
30 7
30 97
30 69
30 25
30 55
91 30
2 30
50 30
30 84
80 30
30 27
30 20
57 30
30 38
30 41
100 30
30 29
30 54
49 30
30 12
36 30
74 30
86 30
30 40
30 26
107 30
30 56
30 87
82 30
104 30
96 30
102 30
113 112
1 2 3 4 5 6 7 8 9 10 11 12 13 14 15 16 17 18 19 20 21 22 23 24 25 26 27 28 29 30 31 32 33 34 35 36 37 38 39 40 41 42 43 44 45 46 47 48 49 50 51 52 53 54 55 56 57 58 59 60 61 62 63 64 65 66 67 68 69 70 71 72 73 74 75 76 77 78 79 80 81 82 83 84 85 86 87 88 89 90 91 92 93 94 95 96 97 98 99 100 101 102 103 104 105 106 107 108 109 110 111 112 113
1 1 1 1 1 1 1 1 1 1 1 1 1 1 1 1 1 1 1 1 1 1 1 2 1 1 1 1 1 1 1 1 1 1 1 1 1 1 1 1 1 1 1 1 1 1 1 1 1 1 1 1 1 1 1 1 1 1 1 1 1 1 1 1 1 1 1 1 1 1 1 1 1 1 1 1 1 1 1 1 1 1 1 1 1 1 1 1 1 1 1 1 1 1 1 1 1 1 1 1 1 1 1 1 1 1 1 1 1 1 1 1 1
107 35
10 107
37 107
107 88
71 107
65 107
80 107
56 107
107 106
107 34
107 13
107 25
107 46
107 31
107 51
49 107
62 107
84 107
107 2
107 70
107 18
104 107
41 107
107 93
98 107
22 107
59 107
82 107
107 102
107 15
45 107
43 107
107 112
26 107
107 108
107 55
107 85
107 74
17 107
5 107
107 7
50 107
107 12
81 107
107 83
107 95
38 107
96 107
107 60
72 107
107 48
107 63
107 20
99 107
107 53
107 97
107 23
107 76
107 101
61 107
107 1
107 30
107 105
66 107
32 107
107 4
107 94
107 109
107 54
86 107
33 107
107 78
8 107
57 107
89 107
87 107
107 27
75 107
107 14
64 107
69 107
107 39
16 107
107 6
21 107
107 11
19 107
36 107
24 107
90 107
107 91
107 110
107 113
107 47
107 28
107 103
29 107
77 107
111 107
107 3
100 107
107 52
44 107
42 107
79 107
68 107
73 107
58 107
107 40
107 67
9 107
107 92
110 109
1 2 3 4 5 6 7 8 9 10 11 12 13 14 15 16 17 18 19 20 21 22 23 24 25 26 27 28 29 30 31 32 33 34 35 36 37 38 39 40 41 42 43 44 45 46 47 48 49 50 51 52 53 54 55 56 57 58 59 60 61 62 63 64 65 66 67 68 69 70 71 72 73 74 75 76 77 78 79 80 81 82 83 84 85 86 87 88 89 90 91 92 93 94 95 96 97 98 99 100 101 102 103 104 105 106 107 108 109 110
1 1 1 1 5 1 1 8 9 10 11 1 13 14 15 16 17 18 19 20 21 1 23 1 7 1 7 28 29 1 31 7 1 7 35 36 1 1 1 40 1 7 1 1 45 46 1 48 49 50 7 52 53 54 1 56 57 1 1 1 1 62 63 1 1 1 67 1 7 70 71 72 1 1 75 1 7 78 1 80 81 82 83 1 1 86 7 88 89 1 91 1 93 94 95 96 97 98 1 100 1 1 103 104 105 106 7 108 109 110
7 37
7 60
7 34
7 14
7 101
9 7
7 13
7 109
24 7
7 70
7 105
7 81
7 2
73 7
20 7
1 7
7 40
7 104
36 7
7 95
7 77
7 55
41 7
7 33
7 68
7 85
7 89
91 7
7 12
38 7
7 17
7 102
54 7
29 7
7 4
10 7
53 7
7 31
7 78
7 74
23 7
7 80
7 92
49 7
51 7
30 7
7 87
7 88
7 42
18 7
7 48
61 7
90 7
7 21
45 7
108 7
50 7
32 7
7 97
7 96
52 7
7 110
7 76
7 35
7 79
7 22
7 6
83 7
26 7
39 7
43 7
7 47
62 7
82 7
7 99
7 64
100 7
7 103
44 7
69 7
75 7
7 8
7 72
5 7
7 107
7 93
3 7
106 7
7 71
94 7
7 15
7 86
7 98
56 7
59 7
7 28
7 11
7 25
7 16
65 7
57 7
7 67
7 19
7 27
7 84
66 7
58 7
63 7
7 46
110 109
1 2 3 4 5 6 7 8 9 10 11 12 13 14 15 16 17 18 19 20 21 22 23 24 25 26 27 28 29 30 31 32 33 34 35 36 37 38 39 40 41 42 43 44 45 46 47 48 49 50 51 52 53 54 55 56 57 58 59 60 61 62 63 64 65 66 67 68 69 70 71 72 73 74 75 76 77 78 79 80 81 82 83 84 85 86 87 88 89 90 91 92 93 94 95 96 97 98 99 100 101 102 103 104 105 106 107 108 109 110
1 1 1 1 1 1 1 1 1 1 1 1 1 1 1 1 17 1 1 1 1 1 1 1 1 1 1 1 1 1 1 1 1 1 1 1 1 1 1 1 1 1 1 1 1 1 1 1 1 1 1 1 1 1 1 1 1 1 1 1 1 1 1 1 1 1 1 1 1 1 1 1 1 1 1 1 1 1 1 1 1 1 1 1 1 1 1 1 1 1 1 1 1 1 1 1 1 1 1 1 1 1 1 1 1 1 1 1 1 1
45 110
104 110
110 86
110 53
76 110
110 79
74 110
110 23
17 110
110 71
110 13
110 51
3 110
110 47
110 19
97 110
33 110
31 110
63 110
110 11
110 44
110 98
22 110
66 110
88 110
110 101
14 110
15 110
1 110
28 110
70 110
59 110
110 20
48 110
61 110
110 26
110 99
110 102
109 110
8 110
103 110
110 5
84 110
64 110
9 110
110 2
110 39
18 110
110 38
42 110
54 110
110 30
52 110
81 110
110 46
43 110
110 95
110 62
7 110
60 110
110 37
58 110
110 24
10 110
110 93
110 72
110 75
29 110
110 6
110 96
110 107
4 110
110 27
110 40
73 110
110 21
110 16
100 110
55 110
110 32
67 110
110 91
85 110
110 78
110 57
110 83
105 110
77 110
110 87
108 110
110 106
110 35
65 110
110 82
90 110
110 80
12 110
69 110
110 41
110 36
110 68
110 89
94 110
110 25
92 110
110 34
50 110
49 110
110 56
107 106
1 2 3 4 5 6 7 8 9 10 11 12 13 14 15 16 17 18 19 20 21 22 23 24 25 26 27 28 29 30 31 32 33 34 35 36 37 38 39 40 41 42 43 44 45 46 47 48 49 50 51 52 53 54 55 56 57 58 59 60 61 62 63 64 65 66 67 68 69 70 71 72 73 74 75 76 77 78 79 80 81 82 83 84 85 86 87 88 89 90 91 92 93 94 95 96 97 98 99 100 101 102 103 104 105 106 107
1 1 1 1 1 1 1 1 1 1 1 1 1 1 1 1 1 1 1 1 1 1 1 1 1 1 1 1 1 1 1 1 1 1 1 1 1 1 1 1 1 1 1 1 1 1 1 1 1 1 1 1 1 1 1 1 1 1 1 1 1 1 1 1 1 1 1 1 1 1 1 1 1 1 1 1 1 1 1 1 1 1 1 1 1 1 1 1 1 1 1 1 1 1 1 1 1 1 1 1 1 1 1 1 1 1 1
17 32
73 17
17 24
17 50
17 62
61 17
17 70
66 17
17 64
17 86
96 17
54 17
74 17
27 17
77 17
99 17
35 17
36 17
17 59
17 67
17 46
44 17
17 10
106 17
17 58
88 17
31 17
85 17
72 17
45 17
17 84
17 57
95 17
40 17
98 17
17 87
60 17
8 17
17 47
19 17
56 17
33 17
65 17
15 17
17 80
22 17
107 17
37 17
17 5
83 17
28 17
17 71
17 55
17 51
17 14
17 2
17 6
17 38
17 48
17 76
103 17
17 11
25 17
17 63
17 13
17 1
17 82
34 17
17 49
89 17
17 7
93 17
17 53
9 17
41 17
17 30
78 17
97 17
17 18
17 29
17 43
17 90
17 68
102 17
23 17
17 94
52 17
17 81
104 17
17 3
69 17
17 75
17 79
17 26
17 100
17 4
17 101
17 12
16 17
42 17
17 20
39 17
91 17
17 105
17 92
21 17
101 100
66 28 60 7 99 25 85 99 11 2 28 69 24 100 91 93 9 30 32 29 73 43 48 42 66 93 56 45 76 64 93 99 34 26 71 28 23 85 50 82 66 93 30 55 68 13 81 30 34 80 40 48 51 2 26 6 26 4 16 66 22 29 12 58 101 91 8 30 85 19 26 100 28 51 18 37 88 67 2 27 62 43 38 26 47 98 48 33 78 26 71 87 61 45 34 27 51 14 3 33 77
2 2 2 2 2 2 2 2 2 2 2 2 2 2 2 2 2 2 2 2 2 2 2 2 2 2 2 2 2 2 2 2 2 2 2 2 2 2 2 2 2 2 2 21 2 2 2 2 2 2 2 2 2 2 2 2 2 2 2 2 2 2 2 2 2 2 2 2 2 2 2 2 2 2 2 2 2 2 2 2 2 2 2 2 2 2 2 2 2 2 2 2 2 2 2 2 2 2 2 2 2
46 93
35 46
98 46
32 46
46 81
50 46
46 4
54 46
46 30
46 38
11 46
46 60
36 46
46 1
8 46
100 46
22 46
46 45
20 46
46 5
46 48
31 46
95 46
46 75
46 55
49 46
46 72
46 39
46 23
94 46
46 19
33 46
46 84
46 64
77 46
3 46
46 18
82 46
29 46
46 25
6 46
46 27
46 83
51 46
44 46
26 46
46 62
46 17
46 73
65 46
53 46
46 74
88 46
80 46
46 78
46 92
79 46
46 24
52 46
10 46
76 46
46 16
46 86
46 63
46 91
46 34
85 46
46 41
46 14
67 46
46 90
46 13
46 15
46 68
37 46
47 46
46 97
56 46
46 89
46 96
46 28
66 46
46 69
46 99
57 46
46 61
101 46
46 87
46 21
9 46
42 46
46 58
2 46
40 46
46 12
46 70
71 46
7 46
46 59
46 43
97 96
1 2 3 4 5 6 7 8 9 10 11 12 13 14 15 16 17 18 19 20 21 22 23 24 25 26 27 28 29 30 31 32 33 34 35 36 37 38 39 40 41 42 43 44 45 46 47 48 49 50 51 52 53 54 55 56 57 58 59 60 61 62 63 64 65 66 67 68 69 70 71 72 73 74 75 76 77 78 79 80 81 82 83 84 85 86 87 88 89 90 91 92 93 94 95 96 97
1 2 3 4 5 6 7 8 9 2 2 12 13 14 15 2 2 18 19 2 21 2 23 24 25 17 27 2 2 2 31 2 33 34 2 36 37 38 39 40 41 42 43 44 45 2 47 48 49 13 17 2 13 2 2 56 57 58 2 9 9 62 63 64 2 9 67 68 69 70 17 72 2 74 75 76 2 17 2 17 2 82 83 84 85 86 2 2 17 17 91 2 2 13 9 52 97
52 78
54 52
88 52
5 52
69 52
94 52
52 85
72 52
52 33
52 50
52 12
52 87
52 51
74 52
52 49
90 52
35 52
52 9
52 13
77 52
52 84
79 52
93 52
75 52
52 16
82 52
52 1
92 52
52 97
52 45
52 41
52 64
81 52
17 52
52 73
10 52
52 46
24 52
31 52
86 52
52 36
52 96
40 52
47 52
52 14
52 57
52 34
71 52
11 52
39 52
4 52
52 80
52 37
2 52
55 52
52 83
52 61
52 27
18 52
44 52
20 52
52 38
60 52
42 52
52 67
52 23
62 52
95 52
59 52
52 8
3 52
25 52
52 19
43 52
29 52
28 52
21 52
22 52
30 52
52 58
26 52
52 91
52 56
52 53
52 48
70 52
6 52
66 52
52 32
52 15
68 52
52 63
76 52
89 52
52 7
52 65
91 90
59 19 17 79 39 7 60 10 47 40 31 78 84 70 45 72 87 43 90 57 17 65 75 54 42 33 40 64 58 81 10 19 50 86 26 12 2 70 79 87 9 16 24 30 70 33 1 70 81 53 1 59 68 58 85 5 8 89 76 59 43 32 83 17 54 54 61 25 55 12 84 11 56 45 38 5 8 75 45 46 6 84 50 8 54 58 20 21 43 60 17
1 1 1 1 1 1 1 10 1 1 1 1 1 1 1 1 1 1 1 1 1 1 1 1 1 1 1 1 1 1 1 1 1 1 1 1 1 1 1 1 1 1 1 1 1 1 1 1 1 1 1 1 1 1 1 1 1 1 1 1 1 1 1 1 1 1 1 1 1 1 1 1 1 1 1 1 1 1 1 1 1 1 1 1 1 1 1 1 1 1 1
9 86
9 70
39 9
11 9
9 18
9 28
52 9
9 24
14 9
9 64
22 9
84 9
9 60
9 55
77 9
9 78
9 19
9 87
9 75
9 2
12 9
41 9
9 27
9 69
54 9
9 56
9 13
9 51
9 79
9 38
9 82
80 9
9 20
68 9
9 6
89 9
37 9
9 49
81 9
9 10
9 23
15 9
16 9
32 9
90 9
9 34
43 9
25 9
76 9
35 9
71 9
9 44
9 47
9 36
9 42
9 61
9 33
9 45
66 9
31 9
9 17
46 9
48 9
9 50
65 9
9 40
9 58
9 67
9 72
9 3
57 9
85 9
29 9
9 26
9 62
88 9
9 21
9 30
4 9
9 73
91 9
8 9
9 7
1 9
74 9
53 9
9 5
9 83
59 9
9 63
110 109
1 2 3 4 5 6 7 8 9 10 11 12 13 14 15 16 17 18 19 20 21 22 23 24 25 26 27 28 29 30 31 32 33 34 35 36 37 38 39 40 41 42 43 44 45 46 47 48 49 50 51 52 53 54 55 56 57 58 59 60 61 62 63 64 65 66 67 68 69 70 71 72 73 74 75 76 77 78 79 80 81 82 83 84 85 86 87 88 89 90 91 92 93 94 95 96 97 98 99 100 101 102 103 104 105 106 107 108 109 110
1 2 3 4 5 6 5 8 9 5 11 12 13 14 15 16 17 5 19 20 21 22 7 24 10 10 18 28 29 5 7 32 33 5 35 5 7 5 39 5 10 5 43 5 5 46 47 5 49 5 5 52 53 5 55 56 57 58 59 5 61 7 63 64 65 18 10 68 69 70 18 10 7 5 7 76 77 5 5 80 5 5 5 84 85 86 87 10 5 90 91 92 5 94 95 96 7 98 5 100 7 5 5 7 5 106 107 108 91 5
98 18
100 18
18 38
18 25
81 18
74 18
35 18
18 103
18 59
18 28
18 61
18 11
12 18
55 18
18 67
18 6
18 57
18 1
18 82
18 109
65 18
18 63
42 18
18 46
18 23
88 18
18 13
18 10
18 49
18 94
9 18
18 4
101 18
90 18
18 77
40 18
18 86
93 18
18 70
18 102
18 45
18 69
18 54
110 18
18 48
18 27
20 18
75 18
18 3
18 31
84 18
18 17
43 18
22 18
18 73
53 18
66 18
56 18
18 79
97 18
108 18
64 18
18 83
71 18
18 34
33 18
18 15
18 76
87 18
18 51
18 26
78 18
29 18
18 14
24 18
50 18
104 18
18 36
18 105
18 8
16 18
18 68
18 2
18 32
18 60
21 18
107 18
18 89
72 18
18 58
44 18
95 18
18 99
47 18
37 18
5 18
18 62
18 39
18 106
52 18
91 18
18 19
18 30
18 41
7 18
18 80
18 92
85 18
18 96
111 110
108 105 55 43 74 90 53 6 95 38 28 31 20 73 37 26 40 100 13 75 74 67 46 36 5 80 107 28 59 101 92 22 65 36 49 62 107 76 107 34 29 70 4 87 28 49 78 48 45 52 56 68 96 28 34 38 68 102 91 63 66 70 24 6 109 66 97 42 111 45 34 47 107 33 52 91 81 28 38 73 105 81 15 19 66 82 65 1 10 1 19 105 22 95 85 107 81 55 19 95 110 98 103 57 75 37 37 16 44 50 96
1 1 1 1 1 1 1 1 1 1 1 1 1 1 1 1 1 1 1 1 1 1 1 1 1 1 1 1 1 1 1 1 1 1 1 1 102 1 1 1 1 1 1 1 1 1 1 1 1 1 1 1 1 1 1 1 1 1 1 1 1 1 1 1 1 1 1 1 1 1 1 1 1 1 1 1 1 1 1 1 1 1 1 1 1 1 1 1 1 1 1 1 1 1 1 1 1 1 1 1 1 1 1 1 1 1 1 1 1 1 1
17 11
11 93
2 11
11 30
101 11
84 11
11 41
96 11
6 11
63 11
90 11
11 45
23 11
11 72
11 59
9 11
100 11
11 20
31 11
11 64
11 105
99 11
11 55
11 103
11 52
5 11
50 11
11 19
11 85
78 11
13 11
11 8
11 111
56 11
44 11
92 11
54 11
11 58
11 69
108 11
57 11
104 11
34 11
95 11
36 11
11 24
11 79
11 46
110 11
33 11
11 94
11 15
1 11
89 11
11 14
88 11
43 11
91 11
66 11
11 21
11 74
11 109
49 11
11 7
107 11
35 11
106 11
11 71
62 11
11 82
11 29
51 11
11 40
37 11
16 11
53 11
11 22
11 4
11 28
97 11
3 11
11 73
12 11
11 86
68 11
11 38
11 18
11 80
11 65
76 11
70 11
11 83
11 32
11 25
47 11
87 11
77 11
75 11
26 11
81 11
11 102
60 11
67 11
11 98
11 61
11 39
10 11
48 11
42 11
27 11
112 111
1 2 3 4 5 6 7 8 9 10 11 12 13 14 15 16 17 18 19 20 21 22 23 24 25 26 27 28 29 30 31 32 33 34 35 36 37 38 39 40 41 42 43 44 45 46 47 48 49 50 51 52 53 54 55 56 57 58 59 60 61 62 63 64 65 66 67 68 69 70 71 72 73 74 75 76 77 78 79 80 81 82 83 84 85 86 87 88 89 90 91 92 93 94 95 96 97 98 99 100 101 102 103 104 105 106 107 108 109 110 111 112
1 1 1 1 5 1 1 1 1 1 1 1 1 1 1 1 1 1 1 1 1 1 1 1 1 1 1 1 1 1 1 1 1 1 1 1 1 1 1 1 1 1 1 1 1 1 1 1 1 1 1 1 1 1 1 1 1 1 1 1 1 1 1 1 1 1 1 1 1 1 1 1 1 1 1 1 1 1 1 1 1 1 1 1 1 1 1 1 1 1 1 1 1 1 1 1 1 1 1 1 1 1 1 1 1 1 1 1 1 1 1 1
74 61
61 42
2 61
39 61
61 16
49 61
61 80
61 9
84 61
61 3
64 61
77 61
61 51
61 69
61 103
62 61
61 21
61 66
24 61
110 61
86 61
41 61
67 61
59 61
11 61
68 61
12 61
61 70
25 61
61 13
26 61
53 61
61 56
55 61
61 100
45 61
61 83
61 72
111 61
61 29
96 61
109 61
61 10
61 98
92 61
61 101
35 61
107 61
28 61
61 14
71 61
61 54
61 32
112 61
89 61
7 61
17 61
81 61
61 40
1 61
61 36
61 78
47 61
46 61
61 30
91 61
43 61
61 63
61 60
19 61
4 61
75 61
61 23
95 61
73 61
90 61
61 79
94 61
85 61
106 61
50 61
61 15
61 65
76 61
61 22
38 61
108 61
93 61
58 61
61 20
61 27
31 61
33 61
18 61
52 61
34 61
61 6
88 61
97 61
5 61
61 57
61 105
104 61
48 61
87 61
99 61
44 61
37 61
102 61
82 61
61 8
82 81
34 41 30 25 66 40 10 22 13 73 7 35 3 41 8 76 37 21 6 9 44 18 39 9 71 69 2 59 5 69 35 42 61 35 13 80 79 56 51 41 57 19 42 48 39 38 69 2 5 59 5 54 28 76 74 80 27 33 77 49 1 38 66 68 28 40 31 59 51 66 47 34 30 31 39 50 11 5 5 68 33 2
1 1 1 1 1 1 1 1 1 1 6 1 1 1 1 1 1 1 1 1 1 1 1 1 1 1 1 1 1 1 1 1 1 1 1 1 1 1 1 1 1 1 1 1 1 1 1 1 1 1 1 1 1 1 1 1 1 1 1 1 1 1 1 1 1 1 1 1 1 1 1 1 1 1 1 1 1 1 1 1 1 1
47 78
79 78
31 78
78 12
78 51
34 78
78 30
78 45
42 78
78 57
78 58
22 78
78 75
46 78
78 35
41 78
25 78
81 78
78 59
78 49
64 78
73 78
78 76
78 11
78 44
9 78
68 78
67 78
78 48
78 39
29 78
19 78
54 78
60 78
78 43
26 78
7 78
78 72
78 27
33 78
78 74
63 78
65 78
21 78
78 13
50 78
23 78
61 78
15 78
78 16
20 78
78 1
78 66
28 78
78 40
69 78
78 17
78 71
78 14
24 78
77 78
78 38
78 53
78 82
78 80
78 37
78 6
78 10
2 78
78 3
78 18
5 78
78 55
78 56
78 70
78 8
52 78
32 78
78 62
78 4
78 36
103 102
99 82 29 39 93 67 11 22 31 58 22 20 23 1 69 69 9 51 22 27 88 50 28 67 87 39 52 97 8 76 33 11 8 50 43 47 79 97 9 82 53 37 15 98 55 13 1 34 28 71 74 72 36 58 102 100 48 101 38 97 23 103 10 82 84 46 3 71 93 73 66 68 29 91 86 18 22 68 4 76 54 66 67 66 3 53 80 82 26 49 64 4 61 79 80 103 95 5 42 74 16 7 27
1 1 1 1 1 1 1 1 1 1 1 1 1 1 1 1 1 1 1 1 1 1 1 1 1 1 1 1 1 1 1 1 1 1 1 1 1 1 1 1 1 1 1 1 1 1 1 1 1 1 1 1 1 1 1 1 1 1 1 1 1 1 1 1 1 1 1 1 1 1 1 1 1 1 1 1 1 1 1 1 1 1 1 1 1 1 1 1 1 1 1 1 1 1 1 1 1 1 1 1 1 1 1
98 46
98 9
54 98
49 98
88 98
34 98
81 98
98 55
64 98
98 85
98 37
98 30
76 98
5 98
19 98
98 35
50 98
103 98
67 98
102 98
98 99
98 80
98 21
82 98
98 79
48 98
1 98
98 27
98 42
15 98
98 25
31 98
45 98
87 98
83 98
98 29
98 93
58 98
14 98
6 98
62 98
23 98
98 3
69 98
98 90
66 98
97 98
94 98
26 98
98 2
17 98
65 98
44 98
98 100
98 39
98 86
98 47
77 98
98 51
60 98
7 98
98 68
98 78
98 16
98 56
98 40
4 98
28 98
98 12
72 98
91 98
71 98
98 84
13 98
33 98
32 98
95 98
18 98
92 98
98 8
98 38
98 11
63 98
98 73
74 98
98 70
20 98
98 53
75 98
36 98
98 96
41 98
61 98
98 89
98 57
43 98
98 59
22 98
101 98
24 98
98 52
98 10
84 83
13 38 10 81 25 13 35 27 53 16 41 59 64 54 13 28 65 19 7 27 22 75 41 2 78 48 38 71 35 40 47 2 37 73 22 23 57 47 42 22 31 50 28 41 1 70 73 17 78 13 18 53 51 75 27 1 81 77 84 76 33 54 35 8 19 77 28 5 60 54 23 61 28 81 78 38 60 78 32 42 65 63 75 35
1 1 1 1 25 1 1 1 1 1 1 1 1 1 1 1 1 1 1 1 1 1 1 1 1 1 1 1 1 1 1 1 1 1 1 1 1 1 1 1 1 1 1 1 1 1 1 1 1 1 1 1 1 1 1 1 1 1 1 1 1 1 1 1 1 1 1 1 1 1 1 1 1 1 1 1 1 1 1 1 1 1 1 1
65 63
63 59
49 63
63 35
79 63
5 63
43 63
34 63
64 63
3 63
82 63
60 63
77 63
12 63
74 63
63 73
63 68
58 63
63 61
7 63
63 70
63 48
63 6
21 63
63 45
52 63
63 32
63 8
63 22
63 50
13 63
63 83
63 20
36 63
63 17
63 16
63 53
63 47
63 19
63 62
23 63
55 63
1 63
63 28
46 63
31 63
63 81
63 27
63 57
10 63
63 54
63 78
37 63
4 63
33 63
63 26
63 14
25 63
63 44
63 15
75 63
63 56
63 67
63 71
63 69
84 63
66 63
30 63
18 63
40 63
76 63
42 63
24 63
63 80
11 63
63 51
63 38
63 39
63 41
63 9
63 2
29 63
72 63
114 113
1 2 3 4 5 6 7 8 9 10 11 12 13 14 15 16 17 18 19 20 21 22 23 24 25 26 27 28 29 30 31 32 33 34 35 36 37 38 39 40 41 42 43 44 45 46 47 48 49 50 51 52 53 54 55 56 57 58 59 60 61 62 63 64 65 66 67 68 69 70 71 72 73 74 75 76 77 78 79 80 81 82 83 84 85 86 87 88 89 90 91 92 93 94 95 96 97 98 99 100 101 102 103 104 105 106 107 108 109 110 111 112 113 114
1 1 1 1 1 1 1 1 9 1 1 1 1 1 1 1 1 1 1 1 1 1 1 1 1 1 1 1 1 1 1 1 1 1 1 1 1 1 1 1 1 1 1 1 1 1 1 1 1 1 1 1 1 1 1 1 1 1 1 1 1 1 1 1 1 1 1 1 1 1 1 1 1 1 1 1 1 1 1 1 1 1 1 1 1 1 1 1 1 1 1 1 1 1 1 1 1 1 1 1 1 1 1 1 1 1 1 1 1 1 1 1 1 1
7 114
114 111
24 114
33 114
107 114
114 96
86 114
16 114
45 114
114 11
114 38
41 114
61 114
108 114
114 90
3 114
103 114
48 114
114 81
29 114
114 94
8 114
14 114
114 67
68 114
54 114
52 114
36 114
114 71
30 114
114 99
114 22
114 92
114 31
112 114
114 89
114 51
21 114
102 114
55 114
114 1
57 114
39 114
19 114
40 114
50 114
114 43
113 114
114 109
85 114
114 110
73 114
114 98
23 114
17 114
114 104
95 114
114 64
27 114
114 46
97 114
15 114
83 114
114 44
114 59
10 114
13 114
114 2
56 114
69 114
42 114
114 70
76 114
66 114
28 114
25 114
37 114
114 77
101 114
91 114
100 114
114 106
114 75
114 62
114 79
114 6
114 58
114 84
114 72
32 114
4 114
12 114
65 114
5 114
114 20
87 114
114 53
26 114
114 78
114 9
114 60
80 114
34 114
93 114
114 49
74 114
114 35
47 114
88 114
63 114
114 18
82 114
105 114
84 83
59 18 30 34 82 70 15 84 53 31 21 3 29 71 27 16 24 20 59 75 36 40 45 48 36 70 77 55 58 28 73 56 84 43 56 43 18 67 9 41 38 24 64 21 69 73 60 56 43 8 8 73 2 32 47 46 11 18 12 65 68 21 54 68 32 62 77 37 62 13 63 83 55 6 15 72 27 52 46 84 1 70 37 68
59 1 1 1 1 1 1 1 1 1 1 1 1 1 1 1 1 1 1 1 1 1 1 1 1 1 1 1 1 1 1 1 1 1 1 1 1 1 1 1 1 1 1 1 1 1 1 1 1 1 1 1 1 1 1 1 1 1 1 1 1 1 1 1 1 1 1 1 1 1 1 1 1 1 1 1 1 1 1 1 1 1 1 1
38 19
78 19
19 55
41 19
19 81
19 27
70 19
28 19
22 19
19 12
19 71
72 19
80 19
19 46
19 6
35 19
45 19
67 19
19 73
66 19
19 60
36 19
24 19
32 19
8 19
19 75
19 5
14 19
25 19
21 19
52 19
43 19
16 19
63 19
30 19
19 58
19 53
19 83
11 19
74 19
34 19
3 19
29 19
2 19
61 19
54 19
50 19
84 19
19 26
19 68
19 1
19 57
19 47
82 19
19 62
15 19
19 64
23 19
19 4
39 19
13 19
19 33
40 19
19 20
19 37
77 19
19 18
49 19
19 76
31 19
19 42
19 7
69 19
10 19
19 56
19 65
19 51
17 19
19 44
19 9
79 19
19 48
19 59
111 110
71 33 87 21 24 10 43 64 63 43 77 96 103 109 52 93 96 65 31 19 106 108 46 58 62 2 13 19 54 86 19 36 102 83 109 13 68 110 111 40 59 71 56 5 95 109 77 103 68 60 94 34 105 23 54 83 71 25 34 71 74 34 7 89 28 24 24 27 108 59 100 111 4 69 15 16 74 107 88 42 54 1 35 75 37 62 57 87 18 109 2 53 37 84 18 18 73 110 36 108 90 60 68 16 4 43 105 79 15 20 110
1 1 1 1 1 1 1 1 1 1 1 1 1 1 1 1 1 1 1 1 1 1 1 1 1 1 1 1 1 1 1 1 1 1 1 1 1 1 1 1 1 1 1 1 1 1 1 1 1 1 1 1 1 1 1 1 1 1 1 1 1 1 1 1 1 1 1 1 1 1 1 1 1 1 1 1 1 1 1 1 1 1 1 1 1 1 1 1 1 1 1 1 1 1 1 1 1 1 1 1 1 1 1 1 1 1 1 1 1 1 1
89 26
53 26
26 58
32 26
26 90
26 6
105 26
30 26
14 26
26 101
74 26
36 26
26 10
26 96
4 26
26 107
26 54
33 26
26 88
26 28
26 102
48 26
71 26
41 26
3 26
26 63
26 62
83 26
26 35
24 26
26 49
15 26
73 26
104 26
26 72
60 26
26 85
100 26
26 57
26 25
67 26
45 26
26 1
26 97
12 26
26 68
95 26
26 78
26 108
103 26
31 26
26 109
98 26
9 26
26 21
75 26
65 26
34 26
43 26
26 17
64 26
13 26
26 106
16 26
26 46
52 26
38 26
27 26
20 26
26 42
26 2
26 5
26 56
26 86
26 23
37 26
26 22
99 26
50 26
70 26
111 26
26 44
26 92
93 26
8 26
26 82
26 79
26 84
26 87
26 59
26 47
26 110
55 26
26 29
77 26
76 26
26 11
26 40
51 26
7 26
61 26
81 26
26 39
26 18
26 80
26 91
26 94
66 26
26 19
69 26
114 113
107 42 47 97 79 59 114 17 88 28 3 92 21 31 80 99 104 80 18 52 74 60 19 72 78 34 13 22 105 58 12 15 49 45 29 86 98 19 23 77 16 53 23 10 69 100 57 77 57 39 66 44 93 104 72 12 56 3 32 111 71 10 104 75 102 96 58 112 63 107 17 97 26 90 81 47 35 62 99 83 105 103 94 32 113 94 77 42 70 37 96 96 87 111 53 63 93 40 7 85 44 25 52 31 4 63 2 105 82 67 1 50 78 42
4 42 12 4 79 59 4 17 88 28 3 4 21 12 4 99 104 12 18 52 4 4 19 72 78 34 4 4 105 4 12 15 4 45 4 4 4 4 23 77 16 12 4 10 42 100 57 4 12 39 66 4 93 104 72 4 56 3 4 111 71 10 104 75 4 4 58 4 63 12 17 4 4 90 4 47 12 4 99 83 105 4 12 32 4 12 4 42 70 12 96 4 4 111 53 63 4 40 7 85 4 4 12 12 4 63 2 12 82 67 1 50 4 12
56 17
56 22
101 56
85 56
20 56
56 66
59 56
32 56
29 56
56 102
92 56
56 38
56 31
111 56
114 56
37 56
48 56
113 56
56 50
53 56
98 56
42 56
69 56
41 56
63 56
45 56
70 56
56 103
56 74
56 71
56 6
56 112
56 51
56 47
49 56
18 56
56 86
30 56
65 56
56 60
24 56
56 36
56 73
56 87
46 56
55 56
72 56
56 68
80 56
33 56
2 56
88 56
21 56
57 56
56 96
56 11
61 56
56 81
110 56
82 56
56 5
90 56
58 56
14 56
56 3
108 56
56 83
9 56
8 56
99 56
56 105
56 95
77 56
56 106
91 56
35 56
56 43
56 40
13 56
56 26
56 16
56 64
56 84
4 56
44 56
62 56
56 1
79 56
15 56
27 56
93 56
56 28
56 52
56 109
104 56
7 56
25 56
56 97
34 56
10 56
23 56
39 56
100 56
56 75
56 19
56 78
76 56
12 56
94 56
56 54
67 56
89 56
107 56
113 112
10 98 26 75 76 22 57 84 32 63 8 46 18 95 19 95 80 99 38 45 32 68 92 110 48 95 101 60 49 112 7 75 88 40 79 102 24 18 72 65 100 83 69 73 106 74 4 18 88 79 15 69 65 30 20 72 87 107 10 7 32 64 37 39 52 3 67 69 58 107 79 104 37 111 60 91 35 8 37 89 71 16 44 94 56 98 79 111 6 106 17 53 7 22 72 101 43 62 96 75 12 58 99 113 57 76 50 52 73 82 1 74 102
1 1 1 1 1 1 1 1 1 1 1 1 1 1 1 1 1 1 1 1 1 1 1 1 1 1 1 1 1 1 1 1 1 1 1 1 1 1 1 1 1 1 1 1 1 1 1 1 1 1 1 1 1 1 1 1 1 1 1 1 1 1 1 1 1 1 1 1 1 1 1 1 1 1 1 1 1 1 1 1 1 1 1 1 1 1 1 1 1 1 1 1 1 1 1 1 1 1 1 1 1 1 1 1 1 1 1 1 1 1 1 1 1
80 56
80 44
80 35
80 31
62 80
46 80
95 80
80 103
5 80
79 80
43 80
80 18
80 47
66 80
76 80
80 42
14 80
80 63
80 92
107 80
80 45
80 106
80 29
80 77
80 65
105 80
36 80
102 80
80 7
80 12
41 80
90 80
80 101
80 69
80 70
25 80
80 17
86 80
11 80
80 32
1 80
67 80
80 71
49 80
97 80
78 80
80 81
80 68
80 21
10 80
33 80
80 88
80 113
8 80
104 80
59 80
80 72
108 80
26 80
87 80
93 80
80 20
2 80
80 28
84 80
80 30
83 80
61 80
6 80
60 80
3 80
16 80
80 24
80 96
80 85
80 52
91 80
82 80
54 80
74 80
50 80
99 80
80 51
39 80
27 80
58 80
80 109
80 23
80 15
98 80
75 80
13 80
80 19
100 80
34 80
80 40
80 112
38 80
80 111
80 48
80 57
89 80
73 80
22 80
53 80
80 9
80 4
80 110
80 37
80 94
80 64
55 80
91 90
41 36 11 88 62 38 75 19 81 91 1 91 35 50 13 59 24 82 85 44 29 36 9 39 24 85 18 46 3 90 42 17 51 24 2 7 53 67 45 89 77 74 13 75 13 48 59 91 31 47 64 21 77 50 31 57 10 5 69 27 90 48 2 2 31 73 82 53 41 87 17 84 43 6 45 62 29 73 21 87 52 11 70 8 28 56 68 11 10 81 91
1 1 1 1 1 1 1 1 1 1 1 1 1 1 1 1 1 1 1 1 1 1 1 1 1 1 1 1 1 1 1 1 1 1 1 1 1 1 1 1 1 1 1 1 1 1 1 1 1 1 1 1 1 1 1 1 1 1 1 1 1 1 1 1 1 1 1 1 1 1 1 1 1 1 1 1 1 1 1 1 1 1 1 1 1 1 1 1 1 1 1
29 9
46 9
9 18
17 9
9 89
9 53
9 86
25 9
19 9
90 9
26 9
9 39
28 9
9 71
9 84
9 35
58 9
42 9
76 9
68 9
51 9
16 9
73 9
9 81
9 44
9 14
9 63
9 87
88 9
9 13
57 9
9 52
9 65
9 32
9 41
59 9
1 9
83 9
9 70
9 82
78 9
9 47
9 31
64 9
9 79
27 9
9 45
9 11
38 9
9 49
3 9
6 9
9 55
9 66
77 9
9 23
60 9
9 24
9 67
9 40
80 9
72 9
5 9
21 9
50 9
20 9
4 9
9 30
37 9
9 2
9 7
9 15
9 85
75 9
9 10
12 9
33 9
9 34
61 9
48 9
62 9
54 9
43 9
9 8
91 9
9 36
9 74
56 9
9 69
22 9
85 84
82 16 84 27 79 26 9 77 84 65 79 18 15 16 71 45 22 49 10 51 9 77 71 67 51 67 67 75 26 16 46 41 78 26 40 32 37 14 2 52 71 23 9 68 39 51 81 43 78 37 23 21 37 39 60 45 23 47 1 4 6 38 31 37 37 66 6 25 43 61 40 28 11 74 81 49 24 21 10 19 24 27 37 68 62
1 1 84 27 79 26 4 1 84 65 79 16 15 4 71 45 4 49 10 4 4 77 71 67 51 67 67 75 4 16 46 41 78 26 4 32 37 14 2 52 4 23 4 68 4 51 4 43 4 1 1 21 4 1 60 16 23 4 1 1 1 4 4 37 1 66 6 25 43 1 4 28 11 74 4 49 24 4 1 4 24 1 37 4 4
84 2
2 30
83 2
46 2
63 2
50 2
34 2
43 2
65 2
2 82
10 2
2 52
37 2
2 42
2 18
74 2
9 2
2 79
70 2
47 2
66 2
2 60
2 48
80 2
2 7
2 32
2 8
31 2
39 2
21 2
2 24
38 2
2 25
26 2
14 2
29 2
2 54
22 2
58 2
44 2
59 2
2 78
72 2
2 55
23 2
2 13
2 33
17 2
2 6
2 57
36 2
49 2
67 2
5 2
2 41
2 61
16 2
2 27
77 2
2 51
28 2
2 12
15 2
69 2
64 2
11 2
2 71
35 2
2 56
45 2
2 68
62 2
2 81
75 2
2 73
19 2
20 2
2 40
53 2
2 3
2 76
2 1
85 2
2 4
108 107
1 2 3 4 5 6 7 8 9 10 11 12 13 14 15 16 17 18 19 20 21 22 23 24 25 26 27 28 29 30 31 32 33 34 35 36 37 38 39 40 41 42 43 44 45 46 47 48 49 50 51 52 53 54 55 56 57 58 59 60 61 62 63 64 65 66 67 68 69 70 71 72 73 74 75 76 77 78 79 80 81 82 83 84 85 86 87 88 89 90 91 92 93 94 95 96 97 98 99 100 101 102 103 104 105 106 107 108
1 2 3 4 5 6 5 5 9 5 11 12 5 14 15 16 5 18 5 5 21 22 23 24 25 5 27 28 5 5 31 15 33 5 15 15 15 38 39 40 41 42 43 5 45 46 5 48 15 50 15 52 5 54 55 5 57 5 59 60 5 62 33 5 65 66 5 15 69 70 5 5 73 74 75 76 33 3 79 5 81 82 83 15 85 86 5 5 89 90 3 92 93 94 78 5 97 5 5 5 101 5 103 5 5 106 107 108
87 78
83 78
78 16
78 1
78 84
12 78
78 6
4 78
85 78
78 67
78 74
107 78
78 25
78 82
29 78
57 78
78 54
78 11
78 72
78 19
78 10
65 78
78 102
42 78
37 78
78 39
97 78
89 78
98 78
78 66
77 78
78 26
24 78
78 52
78 96
73 78
15 78
108 78
17 78
104 78
78 21
78 23
28 78
49 78
78 40
34 78
78 88
95 78
78 27
92 78
78 80
36 78
78 58
90 78
22 78
13 78
78 47
69 78
76 78
70 78
78 64
35 78
78 43
18 78
44 78
31 78
32 78
103 78
78 62
78 79
60 78
30 78
78 7
51 78
48 78
78 91
71 78
78 41
94 78
63 78
106 78
100 78
78 50
9 78
78 75
78 38
78 59
78 56
78 3
99 78
101 78
105 78
78 2
20 78
33 78
93 78
78 55
81 78
68 78
78 61
8 78
53 78
78 46
78 14
78 86
78 45
5 78
103 102
1 2 3 4 5 6 7 8 9 10 11 12 13 14 15 16 17 18 19 20 21 22 23 24 25 26 27 28 29 30 31 32 33 34 35 36 37 38 39 40 41 42 43 44 45 46 47 48 49 50 51 52 53 54 55 56 57 58 59 60 61 62 63 64 65 66 67 68 69 70 71 72 73 74 75 76 77 78 79 80 81 82 83 84 85 86 87 88 89 90 91 92 93 94 95 96 97 98 99 100 101 102 103
1 2 3 4 5 6 6 8 7 7 7 7 13 7 15 7 17 7 7 20 21 22 7 7 7 26 27 28 7 1 7 7 33 34 7 7 32 7 39 7 7 7 7 7 45 7 7 7 7 7 1 52 7 54 7 56 7 58 7 7 61 62 7 64 65 7 7 7 69 70 71 72 7 7 75 76 77 78 79 80 81 7 83 84 7 86 87 88 89 7 7 92 21 94 7 96 7 98 99 7 7 102 103
51 30
28 30
34 30
30 15
42 30
20 30
30 36
83 30
76 30
26 30
47 30
30 103
22 30
70 30
101 30
30 80
30 87
30 44
30 55
30 33
32 30
30 95
71 30
50 30
30 63
30 49
27 30
17 30
30 40
7 30
30 16
30 57
30 18
85 30
30 81
25 30
30 21
69 30
45 30
30 8
30 29
53 30
48 30
24 30
19 30
30 12
30 60
30 61
30 98
43 30
77 30
99 30
82 30
30 94
31 30
58 30
1 30
30 74
97 30
30 84
2 30
30 9
13 30
73 30
30 14
30 92
23 30
30 4
30 54
30 78
65 30
30 46
30 37
30 56
67 30
30 66
11 30
3 30
35 30
89 30
30 59
93 30
30 88
30 62
30 5
30 39
68 30
30 10
30 91
30 86
96 30
79 30
52 30
30 41
102 30
30 90
30 100
30 72
75 30
64 30
30 38
30 6
92 91
1 2 3 4 5 6 7 8 9 10 11 12 13 14 15 16 17 18 19 20 21 22 23 24 25 26 27 28 29 30 31 32 33 34 35 36 37 38 39 40 41 42 43 44 45 46 47 48 49 50 51 52 53 54 55 56 57 58 59 60 61 62 63 64 65 66 67 68 69 70 71 72 73 74 75 76 77 78 79 80 81 82 83 84 85 86 87 88 89 90 91 92
1 1 1 1 1 1 1 1 1 1 1 1 1 1 1 1 1 1 1 1 1 1 1 1 1 1 1 1 1 1 1 1 1 1 1 1 1 1 1 1 1 1 1 1 1 1 1 1 1 1 1 1 1 1 1 1 1 1 1 1 1 1 4 1 1 1 1 1 1 1 1 1 1 1 1 1 1 1 1 1 1 1 1 1 1 1 1 1 1 1 1 1
68 30
30 90
50 30
36 30
66 30
47 30
30 58
24 30
30 86
30 91
71 30
30 78
61 30
30 82
38 30
89 30
12 30
30 85
22 30
30 10
62 30
43 30
30 74
30 40
30 45
34 30
30 18
23 30
49 30
30 76
30 33
92 30
30 70
30 4
30 21
14 30
30 8
51 30
30 46
55 30
30 80
81 30
30 9
30 69
30 65
31 30
57 30
19 30
30 32
48 30
30 15
30 60
30 42
54 30
30 17
30 83
73 30
11 30
30 59
30 41
30 64
30 5
84 30
26 30
56 30
27 30
20 30
30 88
52 30
30 87
30 2
44 30
35 30
30 6
16 30
30 1
30 13
30 29
28 30
67 30
30 39
30 7
37 30
25 30
30 79
63 30
3 30
30 72
75 30
77 30
53 30
92 91
1 2 3 4 5 6 7 8 9 10 11 12 13 14 15 16 17 18 19 20 21 22 23 24 25 26 27 28 29 30 31 32 33 34 35 36 37 38 39 40 41 42 43 44 45 46 47 48 49 50 51 52 53 54 55 56 57 58 59 60 61 62 63 64 65 66 67 68 69 70 71 72 73 74 75 76 77 78 79 80 81 82 83 84 85 86 87 88 89 90 91 92
1 1 1 1 1 1 1 1 1 1 1 1 1 1 1 1 1 1 1 1 1 1 1 1 1 1 1 1 1 1 1 1 1 1 1 1 1 1 1 1 1 1 1 1 1 1 1 1 1 1 1 1 1 1 1 1 1 1 1 1 1 1 1 1 1 1 1 1 1 1 1 1 1 1 1 1 1 1 1 1 1 1 1 1 1 1 1 1 1 1 1 1
87 11
42 87
30 87
87 20
87 66
86 87
87 91
87 82
3 87
18 87
51 87
87 4
87 55
46 87
87 44
28 87
87 64
87 16
17 87
87 19
1 87
87 68
87 69
87 59
87 31
87 61
13 87
62 87
87 45
58 87
52 87
87 9
87 12
87 81
87 2
73 87
50 87
87 33
41 87
87 35
40 87
87 8
87 71
15 87
22 87
87 39
72 87
74 87
87 67
87 27
87 10
87 78
87 80
24 87
87 79
87 26
85 87
87 57
36 87
87 77
87 83
87 90
87 14
48 87
84 87
87 49
87 21
88 87
34 87
87 32
60 87
25 87
92 87
87 65
87 5
87 6
76 87
87 38
87 37
70 87
87 23
63 87
87 54
89 87
87 75
87 7
29 87
87 47
43 87
56 87
87 53
102 101
1 2 3 4 5 6 7 8 9 10 11 12 13 14 15 16 17 18 19 20 21 22 23 24 25 26 27 28 29 30 31 32 33 34 35 36 37 38 39 40 41 42 43 44 45 46 47 48 49 50 51 52 53 54 55 56 57 58 59 60 61 62 63 64 65 66 67 68 69 70 71 72 73 74 75 76 77 78 79 80 81 82 83 84 85 86 87 88 89 90 91 92 93 94 95 96 97 98 99 100 101 102
1 1 1 1 1 1 1 1 1 1 1 1 1 1 1 1 1 1 1 1 1 1 1 1 1 1 1 1 1 1 1 1 1 1 1 1 1 1 1 1 1 1 1 1 1 1 9 1 1 1 1 1 1 1 1 1 1 1 1 1 1 1 1 1 1 1 1 1 1 1 1 1 1 1 1 1 1 1 1 1 1 1 1 1 1 1 1 1 1 1 1 1 1 1 1 1 1 1 1 1 1 1
72 49
49 8
49 74
49 34
49 14
49 47
49 70
49 31
49 56
49 45
68 49
98 49
49 7
49 90
82 49
85 49
19 49
49 77
49 3
49 58
95 49
49 20
49 39
27 49
18 49
49 57
49 46
49 73
49 32
37 49
5 49
49 91
89 49
51 49
49 86
49 97
49 83
49 38
49 81
49 102
59 49
49 52
10 49
49 71
49 21
26 49
55 49
40 49
49 88
49 92
49 15
22 49
49 43
30 49
49 29
100 49
49 36
50 49
49 54
23 49
49 96
41 49
28 49
93 49
49 42
49 2
49 24
49 99
35 49
67 49
49 64
65 49
33 49
60 49
78 49
11 49
63 49
80 49
49 87
49 69
49 76
44 49
62 49
49 94
17 49
49 1
49 66
84 49
49 75
49 16
25 49
49 48
49 53
4 49
101 49
9 49
61 49
49 79
6 49
13 49
49 12
120 119
1 2 3 4 5 6 7 8 9 10 11 12 13 14 15 16 17 18 19 20 21 22 23 24 25 26 27 28 29 30 31 32 33 34 35 36 37 38 39 40 41 42 43 44 45 46 47 48 49 50 51 52 53 54 55 56 57 58 59 60 61 62 63 64 65 66 67 68 69 70 71 72 73 74 75 76 77 78 79 80 81 82 83 84 85 86 87 88 89 90 91 92 93 94 95 96 97 98 99 100 101 102 103 104 105 106 107 108 109 110 111 112 113 114 115 116 117 118 119 120
1 1 1 1 1 1 1 1 1 1 1 1 1 1 1 1 1 1 1 1 1 1 2 1 1 1 1 1 1 1 1 1 1 1 1 1 1 1 1 1 1 1 1 1 1 1 1 1 1 1 1 1 1 1 1 1 1 1 1 1 1 1 1 1 1 1 1 1 1 1 1 1 1 1 1 1 1 1 1 1 1 1 1 1 1 1 1 1 1 1 1 1 1 1 1 1 1 1 1 1 1 1 1 1 1 1 1 1 1 1 1 1 1 1 1 1 1 1 1 1
29 21
83 21
110 21
12 21
21 62
72 21
21 14
11 21
37 21
21 99
21 41
24 21
21 66
40 21
21 8
112 21
76 21
21 18
21 56
21 3
21 51
61 21
50 21
58 21
21 16
118 21
21 85
103 21
21 4
21 74
64 21
21 7
38 21
21 101
21 95
109 21
67 21
21 33
21 28
21 46
21 107
15 21
21 78
39 21
21 73
17 21
21 102
21 113
71 21
21 23
75 21
21 82
21 60
30 21
21 104
21 45
115 21
98 21
21 59
70 21
21 53
43 21
21 57
84 21
47 21
119 21
81 21
88 21
21 80
21 52
21 106
21 44
68 21
31 21
21 42
77 21
21 34
21 1
89 21
21 20
49 21
21 32
25 21
21 35
21 105
21 26
92 21
13 21
21 48
79 21
94 21
21 100
21 9
86 21
21 114
27 21
21 116
117 21
21 90
69 21
96 21
21 22
36 21
2 21
120 21
21 5
21 108
21 93
21 65
19 21
21 55
21 54
91 21
21 63
21 10
6 21
111 21
21 97
87 21
113 112
1 2 3 4 5 6 7 8 9 10 11 12 13 14 15 16 17 18 19 20 21 22 23 24 25 26 27 28 29 30 31 32 33 34 35 36 37 38 39 40 41 42 43 44 45 46 47 48 49 50 51 52 53 54 55 56 57 58 59 60 61 62 63 64 65 66 67 68 69 70 71 72 73 74 75 76 77 78 79 80 81 82 83 84 85 86 87 88 89 90 91 92 93 94 95 96 97 98 99 100 101 102 103 104 105 106 107 108 109 110 111 112 113
1 1 1 1 1 1 1 1 1 1 1 1 1 1 1 1 1 1 1 1 1 1 1 1 1 1 1 1 1 1 1 1 1 1 1 1 1 1 1 1 1 1 1 1 1 1 1 1 1 1 1 1 1 1 1 1 1 1 1 1 1 1 1 1 1 1 1 1 1 1 1 1 1 1 1 1 1 1 1 1 1 1 1 1 1 1 1 1 1 1 1 1 1 1 1 1 1 1 1 1 1 1 1 1 1 1 1 1 1 1 1 1 1
49 107
107 84
107 16
23 107
107 89
72 107
60 107
107 75
76 107
107 33
2 107
46 107
59 107
107 32
10 107
18 107
81 107
107 73
48 107
107 92
107 22
38 107
51 107
107 13
107 43
107 102
36 107
109 107
6 107
107 70
107 98
93 107
107 21
96 107
107 85
107 74
107 12
27 107
107 26
63 107
105 107
78 107
62 107
107 42
107 106
65 107
24 107
107 110
107 94
66 107
87 107
69 107
107 39
31 107
107 8
17 107
107 15
107 67
45 107
107 79
44 107
107 29
107 88
100 107
7 107
9 107
14 107
107 91
107 95
113 107
103 107
3 107
19 107
30 107
50 107
107 25
107 83
97 107
107 28
107 99
82 107
107 101
104 107
107 54
52 107
5 107
107 77
57 107
108 107
107 40
107 80
107 68
107 34
41 107
107 20
107 111
107 90
4 107
107 37
112 107
107 35
55 107
61 107
107 56
107 53
107 58
107 47
107 1
107 11
71 107
64 107
107 86
83 82
63 80 58 23 38 42 26 72 35 57 15 46 64 65 16 56 12 56 11 40 36 3 27 4 33 68 48 39 26 39 5 61 42 35 13 7 48 81 76 53 36 22 22 27 65 59 55 59 62 15 61 59 19 51 13 29 64 77 53 20 40 76 83 18 59 73 71 32 22 66 33 75 31 30 7 32 6 53 44 9 17 28 24
3 3 3 3 3 3 3 3 3 3 3 3 3 3 3 3 3 3 3 3 3 3 3 3 3 3 3 3 3 3 3 3 3 3 3 3 3 3 3 3 3 3 3 3 3 3 3 3 3 3 3 3 3 3 3 3 3 3 3 3 3 3 3 3 3 3 3 3 3 3 3 3 3 3 3 3 3 3 3 3 3 3 3
47 3
35 47
64 47
47 59
75 47
47 83
47 61
42 47
47 40
44 47
47 15
47 66
47 82
74 47
32 47
47 72
62 47
47 19
47 25
60 47
33 47
47 71
21 47
36 47
47 51
47 55
47 69
47 77
6 47
46 47
47 58
38 47
47 24
47 10
47 28
47 52
73 47
47 1
47 11
43 47
47 41
56 47
47 5
67 47
47 7
47 76
47 31
47 23
47 16
47 79
47 81
68 47
47 18
47 37
65 47
47 57
47 27
47 22
80 47
30 47
17 47
47 54
47 20
9 47
47 2
26 47
47 12
13 47
47 8
47 45
47 70
49 47
78 47
34 47
47 29
14 47
4 47
53 47
47 50
47 63
47 39
48 47
108 107
54 33 56 39 99 8 74 49 53 33 37 104 99 81 63 28 22 53 77 89 7 66 4 56 60 99 3 54 26 55 27 52 40 80 94 98 3 4 64 41 24 92 88 44 70 60 48 66 61 17 73 23 55 40 12 102 39 87 60 74 69 67 22 62 67 16 80 91 48 95 18 66 39 89 48 103 20 42 1 27 108 63 65 75 108 27 48 99 2 82 66 24 88 105 81 98 67 20 10 39 36 24 92 14 19 57 59 44
1 1 1 1 1 1 1 1 1 1 1 1 1 1 1 1 1 1 1 1 1 1 1 1 1 1 1 1 1 1 1 1 1 1 1 1 1 1 1 1 1 1 1 1 1 1 1 1 1 1 1 1 1 1 1 1 1 1 1 1 1 1 1 1 1 1 1 1 1 1 1 1 1 1 1 1 1 1 1 1 1 1 1 1 1 1 1 1 1 1 1 1 1 1 1 1 1 1 1 1 1 1 1 1 1 1 1 1
38 54
54 104
54 31
93 54
26 54
54 34
54 39
35 54
55 54
75 54
54 19
54 45
54 47
54 96
54 53
54 32
54 101
54 88
54 107
68 54
54 57
54 61
54 67
54 87
79 54
106 54
60 54
51 54
40 54
73 54
54 10
7 54
74 54
54 81
54 11
56 54
54 22
9 54
54 78
54 98
54 46
54 100
54 44
54 4
63 54
54 59
54 36
17 54
54 84
54 94
2 54
54 82
58 54
69 54
108 54
54 70
54 91
42 54
54 43
95 54
54 5
23 54
92 54
50 54
90 54
54 72
54 80
8 54
54 21
14 54
54 83
12 54
54 18
54 89
6 54
77 54
71 54
102 54
105 54
97 54
54 28
54 86
54 65
54 41
20 54
54 25
54 52
54 103
3 54
54 24
54 66
54 48
54 13
64 54
33 54
16 54
54 62
99 54
37 54
27 54
54 76
1 54
30 54
15 54
49 54
85 54
54 29
82 81
1 2 3 4 5 6 7 8 9 10 11 12 13 14 15 16 17 18 19 20 21 22 23 24 25 26 27 28 29 30 31 32 33 34 35 36 37 38 39 40 41 42 43 44 45 46 47 48 49 50 51 52 53 54 55 56 57 58 59 60 61 62 63 64 65 66 67 68 69 70 71 72 73 74 75 76 77 78 79 80 81 82
1 2 3 2 5 6 6 2 6 10 11 12 6 2 15 6 17 18 19 6 6 22 23 6 25 6 6 6 29 30 2 32 6 6 35 2 37 38 39 40 6 42 43 44 45 6 6 2 6 6 6 52 6 54 55 56 6 58 59 2 2 62 6 6 65 66 6 68 69 2 71 72 6 2 75 6 6 78 79 6 2 2
60 41
60 5
60 52
37 60
60 45
60 35
80 60
61 60
9 60
73 60
71 60
60 34
60 76
60 40
49 60
60 22
27 60
60 55
26 60
60 3
77 60
66 60
60 68
14 60
60 19
60 6
46 60
38 60
63 60
29 60
15 60
21 60
60 64
60 67
60 32
60 24
59 60
60 30
60 78
7 60
42 60
12 60
60 47
2 60
60 33
60 4
8 60
74 60
65 60
51 60
60 81
17 60
58 60
60 62
44 60
79 60
20 60
60 13
60 16
60 23
50 60
60 36
60 69
60 56
54 60
60 70
53 60
28 60
57 60
60 31
60 1
60 11
39 60
25 60
60 43
60 48
72 60
60 75
18 60
60 82
60 10
110 109
1 2 3 4 5 6 7 8 9 10 11 12 13 14 15 16 17 18 19 20 21 22 23 24 25 26 27 28 29 30 31 32 33 34 35 36 37 38 39 40 41 42 43 44 45 46 47 48 49 50 51 52 53 54 55 56 57 58 59 60 61 62 63 64 65 66 67 68 69 70 71 72 73 74 75 76 77 78 79 80 81 82 83 84 85 86 87 88 89 90 91 92 93 94 95 96 97 98 99 100 101 102 103 104 105 106 107 108 109 110
1 1 1 1 1 1 1 1 1 1 1 1 1 1 1 1 1 1 1 1 1 1 1 1 1 1 1 1 1 1 1 1 1 1 1 1 1 1 1 1 1 1 1 1 1 1 1 1 1 1 1 1 1 1 1 1 1 1 1 1 1 1 1 1 1 1 1 1 1 1 1 1 1 1 1 1 1 1 1 1 1 1 1 1 1 1 1 1 1 1 1 1 1 1 1 1 1 1 1 1 1 1 1 1 1 1 1 1 1 1
35 84
106 84
103 84
63 84
32 84
66 84
84 100
2 84
20 84
84 109
84 51
84 72
84 40
84 21
80 84
99 84
84 98
50 84
95 84
84 88
108 84
84 31
36 84
37 84
84 43
44 84
49 84
78 84
84 45
84 77
16 84
84 5
52 84
84 65
84 42
27 84
104 84
84 71
10 84
92 84
84 102
84 9
101 84
69 84
41 84
84 57
84 39
84 11
59 84
58 84
91 84
84 86
84 38
81 84
54 84
84 107
29 84
26 84
6 84
84 30
84 94
84 4
1 84
84 47
28 84
67 84
73 84
84 82
83 84
84 46
84 96
84 105
84 55
13 84
84 12
84 22
84 34
84 87
84 97
84 110
7 84
75 84
23 84
70 84
84 85
84 64
8 84
84 17
84 68
84 90
79 84
24 84
15 84
84 3
84 14
84 76
84 56
89 84
84 74
62 84
18 84
84 33
19 84
84 61
48 84
60 84
25 84
93 84
84 53
84 83
69 57 15 4 63 67 64 58 81 60 2 28 55 67 78 2 51 79 76 63 66 55 5 55 34 62 35 12 27 56 48 82 25 80 76 79 56 32 74 59 53 60 67 45 78 52 75 48 77 17 13 3 81 7 51 54 72 14 9 79 76 1 17 62 23 18 65 49 42 76 73 4 73 32 21 2 34 12 56 14 81 6 4 11
2 2 2 2 2 2 2 2 2 2 2 2 2 2 2 2 2 2 2 2 2 2 4 2 2 2 2 2 2 2 2 2 2 2 2 2 2 2 2 2 2 2 2 2 2 2 22 2 2 2 2 2 2 2 51 2 2 2 2 2 2 1 2 2 2 2 2 2 2 2 2 2 2 2 2 2 2 2 2 2 2 2 2 2
47 71
47 49
9 47
11 47
47 59
47 12
47 62
47 4
67 47
47 53
72 47
81 47
2 47
51 47
47 28
47 68
61 47
73 47
47 74
47 75
46 47
45 47
40 47
19 47
47 84
56 47
47 66
25 47
8 47
47 57
17 47
16 47
34 47
26 47
47 69
47 43
47 80
44 47
47 15
21 47
24 47
47 27
82 47
47 38
31 47
20 47
79 47
47 18
5 47
47 78
7 47
47 63
13 47
6 47
30 47
47 77
47 48
47 37
60 47
47 1
76 47
23 47
47 42
47 83
41 47
47 50
35 47
47 55
47 33
47 52
47 3
47 22
70 47
32 47
47 39
58 47
47 29
47 36
47 54
64 47
47 14
65 47
47 10
96 95
1 2 3 4 5 6 7 8 9 10 11 12 13 14 15 16 17 18 19 20 21 22 23 24 25 26 27 28 29 30 31 32 33 34 35 36 37 38 39 40 41 42 43 44 45 46 47 48 49 50 51 52 53 54 55 56 57 58 59 60 61 62 63 64 65 66 67 68 69 70 71 72 73 74 75 76 77 78 79 80 81 82 83 84 85 86 87 88 89 90 91 92 93 94 95 96
1 1 1 4 5 3 3 8 9 10 1 3 3 3 1 16 17 3 19 1 3 22 23 24 25 1 1 28 3 1 31 1 3 3 3 36 3 38 39 3 41 42 43 44 1 46 47 48 49 50 51 52 53 3 3 1 1 58 1 60 61 62 63 64 65 1 3 68 3 70 71 3 73 74 3 76 1 78 79 80 81 82 83 84 85 86 87 1 3 90 3 92 11 94 3 96
90 11
76 11
92 11
11 50
12 11
10 11
11 17
11 14
5 11
29 11
55 11
11 1
70 11
9 11
64 11
11 44
78 11
11 18
11 21
11 57
75 11
11 28
11 38
11 35
89 11
6 11
11 32
11 86
11 47
61 11
60 11
83 11
63 11
51 11
11 72
11 31
46 11
56 11
11 4
11 19
36 11
11 82
11 24
11 37
52 11
68 11
15 11
11 23
11 96
11 20
33 11
11 84
66 11
67 11
11 3
11 42
65 11
79 11
11 58
8 11
80 11
11 34
53 11
11 16
45 11
71 11
40 11
2 11
85 11
11 62
11 7
81 11
49 11
27 11
43 11
94 11
11 95
73 11
11 25
41 11
11 22
11 91
87 11
11 88
74 11
93 11
11 30
54 11
77 11
48 11
39 11
11 59
11 26
11 69
11 13
102 101
1 2 3 4 5 6 7 8 9 10 11 12 13 14 15 16 17 18 19 20 21 22 23 24 25 26 27 28 29 30 31 32 33 34 35 36 37 38 39 40 41 42 43 44 45 46 47 48 49 50 51 52 53 54 55 56 57 58 59 60 61 62 63 64 65 66 67 68 69 70 71 72 73 74 75 76 77 78 79 80 81 82 83 84 85 86 87 88 89 90 91 92 93 94 95 96 97 98 99 100 101 102
1 2 1 1 1 1 1 1 1 1 1 1 1 1 1 1 1 1 1 1 1 1 1 1 1 1 1 1 1 1 1 1 1 11 1 1 1 1 1 1 1 1 1 1 1 1 1 1 1 1 1 1 1 1 1 1 1 1 1 1 1 1 1 1 1 1 1 1 1 1 8 1 1 1 1 1 1 1 1 1 1 1 1 1 1 1 1 1 1 1 1 1 1 1 1 1 1 1 1 1 1 1
78 11
90 78
78 9
78 34
78 12
54 78
50 78
74 78
78 99
61 78
96 78
60 78
75 78
78 2
53 78
67 78
78 27
78 49
78 79
51 78
78 91
21 78
78 71
78 13
42 78
78 38
31 78
20 78
28 78
78 26
78 89
78 14
92 78
78 102
93 78
101 78
78 5
17 78
78 22
78 88
73 78
94 78
78 97
86 78
78 81
78 47
56 78
78 25
78 45
78 85
78 8
78 23
24 78
1 78
78 98
57 78
10 78
78 95
78 63
78 64
72 78
78 29
40 78
59 78
76 78
78 55
78 30
78 15
78 82
78 44
77 78
33 78
78 68
78 84
78 83
78 43
39 78
58 78
52 78
70 78
78 36
19 78
80 78
78 4
78 7
78 6
78 46
78 62
78 66
69 78
41 78
87 78
35 78
78 32
100 78
48 78
78 65
16 78
37 78
78 18
3 78
86 85
5 45 37 79 45 38 28 11 71 76 46 1 8 69 50 69 16 40 53 36 14 56 11 6 1 78 12 76 37 67 68 62 42 66 56 38 27 15 68 18 28 9 58 74 54 51 43 77 15 72 36 26 80 68 25 57 24 10 84 38 51 70 31 82 24 56 70 58 61 53 74 41 18 8 11 81 82 21 21 36 37 50 8 75 18 27
1 1 1 1 1 1 1 1 1 1 1 1 1 1 1 1 1 1 1 1 1 1 1 1 1 1 1 1 1 1 1 1 1 1 1 1 1 1 1 1 1 1 1 1 1 1 1 1 1 1 1 1 1 1 1 1 1 1 1 1 1 1 1 1 1 1 1 1 1 1 1 1 1 1 1 1 1 1 1 1 1 1 1 1 1 1
2 65
38 65
65 36
65 62
65 1
65 40
65 18
65 37
14 65
44 65
34 65
74 65
47 65
59 65
56 65
39 65
65 81
63 65
11 65
16 65
70 65
54 65
50 65
65 48
65 61
9 65
65 8
35 65
23 65
65 41
78 65
21 65
65 86
13 65
43 65
20 65
65 68
19 65
58 65
65 6
77 65
65 46
55 65
65 83
65 33
65 4
65 24
27 65
52 65
29 65
71 65
65 67
28 65
65 42
65 5
3 65
76 65
22 65
7 65
45 65
65 69
65 53
65 49
65 80
30 65
65 57
65 32
65 17
65 26
65 64
65 66
65 84
65 51
65 72
65 60
65 15
65 31
82 65
75 65
65 73
65 25
65 10
65 79
65 12
65 85
106 105
1 2 3 4 5 6 7 8 9 10 11 12 13 14 15 16 17 18 19 20 21 22 23 24 25 26 27 28 29 30 31 32 33 34 35 36 37 38 39 40 41 42 43 44 45 46 47 48 49 50 51 52 53 54 55 56 57 58 59 60 61 62 63 64 65 66 67 68 69 70 71 72 73 74 75 76 77 78 79 80 81 82 83 84 85 86 87 88 89 90 91 92 93 94 95 96 97 98 99 100 101 102 103 104 105 106
1 1 1 1 1 1 1 1 1 1 1 1 1 1 1 1 1 1 1 1 1 1 1 1 1 1 1 1 1 22 1 1 1 1 1 1 1 1 1 1 1 1 1 1 1 1 1 1 1 1 1 1 1 1 1 1 1 1 1 1 1 1 1 1 1 1 1 1 1 1 1 1 1 1 1 1 1 1 1 1 1 1 1 1 1 1 1 1 1 1 1 1 1 1 1 1 1 1 1 1 1 1 1 1 1 1
7 95
35 7
101 7
7 27
7 42
105 7
45 7
85 7
7 2
87 7
7 104
1 7
7 78
90 7
68 7
65 7
26 7
7 64
7 84
7 89
86 7
49 7
88 7
7 92
32 7
7 57
99 7
7 31
53 7
29 7
7 75
7 20
6 7
7 60
5 7
10 7
103 7
7 44
15 7
7 56
7 98
7 28
66 7
7 38
54 7
17 7
7 81
7 3
51 7
80 7
7 79
106 7
7 71
47 7
37 7
93 7
61 7
7 62
16 7
48 7
46 7
7 69
7 11
25 7
7 8
22 7
7 83
7 40
77 7
7 96
7 19
7 23
7 55
7 67
7 63
41 7
7 102
7 91
59 7
21 7
7 73
82 7
7 24
12 7
7 58
9 7
13 7
34 7
39 7
7 100
7 33
94 7
7 72
97 7
74 7
7 43
14 7
7 36
30 7
7 76
7 18
50 7
7 4
52 7
70 7
107 106
45 37 105 83 8 80 105 96 46 33 81 84 42 99 15 66 74 102 57 96 78 17 24 96 4 50 19 64 26 83 35 57 78 60 83 30 78 28 84 13 33 43 102 13 97 49 3 58 54 36 61 81 71 5 1 89 104 34 12 7 10 67 79 28 63 34 87 76 71 92 48 38 31 73 51 1 6 104 105 6 72 65 45 33 92 36 55 36 46 58 81 85 33 91 46 90 19 65 86 59 39 89 68 104 12 75 5
45 3 105 3 8 80 105 3 3 33 3 3 3 99 15 3 3 3 3 3 78 3 3 96 3 50 19 3 26 83 35 57 3 3 83 3 78 3 3 13 33 43 102 3 97 36 3 58 36 3 61 81 3 3 1 3 104 34 12 7 10 3 79 28 63 34 3 76 3 92 48 38 31 3 51 1 6 104 105 3 3 65 3 3 36 36 3 3 3 3 81 85 3 3 46 90 19 3 86 3 39 36 3 104 3 75 5
30 88
45 88
68 88
36 88
43 88
13 88
26 88
88 73
56 88
88 7
88 63
88 11
88 94
39 88
88 52
88 17
88 79
88 9
88 16
88 92
54 88
88 50
88 85
32 88
22 88
81 88
88 15
101 88
91 88
104 88
31 88
89 88
88 6
88 29
88 14
59 88
58 88
88 60
88 64
8 88
88 55
62 88
21 88
88 84
88 69
88 102
28 88
88 38
88 5
88 83
88 67
88 80
88 106
44 88
88 48
12 88
75 88
88 10
46 88
88 71
88 61
88 37
105 88
88 41
90 88
40 88
87 88
77 88
88 82
57 88
47 88
88 78
18 88
88 76
66 88
49 88
97 88
72 88
3 88
88 95
74 88
33 88
23 88
35 88
88 98
70 88
88 96
88 19
88 93
88 65
34 88
103 88
88 24
99 88
4 88
42 88
88 86
88 1
27 88
88 25
51 88
88 100
88 20
2 88
53 88
88 107
80 79
31 14 26 34 31 70 19 70 60 66 56 2 31 73 37 12 20 69 26 67 63 36 10 38 20 27 45 27 77 30 46 42 40 41 45 47 39 43 78 44 78 38 56 36 40 64 23 65 34 36 59 47 15 50 39 15 50 75 19 21 71 38 74 58 26 14 76 58 46 34 13 39 8 19 5 53 50 73 78 60
31 5 26 34 31 70 19 5 5 66 5 2 31 5 5 5 20 5 26 67 5 5 10 38 5 5 5 5 77 30 46 5 40 5 5 38 39 43 5 2 5 5 5 36 5 64 23 65 34 5 5 5 15 50 39 5 50 75 5 5 5 5 74 58 26 5 5 58 5 5 13 39 8 19 5 53 50 5 78 5
36 40
40 33
18 40
11 40
40 49
46 40
74 40
34 40
7 40
40 42
40 63
40 61
59 40
40 2
68 40
40 70
13 40
14 40
40 65
40 17
40 31
69 40
40 9
40 45
76 40
26 40
40 1
66 40
19 40
40 67
40 54
40 28
80 40
25 40
40 62
20 40
40 6
40 60
55 40
40 10
40 57
16 40
48 40
43 40
40 8
29 40
75 40
40 15
40 12
3 40
40 24
40 50
40 51
58 40
40 38
40 5
27 40
44 40
40 35
40 52
78 40
40 22
40 56
37 40
40 39
40 53
40 23
64 40
40 4
47 40
40 30
40 21
40 77
79 40
40 41
73 40
72 40
71 40
32 40
97 96
1 2 3 4 5 6 7 8 9 10 11 12 13 14 15 16 17 18 19 20 21 22 23 24 25 26 27 28 29 30 31 32 33 34 35 36 37 38 39 40 41 42 43 44 45 46 47 48 49 50 51 52 53 54 55 56 57 58 59 60 61 62 63 64 65 66 67 68 69 70 71 72 73 74 75 76 77 78 79 80 81 82 83 84 85 86 87 88 89 90 91 92 93 94 95 96 97
1 1 1 4 5 6 1 1 1 1 11 12 13 14 1 16 17 18 19 1 1 22 23 1 1 26 1 28 1 30 31 32 1 34 1 36 1 38 1 1 41 1 1 44 1 1 47 48 49 1 51 1 1 1 55 1 1 1 59 1 61 62 63 1 1 66 67 1 69 70 1 72 1 1 75 1 1 78 79 1 1 82 1 84 85 86 1 88 1 1 1 92 1 1 95 96 1
93 2
93 46
17 93
89 93
8 93
93 32
29 93
55 93
93 76
93 65
93 43
72 93
90 93
16 93
93 75
93 27
52 93
39 93
93 87
93 42
94 93
93 13
78 93
93 25
93 31
93 19
93 49
93 51
80 93
97 93
22 93
93 66
93 18
93 45
93 59
93 9
93 54
93 86
4 93
93 48
93 12
93 34
93 6
93 82
93 85
41 93
50 93
93 77
1 93
93 92
93 71
93 57
93 7
93 64
93 38
5 93
63 93
93 58
26 93
74 93
70 93
93 30
21 93
33 93
93 95
79 93
93 96
93 88
91 93
68 93
93 24
93 23
44 93
93 36
60 93
15 93
20 93
28 93
93 84
93 3
93 56
61 93
93 83
93 10
11 93
81 93
93 37
93 14
93 69
93 35
93 67
93 53
73 93
62 93
93 40
47 93
83 82
78 26 19 35 35 50 36 24 11 74 59 45 38 83 36 79 46 63 68 70 42 32 82 68 39 75 31 82 72 60 15 5 32 37 1 52 47 53 8 19 26 16 35 4 50 60 58 34 77 7 9 75 46 65 35 5 5 27 68 7 39 18 83 1 48 83 16 74 77 43 83 62 32 37 51 40 78 30 55 32 37 43 78
1 1 1 1 1 1 1 1 1 1 1 1 1 1 1 1 1 1 1 1 1 1 1 1 1 1 1 1 1 1 1 1 1 1 1 1 1 1 1 1 1 1 1 1 1 1 1 1 1 1 1 1 1 1 1 1 1 1 1 1 1 1 1 1 1 1 1 1 1 1 1 1 1 1 1 1 1 1 1 1 1 1 1
28 78
50 78
18 78
78 53
39 78
5 78
54 78
66 78
22 78
78 23
60 78
78 56
68 78
14 78
73 78
59 78
78 12
78 49
10 78
16 78
78 21
78 71
78 35
78 55
78 25
67 78
62 78
78 44
26 78
83 78
78 79
75 78
46 78
8 78
78 41
78 13
61 78
36 78
63 78
78 64
48 78
78 20
40 78
78 31
69 78
45 78
78 76
27 78
34 78
78 9
7 78
19 78
72 78
78 65
38 78
1 78
70 78
78 17
78 51
78 24
42 78
3 78
78 80
78 77
78 29
52 78
78 58
78 47
74 78
11 78
82 78
78 33
32 78
78 57
78 43
4 78
37 78
78 30
6 78
78 15
2 78
78 81
85 84
1 2 3 4 5 6 7 8 9 10 11 12 13 14 15 16 17 18 19 20 21 22 23 24 25 26 27 28 29 30 31 32 33 34 35 36 37 38 39 40 41 42 43 44 45 46 47 48 49 50 51 52 53 54 55 56 57 58 59 60 61 62 63 64 65 66 67 68 69 70 71 72 73 74 75 76 77 78 79 80 81 82 83 84 85
1 2 3 4 5 3 3 3 9 10 11 12 13 3 15 3 3 3 19 20 3 3 23 24 3 3 27 28 29 3 31 3 3 34 3 3 37 38 39 40 41 3 43 3 45 46 3 48 3 3 3 1 3 3 55 3 3 3 59 60 3 62 63 3 65 3 3 68 3 70 3 72 73 74 3 76 77 3 3 3 3 3 83 84 85
52 65
52 81
23 52
2 52
52 16
64 52
52 57
67 52
52 47
77 52
33 52
41 52
52 13
52 75
52 45
52 28
26 52
15 52
52 55
40 52
30 52
52 59
52 71
52 18
58 52
34 52
52 53
83 52
52 12
52 11
52 32
52 21
52 80
52 42
48 52
52 31
25 52
20 52
54 52
52 68
52 24
52 36
69 52
52 51
29 52
49 52
73 52
37 52
52 7
52 72
46 52
52 9
52 62
52 35
82 52
3 52
52 63
52 22
52 78
39 52
17 52
52 10
14 52
6 52
1 52
52 27
52 5
52 85
52 4
52 70
8 52
52 79
74 52
52 50
52 61
38 52
52 43
52 44
52 76
52 84
52 56
52 60
52 19
52 66
88 87
74 50 18 56 43 19 37 71 17 33 2 70 86 20 12 16 64 80 4 66 82 20 64 78 26 13 6 41 28 81 85 53 46 4 21 39 3 61 42 33 48 10 77 57 2 8 34 65 13 36 83 45 86 22 27 56 75 40 76 72 85 27 82 13 77 10 46 22 4 77 4 52 1 63 70 44 8 64 54 81 77 4 63 72 37 11 29 43
1 1 1 1 1 1 1 1 1 1 1 1 1 1 1 1 1 1 1 1 1 1 1 1 1 1 1 1 1 1 1 1 1 1 1 1 1 1 1 1 1 1 1 1 1 1 1 1 1 1 1 1 1 1 1 1 1 1 1 1 1 1 1 1 1 1 1 1 1 1 1 1 1 1 1 1 1 1 1 1 1 1 1 1 1 1 1 1
75 3
82 75
75 85
49 75
21 75
4 75
59 75
75 73
65 75
30 75
55 75
75 5
75 42
75 38
12 75
75 37
75 20
75 50
2 75
75 77
53 75
8 75
75 39
75 45
75 17
75 83
33 75
75 11
15 75
26 75
75 22
44 75
24 75
54 75
43 75
75 28
87 75
75 32
75 84
41 75
75 6
75 34
67 75
35 75
75 62
27 75
69 75
75 10
86 75
1 75
75 78
61 75
25 75
71 75
51 75
75 60
75 70
52 75
75 40
66 75
80 75
75 16
75 79
75 72
23 75
64 75
57 75
81 75
58 75
76 75
75 46
36 75
75 18
75 31
75 19
75 74
75 14
75 9
88 75
63 75
47 75
75 29
75 68
75 48
56 75
7 75
75 13
115 114
1 2 3 4 5 6 7 8 9 10 11 12 13 14 15 16 17 18 19 20 21 22 23 24 25 26 27 28 29 30 31 32 33 34 35 36 37 38 39 40 41 42 43 44 45 46 47 48 49 50 51 52 53 54 55 56 57 58 59 60 61 62 63 64 65 66 67 68 69 70 71 72 73 74 75 76 77 78 79 80 81 82 83 84 85 86 87 88 89 90 91 92 93 94 95 96 97 98 99 100 101 102 103 104 105 106 107 108 109 110 111 112 113 114 115
1 1 1 1 1 1 1 1 1 1 1 1 1 1 1 1 1 1 1 1 1 1 1 1 1 1 1 1 1 1 1 1 1 1 1 1 1 1 1 1 1 1 1 1 1 1 1 1 1 1 1 1 1 1 1 1 1 1 1 1 1 1 1 1 1 1 1 1 1 1 1 1 1 1 1 1 1 1 1 1 1 1 1 1 1 1 1 1 1 1 1 1 1 1 1 1 1 1 1 1 1 1 1 1 1 1 1 1 1 1 1 1 1 1 1
64 63
100 63
78 63
63 21
63 87
74 63
63 66
63 69
62 63
63 44
91 63
63 115
72 63
107 63
63 79
47 63
70 63
63 90
63 12
63 4
63 28
76 63
63 97
61 63
9 63
63 83
63 84
53 63
20 63
63 5
63 67
49 63
43 63
63 15
63 51
63 59
81 63
77 63
63 14
18 63
63 36
63 19
63 109
95 63
63 50
112 63
25 63
63 114
27 63
63 56
54 63
68 63
105 63
63 42
63 102
45 63
63 17
30 63
108 63
93 63
92 63
10 63
63 101
63 111
31 63
63 55
35 63
82 63
98 63
89 63
37 63
63 32
60 63
63 57
63 23
38 63
8 63
63 110
63 85
33 63
63 34
63 40
75 63
7 63
65 63
39 63
63 13
103 63
63 29
63 80
63 24
63 6
104 63
94 63
113 63
88 63
22 63
63 99
63 3
106 63
63 41
63 1
63 71
63 2
16 63
26 63
63 52
63 48
63 86
58 63
11 63
63 46
73 63
96 63
110 109
1 2 3 4 5 6 7 8 9 10 11 12 13 14 15 16 17 18 19 20 21 22 23 24 25 26 27 28 29 30 31 32 33 34 35 36 37 38 39 40 41 42 43 44 45 46 47 48 49 50 51 52 53 54 55 56 57 58 59 60 61 62 63 64 65 66 67 68 69 70 71 72 73 74 75 76 77 78 79 80 81 82 83 84 85 86 87 88 89 90 91 92 93 94 95 96 97 98 99 100 101 102 103 104 105 106 107 108 109 110
1 1 1 1 1 1 1 1 1 1 1 1 1 1 1 1 1 1 1 1 1 1 1 1 1 1 1 1 1 1 1 1 1 1 1 1 1 1 1 1 1 1 1 1 1 1 1 1 1 1 1 1 1 1 1 1 1 1 1 1 1 1 1 1 1 1 1 1 1 1 1 1 1 1 1 1 1 1 1 1 1 1 1 1 1 1 1 1 1 1 1 1 1 1 1 1 1 1 1 1 1 1 1 1 1 1 1 1 1 1
108 11
68 108
13 108
89 108
108 107
108 16
108 62
30 108
51 108
82 108
108 83
108 9
108 40
46 108
77 108
65 108
108 92
22 108
47 108
108 63
52 108
108 18
108 100
108 76
108 54
106 108
44 108
14 108
27 108
108 57
108 88
99 108
108 58
108 85
81 108
108 8
108 69
108 35
4 108
108 84
32 108
17 108
98 108
93 108
108 29
79 108
33 108
94 108
108 73
108 10
108 59
108 37
2 108
53 108
108 90
1 108
108 24
36 108
108 103
108 55
45 108
108 31
108 6
75 108
96 108
78 108
108 26
108 3
50 108
7 108
70 108
108 95
108 48
97 108
108 28
102 108
108 60
41 108
104 108
108 15
80 108
108 87
108 109
25 108
108 49
61 108
108 19
108 56
39 108
20 108
67 108
5 108
108 86
12 108
38 108
91 108
34 108
72 108
42 108
108 74
23 108
64 108
71 108
110 108
108 43
108 66
101 108
105 108
108 21
99 98
1 2 3 4 5 6 7 8 9 10 11 12 13 14 15 16 17 18 19 20 21 22 23 24 25 26 27 28 29 30 31 32 33 34 35 36 37 38 39 40 41 42 43 44 45 46 47 48 49 50 51 52 53 54 55 56 57 58 59 60 61 62 63 64 65 66 67 68 69 70 71 72 73 74 75 76 77 78 79 80 81 82 83 84 85 86 87 88 89 90 91 92 93 94 95 96 97 98 99
1 1 1 1 1 1 1 1 1 1 1 1 1 1 1 1 1 1 1 1 1 1 1 1 1 1 1 1 1 1 1 1 1 1 1 1 1 1 1 1 1 1 1 1 1 1 1 1 1 1 1 1 1 1 1 1 1 1 1 1 1 1 1 1 1 1 1 1 1 1 1 1 1 1 1 1 1 1 1 1 1 1 1 1 1 1 1 1 1 1 1 1 1 1 1 1 1 1 1
63 12
19 63
63 83
42 63
63 53
30 63
63 34
63 95
63 5
63 69
94 63
63 60
63 44
63 14
16 63
71 63
63 9
91 63
63 25
63 74
97 63
63 7
63 87
63 57
63 56
63 8
37 63
93 63
63 79
52 63
63 6
63 67
11 63
63 48
3 63
40 63
63 61
63 96
63 10
92 63
63 49
63 99
63 36
63 51
77 63
84 63
63 39
63 43
29 63
63 70
63 1
78 63
63 18
88 63
63 13
63 22
63 59
63 50
63 68
89 63
35 63
63 85
15 63
63 17
98 63
72 63
63 62
63 90
33 63
63 4
23 63
63 66
65 63
63 80
82 63
31 63
63 38
63 26
75 63
63 32
63 24
64 63
63 27
2 63
46 63
63 41
63 55
20 63
63 21
58 63
81 63
45 63
63 54
76 63
73 63
63 47
63 86
63 28
110 109
1 2 3 4 5 6 7 8 9 10 11 12 13 14 15 16 17 18 19 20 21 22 23 24 25 26 27 28 29 30 31 32 33 34 35 36 37 38 39 40 41 42 43 44 45 46 47 48 49 50 51 52 53 54 55 56 57 58 59 60 61 62 63 64 65 66 67 68 69 70 71 72 73 74 75 76 77 78 79 80 81 82 83 84 85 86 87 88 89 90 91 92 93 94 95 96 97 98 99 100 101 102 103 104 105 106 107 108 109 110
1 1 1 1 1 1 1 1 1 1 1 1 1 1 1 1 1 1 1 1 1 1 1 1 1 1 1 1 1 1 1 1 1 1 1 1 1 1 1 1 1 1 1 1 1 1 1 1 1 1 1 1 1 1 1 1 1 1 1 1 1 1 1 1 1 1 1 1 1 1 1 1 1 1 1 1 1 1 1 1 1 1 1 1 1 1 1 1 1 1 1 1 1 1 1 1 1 1 1 1 1 1 1 1 1 1 1 1 1 1
13 78
87 13
13 109
104 13
13 15
52 13
13 27
13 96
13 31
13 26
13 76
97 13
37 13
13 43
14 13
101 13
55 13
79 13
74 13
2 13
13 58
75 13
57 13
13 21
13 70
13 41
30 13
98 13
13 36
51 13
13 40
13 22
5 13
13 68
13 7
13 3
100 13
13 50
61 13
1 13
94 13
13 72
13 39
91 13
13 32
13 92
13 56
13 11
8 13
16 13
13 64
13 25
71 13
13 80
13 102
93 13
13 28
13 85
13 48
29 13
59 13
19 13
13 47
13 81
13 44
13 17
108 13
84 13
63 13
49 13
13 107
13 46
66 13
12 13
53 13
13 110
86 13
65 13
106 13
69 13
13 38
13 60
13 89
105 13
13 9
13 42
13 103
13 54
13 23
34 13
33 13
13 67
88 13
95 13
45 13
83 13
13 99
82 13
4 13
18 13
35 13
73 13
24 13
90 13
13 6
13 10
13 20
62 13
13 77
112 111
1 2 3 4 5 6 7 8 9 10 11 12 13 14 15 16 17 18 19 20 21 22 23 24 25 26 27 28 29 30 31 32 33 34 35 36 37 38 39 40 41 42 43 44 45 46 47 48 49 50 51 52 53 54 55 56 57 58 59 60 61 62 63 64 65 66 67 68 69 70 71 72 73 74 75 76 77 78 79 80 81 82 83 84 85 86 87 88 89 90 91 92 93 94 95 96 97 98 99 100 101 102 103 104 105 106 107 108 109 110 111 112
1 2 3 4 5 6 7 8 9 10 11 12 13 9 10 10 17 3 10 12 10 22 23 24 25 26 10 10 9 30 10 10 33 10 10 36 12 38 39 9 41 42 43 44 45 12 47 10 12 50 51 52 10 3 55 56 9 58 59 12 10 3 63 10 9 10 67 68 69 70 71 18 12 74 75 76 77 78 79 10 81 82 83 84 12 86 87 3 89 10 91 1 93 10 95 96 10 98 99 9 10 102 103 104 105 3 106 108 10 12 111 10
106 13
106 112
71 106
106 66
106 68
72 106
54 106
11 106
6 106
91 106
106 21
32 106
101 106
63 106
106 19
106 34
106 88
47 106
104 106
107 106
106 75
106 64
103 106
106 46
55 106
106 60
96 106
106 80
31 106
28 106
106 59
106 105
50 106
83 106
106 27
30 106
24 106
45 106
106 9
8 106
106 22
62 106
51 106
2 106
42 106
86 106
58 106
106 10
18 106
98 106
23 106
93 106
26 106
106 48
106 35
100 106
106 40
106 16
106 109
94 106
44 106
106 25
106 81
106 29
106 17
77 106
99 106
106 15
106 90
106 5
106 61
106 33
87 106
78 106
56 106
4 106
106 3
106 74
106 1
106 79
7 106
76 106
95 106
106 65
57 106
106 92
39 106
106 73
106 41
106 49
106 102
106 111
106 108
53 106
36 106
69 106
84 106
106 89
38 106
106 70
106 52
110 106
106 67
106 85
12 106
14 106
106 97
82 106
43 106
106 37
106 20
84 83
1 2 3 4 5 6 7 8 9 10 11 12 13 14 15 16 17 18 19 20 21 22 23 24 25 26 27 28 29 30 31 32 33 34 35 36 37 38 39 40 41 42 43 44 45 46 47 48 49 50 51 52 53 54 55 56 57 58 59 60 61 62 63 64 65 66 67 68 69 70 71 72 73 74 75 76 77 78 79 80 81 82 83 84
1 1 1 1 1 1 1 1 1 1 1 1 1 1 1 1 1 18 1 1 1 1 1 1 1 1 1 1 1 1 1 1 1 1 1 1 1 1 1 1 1 1 1 1 1 1 1 1 1 1 1 1 1 1 1 1 1 1 1 1 1 1 1 1 1 1 1 1 1 1 1 1 1 1 1 1 1 1 1 1 1 1 1 1
75 61
61 14
53 61
61 1
66 61
54 61
61 48
61 46
61 74
80 61
61 41
61 58
61 82
30 61
39 61
61 21
72 61
50 61
61 33
61 11
61 45
61 24
61 15
84 61
81 61
4 61
70 61
61 28
69 61
32 61
61 83
61 2
61 51
56 61
61 36
61 9
61 47
68 61
10 61
61 43
26 61
55 61
57 61
7 61
61 78
61 22
61 77
61 76
61 19
61 34
61 63
31 61
79 61
61 23
61 59
61 6
61 5
73 61
17 61
61 29
61 16
18 61
49 61
3 61
61 60
61 37
61 25
62 61
61 38
61 44
67 61
61 27
61 42
12 61
35 61
61 20
52 61
61 65
61 64
8 61
61 71
13 61
40 61
117 116
1 2 3 4 5 6 7 8 9 10 11 12 13 14 15 16 17 18 19 20 21 22 23 24 25 26 27 28 29 30 31 32 33 34 35 36 37 38 39 40 41 42 43 44 45 46 47 48 49 50 51 52 53 54 55 56 57 58 59 60 61 62 63 64 65 66 67 68 69 70 71 72 73 74 75 76 77 78 79 80 81 82 83 84 85 86 87 88 89 90 91 92 93 94 95 96 97 98 99 100 101 102 103 104 105 106 107 108 109 110 111 112 113 114 115 116 117
1 2 3 4 3 3 7 8 3 3 11 3 9 3 15 3 17 3 3 20 21 22 23 3 25 26 27 3 3 30 31 32 33 34 3 36 3 38 3 40 41 3 43 3 45 46 3 48 49 3 51 52 27 54 55 3 57 3 3 60 61 3 63 3 65 3 3 3 69 70 3 72 69 74 3 3 3 78 3 3 81 3 83 3 85 86 87 88 89 90 3 3 3 3 95 96 97 98 3 100 101 102 103 104 105 3 107 3 109 110 3 3 113 3 115 3 3
84 1
84 40
84 82
84 79
84 106
84 76
97 84
84 48
74 84
84 56
84 10
22 84
84 101
92 84
33 84
84 15
95 84
110 84
99 84
108 84
84 86
84 115
46 84
84 44
116 84
84 85
111 84
104 84
52 84
53 84
84 64
84 69
84 89
35 84
12 84
84 30
84 19
84 88
84 55
84 39
84 96
84 94
31 84
83 84
25 84
84 105
3 84
84 80
51 84
71 84
84 38
84 73
112 84
84 2
41 84
84 93
84 91
84 18
84 87
84 62
84 24
23 84
84 114
5 84
66 84
117 84
84 36
58 84
21 84
67 84
84 103
84 49
84 57
27 84
84 54
84 109
20 84
84 59
84 100
42 84
84 7
4 84
84 61
77 84
17 84
84 107
84 98
113 84
8 84
84 6
84 63
84 34
84 81
84 90
84 14
11 84
16 84
28 84
84 78
102 84
84 32
84 26
75 84
84 72
84 70
68 84
84 13
84 45
84 47
84 50
84 37
84 43
9 84
60 84
84 29
65 84
96 95
1 2 3 4 5 6 7 8 9 10 11 12 13 14 15 16 17 18 19 20 21 22 23 24 25 26 27 28 29 30 31 32 33 34 35 36 37 38 39 40 41 42 43 44 45 46 47 48 49 50 51 52 53 54 55 56 57 58 59 60 61 62 63 64 65 66 67 68 69 70 71 72 73 74 75 76 77 78 79 80 81 82 83 84 85 86 87 88 89 90 91 92 93 94 95 96
1 2 3 4 5 6 7 8 9 10 11 12 13 9 10 16 17 18 10 20 10 14 14 24 10 10 9 10 10 30 31 32 10 10 9 10 37 38 39 40 41 10 10 14 45 9 9 14 10 50 51 10 53 9 55 56 57 58 59 60 9 62 9 64 9 66 67 10 69 70 71 72 10 74 75 76 9 14 10 10 9 9 83 10 85 9 87 10 89 90 10 92 9 10 95 96
14 12
14 45
14 30
14 62
14 67
47 14
66 14
14 13
14 87
59 14
6 14
14 28
43 14
14 42
14 55
93 14
89 14
19 14
14 11
14 34
14 24
14 16
37 14
14 50
36 14
20 14
14 81
79 14
14 54
58 14
14 56
14 51
73 14
78 14
14 95
14 83
14 26
64 14
46 14
41 14
14 1
94 14
60 14
82 14
35 14
22 14
14 49
52 14
38 14
14 53
14 9
14 21
90 14
14 44
14 61
31 14
14 96
29 14
14 92
57 14
14 77
65 14
14 2
14 17
14 74
14 25
68 14
14 10
14 63
14 27
32 14
14 80
70 14
88 14
14 39
14 18
14 75
84 14
86 14
76 14
14 7
48 14
14 8
14 91
14 5
14 71
4 14
14 3
33 14
85 14
14 72
40 14
14 69
15 14
14 23
84 83
1 2 3 4 5 6 7 8 9 10 11 12 13 14 15 16 17 18 19 20 21 22 23 24 25 26 27 28 29 30 31 32 33 34 35 36 37 38 39 40 41 42 43 44 45 46 47 48 49 50 51 52 53 54 55 56 57 58 59 60 61 62 63 64 65 66 67 68 69 70 71 72 73 74 75 76 77 78 79 80 81 82 83 84
1 1 1 1 1 1 1 1 1 1 1 1 1 1 1 1 1 1 1 1 1 1 1 1 1 1 1 1 1 1 1 1 1 1 1 1 1 1 1 1 1 1 1 1 1 1 1 1 1 1 1 1 1 1 1 1 1 1 1 1 1 1 1 1 1 1 1 1 1 1 1 1 1 1 1 1 1 1 1 1 1 1 1 1
76 22
22 42
22 17
22 69
22 9
22 19
22 39
22 10
60 22
22 32
22 54
22 66
2 22
31 22
22 23
22 73
38 22
47 22
22 45
59 22
61 22
63 22
22 7
22 77
37 22
46 22
22 11
22 74
22 55
22 71
22 18
22 56
1 22
28 22
22 34
22 72
22 49
62 22
4 22
22 16
22 15
22 41
22 78
25 22
43 22
22 14
83 22
22 36
22 70
22 30
35 22
81 22
68 22
3 22
22 58
5 22
22 44
22 6
21 22
22 24
50 22
22 84
33 22
22 48
8 22
40 22
20 22
22 29
57 22
80 22
22 26
52 22
22 12
22 65
82 22
67 22
64 22
75 22
27 22
53 22
51 22
22 13
22 79
119 118
94 109 117 23 23 80 91 93 20 114 113 34 102 36 28 31 22 90 9 39 97 16 39 55 81 76 101 70 47 8 46 18 45 56 72 109 88 16 66 81 3 81 108 105 99 88 30 53 116 31 24 68 14 74 20 56 65 18 41 2 79 97 39 100 90 45 92 70 26 111 94 102 15 49 105 61 10 103 59 56 10 104 47 20 34 114 7 75 87 4 53 119 47 19 108 80 74 83 93 105 102 62 25 105 39 101 5 13 8 37 116 98 10 3 66 97 40 1 63
1 1 1 1 1 1 1 1 1 1 1 1 1 1 1 1 1 1 1 1 1 1 1 1 1 1 1 1 1 1 1 1 1 1 1 1 1 1 1 1 1 1 1 1 1 1 1 1 1 1 1 1 1 1 1 1 1 1 1 1 1 1 1 1 1 1 1 1 1 1 1 1 1 1 1 1 1 1 1 1 1 1 1 1 1 1 1 1 1 1 1 1 1 1 1 1 1 1 1 1 1 1 1 1 1 1 1 1 1 1 1 1 1 1 1 1 1 1 1
31 112
86 112
112 5
12 112
43 112
29 112
112 54
88 112
112 92
112 55
112 17
112 76
6 112
94 112
13 112
112 82
34 112
112 42
11 112
112 9
44 112
14 112
104 112
112 25
100 112
112 47
57 112
112 117
112 97
49 112
56 112
112 110
112 91
112 113
66 112
112 33
37 112
2 112
90 112
112 64
96 112
68 112
58 112
112 48
81 112
38 112
118 112
112 52
99 112
112 35
112 3
112 73
109 112
112 116
89 112
119 112
28 112
74 112
112 80
112 20
112 62
112 24
16 112
112 50
112 108
112 27
112 40
53 112
87 112
75 112
39 112
36 112
70 112
107 112
112 7
71 112
112 22
112 51
26 112
102 112
112 21
112 1
112 23
77 112
4 112
45 112
61 112
112 63
106 112
112 114
112 67
112 98
112 103
112 32
60 112
112 18
10 112
78 112
112 8
111 112
112 69
41 112
112 30
59 112
72 112
115 112
112 15
65 112
83 112
112 84
112 95
85 112
112 101
112 93
105 112
79 112
46 112
112 19
81 80
72 75 4 27 3 63 13 65 49 58 36 36 26 33 28 24 8 42 64 54 73 47 18 62 68 1 9 70 6 35 58 31 11 30 44 4 19 63 19 6 48 17 54 68 81 81 16 23 27 45 38 23 38 46 65 52 20 75 32 17 19 42 34 3 25 63 52 39 37 17 58 59 62 59 26 43 27 17 61 36 61
1 1 1 1 1 1 1 1 1 1 1 1 1 1 1 1 1 1 1 3 1 1 1 1 1 1 1 1 1 1 1 1 1 1 1 1 1 1 1 1 1 1 1 1 1 1 1 1 1 1 1 1 1 1 1 1 1 1 1 1 1 1 1 1 1 1 1 1 1 1 1 1 1 1 1 1 1 1 1 1 1
27 71
71 77
71 65
71 14
1 71
64 71
56 71
80 71
21 71
54 71
5 71
37 71
62 71
71 31
71 42
12 71
71 46
71 41
17 71
71 13
3 71
15 71
71 33
71 78
7 71
71 30
67 71
51 71
34 71
69 71
72 71
66 71
71 68
71 28
71 25
71 45
23 71
71 11
60 71
19 71
71 9
2 71
49 71
71 6
40 71
79 71
71 75
32 71
58 71
71 18
10 71
71 29
38 71
48 71
71 61
39 71
16 71
22 71
71 4
8 71
26 71
59 71
53 71
57 71
74 71
63 71
47 71
71 70
20 71
55 71
43 71
71 24
44 71
76 71
71 73
35 71
71 81
71 52
50 71
36 71
84 83
1 2 3 4 5 6 7 8 9 10 11 12 13 14 15 16 17 18 19 20 21 22 23 24 25 26 27 28 29 30 31 32 33 34 35 36 37 38 39 40 41 42 43 44 45 46 47 48 49 50 51 52 53 54 55 56 57 58 59 60 61 62 63 64 65 66 67 68 69 70 71 72 73 74 75 76 77 78 79 80 81 82 83 84
1 2 3 4 5 5 7 8 5 10 7 12 13 5 7 16 17 7 5 5 7 22 23 24 25 20 5 28 29 30 20 32 5 34 35 36 7 7 20 7 7 42 43 5 45 7 7 5 49 50 51 52 53 7 5 7 5 7 59 60 61 7 63 57 65 66 7 68 7 7 5 72 73 74 7 76 7 7 7 7 81 7 83 84
20 78
20 8
20 16
20 7
30 20
67 20
20 50
15 20
20 27
20 77
4 20
57 20
53 20
20 81
20 43
40 20
84 20
20 44
20 66
20 47
63 20
26 20
46 20
20 45
20 17
33 20
20 2
20 9
20 49
3 20
39 20
20 12
20 79
20 10
22 20
20 1
20 32
20 80
64 20
20 25
51 20
20 75
20 59
34 20
20 24
61 20
42 20
20 18
20 11
20 19
6 20
20 37
20 54
20 28
70 20
20 38
82 20
31 20
20 55
68 20
73 20
5 20
74 20
20 69
14 20
20 48
20 56
60 20
20 62
20 83
20 58
20 76
72 20
20 36
20 29
41 20
20 65
21 20
52 20
13 20
35 20
20 23
71 20
88 87
1 2 3 4 5 6 7 8 9 10 11 12 13 14 15 16 17 18 19 20 21 22 23 24 25 26 27 28 29 30 31 32 33 34 35 36 37 38 39 40 41 42 43 44 45 46 47 48 49 50 51 52 53 54 55 56 57 58 59 60 61 62 63 64 65 66 67 68 69 70 71 72 73 74 75 76 77 78 79 80 81 82 83 84 85 86 87 88
1 1 1 1 1 1 1 1 1 1 1 1 1 1 1 1 1 1 1 1 1 1 1 1 1 1 1 1 1 1 1 1 1 1 1 1 1 32 1 1 1 1 1 1 1 1 1 1 1 1 1 1 1 1 1 1 1 1 1 1 1 1 1 1 1 1 1 1 1 1 1 1 1 1 1 1 1 1 1 1 1 1 1 1 1 1 1 1
11 18
18 54
70 18
18 57
18 34
26 18
33 18
76 18
18 71
18 87
18 46
59 18
18 69
18 32
75 18
18 63
18 6
31 18
78 18
52 18
39 18
18 7
36 18
18 83
18 35
18 65
18 60
80 18
18 22
18 29
4 18
38 18
86 18
18 48
20 18
44 18
18 30
18 81
18 58
18 10
18 45
18 72
18 88
18 2
19 18
40 18
18 49
56 18
82 18
18 67
53 18
18 43
79 18
50 18
23 18
85 18
18 24
18 13
18 62
3 18
9 18
18 68
18 42
27 18
1 18
18 21
84 18
41 18
18 15
18 61
55 18
64 18
12 18
17 18
5 18
18 74
18 73
14 18
28 18
18 16
66 18
47 18
25 18
37 18
18 51
18 8
77 18
98 97
1 2 3 4 5 6 7 8 9 10 11 12 13 14 15 16 17 18 19 20 21 22 23 24 25 26 27 28 29 30 31 32 33 34 35 36 37 38 39 40 41 42 43 44 45 46 47 48 49 50 51 52 53 54 55 56 57 58 59 60 61 62 63 64 65 66 67 68 69 70 71 72 73 74 75 76 77 78 79 80 81 82 83 84 85 86 87 88 89 90 91 92 93 94 95 96 97 98
1 2 3 4 2 6 7 4 9 10 11 12 13 2 15 16 17 4 19 20 21 2 23 24 2 4 2 28 4 2 31 32 33 2 35 36 37 38 39 40 2 42 43 4 45 2 2 4 2 2 51 2 28 2 55 56 2 58 59 2 2 4 4 64 65 2 67 68 69 4 2 72 73 74 2 76 77 4 4 2 81 2 4 4 85 86 87 88 89 2 4 92 4 94 4 2 97 2
14 82
82 68
97 82
83 82
82 51
82 11
82 9
19 82
64 82
82 13
82 78
82 65
47 82
82 34
29 82
16 82
82 60
82 38
82 76
46 82
17 82
82 20
96 82
82 77
58 82
82 54
82 5
82 30
82 61
1 82
63 82
23 82
82 91
18 82
75 82
82 42
82 84
82 92
87 82
80 82
95 82
94 82
67 82
82 85
82 98
59 82
27 82
82 33
3 82
2 82
82 66
40 82
82 50
82 6
82 7
82 15
82 90
55 82
82 73
25 82
44 82
82 74
37 82
82 86
45 82
82 26
82 48
89 82
82 24
82 12
82 8
28 82
57 82
93 82
70 82
82 36
82 10
53 82
82 56
69 82
82 35
82 39
82 21
49 82
82 43
79 82
82 81
62 82
82 71
82 32
82 72
31 82
4 82
82 52
82 22
82 41
88 82
115 114
1 2 3 4 5 6 7 8 9 10 11 12 13 14 15 16 17 18 19 20 21 22 23 24 25 26 27 28 29 30 31 32 33 34 35 36 37 38 39 40 41 42 43 44 45 46 47 48 49 50 51 52 53 54 55 56 57 58 59 60 61 62 63 64 65 66 67 68 69 70 71 72 73 74 75 76 77 78 79 80 81 82 83 84 85 86 87 88 89 90 91 92 93 94 95 96 97 98 99 100 101 102 103 104 105 106 107 108 109 110 111 112 113 114 115
1 1 1 1 1 1 1 1 1 1 1 1 1 1 1 1 1 1 1 1 1 1 1 1 1 1 1 1 1 1 1 1 1 1 1 1 1 1 1 1 1 1 1 1 1 1 1 1 1 1 1 1 1 1 1 1 1 1 1 1 1 1 1 1 1 1 1 1 1 1 1 1 1 1 1 1 1 1 1 1 1 1 1 1 1 1 1 1 1 1 1 1 1 1 1 1 1 1 1 1 1 1 1 1 1 1 1 1 1 1 1 1 1 1 1
113 51
106 113
66 113
80 113
13 113
113 81
113 18
113 11
53 113
113 36
113 83
99 113
72 113
113 105
25 113
113 94
100 113
48 113
32 113
26 113
113 63
93 113
113 43
41 113
73 113
113 102
84 113
113 15
112 113
113 39
113 9
113 62
108 113
69 113
103 113
113 37
113 114
113 28
113 54
107 113
3 113
113 1
113 97
56 113
113 90
113 86
19 113
44 113
5 113
2 113
113 23
87 113
115 113
113 33
113 55
68 113
113 52
113 17
110 113
113 60
78 113
113 67
21 113
113 96
61 113
113 22
75 113
113 111
70 113
24 113
113 74
38 113
113 8
42 113
113 6
14 113
12 113
10 113
113 104
35 113
49 113
113 82
113 91
113 40
113 77
113 58
88 113
45 113
113 101
76 113
59 113
34 113
113 27
113 89
79 113
113 109
113 46
95 113
113 65
113 16
113 7
30 113
71 113
47 113
31 113
29 113
113 4
50 113
20 113
113 85
57 113
64 113
92 113
98 113
91 90
86 35 43 55 74 91 40 38 87 71 48 68 27 89 81 76 33 41 66 18 43 74 4 87 44 87 55 71 47 18 36 83 29 6 52 50 7 23 72 36 20 38 86 83 88 21 49 56 37 24 14 11 78 24 28 29 80 26 81 62 67 8 74 29 37 11 61 41 76 84 18 33 27 64 47 31 60 52 21 4 41 91 45 91 78 77 88 77 68 81 69
7 35 8 7 74 4 8 18 8 71 18 18 18 89 81 76 18 18 66 18 8 74 4 87 44 87 55 71 47 18 36 23 29 6 52 50 7 23 18 36 20 23 23 83 23 18 8 56 37 18 14 11 18 24 18 29 80 23 81 62 67 8 18 18 37 11 61 18 76 84 8 28 27 64 47 31 8 8 8 4 41 91 28 91 18 18 88 77 18 81 8
6 16
6 44
69 6
68 6
50 6
6 2
10 6
9 6
6 38
65 6
70 6
6 49
6 35
6 76
6 60
37 6
20 6
6 24
6 52
67 6
66 6
6 39
7 6
6 62
6 57
6 80
6 17
45 6
6 26
13 6
6 21
78 6
6 40
6 36
11 6
32 6
12 6
6 74
19 6
22 6
73 6
6 23
87 6
6 15
27 6
6 72
71 6
6 59
82 6
79 6
63 6
54 6
46 6
6 42
34 6
18 6
6 83
48 6
6 81
6 89
29 6
58 6
6 3
31 6
55 6
91 6
61 6
6 86
5 6
6 47
6 25
6 43
6 51
14 6
6 85
6 90
8 6
6 1
6 4
6 77
6 41
6 28
75 6
84 6
56 6
88 6
33 6
6 64
53 6
6 30
92 91
88 73 75 1 57 86 86 84 60 41 2 13 50 88 11 45 2 39 92 49 33 85 23 48 86 68 55 71 7 57 37 88 2 42 36 18 53 2 33 81 23 61 84 31 20 73 61 71 69 78 51 10 69 43 9 45 5 38 48 12 73 40 14 46 6 30 38 15 18 22 54 69 70 40 63 43 87 77 41 73 37 64 16 50 35 36 16 81 46 15 82 88
2 73 1 1 57 1 86 2 2 1 2 13 1 88 11 45 1 2 2 1 33 85 23 48 1 68 55 2 7 57 37 2 2 42 1 1 1 1 33 1 1 61 2 31 18 73 61 71 69 78 51 10 2 2 2 45 1 38 48 1 73 40 2 46 6 30 38 15 18 1 54 2 70 1 1 1 87 77 2 73 37 1 16 50 35 36 1 2 46 2 1 2
87 73
87 1
86 87
81 87
87 3
87 29
87 27
87 12
82 87
28 87
87 77
87 64
80 87
20 87
87 4
24 87
87 85
22 87
87 54
87 58
87 9
87 78
87 46
87 36
49 87
45 87
87 55
87 48
11 87
87 41
62 87
67 87
87 47
70 87
87 23
87 17
87 34
38 87
52 87
87 13
87 50
40 87
87 33
79 87
90 87
87 75
7 87
35 87
87 56
30 87
42 87
26 87
87 44
87 51
87 31
87 6
10 87
87 57
87 69
37 87
87 60
16 87
83 87
14 87
59 87
87 19
87 72
68 87
87 53
87 76
87 21
84 87
5 87
92 87
39 87
87 61
87 43
87 66
87 32
87 91
74 87
63 87
71 87
87 65
8 87
87 88
89 87
25 87
15 87
18 87
87 2
84 83
1 2 3 4 5 6 7 8 9 10 11 12 13 14 15 16 17 18 19 20 21 22 23 24 25 26 27 28 29 30 31 32 33 34 35 36 37 38 39 40 41 42 43 44 45 46 47 48 49 50 51 52 53 54 55 56 57 58 59 60 61 62 63 64 65 66 67 68 69 70 71 72 73 74 75 76 77 78 79 80 81 82 83 84
1 2 3 4 5 6 2 8 9 2 2 12 13 2 15 16 17 18 19 20 21 2 2 2 2 26 2 2 29 30 2 32 2 2 35 2 37 38 39 2 2 2 2 2 45 2 2 2 49 2 2 52 53 2 55 56 57 2 59 60 61 62 2 2 2 66 2 68 69 2 71 72 73 74 2 76 2 2 2 2 81 2 2 2
11 41
53 11
30 11
11 39
76 11
57 11
34 11
15 11
82 11
11 81
11 68
11 36
11 25
77 11
11 63
11 74
11 16
11 61
37 11
11 33
6 11
11 9
11 42
11 71
11 60
11 70
17 11
11 23
40 11
64 11
12 11
11 44
11 62
11 4
11 80
28 11
11 8
46 11
59 11
11 10
47 11
35 11
11 13
11 83
11 55
11 54
31 11
11 14
11 69
66 11
11 22
11 20
11 29
11 38
72 11
32 11
11 56
11 26
11 3
11 43
11 79
11 21
11 18
48 11
11 67
11 24
11 27
1 11
45 11
11 50
2 11
5 11
51 11
11 52
49 11
7 11
11 75
78 11
73 11
58 11
11 65
11 19
11 84
94 93
22 25 74 20 66 84 14 77 61 87 83 18 58 62 27 14 26 60 32 2 13 17 21 84 64 45 53 48 50 32 38 76 91 6 36 85 11 44 65 91 31 47 23 25 93 3 32 52 19 61 50 18 81 80 33 94 78 3 45 16 63 26 73 3 18 63 70 11 73 62 54 77 56 44 71 90 76 92 84 1 74 75 66 13 78 58 75 15 6 8 79 1 26 14
22 25 3 3 3 84 14 77 61 87 3 18 3 62 27 14 3 60 3 2 13 17 3 3 3 45 3 48 3 3 3 3 91 3 3 3 11 3 3 3 3 47 23 3 3 1 3 3 19 3 50 3 81 3 33 94 3 3 3 3 3 26 3 3 3 63 3 11 73 3 3 77 56 44 71 90 3 92 84 1 3 75 66 3 3 3 75 15 3 3 79 1 26 14
45 58
58 53
58 69
52 58
25 58
19 58
58 57
58 28
58 94
58 7
58 63
58 55
71 58
58 16
67 58
58 83
58 91
58 66
58 23
5 58
40 58
58 10
58 59
58 6
77 58
58 26
20 58
58 65
58 9
58 79
58 81
58 84
58 86
58 36
58 88
37 58
58 30
22 58
58 31
87 58
58 38
58 60
58 70
13 58
54 58
2 58
58 35
32 58
78 58
58 64
58 44
58 8
61 58
93 58
58 41
76 58
58 43
58 89
58 85
58 18
24 58
42 58
46 58
29 58
58 39
58 14
49 58
58 15
80 58
58 56
74 58
58 48
58 90
58 21
68 58
58 47
1 58
58 4
58 12
27 58
51 58
58 72
58 33
75 58
82 58
92 58
58 62
58 73
58 34
3 58
58 50
58 11
17 58
84 83
38 52 9 39 4 74 12 50 69 69 45 54 5 5 41 79 45 35 40 73 80 11 65 51 63 37 66 77 77 55 63 69 43 76 10 19 5 52 29 20 44 30 64 51 70 60 79 79 65 59 69 3 56 12 64 70 56 80 50 83 4 22 25 27 42 55 13 26 48 77 4 37 20 5 29 55 48 71 30 59 78 42 84 20
3 3 3 3 3 3 3 3 3 3 3 3 3 3 3 3 3 3 3 3 3 3 3 3 3 3 3 3 3 3 3 3 3 3 3 3 3 3 3 3 3 3 3 3 3 3 3 3 3 3 3 3 3 3 3 3 3 3 3 3 3 3 3 3 3 3 3 3 3 3 3 3 3 3 3 3 3 3 3 3 3 3 3 3
73 80
21 73
45 73
73 14
73 51
83 73
11 73
75 73
84 73
72 73
73 43
42 73
73 4
76 73
73 39
40 73
73 82
73 2
73 46
1 73
79 73
73 48
73 6
73 10
73 61
73 64
77 73
73 44
73 68
20 73
70 73
73 60
73 59
73 8
38 73
13 73
71 73
73 69
73 57
73 50
73 18
73 22
73 78
27 73
73 41
19 73
30 73
74 73
23 73
24 73
81 73
73 33
37 73
31 73
73 34
73 7
73 36
73 25
26 73
52 73
73 54
9 73
73 5
73 53
73 17
73 58
16 73
49 73
73 63
73 32
47 73
73 62
15 73
56 73
66 73
35 73
65 73
73 28
73 67
55 73
3 73
12 73
29 73
98 97
6 44 57 32 24 60 66 77 19 37 70 28 33 64 40 60 57 10 3 50 97 22 25 54 71 92 59 29 90 95 94 78 56 2 87 46 14 89 39 38 21 1 21 88 31 10 56 27 18 44 74 63 35 56 53 92 56 76 39 54 69 49 21 71 48 54 80 23 43 29 74 80 21 63 88 22 61 61 28 48 18 30 64 20 16 81 64 13 97 52 86 44 40 32 64 56 33 46
1 1 1 1 1 1 1 1 1 1 1 1 1 1 1 1 1 1 1 1 1 1 1 1 1 1 1 1 1 1 1 1 1 1 1 1 1 1 1 1 1 1 1 1 1 1 1 1 1 1 1 1 1 1 1 1 1 1 2 1 1 1 1 1 1 1 1 1 1 1 1 1 1 1 1 1 1 1 1 1 1 1 1 1 1 1 1 1 1 1 1 1 1 1 1 1 1 1
61 47
61 11
38 61
61 97
9 61
18 61
61 87
61 13
61 20
83 61
61 34
61 75
31 61
25 61
70 61
35 61
45 61
16 61
33 61
61 2
61 55
61 93
42 61
61 39
61 72
61 54
61 59
61 84
4 61
61 88
40 61
61 36
77 61
24 61
61 19
89 61
61 32
61 80
61 60
61 41
61 49
64 61
51 61
61 82
44 61
61 50
61 96
61 79
43 61
61 23
66 61
61 92
61 71
61 57
68 61
22 61
81 61
61 26
1 61
14 61
61 37
10 61
61 46
61 21
61 53
67 61
61 63
73 61
58 61
3 61
61 52
61 27
62 61
98 61
61 17
61 5
28 61
61 69
61 90
7 61
61 94
61 91
8 61
65 61
74 61
76 61
61 85
61 30
86 61
61 12
61 15
56 61
48 61
61 6
95 61
61 29
61 78
84 83
1 2 3 4 5 6 7 8 9 10 11 12 13 14 15 16 17 18 19 20 21 22 23 24 25 26 27 28 29 30 31 32 33 34 35 36 37 38 39 40 41 42 43 44 45 46 47 48 49 50 51 52 53 54 55 56 57 58 59 60 61 62 63 64 65 66 67 68 69 70 71 72 73 74 75 76 77 78 79 80 81 82 83 84
1 1 1 1 1 1 1 1 1 1 1 1 1 1 1 1 1 1 1 1 1 1 1 1 1 1 1 1 1 1 1 1 1 1 1 1 1 1 1 1 1 1 1 1 1 1 1 1 1 1 1 1 1 1 1 1 1 1 1 1 1 1 1 1 1 1 1 1 1 1 1 1 1 1 1 1 1 1 1 1 1 1 1 1
43 8
43 70
43 50
14 43
43 60
51 43
43 5
53 43
43 4
43 31
1 43
65 43
43 57
39 43
77 43
43 34
59 43
43 55
43 22
79 43
7 43
26 43
43 73
43 49
78 43
24 43
43 68
29 43
43 32
43 80
47 43
13 43
82 43
43 30
43 46
44 43
40 43
43 74
61 43
43 6
43 9
64 43
43 38
23 43
43 76
43 45
54 43
84 43
43 25
43 42
41 43
11 43
12 43
43 58
16 43
56 43
20 43
15 43
10 43
43 36
43 81
43 75
21 43
72 43
43 52
43 19
43 83
43 18
27 43
43 66
43 37
63 43
43 2
17 43
43 28
69 43
35 43
67 43
43 33
62 43
43 3
48 43
43 71
113 112
1 2 3 4 5 6 7 8 9 10 11 12 13 14 15 16 17 18 19 20 21 22 23 24 25 26 27 28 29 30 31 32 33 34 35 36 37 38 39 40 41 42 43 44 45 46 47 48 49 50 51 52 53 54 55 56 57 58 59 60 61 62 63 64 65 66 67 68 69 70 71 72 73 74 75 76 77 78 79 80 81 82 83 84 85 86 87 88 89 90 91 92 93 94 95 96 97 98 99 100 101 102 103 104 105 106 107 108 109 110 111 112 113
1 2 3 4 5 6 1 8 1 1 1 12 2 14 15 1 1 18 19 20 21 22 1 24 25 2 16 28 13 30 2 32 33 1 35 36 1 1 1 1 41 42 43 1 45 1 47 16 2 2 51 2 53 54 55 2 57 58 59 60 61 62 63 1 65 66 1 68 69 70 71 72 73 1 75 76 77 78 79 80 1 82 2 84 85 86 1 1 89 1 1 1 93 1 95 96 97 2 1 100 101 102 2 2 105 2 107 1 1 1 111 112 16
16 1
16 97
103 16
16 31
58 16
76 16
16 18
52 16
16 35
20 16
41 16
16 98
80 16
16 28
82 16
51 16
16 92
111 16
55 16
16 72
16 112
16 64
16 9
7 16
16 78
16 113
71 16
16 53
4 16
5 16
16 75
106 16
16 45
16 12
99 16
13 16
16 21
91 16
16 65
16 108
73 16
16 59
16 14
30 16
19 16
81 16
109 16
16 15
48 16
16 47
16 3
16 79
26 16
16 110
16 102
16 33
11 16
16 42
16 95
46 16
16 37
44 16
36 16
101 16
96 16
16 24
61 16
16 89
16 40
57 16
2 16
16 67
16 49
17 16
16 32
16 68
34 16
104 16
16 87
94 16
54 16
83 16
39 16
69 16
70 16
90 16
84 16
105 16
16 77
85 16
86 16
16 25
16 10
16 107
16 56
66 16
16 23
93 16
16 38
16 27
16 22
74 16
50 16
100 16
43 16
63 16
88 16
16 6
16 60
29 16
62 16
16 8
86 85
12 80 50 77 57 20 53 20 21 3 22 46 58 46 22 66 12 36 7 50 86 35 67 78 75 57 67 16 20 15 70 17 17 9 12 42 70 59 21 11 69 27 7 85 33 46 32 8 74 53 40 69 16 2 48 72 28 21 22 23 41 75 39 9 23 80 70 18 63 78 31 55 20 1 40 20 17 48 53 66 69 10 71 20 29 79
12 80 2 7 7 7 2 20 21 2 22 46 58 7 22 2 12 7 7 50 7 7 7 78 75 57 7 16 7 15 2 17 17 7 12 2 70 2 21 11 7 27 7 85 7 2 32 8 74 7 2 69 7 2 48 72 28 21 2 2 41 2 39 7 7 7 2 18 1 7 31 7 20 1 40 20 17 7 53 66 2 10 7 20 29 2
38 67
45 38
27 38
38 80
82 38
1 38
38 57
38 26
66 38
38 46
32 38
76 38
38 78
43 38
38 13
42 38
24 38
7 38
44 38
38 56
74 38
77 38
38 52
38 84
38 2
50 38
69 38
38 18
38 79
38 37
38 4
38 48
10 38
38 81
35 38
71 38
38 41
38 60
38 83
38 21
38 39
15 38
55 38
38 59
9 38
23 38
8 38
38 51
86 38
68 38
61 38
38 54
20 38
38 16
3 38
38 75
63 38
38 36
40 38
30 38
38 53
5 38
38 28
38 58
33 38
38 49
38 22
31 38
38 72
11 38
19 38
14 38
38 64
70 38
38 34
38 17
38 47
73 38
38 65
38 12
38 85
38 25
38 29
38 6
38 62
97 96
1 2 3 4 5 6 7 8 9 10 11 12 13 14 15 16 17 18 19 20 21 22 23 24 25 26 27 28 29 30 31 32 33 34 35 36 37 38 39 40 41 42 43 44 45 46 47 48 49 50 51 52 53 54 55 56 57 58 59 60 61 62 63 64 65 66 67 68 69 70 71 72 73 74 75 76 77 78 79 80 81 82 83 84 85 86 87 88 89 90 91 92 93 94 95 96 97
1 1 1 1 1 1 1 1 1 1 1 1 1 14 1 1 1 1 1 1 1 1 1 1 1 1 1 1 1 1 1 1 1 1 1 1 1 1 1 1 1 1 1 1 1 1 1 1 1 1 1 1 1 1 1 1 1 1 1 1 1 1 1 1 1 1 1 1 1 1 1 1 1 1 1 1 1 1 1 1 1 1 1 1 1 1 1 1 1 1 1 1 1 1 1 1 1
2 51
51 9
51 45
33 51
76 51
51 60
43 51
3 51
15 51
85 51
51 66
51 75
51 4
86 51
91 51
51 12
70 51
87 51
93 51
68 51
27 51
51 54
35 51
51 16
39 51
51 18
62 51
14 51
51 44
51 52
51 56
11 51
51 78
48 51
59 51
36 51
24 51
94 51
51 61
51 29
53 51
97 51
51 17
83 51
47 51
19 51
51 80
79 51
51 31
51 81
57 51
51 40
51 7
71 51
67 51
6 51
51 32
92 51
51 49
34 51
21 51
51 23
82 51
69 51
5 51
10 51
51 89
51 8
30 51
63 51
95 51
51 26
51 37
51 50
51 55
51 25
74 51
38 51
58 51
77 51
51 90
51 96
51 41
51 73
65 51
51 22
51 46
42 51
51 88
84 51
51 28
64 51
51 72
51 1
20 51
13 51
105 104
84 20 27 73 95 102 8 24 58 89 42 6 82 41 74 104 2 61 92 43 21 44 13 8 10 51 94 82 9 24 46 31 60 5 53 93 67 50 59 39 84 52 1 87 16 27 25 60 59 52 31 76 5 8 33 70 46 10 96 4 77 52 42 77 76 64 77 74 78 34 86 65 61 92 50 102 38 67 42 93 37 7 23 11 28 95 18 19 76 69 101 97 101 98 81 59 92 62 87 65 22 77 95 70 48
1 1 1 1 1 1 1 1 1 1 1 1 1 1 1 1 1 1 1 1 1 1 1 1 1 1 1 1 1 1 1 1 1 1 1 1 1 1 1 1 1 1 1 1 1 27 1 1 1 1 1 1 1 1 1 1 1 1 1 1 1 1 1 1 1 1 1 1 1 1 1 1 1 1 1 1 1 1 1 1 1 1 1 1 1 1 1 1 1 1 1 1 1 1 1 1 1 1 1 1 1 1 1 1 1
92 2
75 92
24 92
68 92
92 34
102 92
21 92
92 5
53 92
92 22
92 69
92 77
55 92
92 76
92 12
85 92
42 92
92 64
49 92
65 92
54 92
92 70
92 60
92 36
67 92
35 92
101 92
104 92
92 78
26 92
80 92
92 99
72 92
92 17
92 9
96 92
59 92
92 61
92 66
38 92
92 48
15 92
14 92
92 8
92 25
56 92
41 92
92 33
92 20
45 92
11 92
62 92
92 84
92 47
1 92
92 94
92 39
92 63
103 92
92 79
92 82
92 51
92 7
98 92
88 92
81 92
92 23
50 92
44 92
71 92
43 92
92 52
92 27
6 92
92 18
31 92
73 92
28 92
32 92
92 86
3 92
92 57
93 92
37 92
92 16
10 92
92 4
92 74
92 105
58 92
91 92
92 97
83 92
95 92
19 92
30 92
13 92
92 46
89 92
92 87
92 100
92 40
92 29
92 90
114 113
1 2 3 4 5 6 7 8 9 10 11 12 13 14 15 16 17 18 19 20 21 22 23 24 25 26 27 28 29 30 31 32 33 34 35 36 37 38 39 40 41 42 43 44 45 46 47 48 49 50 51 52 53 54 55 56 57 58 59 60 61 62 63 64 65 66 67 68 69 70 71 72 73 74 75 76 77 78 79 80 81 82 83 84 85 86 87 88 89 90 91 92 93 94 95 96 97 98 99 100 101 102 103 104 105 106 107 108 109 110 111 112 113 114
1 1 1 1 1 1 1 1 1 1 1 1 1 1 1 1 1 1 1 1 1 1 1 1 1 1 1 1 1 1 1 1 1 1 1 1 1 1 1 1 1 1 1 1 1 1 1 1 1 50 1 1 1 1 1 1 1 1 1 1 1 1 1 1 1 1 1 1 1 1 1 1 1 1 1 1 1 1 1 1 1 1 1 1 1 1 1 1 1 1 1 1 1 1 1 1 1 1 1 1 1 1 1 1 1 1 1 1 1 1 1 1 1 1
94 33
110 94
20 94
94 1
38 94
49 94
97 94
94 26
36 94
42 94
94 70
14 94
94 102
94 6
94 109
82 94
57 94
94 71
55 94
100 94
91 94
114 94
50 94
41 94
94 46
17 94
94 78
2 94
28 94
29 94
94 79
94 9
94 23
16 94
94 32
112 94
7 94
94 66
94 52
11 94
90 94
94 87
10 94
13 94
94 107
59 94
92 94
94 48
94 113
94 25
62 94
94 83
94 80
94 35
94 63
94 12
94 84
94 105
94 106
95 94
94 98
94 85
76 94
67 94
94 68
58 94
37 94
99 94
94 111
93 94
94 103
94 108
73 94
94 44
94 75
27 94
69 94
94 24
94 15
94 31
65 94
94 34
94 88
94 89
22 94
104 94
54 94
21 94
94 40
94 4
18 94
30 94
43 94
72 94
94 64
94 96
94 56
86 94
94 101
81 94
3 94
94 61
94 47
94 5
94 77
94 53
94 8
60 94
51 94
45 94
94 74
19 94
94 39
120 119
28 102 10 79 42 65 7 2 102 97 8 42 93 105 110 20 105 22 74 10 72 85 62 103 59 18 4 92 32 82 77 54 1 11 99 85 27 6 63 95 88 100 101 11 70 54 59 31 38 60 46 43 101 103 52 67 54 94 99 33 86 5 40 88 110 41 49 74 5 6 28 83 115 113 13 11 103 6 61 80 35 67 109 90 59 91 111 62 17 109 109 60 3 90 24 40 27 2 83 52 95 8 61 61 23 81 58 10 41 57 59 8 16 61 113 64 104 42 30 47
1 1 1 1 1 1 1 1 1 1 1 1 1 1 1 1 1 1 1 1 1 1 1 1 1 1 1 1 1 1 1 1 1 1 1 1 1 1 1 1 1 1 1 1 1 1 1 1 1 1 1 1 1 1 1 1 1 1 1 1 1 1 1 1 1 1 1 1 1 1 1 1 1 41 1 1 1 1 1 1 1 1 1 1 1 1 1 1 1 1 1 1 1 1 1 1 1 1 1 1 1 1 1 1 1 1 1 1 1 1 1 1 1 1 1 1 1 1 1 1
93 89
20 93
72 93
93 12
93 76
18 93
36 93
93 88
93 86
58 93
41 93
27 93
93 100
56 93
108 93
43 93
87 93
109 93
93 17
84 93
93 30
32 93
93 101
8 93
117 93
97 93
113 93
93 82
93 50
15 93
93 7
69 93
5 93
93 11
93 102
93 9
13 93
31 93
93 120
55 93
93 25
93 104
93 115
93 105
29 93
93 22
106 93
73 93
70 93
93 74
93 85
93 80
99 93
93 65
93 45
93 53
112 93
81 93
93 77
93 28
52 93
1 93
93 114
93 78
93 16
93 64
40 93
33 93
47 93
93 60
93 49
35 93
3 93
93 42
93 2
93 23
93 110
26 93
93 34
93 62
79 93
83 93
93 14
93 96
119 93
93 48
93 111
44 93
4 93
98 93
93 71
107 93
93 46
93 37
59 93
93 39
93 10
91 93
93 94
93 19
93 6
103 93
38 93
93 67
93 24
93 66
93 95
61 93
93 116
21 93
54 93
93 75
93 90
93 63
93 92
93 68
57 93
118 93
51 93
116 115
43 75 26 17 37 102 56 24 23 21 66 14 102 114 60 40 88 60 33 37 32 43 2 63 50 48 6 95 108 114 68 8 43 24 27 36 114 101 65 16 7 14 92 43 45 43 92 35 112 102 97 67 17 95 81 14 110 42 78 11 107 88 10 26 87 115 105 10 44 57 30 77 15 66 78 18 17 114 12 116 93 95 16 100 83 101 13 58 42 39 110 53 115 25 72 107 24 104 82 113 10 28 48 113 51 15 97 87 105 112 65 87 41 17 68 70
43 2 2 2 2 2 2 2 2 2 2 2 2 2 2 2 2 2 2 2 2 2 2 2 2 2 2 2 2 2 2 2 2 2 2 2 2 2 2 2 2 2 2 2 2 2 2 2 2 2 2 2 2 2 2 2 2 2 2 2 2 2 2 2 2 2 2 2 2 2 2 2 2 2 2 2 2 2 2 2 2 2 2 2 2 2 2 2 2 2 2 2 2 2 2 2 2 2 2 2 2 2 2 2 2 2 2 2 2 2 2 2 2 2 2 2
39 111
111 93
17 111
38 111
68 111
24 111
36 111
111 21
55 111
111 56
6 111
84 111
80 111
41 111
45 111
111 46
77 111
111 91
108 111
111 9
111 26
102 111
111 11
8 111
59 111
111 35
65 111
15 111
94 111
60 111
70 111
111 12
111 101
74 111
96 111
111 52
95 111
73 111
48 111
92 111
51 111
111 64
111 61
83 111
111 88
111 50
111 31
33 111
111 47
72 111
34 111
44 111
111 23
1 111
113 111
111 37
20 111
116 111
40 111
75 111
63 111
29 111
111 79
111 3
111 67
112 111
111 86
111 85
10 111
111 100
54 111
78 111
66 111
111 62
103 111
111 98
49 111
111 58
111 99
16 111
27 111
111 81
111 89
111 109
111 28
43 111
30 111
111 104
110 111
111 14
115 111
7 111
111 5
32 111
111 87
111 53
97 111
111 42
111 25
111 19
111 2
90 111
111 82
4 111
13 111
106 111
18 111
105 111
111 22
111 71
111 76
111 57
114 111
111 69
107 111
98 97
84 12 94 83 88 20 57 15 26 87 25 27 39 42 46 82 85 86 67 23 40 68 81 51 95 94 56 44 49 90 16 64 27 68 15 7 22 58 12 56 22 50 20 87 8 76 87 39 25 77 61 62 38 92 74 49 8 29 81 50 5 45 93 67 7 60 86 88 8 47 83 85 56 17 53 73 65 77 2 48 28 19 67 36 98 95 5 37 15 89 66 73 85 78 38 61 48 26
84 12 7 7 88 20 25 15 7 7 15 27 7 7 8 7 85 7 7 23 40 7 25 51 95 94 56 44 49 25 16 64 27 15 7 7 22 58 12 7 7 50 20 87 8 7 87 7 7 7 61 62 25 92 74 49 8 29 7 7 5 45 93 67 7 60 7 88 8 7 7 85 7 17 7 7 7 35 2 48 7 19 67 7 7 95 5 37 15 89 66 73 85 7 38 61 7 7
41 22
22 10
93 22
22 44
6 22
3 22
38 22
80 22
64 22
22 33
83 22
18 22
32 22
22 62
22 31
22 19
84 22
22 40
92 22
22 5
76 22
56 22
96 22
22 88
22 49
22 89
9 22
22 39
22 13
22 52
2 22
28 22
34 22
22 15
22 73
78 22
22 4
12 22
22 74
22 97
94 22
22 67
22 87
22 60
47 22
26 22
22 53
91 22
22 79
22 43
29 22
25 22
11 22
22 23
50 22
57 22
61 22
45 22
36 22
86 22
22 8
95 22
85 22
21 22
22 71
46 22
66 22
65 22
22 27
22 59
98 22
35 22
69 22
22 42
22 68
22 81
22 54
77 22
16 22
22 90
82 22
22 48
75 22
22 30
22 7
58 22
22 14
22 20
22 24
51 22
70 22
55 22
63 22
22 1
72 22
22 17
22 37
85 84
1 2 3 4 5 6 7 8 9 10 11 12 13 14 15 16 17 18 19 20 21 22 23 24 25 26 27 28 29 30 31 32 33 34 35 36 37 38 39 40 41 42 43 44 45 46 47 48 49 50 51 52 53 54 55 56 57 58 59 60 61 62 63 64 65 66 67 68 69 70 71 72 73 74 75 76 77 78 79 80 81 82 83 84 85
1 2 3 3 3 6 3 3 3 10 11 3 13 14 15 16 17 18 19 3 8 3 23 3 3 3 27 3 29 3 31 32 8 34 35 36 3 38 39 12 3 3 3 44 3 3 47 48 49 50 51 3 53 3 55 8 57 58 3 3 61 62 63 64 65 12 3 68 3 70 3 72 73 3 3 76 8 3 79 80 3 3 83 3 3
84 37
84 63
46 84
54 84
84 41
26 84
48 84
84 51
12 84
84 39
44 84
10 84
4 84
68 84
42 84
72 84
84 45
61 84
84 36
78 84
67 84
84 8
76 84
69 84
50 84
71 84
84 25
84 60
84 14
84 19
84 1
70 84
22 84
84 28
16 84
49 84
84 27
84 35
84 73
84 55
84 40
84 2
80 84
30 84
84 82
17 84
84 47
84 57
84 38
84 3
84 75
53 84
5 84
84 83
84 79
84 81
21 84
84 64
32 84
11 84
84 62
13 84
84 52
85 84
24 84
7 84
58 84
84 56
74 84
84 43
84 18
29 84
9 84
34 84
84 31
84 20
33 84
77 84
84 23
15 84
6 84
84 65
84 59
84 66
107 106
1 2 3 4 5 6 7 8 9 10 11 12 13 14 15 16 17 18 19 20 21 22 23 24 25 26 27 28 29 30 31 32 33 34 35 36 37 38 39 40 41 42 43 44 45 46 47 48 49 50 51 52 53 54 55 56 57 58 59 60 61 62 63 64 65 66 67 68 69 70 71 72 73 74 75 76 77 78 79 80 81 82 83 84 85 86 87 88 89 90 91 92 93 94 95 96 97 98 99 100 101 102 103 104 105 106 107
1 2 3 4 2 6 7 2 2 2 2 2 13 2 15 2 17 18 19 20 2 2 2 24 2 26 27 28 4 30 31 32 33 2 35 36 2 2 39 2 2 2 2 44 2 2 4 48 49 4 2 2 53 2 55 2 57 58 59 60 61 62 2 64 2 2 67 68 69 2 71 2 73 74 4 76 77 78 2 80 81 82 2 84 85 86 87 2 2 2 91 2 2 2 95 2 97 2 99 4 101 102 103 104 105 2 107
21 5
5 22
101 5
47 5
5 59
26 5
10 5
14 5
5 86
5 105
5 98
5 94
39 5
5 104
5 89
102 5
5 87
5 75
24 5
4 5
55 5
5 45
5 72
5 91
5 28
5 48
5 11
46 5
12 5
44 5
16 5
5 35
5 27
5 36
62 5
5 67
5 61
5 33
80 5
5 13
5 69
77 5
5 3
73 5
29 5
5 18
5 34
5 99
85 5
5 41
5 25
63 5
17 5
5 90
54 5
5 81
5 32
5 49
5 66
5 78
93 5
31 5
5 56
76 5
5 38
43 5
5 92
5 23
5 68
5 40
5 65
5 95
57 5
20 5
60 5
107 5
5 9
5 15
97 5
5 50
30 5
5 100
5 70
53 5
19 5
5 79
71 5
106 5
5 7
5 8
5 1
5 84
5 64
96 5
5 82
5 2
74 5
42 5
5 52
5 6
58 5
5 37
51 5
83 5
103 5
5 88
91 90
1 2 3 4 5 6 7 8 9 10 11 12 13 14 15 16 17 18 19 20 21 22 23 24 25 26 27 28 29 30 31 32 33 34 35 36 37 38 39 40 41 42 43 44 45 46 47 48 49 50 51 52 53 54 55 56 57 58 59 60 61 62 63 64 65 66 67 68 69 70 71 72 73 74 75 76 77 78 79 80 81 82 83 84 85 86 87 88 89 90 91
1 1 1 1 1 1 1 1 1 1 1 1 1 1 1 1 1 1 1 1 1 1 1 1 1 1 1 1 1 1 1 1 1 1 1 1 1 1 1 1 1 1 1 1 1 1 1 1 1 1 1 1 1 1 1 1 1 1 1 1 1 1 1 1 1 1 1 1 1 1 1 1 1 1 1 1 1 1 1 1 1 1 70 1 1 1 1 1 1 1 1
69 87
43 69
69 46
86 69
69 32
69 83
51 69
69 41
69 45
69 57
69 52
18 69
68 69
85 69
88 69
90 69
58 69
56 69
40 69
69 89
69 76
69 24
69 55
69 62
69 5
53 69
63 69
39 69
69 80
69 26
69 35
30 69
23 69
69 11
69 27
44 69
69 42
6 69
69 34
69 25
69 73
69 3
69 19
14 69
79 69
69 38
69 20
69 7
69 9
69 50
69 84
69 33
59 69
31 69
69 1
16 69
48 69
69 28
69 13
77 69
69 17
69 8
69 64
69 67
72 69
91 69
69 54
69 47
69 70
69 49
78 69
66 69
4 69
69 74
60 69
69 71
37 69
69 29
21 69
2 69
61 69
36 69
69 10
75 69
81 69
69 15
22 69
82 69
69 65
69 12
93 92
69 6 24 65 8 67 41 90 60 11 1 37 33 64 73 15 48 39 2 77 93 2 92 52 89 1 54 10 47 32 40 5 55 57 15 61 26 21 21 64 59 74 52 65 87 67 20 5 9 20 87 55 23 56 16 64 68 20 27 92 57 26 33 18 92 73 13 12 72 37 73 90 19 7 1 41 63 73 17 23 81 33 10 73 31 60 81 61 20 23 77 29 79
1 1 1 1 1 1 1 1 1 1 1 1 1 1 1 1 1 1 1 1 1 1 1 1 1 1 1 1 1 1 1 1 1 1 1 1 1 1 1 1 1 1 1 1 1 1 1 1 1 1 1 1 1 1 1 1 1 1 1 1 1 1 1 1 1 1 1 1 1 1 1 1 1 1 1 1 1 1 1 1 1 1 1 1 1 1 1 1 1 1 1 1 1
16 31
16 90
73 16
16 75
16 12
16 83
79 16
18 16
25 16
58 16
16 80
16 6
85 16
34 16
55 16
16 39
16 56
16 54
16 65
16 36
68 16
91 16
64 16
84 16
92 16
13 16
33 16
27 16
38 16
16 32
19 16
16 71
16 42
29 16
59 16
16 46
74 16
78 16
16 35
37 16
5 16
24 16
21 16
87 16
20 16
16 62
16 28
60 16
16 53
2 16
16 9
16 4
16 63
50 16
16 48
93 16
15 16
16 70
40 16
16 44
16 57
86 16
16 76
8 16
16 61
16 77
10 16
66 16
11 16
16 88
49 16
16 45
16 7
23 16
89 16
41 16
16 22
16 14
72 16
16 81
16 26
16 3
16 82
1 16
16 43
16 69
16 67
52 16
47 16
16 51
16 17
30 16
114 113
10 83 59 42 42 32 34 36 58 44 20 27 89 97 17 2 53 36 103 53 6 102 84 20 50 84 81 54 38 11 14 61 61 30 30 69 17 75 3 91 71 70 8 82 69 39 82 106 99 101 58 106 112 10 51 73 16 59 52 39 107 19 40 32 61 54 28 53 48 101 97 4 16 37 100 68 49 34 5 37 109 61 16 96 35 53 87 38 16 36 67 41 22 111 70 77 16 106 13 75 42 30 31 85 27 70 106 38 65 10 83 15 29 27
10 2 59 42 2 32 2 36 42 44 2 27 89 2 17 2 2 36 103 2 6 2 2 20 2 84 81 2 2 11 2 61 2 30 2 69 2 2 3 91 2 70 8 2 69 39 82 2 2 2 58 106 2 10 51 2 16 2 52 2 2 19 2 32 61 54 2 2 48 101 2 2 2 2 2 68 49 34 5 2 109 61 2 96 15 2 87 38 16 2 2 41 22 2 2 77 16 106 13 2 2 2 31 85 2 70 106 38 65 10 2 2 29 27
75 20
75 85
75 34
78 75
75 70
96 75
48 75
75 26
98 75
75 59
75 2
97 75
81 75
80 75
72 75
79 75
75 106
86 75
75 41
101 75
75 5
30 75
29 75
109 75
92 75
16 75
102 75
99 75
53 75
75 21
75 27
76 75
4 75
75 67
104 75
75 13
82 75
112 75
91 75
64 75
94 75
9 75
114 75
75 105
39 75
75 45
111 75
57 75
31 75
49 75
75 47
95 75
75 61
113 75
75 69
46 75
23 75
75 110
66 75
75 15
75 8
10 75
75 28
87 75
63 75
58 75
22 75
107 75
68 75
12 75
75 65
75 19
60 75
93 75
90 75
75 35
75 32
75 18
75 37
36 75
51 75
75 77
44 75
50 75
75 25
75 74
100 75
75 88
75 3
55 75
33 75
71 75
75 83
89 75
75 11
75 108
6 75
1 75
75 14
7 75
17 75
54 75
75 103
75 84
38 75
75 56
75 62
42 75
75 73
40 75
24 75
43 75
52 75
92 91
1 2 3 4 5 6 7 8 9 10 11 12 13 14 15 16 17 18 19 20 21 22 23 24 25 26 27 28 29 30 31 32 33 34 35 36 37 38 39 40 41 42 43 44 45 46 47 48 49 50 51 52 53 54 55 56 57 58 59 60 61 62 63 64 65 66 67 68 69 70 71 72 73 74 75 76 77 78 79 80 81 82 83 84 85 86 87 88 89 90 91 92
1 1 1 1 1 1 1 1 1 1 1 1 1 1 1 1 1 1 1 1 1 1 1 1 1 1 1 1 1 1 1 1 1 1 1 1 1 1 1 1 1 1 1 1 1 1 1 1 1 1 1 1 1 1 1 1 1 1 1 1 1 1 1 1 1 1 1 1 1 1 1 1 1 1 1 1 1 1 1 1 1 1 79 1 1 1 1 1 1 1 1 1
88 70
47 70
70 83
70 29
27 70
37 70
64 70
54 70
80 70
70 91
70 63
34 70
70 69
70 42
70 31
70 21
30 70
70 20
70 58
70 89
75 70
81 70
70 36
70 49
28 70
70 11
38 70
70 73
70 60
84 70
92 70
70 72
3 70
68 70
67 70
62 70
70 32
18 70
46 70
76 70
55 70
50 70
70 40
70 65
70 85
45 70
70 16
70 39
71 70
70 26
70 2
70 6
79 70
70 56
70 41
70 7
14 70
70 86
51 70
70 8
9 70
44 70
70 61
66 70
24 70
23 70
78 70
70 90
33 70
70 25
70 17
57 70
77 70
59 70
12 70
70 5
48 70
52 70
70 1
70 53
70 10
70 35
22 70
70 4
70 82
70 13
70 43
74 70
87 70
70 19
70 15
93 92
1 2 3 4 5 6 7 8 9 10 11 12 13 14 15 16 17 18 19 20 21 22 23 24 25 26 27 28 29 30 31 32 33 34 35 36 37 38 39 40 41 42 43 44 45 46 47 48 49 50 51 52 53 54 55 56 57 58 59 60 61 62 63 64 65 66 67 68 69 70 71 72 73 74 75 76 77 78 79 80 81 82 83 84 85 86 87 88 89 90 91 92 93
1 1 1 1 1 1 1 1 1 1 1 1 1 1 1 1 1 1 1 1 1 1 1 1 1 1 1 1 1 1 1 1 1 1 1 1 1 1 1 1 1 1 1 1 1 1 1 1 1 1 1 52 1 1 1 1 1 1 1 1 1 1 1 1 1 1 1 1 1 1 1 1 1 1 1 1 1 1 1 1 1 1 1 1 1 1 1 1 1 1 1 1 1
65 60
49 60
60 21
60 38
67 60
32 60
60 52
63 60
60 37
17 60
70 60
64 60
51 60
60 31
84 60
60 11
80 60
60 4
60 83
18 60
90 60
73 60
42 60
60 41
60 57
60 3
12 60
14 60
69 60
60 35
10 60
22 60
60 77
19 60
79 60
92 60
60 89
91 60
78 60
60 2
60 47
7 60
71 60
25 60
60 9
60 87
44 60
39 60
13 60
60 86
60 40
60 33
60 34
43 60
60 20
26 60
60 45
60 74
6 60
55 60
53 60
36 60
29 60
60 16
28 60
66 60
60 23
60 46
60 1
60 58
54 60
60 59
60 88
76 60
60 8
60 93
48 60
15 60
60 62
61 60
5 60
81 60
85 60
30 60
27 60
56 60
75 60
60 24
60 82
60 50
72 60
60 68
87 86
1 2 3 4 5 6 7 8 9 10 11 12 13 14 15 16 17 18 19 20 21 22 23 24 25 26 27 28 29 30 31 32 33 34 35 36 37 38 39 40 41 42 43 44 45 46 47 48 49 50 51 52 53 54 55 56 57 58 59 60 61 62 63 64 65 66 67 68 69 70 71 72 73 74 75 76 77 78 79 80 81 82 83 84 85 86 87
1 2 3 4 5 3 4 3 9 10 11 12 13 14 15 16 17 3 3 20 3 4 19 24 3 3 4 28 29 30 31 32 19 4 35 4 4 38 39 4 41 3 43 44 45 4 47 48 4 50 51 3 53 54 4 3 57 19 19 19 3 4 63 64 65 4 67 68 69 4 71 72 4 74 4 3 77 78 3 80 81 82 4 84 85 4 87
25 19
19 37
19 75
20 19
87 19
21 19
77 19
61 19
19 48
19 12
19 18
52 19
49 19
19 43
19 28
19 10
19 66
59 19
36 19
19 84
30 19
33 19
19 2
83 19
19 85
19 41
19 51
19 15
19 71
19 44
29 19
19 55
53 19
19 69
14 19
16 19
19 7
38 19
19 26
19 72
74 19
47 19
79 19
35 19
19 45
40 19
1 19
19 11
19 63
19 23
19 54
60 19
19 13
19 8
19 62
17 19
70 19
19 27
22 19
19 57
31 19
82 19
19 5
19 9
73 19
19 86
19 80
19 24
76 19
19 81
42 19
19 34
3 19
19 58
19 78
65 19
19 39
64 19
19 32
19 68
46 19
19 50
19 67
6 19
19 56
4 19
91 90
1 2 3 4 5 6 7 8 9 10 11 12 13 14 15 16 17 18 19 20 21 22 23 24 25 26 27 28 29 30 31 32 33 34 35 36 37 38 39 40 41 42 43 44 45 46 47 48 49 50 51 52 53 54 55 56 57 58 59 60 61 62 63 64 65 66 67 68 69 70 71 72 73 74 75 76 77 78 79 80 81 82 83 84 85 86 87 88 89 90 91
1 1 1 1 1 1 1 1 1 1 1 1 1 1 1 1 1 1 1 1 1 1 1 1 1 1 1 1 1 1 1 1 1 1 1 1 1 1 1 1 1 1 1 1 1 1 1 1 1 1 1 1 1 1 1 1 1 1 1 1 1 1 1 1 1 1 1 1 1 1 1 1 1 1 1 1 1 1 1 1 1 1 1 1 1 1 1 1 1 1 1
27 65
90 65
87 65
8 65
52 65
56 65
58 65
9 65
65 66
68 65
65 83
65 25
70 65
65 86
75 65
62 65
65 63
65 78
65 32
36 65
6 65
65 29
65 72
65 30
65 23
65 54
4 65
65 16
49 65
42 65
65 20
65 28
65 50
65 74
65 7
71 65
65 89
11 65
65 15
65 64
13 65
59 65
65 39
65 18
73 65
65 14
17 65
45 65
79 65
65 91
60 65
1 65
85 65
47 65
82 65
65 3
65 51
57 65
65 5
65 88
77 65
65 43
10 65
65 24
67 65
19 65
65 44
41 65
65 81
65 76
65 2
26 65
38 65
65 53
65 69
55 65
65 48
65 31
65 37
65 46
22 65
40 65
84 65
80 65
12 65
65 61
65 21
35 65
65 33
65 34
119 118
1 2 3 4 5 6 7 8 9 10 11 12 13 14 15 16 17 18 19 20 21 22 23 24 25 26 27 28 29 30 31 32 33 34 35 36 37 38 39 40 41 42 43 44 45 46 47 48 49 50 51 52 53 54 55 56 57 58 59 60 61 62 63 64 65 66 67 68 69 70 71 72 73 74 75 76 77 78 79 80 81 82 83 84 85 86 87 88 89 90 91 92 93 94 95 96 97 98 99 100 101 102 103 104 105 106 107 108 109 110 111 112 113 114 115 116 117 118 119
1 1 1 1 1 1 1 1 1 1 1 1 1 1 1 1 1 1 1 1 1 1 1 1 1 1 1 1 1 1 1 1 1 1 1 1 1 1 1 1 1 1 1 1 1 1 1 1 1 1 1 1 1 1 1 1 1 1 1 1 1 1 1 1 1 1 1 1 1 1 1 1 1 1 1 1 1 1 1 1 1 1 1 1 1 1 1 1 1 1 1 1 1 1 1 1 1 1 1 1 1 1 1 1 1 1 1 1 1 1 1 1 1 1 1 1 1 1 1
32 43
32 80
17 32
74 32
19 32
11 32
32 112
118 32
31 32
32 87
20 32
32 95
45 32
21 32
32 84
67 32
6 32
22 32
93 32
60 32
32 53
32 89
32 61
52 32
32 1
32 4
101 32
32 116
32 38
119 32
108 32
107 32
7 32
30 32
32 8
32 109
32 41
32 55
73 32
32 113
32 10
32 64
75 32
51 32
66 32
13 32
32 54
32 81
83 32
62 32
65 32
58 32
32 63
100 32
32 56
32 70
32 92
32 25
32 40
32 77
5 32
32 117
32 57
32 104
111 32
33 32
37 32
32 85
32 47
29 32
76 32
106 32
68 32
32 39
34 32
36 32
2 32
69 32
32 9
35 32
16 32
26 32
32 14
99 32
48 32
98 32
32 28
46 32
32 82
32 72
32 59
23 32
32 71
32 42
50 32
96 32
32 114
32 105
32 78
88 32
91 32
32 79
44 32
94 32
15 32
32 27
110 32
32 103
18 32
32 86
32 90
32 115
12 32
49 32
32 3
32 24
102 32
97 32
96 95
85 78 89 78 1 13 29 15 57 32 34 56 74 62 14 43 86 49 28 92 49 23 28 81 4 33 49 40 78 55 49 49 93 50 40 15 89 32 53 92 58 36 75 2 77 51 81 67 20 56 35 50 67 81 47 23 35 15 25 79 50 90 24 9 65 11 86 10 85 48 20 74 7 76 3 85 36 21 12 44 45 20 73 1 88 40 10 62 13 35 17 94 74 43 86 83
1 1 1 1 1 1 1 1 1 1 1 1 1 1 1 1 1 1 1 1 1 1 1 1 1 1 1 1 1 1 1 1 1 1 1 1 1 1 1 1 1 1 1 1 1 1 1 1 1 1 1 1 1 1 1 1 1 1 1 1 1 1 1 1 1 1 1 1 1 1 1 1 1 74 1 1 1 1 1 1 1 1 1 1 1 1 1 1 1 1 1 1 1 1 1 1
77 87
77 25
15 77
6 77
77 62
77 65
69 77
77 81
77 12
54 77
77 72
77 73
41 77
68 77
77 14
77 61
77 66
77 93
77 11
77 84
33 77
77 59
77 95
77 13
35 77
77 9
77 96
77 20
77 91
86 77
79 77
55 77
77 24
58 77
77 51
77 45
77 90
77 85
77 40
77 22
44 77
74 77
42 77
77 82
77 76
77 8
50 77
1 77
77 32
77 17
92 77
77 60
77 7
77 34
77 83
10 77
18 77
77 37
36 77
30 77
77 67
77 28
53 77
77 4
77 31
77 49
77 56
43 77
70 77
77 47
77 46
63 77
27 77
89 77
3 77
77 94
77 5
29 77
77 19
48 77
77 52
75 77
80 77
77 88
77 39
57 77
26 77
77 2
77 71
78 77
64 77
77 23
38 77
77 21
16 77
111 110
53 94 2 96 91 72 9 6 91 23 80 88 86 8 41 64 72 84 20 7 83 34 30 27 111 23 98 22 103 24 85 106 18 49 23 103 106 41 50 108 91 12 56 75 95 26 89 86 100 66 78 93 102 58 14 104 111 66 74 73 111 21 71 111 25 67 96 109 8 37 99 48 50 88 111 53 83 28 23 58 80 25 46 63 36 52 37 56 101 83 106 15 79 44 77 64 67 50 56 108 57 24 46 86 4 73 40 92 103 60 72
2 2 2 2 2 2 2 2 2 2 2 2 2 2 2 2 2 2 2 2 2 2 2 2 2 2 2 2 2 2 2 2 2 2 2 2 2 2 2 2 2 2 2 2 2 2 2 2 2 2 2 2 2 2 2 2 2 2 2 2 2 2 2 2 2 2 2 2 2 2 2 2 2 2 2 2 2 2 2 2 2 2 2 2 2 2 2 2 2 2 2 2 2 44 2 2 2 2 2 2 2 2 2 2 2 2 2 2 2 2 2
60 97
63 97
9 97
88 97
52 97
79 97
84 97
102 97
97 41
97 100
97 59
97 92
97 107
97 80
97 81
45 97
44 97
29 97
97 16
104 97
97 39
97 35
5 97
15 97
38 97
97 57
97 21
97 77
97 27
67 97
78 97
111 97
58 97
93 97
97 14
48 97
97 8
97 105
97 95
97 90
97 110
13 97
97 82
97 6
97 49
36 97
54 97
97 73
72 97
97 7
10 97
42 97
97 26
97 32
97 56
2 97
97 87
70 97
97 85
11 97
4 97
74 97
97 96
55 97
97 66
28 97
25 97
97 75
106 97
50 97
97 20
1 97
94 97
97 103
62 97
97 22
97 53
18 97
51 97
97 37
97 34
97 12
97 83
47 97
43 97
31 97
97 86
97 33
97 98
71 97
108 97
97 101
97 91
97 89
65 97
19 97
24 97
23 97
97 40
97 109
76 97
97 46
64 97
97 61
97 69
97 3
17 97
68 97
30 97
99 97
95 94
1 2 3 4 5 6 7 8 9 10 11 12 13 14 15 16 17 18 19 20 21 22 23 24 25 26 27 28 29 30 31 32 33 34 35 36 37 38 39 40 41 42 43 44 45 46 47 48 49 50 51 52 53 54 55 56 57 58 59 60 61 62 63 64 65 66 67 68 69 70 71 72 73 74 75 76 77 78 79 80 81 82 83 84 85 86 87 88 89 90 91 92 93 94 95
1 2 3 4 5 6 7 8 9 10 11 12 13 14 15 16 17 18 19 20 21 22 23 24 25 26 27 28 29 30 31 32 33 34 35 36 37 38 39 40 41 42 43 44 45 46 47 48 49 50 51 52 53 54 55 56 57 58 59 60 61 62 63 64 65 66 67 68 69 70 71 72 73 74 75 76 77 78 79 80 81 82 83 84 85 86 87 88 89 90 91 92 93 94 95
83 38
59 38
7 38
4 38
38 6
38 47
78 38
48 38
38 72
49 38
90 38
82 38
88 38
38 40
38 26
50 38
14 38
1 38
3 38
38 64
93 38
38 32
38 84
38 11
52 38
2 38
38 71
95 38
38 43
23 38
38 25
38 29
37 38
35 38
38 22
17 38
38 70
57 38
38 41
81 38
89 38
38 18
38 15
5 38
38 12
38 92
54 38
38 68
38 66
51 38
38 19
38 69
42 38
65 38
38 63
8 38
38 46
27 38
38 10
38 87
16 38
38 55
56 38
38 30
85 38
38 60
36 38
28 38
38 39
75 38
74 38
86 38
53 38
38 13
38 33
24 38
38 73
80 38
9 38
20 38
61 38
38 58
38 76
38 91
77 38
38 34
94 38
38 45
38 21
62 38
44 38
38 79
67 38
31 38
86 85
1 2 3 4 5 6 7 8 9 10 11 12 13 14 15 16 17 18 19 20 21 22 23 24 25 26 27 28 29 30 31 32 33 34 35 36 37 38 39 40 41 42 43 44 45 46 47 48 49 50 51 52 53 54 55 56 57 58 59 60 61 62 63 64 65 66 67 68 69 70 71 72 73 74 75 76 77 78 79 80 81 82 83 84 85 86
1 1 1 1 5 1 1 1 1 1 1 1 1 1 1 1 1 1 1 1 1 1 1 1 1 1 1 1 1 1 1 1 1 1 1 1 1 1 1 1 1 1 1 1 1 1 1 1 1 1 1 1 1 1 1 1 1 1 1 1 1 1 1 1 1 1 1 1 1 1 1 1 1 1 1 1 1 1 1 1 1 1 1 1 1 1
2 19
19 8
19 7
19 63
19 72
47 19
19 57
19 66
33 19
19 17
84 19
85 19
19 40
46 19
30 19
19 23
19 54
19 60
19 21
19 3
52 19
19 9
19 61
19 71
28 19
13 19
44 19
19 55
56 19
19 34
19 53
19 67
86 19
12 19
1 19
19 6
80 19
19 73
19 11
18 19
5 19
77 19
49 19
19 75
16 19
50 19
19 59
76 19
19 10
37 19
83 19
19 81
19 58
25 19
29 19
35 19
68 19
19 51
20 19
45 19
19 43
19 65
19 36
14 19
19 32
70 19
26 19
74 19
48 19
19 62
19 22
19 78
38 19
27 19
19 31
19 15
24 19
19 69
64 19
79 19
82 19
4 19
19 41
39 19
19 42
80 79
76 56 79 69 30 54 71 38 32 38 51 34 26 19 60 22 38 61 14 52 68 55 73 33 36 56 67 56 31 45 52 37 31 53 8 43 66 68 49 15 60 65 18 26 33 56 21 26 31 56 6 2 2 6 54 22 29 9 25 64 40 75 56 62 76 79 16 49 57 21 33 15 33 39 31 66 59 16 53 55
76 14 14 14 30 54 71 14 32 38 14 14 14 19 60 22 38 6 14 8 14 55 73 33 6 56 2 2 31 45 52 37 31 8 8 2 66 68 49 15 2 65 18 14 14 8 21 26 8 56 6 2 2 6 54 2 29 2 25 64 2 8 6 62 76 79 14 14 57 14 33 2 14 39 2 66 59 14 53 2
41 53
36 41
28 41
2 41
41 42
41 8
13 41
29 41
72 41
51 41
41 46
41 76
41 19
41 26
41 33
41 4
67 41
41 70
41 62
41 80
69 41
52 41
41 56
41 7
14 41
41 57
58 41
41 32
45 41
21 41
41 12
41 16
77 41
41 65
41 27
38 41
41 11
41 63
24 41
41 59
35 41
48 41
79 41
31 41
41 43
41 6
73 41
41 50
66 41
41 17
41 39
78 41
41 60
41 55
41 25
41 71
41 40
41 74
41 15
41 44
41 64
41 47
3 41
41 61
20 41
41 37
22 41
5 41
1 41
68 41
75 41
18 41
34 41
54 41
41 49
41 10
41 9
23 41
41 30
98 97
27 11 51 69 84 75 23 6 13 79 36 64 95 25 50 83 84 17 27 67 12 61 4 37 58 47 93 5 12 22 50 56 93 13 68 12 44 7 54 63 28 85 21 62 82 21 19 66 13 9 85 72 17 11 78 18 23 51 6 61 38 3 53 6 5 46 2 96 3 85 59 65 64 67 83 71 5 80 75 52 23 66 61 76 23 43 82 80 58 14 59 32 40 22 38 35 6 10
2 2 2 2 2 2 2 2 2 2 2 2 2 2 2 2 2 2 2 2 2 2 2 2 2 2 2 2 2 2 2 2 2 2 2 2 2 2 2 2 2 2 2 2 2 21 2 2 2 2 2 2 2 2 2 2 2 2 2 2 2 2 2 2 2 2 2 2 2 2 2 2 2 2 2 2 2 2 2 2 2 2 2 2 2 2 2 2 2 2 2 2 2 2 2 2 2 2
6 70
14 6
41 6
6 26
94 6
6 9
98 6
85 6
6 59
6 52
6 88
73 6
58 6
7 6
6 18
91 6
6 4
35 6
6 62
31 6
6 10
6 20
49 6
6 83
16 6
6 5
96 6
27 6
6 46
34 6
1 6
6 55
36 6
6 19
78 6
79 6
28 6
6 22
21 6
6 56
6 13
87 6
6 25
57 6
6 81
6 15
6 23
6 30
6 72
60 6
6 32
6 8
17 6
6 65
76 6
6 64
6 86
6 42
6 67
39 6
6 74
6 89
6 90
6 51
61 6
6 53
47 6
6 66
6 43
54 6
6 3
6 77
6 69
82 6
80 6
6 40
6 75
6 93
6 68
6 37
48 6
6 63
6 29
6 95
92 6
2 6
6 71
33 6
84 6
6 11
44 6
6 12
6 45
6 38
50 6
6 24
6 97
107 106
1 2 3 4 5 6 7 8 9 10 11 12 13 14 15 16 17 18 19 20 21 22 23 24 25 26 27 28 29 30 31 32 33 34 35 36 37 38 39 40 41 42 43 44 45 46 47 48 49 50 51 52 53 54 55 56 57 58 59 60 61 62 63 64 65 66 67 68 69 70 71 72 73 74 75 76 77 78 79 80 81 82 83 84 85 86 87 88 89 90 91 92 93 94 95 96 97 98 99 100 101 102 103 104 105 106 107
1 1 1 1 1 1 1 1 1 1 1 1 1 1 1 1 1 1 1 1 1 1 1 1 1 1 1 1 1 1 1 1 1 1 1 1 1 1 1 1 1 1 1 1 1 1 1 1 1 1 1 1 1 1 1 1 1 1 1 1 1 1 1 1 1 1 1 1 1 1 1 1 1 1 1 1 1 1 1 1 1 1 1 1 1 1 1 1 1 1 1 1 1 1 1 1 1 1 1 1 1 1 1 1 1 1 1
106 43
106 65
54 106
106 66
51 106
106 34
106 87
31 106
106 69
32 106
106 55
2 106
1 106
101 106
106 107
37 106
78 106
106 83
106 92
106 30
106 16
35 106
18 106
105 106
68 106
106 12
13 106
106 41
106 62
106 36
106 60
61 106
45 106
48 106
106 67
106 24
21 106
59 106
106 9
106 52
106 64
106 14
79 106
106 74
106 98
106 97
106 7
91 106
71 106
106 72
106 75
38 106
106 29
106 95
50 106
82 106
106 47
106 94
96 106
106 6
106 19
106 70
106 40
46 106
106 73
106 100
76 106
106 56
106 85
106 81
28 106
106 20
106 4
77 106
106 49
17 106
8 106
106 3
102 106
106 33
106 93
106 25
26 106
106 89
106 63
88 106
86 106
106 10
58 106
106 53
39 106
106 11
106 57
104 106
90 106
106 80
106 15
103 106
106 22
106 44
42 106
106 84
106 27
99 106
23 106
5 106
86 85
1 2 3 4 5 6 7 8 9 10 11 12 13 14 15 16 17 18 19 20 21 22 23 24 25 26 27 28 29 30 31 32 33 34 35 36 37 38 39 40 41 42 43 44 45 46 47 48 49 50 51 52 53 54 55 56 57 58 59 60 61 62 63 64 65 66 67 68 69 70 71 72 73 74 75 76 77 78 79 80 81 82 83 84 85 86
1 2 3 4 5 4 7 8 9 10 11 12 4 14 4 4 2 4 19 7 4 22 2 24 25 4 27 4 2 2 2 32 2 33 4 36 4 4 39 2 33 42 5 44 2 4 4 2 4 50 51 4 4 54 55 7 57 58 59 60 2 62 2 5 65 4 67 2 69 70 71 72 73 74 75 76 38 78 79 80 4 4 83 84 85 86
83 33
33 13
32 33
10 33
33 64
27 33
33 12
33 48
33 24
29 33
22 33
7 33
33 52
33 47
33 28
38 33
33 6
33 11
17 33
33 57
33 54
67 33
49 33
9 33
8 33
33 82
33 65
19 33
33 78
33 79
16 33
33 51
61 33
30 33
68 33
63 33
4 33
33 72
33 58
41 33
33 50
33 31
33 26
33 18
33 3
73 33
33 42
33 59
21 33
33 25
33 1
33 37
33 2
45 33
33 34
76 33
33 53
71 33
77 33
33 66
33 15
33 56
33 70
33 74
33 62
80 33
84 33
55 33
33 85
44 33
60 33
33 43
40 33
75 33
81 33
33 69
33 39
86 33
33 14
33 46
33 20
5 33
33 36
23 33
35 33
93 92
1 2 3 4 5 6 7 8 9 10 11 12 13 14 15 16 17 18 19 20 21 22 23 24 25 26 27 28 29 30 31 32 33 34 35 36 37 38 39 40 41 42 43 44 45 46 47 48 49 50 51 52 53 54 55 56 57 58 59 60 61 62 63 64 65 66 67 68 69 70 71 72 73 74 75 76 77 78 79 80 81 82 83 84 85 86 87 88 89 90 91 92 93
1 1 1 1 1 1 1 1 1 1 1 1 1 1 1 1 1 1 1 1 1 1 1 1 1 1 1 1 1 1 1 1 1 1 1 1 1 1 1 1 1 1 1 1 1 1 1 1 1 1 1 1 1 1 1 1 1 1 1 1 1 1 1 1 1 1 1 1 1 1 1 1 1 1 1 1 1 1 1 1 1 1 1 1 1 1 1 1 1 1 1 1 1
17 52
17 77
17 40
16 17
65 17
6 17
66 17
17 64
17 47
17 88
55 17
69 17
91 17
56 17
34 17
89 17
49 17
17 20
37 17
17 61
17 54
7 17
17 32
17 93
9 17
17 92
90 17
86 17
58 17
17 83
35 17
48 17
67 17
76 17
38 17
17 24
18 17
39 17
17 2
73 17
14 17
17 19
17 26
17 33
17 50
17 59
17 29
17 25
82 17
74 17
17 45
17 57
36 17
22 17
17 3
17 51
17 87
84 17
17 28
17 42
41 17
17 5
17 44
63 17
79 17
68 17
17 72
21 17
17 8
17 11
17 53
1 17
27 17
17 81
60 17
17 23
17 75
4 17
46 17
17 12
17 13
71 17
17 78
17 43
17 80
17 31
17 70
17 30
15 17
85 17
17 62
10 17
84 83
76 47 56 4 79 29 58 76 29 83 16 1 14 69 51 15 23 15 45 26 37 34 70 41 7 45 76 67 32 41 20 16 58 46 39 64 61 47 2 80 1 22 46 11 72 65 84 10 69 82 82 25 7 1 76 56 54 40 36 46 41 34 66 14 35 77 81 61 79 14 77 53 16 38 7 29 9 43 68 35 77 82 57 13
1 1 1 1 1 1 1 1 1 1 1 1 1 1 1 1 1 1 1 1 1 1 1 1 1 1 1 1 1 1 1 1 1 1 1 1 1 1 1 1 1 1 1 1 1 1 1 1 1 1 1 1 1 1 1 1 1 1 1 1 1 1 1 1 1 1 1 1 1 1 1 1 1 1 7 1 1 1 1 1 1 1 1 1
32 78
78 2
78 55
70 78
78 21
51 78
81 78
78 60
24 78
12 78
25 78
78 26
78 19
78 45
15 78
77 78
78 30
46 78
78 61
9 78
33 78
59 78
6 78
34 78
69 78
76 78
57 78
56 78
78 53
78 48
78 84
18 78
78 11
78 43
78 3
36 78
49 78
20 78
78 50
78 42
41 78
44 78
13 78
78 52
78 54
22 78
78 73
4 78
78 82
78 71
78 79
78 5
78 28
78 14
78 37
78 80
66 78
78 17
67 78
16 78
10 78
83 78
23 78
78 64
78 1
40 78
68 78
78 63
78 74
31 78
78 8
78 47
78 29
72 78
75 78
78 35
78 58
78 39
38 78
7 78
78 65
62 78
27 78
109 108
1 2 3 4 5 6 7 8 9 10 11 12 13 14 15 16 17 18 19 20 21 22 23 24 25 26 27 28 29 30 31 32 33 34 35 36 37 38 39 40 41 42 43 44 45 46 47 48 49 50 51 52 53 54 55 56 57 58 59 60 61 62 63 64 65 66 67 68 69 70 71 72 73 74 75 76 77 78 79 80 81 82 83 84 85 86 87 88 89 90 91 92 93 94 95 96 97 98 99 100 101 102 103 104 105 106 107 108 109
1 1 1 1 5 1 1 1 1 1 1 1 1 1 1 1 1 1 1 1 1 1 1 1 1 1 1 1 1 1 1 1 1 1 1 1 1 1 1 1 1 1 1 1 1 1 1 1 1 1 1 1 1 1 1 1 1 1 1 1 1 1 1 1 1 1 1 1 1 1 1 1 1 1 1 1 1 1 1 1 1 1 1 1 1 1 1 1 1 1 1 1 1 1 1 1 1 1 1 1 1 1 1 1 1 1 1 1 1
72 97
72 106
76 72
72 98
72 56
52 72
11 72
72 22
72 107
2 72
72 77
17 72
3 72
26 72
72 14
8 72
24 72
30 72
74 72
72 58
19 72
72 4
15 72
85 72
72 96
72 48
72 54
60 72
91 72
5 72
72 41
72 75
40 72
72 86
72 10
72 67
49 72
72 99
46 72
72 25
72 100
16 72
72 55
64 72
72 90
72 68
72 39
72 27
72 9
102 72
72 42
72 37
34 72
94 72
72 87
43 72
93 72
72 23
72 104
72 21
84 72
103 72
72 62
20 72
72 1
53 72
72 59
72 7
45 72
72 13
72 51
69 72
72 73
108 72
63 72
95 72
33 72
72 32
18 72
72 47
72 88
109 72
72 71
83 72
78 72
72 36
105 72
72 61
72 101
72 89
38 72
72 70
57 72
72 6
66 72
12 72
50 72
29 72
28 72
92 72
65 72
31 72
79 72
80 72
72 35
72 82
72 44
81 72
84 83
1 2 3 4 5 6 7 8 9 10 11 12 13 14 15 16 17 18 19 20 21 22 23 24 25 26 27 28 29 30 31 32 33 34 35 36 37 38 39 40 41 42 43 44 45 46 47 48 49 50 51 52 53 54 55 56 57 58 59 60 61 62 63 64 65 66 67 68 69 70 71 72 73 74 75 76 77 78 79 80 81 82 83 84
1 2 3 1 4 6 7 8 9 1 4 12 1 4 4 4 17 4 4 20 21 22 4 4 4 1 27 1 29 4 31 32 4 4 35 36 37 38 4 4 41 42 4 44 4 4 4 4 4 4 4 52 4 4 55 1 57 58 59 4 61 62 63 4 65 66 67 68 69 1 71 4 73 4 75 76 77 1 79 1 81 4 1 84
83 65
26 83
64 83
83 63
83 24
30 83
83 2
83 44
83 11
50 83
78 83
61 83
83 72
83 28
40 83
83 5
68 83
83 3
83 56
19 83
83 55
54 83
59 83
83 82
83 75
83 14
80 83
83 38
83 71
83 45
83 34
83 51
9 83
53 83
83 21
83 69
60 83
83 62
47 83
83 79
37 83
16 83
49 83
1 83
83 42
33 83
83 7
83 20
83 66
67 83
83 36
74 83
46 83
83 6
52 83
13 83
18 83
84 83
83 22
58 83
17 83
77 83
4 83
41 83
83 48
83 12
83 10
39 83
83 23
83 27
70 83
15 83
35 83
83 31
25 83
83 76
83 32
81 83
29 83
57 83
83 8
73 83
43 83
92 91
1 2 3 4 5 6 7 8 9 10 11 12 13 14 15 16 17 18 19 20 21 22 23 24 25 26 27 28 29 30 31 32 33 34 35 36 37 38 39 40 41 42 43 44 45 46 47 48 49 50 51 52 53 54 55 56 57 58 59 60 61 62 63 64 65 66 67 68 69 70 71 72 73 74 75 76 77 78 79 80 81 82 83 84 85 86 87 88 89 90 91 92
1 1 1 1 1 1 1 1 1 1 1 1 1 1 1 1 1 1 1 1 21 1 1 1 1 1 1 1 1 1 1 1 1 1 1 1 1 1 1 1 1 1 1 1 1 1 1 1 1 1 1 1 1 1 1 1 1 1 1 1 1 1 1 1 1 1 1 1 1 1 1 1 1 1 1 1 1 1 1 1 1 1 1 1 1 1 1 1 1 1 1 1
44 77
38 44
62 44
44 18
44 43
28 44
44 33
79 44
44 56
69 44
73 44
22 44
86 44
31 44
44 11
44 78
44 3
44 8
68 44
44 5
60 44
61 44
44 46
4 44
44 85
35 44
55 44
20 44
44 19
44 63
54 44
44 48
32 44
44 9
88 44
13 44
44 57
44 72
44 14
67 44
44 71
44 47
44 40
90 44
44 34
44 23
16 44
82 44
44 83
81 44
39 44
84 44
44 75
41 44
1 44
44 53
44 92
59 44
44 12
44 24
37 44
70 44
65 44
44 26
44 36
10 44
49 44
25 44
74 44
44 42
44 17
44 21
15 44
44 2
45 44
89 44
80 44
51 44
6 44
50 44
7 44
44 52
44 58
44 66
44 64
29 44
44 27
44 30
44 91
76 44
87 44
101 100
22 36 43 50 83 5 94 65 24 29 29 70 38 10 7 14 86 63 10 67 42 100 66 96 20 41 61 60 81 15 99 87 71 26 32 74 9 27 86 54 43 43 90 66 51 19 15 69 29 55 30 18 63 15 62 51 99 2 50 86 68 2 58 22 43 61 61 94 10 23 23 3 35 97 9 39 57 63 61 33 72 3 10 82 90 6 89 39 65 87 48 80 33 41 25 33 69 72 26 74 53
22 2 43 2 83 5 94 65 24 2 29 70 38 2 7 2 2 51 10 67 2 100 66 96 20 9 2 60 27 15 99 2 71 26 32 74 2 9 2 54 2 43 2 66 2 19 15 2 29 2 30 2 51 2 27 51 2 2 2 86 68 2 2 9 9 61 2 94 10 23 23 2 35 97 2 2 2 63 61 33 2 3 2 2 90 2 89 2 2 87 48 80 33 41 25 33 69 2 26 74 53
97 45
45 31
29 45
11 45
71 45
72 45
34 45
45 82
45 66
40 45
45 37
90 45
57 45
68 45
24 45
42 45
38 45
6 45
60 45
45 23
63 45
27 45
4 45
26 45
22 45
92 45
94 45
45 33
30 45
80 45
45 51
45 49
45 39
77 45
14 45
45 59
45 95
45 44
18 45
76 45
45 41
93 45
12 45
45 62
45 87
50 45
1 45
45 7
45 101
45 75
45 70
17 45
45 58
67 45
13 45
45 56
45 79
89 45
46 45
20 45
45 78
69 45
45 73
15 45
52 45
61 45
45 88
45 28
64 45
32 45
65 45
53 45
45 43
55 45
96 45
85 45
86 45
45 83
16 45
3 45
5 45
84 45
19 45
8 45
45 48
98 45
35 45
45 21
45 25
45 2
45 10
81 45
99 45
100 45
91 45
47 45
45 74
9 45
45 54
45 36
110 109
62 5 101 50 87 13 89 99 26 78 39 26 72 86 71 41 98 41 7 18 65 26 6 78 72 96 33 65 109 109 110 5 12 87 26 12 20 33 46 37 49 49 87 108 79 78 21 110 104 18 60 14 56 83 36 46 37 64 55 55 100 41 57 28 103 78 56 33 7 35 90 18 99 66 87 89 49 5 33 8 53 20 94 36 33 19 21 106 107 44 5 68 99 19 57 76 57 49 71 34 59 27 87 38 7 45 97 49 54 38
62 5 12 50 12 12 89 99 7 78 39 12 72 12 12 12 20 12 7 18 65 12 6 78 12 12 12 12 109 12 110 5 12 12 26 12 20 33 46 12 49 12 87 7 79 7 12 55 104 12 60 12 56 20 36 12 37 12 7 55 7 41 12 28 103 12 56 12 7 12 12 12 99 66 87 89 49 5 12 8 53 20 94 12 33 19 21 12 12 7 5 12 99 12 57 76 5 7 12 34 59 27 12 38 7 45 12 12 54 38
40 44
44 52
44 54
102 44
44 7
10 44
44 61
44 5
44 13
44 22
44 2
44 6
44 46
44 29
44 16
110 44
44 41
44 67
44 26
55 44
44 105
44 71
45 44
44 68
44 38
44 88
44 35
39 44
23 44
51 44
21 44
44 103
81 44
44 99
18 44
44 11
44 63
98 44
72 44
44 8
44 58
93 44
44 31
44 42
44 60
44 79
44 82
104 44
44 107
44 32
44 97
44 50
44 89
30 44
44 92
44 96
44 15
56 44
44 14
1 44
64 44
95 44
44 59
44 109
44 12
49 44
44 27
36 44
78 44
84 44
87 44
91 44
44 3
44 108
44 28
44 19
44 73
77 44
44 75
44 76
44 66
44 80
106 44
20 44
44 69
44 24
47 44
17 44
44 33
44 9
44 101
44 86
44 37
74 44
43 44
70 44
57 44
44 25
44 34
44 62
83 44
100 44
44 4
65 44
85 44
53 44
90 44
44 94
48 44
120 119
1 2 3 4 5 6 7 8 9 10 11 12 13 14 15 16 17 18 19 20 21 22 23 24 25 26 27 28 29 30 31 32 33 34 35 36 37 38 39 40 41 42 43 44 45 46 47 48 49 50 51 52 53 54 55 56 57 58 59 60 61 62 63 64 65 66 67 68 69 70 71 72 73 74 75 76 77 78 79 80 81 82 83 84 85 86 87 88 89 90 91 92 93 94 95 96 97 98 99 100 101 102 103 104 105 106 107 108 109 110 111 112 113 114 115 116 117 118 119 120
1 2 3 4 2 6 7 8 9 10 2 12 2 14 15 16 17 2 2 2 21 2 2 24 25 26 2 2 29 2 31 2 2 2 2 2 37 2 39 2 2 42 43 2 2 46 47 48 2 2 51 2 53 2 2 56 2 2 2 2 61 62 63 64 2 66 67 2 69 70 2 72 73 2 2 2 2 78 2 2 81 82 2 84 2 2 87 2 2 90 2 2 2 2 2 96 97 98 99 2 2 2 2 2 2 2 2 2 2 110 111 112 113 114 115 2 96 118 119 120
2 119
25 2
2 78
2 58
2 89
2 98
4 2
21 2
60 2
2 68
40 2
62 2
49 2
63 2
2 8
34 2
2 110
77 2
2 19
2 64
2 9
47 2
5 2
2 104
74 2
106 2
2 116
2 57
2 53
2 11
94 2
46 2
2 26
2 48
59 2
2 32
82 2
2 76
10 2
33 2
42 2
2 39
2 79
81 2
2 112
45 2
31 2
20 2
2 66
90 2
101 2
2 118
2 29
38 2
107 2
6 2
41 2
2 92
109 2
15 2
55 2
36 2
120 2
100 2
2 70
2 83
113 2
2 102
2 50
2 65
2 99
1 2
24 2
2 14
71 2
2 117
2 85
69 2
23 2
2 13
2 93
56 2
2 103
2 67
2 12
108 2
2 22
2 87
2 105
2 30
43 2
7 2
2 73
115 2
86 2
51 2
88 2
2 27
2 61
28 2
2 54
3 2
2 17
95 2
114 2
52 2
16 2
96 2
80 2
18 2
2 35
111 2
72 2
2 75
2 97
2 44
2 37
2 91
2 84
108 107
39 52 49 56 54 14 100 25 42 79 64 64 65 86 89 88 35 100 37 4 63 61 106 63 75 8 11 95 107 106 14 67 46 23 16 8 72 93 97 36 93 67 80 102 37 55 33 15 62 88 66 108 22 9 53 69 70 101 101 108 43 57 104 16 13 36 40 35 23 106 38 9 48 97 8 2 10 107 37 95 25 43 60 58 52 44 69 62 61 60 43 63 88 102 51 12 76 52 51 64 38 22 24 76 67 97 37 80
2 2 2 2 2 2 2 2 2 2 2 2 2 2 2 2 2 2 2 2 2 2 2 2 2 2 2 2 2 2 2 2 2 2 2 2 2 2 2 2 2 2 2 2 2 2 2 2 2 2 2 2 2 2 2 2 2 2 2 2 2 2 2 2 2 2 2 2 2 2 2 2 2 2 2 2 2 2 2 2 2 2 2 2 2 2 2 2 2 2 2 2 2 2 2 2 2 2 2 2 2 2 2 76 2 2 2 2
70 38
38 39
96 38
38 37
38 7
38 9
24 38
38 84
38 89
102 38
94 38
19 38
104 38
38 76
26 38
38 55
38 36
38 49
8 38
85 38
108 38
60 38
38 71
44 38
38 93
21 38
38 12
62 38
5 38
38 92
38 18
38 88
1 38
38 46
38 35
38 87
56 38
38 13
48 38
38 52
38 42
38 10
29 38
38 77
38 16
38 86
38 41
2 38
38 33
78 38
25 38
38 11
38 90
65 38
74 38
17 38
38 31
38 100
38 98
38 107
72 38
106 38
40 38
91 38
38 20
101 38
38 3
15 38
57 38
38 6
95 38
81 38
61 38
45 38
38 83
14 38
66 38
38 97
38 53
38 79
38 73
38 30
59 38
38 58
4 38
38 34
75 38
22 38
28 38
64 38
63 38
38 23
38 27
32 38
82 38
38 99
51 38
38 67
69 38
38 50
43 38
105 38
54 38
103 38
47 38
68 38
80 38
105 104
1 2 3 4 5 6 7 8 9 10 11 12 13 14 15 16 17 18 19 20 21 22 23 24 25 26 27 28 29 30 31 32 33 34 35 36 37 38 39 40 41 42 43 44 45 46 47 48 49 50 51 52 53 54 55 56 57 58 59 60 61 62 63 64 65 66 67 68 69 70 71 72 73 74 75 76 77 78 79 80 81 82 83 84 85 86 87 88 89 90 91 92 93 94 95 96 97 98 99 100 101 102 103 104 105
1 1 1 1 1 1 1 1 1 1 1 1 1 8 1 1 1 1 1 1 1 1 1 1 1 1 1 1 1 1 1 1 1 1 1 1 1 1 1 1 1 1 1 1 1 34 1 1 1 1 1 1 1 1 1 1 1 1 1 1 1 1 1 1 1 1 1 1 1 1 1 1 1 1 1 1 1 1 1 1 1 1 1 1 1 1 1 1 1 1 1 1 1 1 1 1 7 1 1 1 1 1 1 1 1
76 100
76 36
93 76
33 76
77 76
101 76
87 76
49 76
76 40
76 55
76 8
90 76
76 27
76 98
95 76
68 76
76 79
76 78
96 76
76 32
76 23
38 76
76 12
104 76
66 76
39 76
76 50
76 26
76 74
76 65
31 76
54 76
19 76
28 76
48 76
34 76
76 42
76 46
72 76
9 76
92 76
76 102
2 76
76 4
76 37
76 51
10 76
76 60
76 20
25 76
76 41
76 15
59 76
76 61
76 58
45 76
35 76
18 76
76 13
76 91
76 5
83 76
1 76
11 76
76 16
76 6
75 76
89 76
57 76
84 76
76 7
52 76
76 21
63 76
69 76
99 76
76 105
76 70
22 76
81 76
76 85
29 76
64 76
67 76
80 76
76 43
53 76
62 76
103 76
88 76
76 94
71 76
73 76
76 14
76 97
56 76
47 76
86 76
30 76
24 76
76 82
76 3
76 17
44 76
112 111
5 108 63 61 63 67 16 14 64 22 65 54 34 106 62 77 3 76 38 95 4 105 92 77 12 84 89 60 3 35 104 101 103 50 88 100 106 95 77 9 2 60 48 106 24 49 58 111 105 7 93 36 56 78 92 91 74 55 94 55 57 107 46 82 34 18 78 72 38 45 31 74 93 29 106 44 62 105 107 87 72 13 81 56 13 85 64 95 1 102 62 81 31 53 9 6 20 93 15 11 67 94 69 33 15 72 81 109 100 100 80 38
1 1 1 1 1 1 1 1 1 1 1 1 1 1 1 1 1 1 1 1 1 1 1 1 1 1 1 1 1 1 1 1 1 1 1 1 1 1 1 1 1 1 1 1 1 1 1 1 1 1 1 1 1 1 1 1 1 1 1 1 1 1 1 1 1 1 1 1 1 1 1 1 1 1 1 1 1 1 1 1 1 1 1 1 1 1 1 1 1 1 1 1 1 1 1 1 1 1 1 1 1 1 1 1 1 1 1 1 1 1 1 1
9 11
9 7
20 9
9 21
1 9
52 9
98 9
9 102
19 9
32 9
47 9
9 13
76 9
87 9
9 4
9 41
112 9
9 83
30 9
34 9
103 9
9 53
74 9
66 9
39 9
107 9
92 9
9 33
9 36
99 9
9 57
77 9
9 85
8 9
78 9
9 79
93 9
91 9
9 16
23 9
9 6
9 71
9 82
9 22
42 9
9 44
9 35
55 9
9 10
9 111
9 95
9 45
12 9
9 5
29 9
24 9
72 9
9 26
9 109
17 9
9 38
9 70
43 9
97 9
37 9
75 9
9 104
67 9
9 84
9 90
81 9
9 18
9 51
9 89
9 63
9 54
9 68
15 9
9 46
49 9
108 9
9 101
14 9
86 9
64 9
9 94
9 59
9 28
9 31
9 48
9 60
65 9
9 61
9 50
100 9
9 56
2 9
9 110
9 80
9 3
105 9
9 62
9 58
9 96
9 27
9 88
9 106
9 40
9 25
9 73
9 69
102 101
1 2 3 4 5 6 7 8 9 10 11 12 13 14 15 16 17 18 19 20 21 22 23 24 25 26 27 28 29 30 31 32 33 34 35 36 37 38 39 40 41 42 43 44 45 46 47 48 49 50 51 52 53 54 55 56 57 58 59 60 61 62 63 64 65 66 67 68 69 70 71 72 73 74 75 76 77 78 79 80 81 82 83 84 85 86 87 88 89 90 91 92 93 94 95 96 97 98 99 100 101 102
1 1 1 1 1 1 1 1 1 1 1 1 1 1 1 1 1 1 1 1 1 1 1 1 1 1 1 1 1 1 1 1 1 1 1 1 1 1 1 1 1 1 1 1 1 1 1 1 1 1 1 1 1 1 1 1 1 1 1 1 1 1 1 1 1 1 1 1 1 1 1 1 1 1 1 1 1 1 1 1 1 1 1 1 1 1 1 1 1 1 1 1 1 1 1 1 1 1 1 1 1 1
89 26
26 92
73 26
26 46
26 86
26 32
90 26
26 53
26 98
26 25
26 10
26 27
65 26
58 26
26 31
30 26
20 26
81 26
85 26
74 26
26 95
42 26
3 26
102 26
26 13
26 94
17 26
26 8
68 26
26 11
43 26
12 26
63 26
26 6
56 26
40 26
26 59
5 26
96 26
26 91
38 26
26 39
78 26
26 64
93 26
77 26
26 16
55 26
26 97
26 79
26 67
34 26
26 80
26 33
15 26
26 22
26 37
99 26
70 26
35 26
26 48
26 28
26 72
26 7
9 26
47 26
14 26
26 60
26 88
82 26
26 2
26 57
26 44
26 66
18 26
26 69
26 24
26 51
26 83
26 75
26 21
26 19
26 50
4 26
26 84
26 61
26 101
26 29
76 26
26 1
26 62
26 41
26 36
87 26
26 23
26 71
52 26
100 26
54 26
45 26
26 49
100 99
1 2 3 4 5 6 7 8 9 10 11 12 13 14 15 16 17 18 19 20 21 22 23 24 25 26 27 28 29 30 31 32 33 34 35 36 37 38 39 40 41 42 43 44 45 46 47 48 49 50 51 52 53 54 55 56 57 58 59 60 61 62 63 64 65 66 67 68 69 70 71 72 73 74 75 76 77 78 79 80 81 82 83 84 85 86 87 88 89 90 91 92 93 94 95 96 97 98 99 100
1 2 3 4 5 3 7 3 3 2 3 12 2 14 15 16 2 2 19 20 21 22 3 24 3 26 2 2 3 30 3 32 2 2 2 36 3 38 39 40 41 42 43 2 31 2 3 48 2 50 2 2 53 3 55 56 57 2 59 60 61 62 63 64 65 66 2 68 2 2 71 2 73 2 75 3 2 78 2 3 81 82 3 3 2 2 87 88 89 90 3 92 93 94 95 2 3 98 3 100
54 17
17 62
65 17
17 48
17 27
17 29
24 17
17 52
17 34
7 17
77 17
4 17
17 83
6 17
91 17
15 17
66 17
17 92
17 42
17 68
53 17
45 17
17 30
71 17
21 17
17 97
17 75
23 17
3 17
35 17
17 9
18 17
17 51
17 73
12 17
20 17
70 17
17 2
67 17
40 17
76 17
61 17
17 10
5 17
17 56
60 17
17 22
17 44
14 17
17 43
17 58
100 17
17 86
31 17
33 17
32 17
17 63
39 17
98 17
17 59
87 17
17 16
17 84
94 17
17 79
25 17
93 17
17 13
17 57
8 17
26 17
17 95
36 17
17 78
17 99
88 17
80 17
90 17
49 17
17 47
17 89
81 17
17 69
46 17
17 50
17 11
17 55
28 17
19 17
17 41
17 96
82 17
17 1
17 37
85 17
74 17
38 17
72 17
17 64
87 86
1 2 3 4 5 6 7 8 9 10 11 12 13 14 15 16 17 18 19 20 21 22 23 24 25 26 27 28 29 30 31 32 33 34 35 36 37 38 39 40 41 42 43 44 45 46 47 48 49 50 51 52 53 54 55 56 57 58 59 60 61 62 63 64 65 66 67 68 69 70 71 72 73 74 75 76 77 78 79 80 81 82 83 84 85 86 87
1 2 1 4 1 1 7 1 1 10 11 12 1 1 8 16 17 18 8 20 7 22 1 24 25 26 8 28 29 8 31 1 8 34 35 8 37 8 39 8 41 42 43 44 45 46 47 1 13 50 1 52 53 8 1 1 57 8 59 60 8 1 63 64 65 1 67 1 69 70 13 72 73 74 8 1 1 8 1 8 19 82 83 84 85 86 87
64 13
47 13
13 61
13 12
49 13
13 37
30 13
56 13
5 13
13 16
13 14
59 13
13 4
13 10
25 13
81 13
58 13
13 32
13 74
43 13
13 36
13 9
24 13
21 13
13 27
8 13
13 18
87 13
13 44
68 13
80 13
13 11
13 76
34 13
51 13
13 46
7 13
86 13
13 31
54 13
13 29
69 13
3 13
53 13
48 13
13 84
13 17
83 13
35 13
1 13
13 55
19 13
62 13
70 13
39 13
2 13
13 63
15 13
13 45
13 65
13 73
41 13
57 13
13 38
13 78
13 77
79 13
13 20
13 42
52 13
82 13
13 26
60 13
13 85
13 50
71 13
13 28
72 13
13 66
13 40
13 33
22 13
13 6
75 13
13 23
67 13
93 92
1 2 3 4 5 6 7 8 9 10 11 12 13 14 15 16 17 18 19 20 21 22 23 24 25 26 27 28 29 30 31 32 33 34 35 36 37 38 39 40 41 42 43 44 45 46 47 48 49 50 51 52 53 54 55 56 57 58 59 60 61 62 63 64 65 66 67 68 69 70 71 72 73 74 75 76 77 78 79 80 81 82 83 84 85 86 87 88 89 90 91 92 93
1 1 1 1 1 1 1 1 1 1 1 1 1 1 1 1 1 1 1 1 1 1 1 1 1 1 1 1 1 1 1 1 1 1 1 1 1 1 1 1 1 1 1 1 1 1 1 1 1 1 1 1 1 1 1 1 1 1 1 1 1 1 1 1 1 1 1 1 1 1 1 1 1 1 1 1 1 1 1 1 1 1 1 1 1 1 1 1 1 1 1 1 1
22 9
56 9
9 78
9 48
9 37
4 9
71 9
9 62
6 9
14 9
27 9
93 9
9 13
9 55
9 86
9 63
35 9
9 51
9 73
47 9
45 9
3 9
59 9
7 9
9 38
9 28
8 9
9 69
9 21
85 9
9 82
70 9
9 58
9 76
9 36
9 33
9 46
32 9
9 18
9 88
20 9
31 9
9 92
10 9
9 75
49 9
9 5
12 9
9 41
9 61
9 57
9 34
52 9
87 9
23 9
40 9
9 67
64 9
9 72
89 9
9 11
9 80
44 9
9 43
2 9
9 66
16 9
29 9
9 30
9 84
9 50
77 9
17 9
79 9
9 39
26 9
24 9
91 9
9 90
1 9
53 9
25 9
9 81
9 65
9 74
83 9
9 54
9 42
60 9
19 9
15 9
68 9
109 108
1 2 3 4 5 6 7 8 9 10 11 12 13 14 15 16 17 18 19 20 21 22 23 24 25 26 27 28 29 30 31 32 33 34 35 36 37 38 39 40 41 42 43 44 45 46 47 48 49 50 51 52 53 54 55 56 57 58 59 60 61 62 63 64 65 66 67 68 69 70 71 72 73 74 75 76 77 78 79 80 81 82 83 84 85 86 87 88 89 90 91 92 93 94 95 96 97 98 99 100 101 102 103 104 105 106 107 108 109
1 1 1 1 1 1 1 1 1 1 1 1 1 1 1 1 1 1 1 1 1 1 1 1 1 1 1 1 1 1 1 1 1 1 1 1 1 1 1 1 1 1 1 1 1 1 1 1 1 1 1 1 1 1 1 1 1 1 1 1 1 1 1 1 1 1 1 1 1 1 1 1 1 1 1 1 1 1 1 1 1 1 1 1 1 1 1 1 1 1 1 1 1 1 1 1 1 1 1 1 1 1 1 1 1 1 1 1 1
13 63
11 63
63 57
63 49
32 63
63 72
63 76
63 23
63 14
63 105
65 63
63 87
89 63
63 33
77 63
63 25
91 63
63 46
109 63
63 38
102 63
107 63
63 1
63 2
43 63
106 63
63 52
19 63
40 63
15 63
88 63
63 34
63 61
108 63
35 63
3 63
55 63
63 36
63 74
69 63
63 41
97 63
104 63
44 63
63 60
68 63
42 63
63 58
63 66
73 63
63 81
79 63
63 21
63 31
101 63
63 75
86 63
70 63
29 63
63 103
10 63
63 96
63 50
90 63
48 63
78 63
6 63
93 63
92 63
63 82
63 45
59 63
63 8
27 63
63 95
63 85
24 63
63 39
63 5
99 63
100 63
7 63
83 63
63 22
17 63
63 62
63 84
53 63
56 63
63 9
63 80
20 63
63 94
30 63
51 63
4 63
63 64
18 63
63 37
67 63
63 26
63 28
71 63
12 63
16 63
63 47
54 63
63 98
90 89
3 9 55 44 89 71 65 77 6 13 76 52 22 34 66 43 21 88 70 36 11 78 73 35 7 57 44 19 3 21 80 13 3 68 55 23 31 86 70 27 39 65 60 75 1 69 27 36 53 10 80 60 31 70 73 79 74 78 56 45 60 12 54 10 27 76 65 81 21 53 65 77 46 13 32 54 86 66 88 68 81 76 61 53 31 28 2 9 61 80
1 1 1 1 1 1 1 1 1 1 1 1 1 1 1 1 1 1 1 1 1 1 1 1 1 1 1 1 1 1 1 1 1 1 1 1 1 1 1 1 2 1 1 1 1 1 1 1 1 1 1 1 1 1 1 1 1 2 1 1 1 1 1 1 1 1 1 1 2 1 2 1 1 1 1 1 1 1 1 1 1 1 1 1 1 1 1 1 1 1
27 75
3 75
75 40
48 75
75 85
75 66
71 75
41 75
75 82
34 75
55 75
37 75
54 75
75 67
75 33
75 88
75 8
75 25
75 23
11 75
75 20
43 75
80 75
35 75
15 75
32 75
78 75
75 79
75 81
30 75
28 75
75 77
72 75
1 75
63 75
75 87
36 75
75 49
7 75
75 6
58 75
75 51
17 75
75 65
46 75
26 75
75 61
47 75
75 74
75 10
4 75
5 75
75 73
59 75
75 22
89 75
19 75
70 75
75 44
84 75
75 68
75 31
53 75
75 12
29 75
42 75
75 45
21 75
75 16
75 76
75 52
83 75
60 75
75 14
57 75
75 62
24 75
64 75
69 75
75 90
38 75
75 56
75 13
75 9
75 86
75 50
2 75
75 39
75 18
87 86
1 2 3 4 5 6 7 8 9 10 11 12 13 14 15 16 17 18 19 20 21 22 23 24 25 26 27 28 29 30 31 32 33 34 35 36 37 38 39 40 41 42 43 44 45 46 47 48 49 50 51 52 53 54 55 56 57 58 59 60 61 62 63 64 65 66 67 68 69 70 71 72 73 74 75 76 77 78 79 80 81 82 83 84 85 86 87
1 2 2 2 2 2 2 2 2 2 2 2 2 2 2 2 2 2 2 2 2 2 2 2 2 2 2 2 2 2 2 2 2 2 2 2 2 2 2 2 2 2 2 2 2 2 2 2 2 2 2 2 2 2 2 2 2 2 2 2 2 2 2 2 2 2 2 2 2 2 2 2 2 2 2 2 2 2 2 2 2 2 2 2 2 2 2
17 80
45 17
47 17
17 41
17 39
17 46
17 27
14 17
17 58
17 3
69 17
85 17
82 17
43 17
79 17
17 21
17 65
17 62
72 17
17 32
26 17
17 25
49 17
4 17
17 50
17 9
53 17
24 17
51 17
17 48
12 17
17 38
63 17
17 74
54 17
57 17
17 40
36 17
17 60
17 11
23 17
56 17
17 44
17 15
17 81
73 17
17 10
28 17
17 84
68 17
17 30
20 17
71 17
17 87
17 33
78 17
17 67
17 66
17 1
17 75
77 17
17 22
2 17
76 17
55 17
5 17
59 17
8 17
42 17
7 17
64 17
17 37
17 19
17 18
17 35
17 13
17 83
17 29
17 16
17 6
17 31
70 17
61 17
52 17
34 17
86 17
80 79
13 53 53 47 48 45 50 12 17 38 25 16 79 23 68 60 60 44 15 53 48 70 61 71 54 9 17 47 44 77 53 16 23 62 38 63 29 60 54 7 10 12 41 38 12 4 24 45 70 50 50 4 17 38 22 4 22 4 10 11 21 68 71 44 65 1 26 29 18 45 37 39 17 75 44 57 16 67 56 36
7 53 4 4 48 45 50 12 17 4 7 16 79 23 4 60 60 4 15 53 48 7 61 4 4 9 17 7 7 7 53 16 23 4 38 63 7 60 4 4 10 7 41 38 12 4 24 45 70 50 50 4 17 38 4 4 7 4 4 4 7 68 7 7 65 1 4 29 18 7 4 39 17 75 4 4 16 67 4 4
20 75
72 75
25 75
19 75
33 75
75 65
62 75
75 27
75 52
4 75
75 50
75 16
75 68
32 75
75 55
71 75
7 75
75 60
5 75
75 15
56 75
75 63
75 45
78 75
75 51
43 75
75 34
75 18
75 73
75 66
13 75
23 75
59 75
54 75
75 14
75 77
75 8
26 75
75 70
38 75
75 22
3 75
75 47
21 75
75 1
75 69
76 75
75 28
75 79
58 75
75 80
75 10
64 75
6 75
75 31
75 2
75 35
75 44
75 61
57 75
53 75
75 24
75 49
75 9
75 48
75 41
75 46
74 75
75 11
75 12
39 75
67 75
75 30
75 17
42 75
40 75
29 75
75 37
36 75
94 93
1 2 3 4 5 6 7 8 9 10 11 12 13 14 15 16 17 18 19 20 21 22 23 24 25 26 27 28 29 30 31 32 33 34 35 36 37 38 39 40 41 42 43 44 45 46 47 48 49 50 51 52 53 54 55 56 57 58 59 60 61 62 63 64 65 66 67 68 69 70 71 72 73 74 75 76 77 78 79 80 81 82 83 84 85 86 87 88 89 90 91 92 93 94
1 2 3 4 2 6 7 8 9 10 11 9 13 9 2 16 17 18 19 20 21 9 2 2 25 26 27 2 29 30 31 32 33 2 2 36 37 38 9 40 9 42 9 2 45 2 47 48 9 50 51 52 2 54 9 9 57 58 2 60 61 62 63 9 9 9 67 9 2 9 71 9 59 74 75 76 77 2 2 80 81 82 9 84 9 86 2 88 9 90 91 9 2 94
46 54
59 46
46 82
46 81
46 34
46 45
56 46
46 49
46 71
53 46
46 57
78 46
46 40
46 66
83 46
46 55
8 46
1 46
46 89
19 46
37 46
38 46
46 3
35 46
46 51
22 46
23 46
58 46
46 52
46 41
62 46
61 46
46 2
85 46
46 32
46 28
90 46
46 73
7 46
80 46
74 46
65 46
20 46
46 50
46 84
44 46
46 27
46 10
72 46
46 42
46 15
87 46
46 48
46 14
26 46
93 46
46 4
29 46
12 46
9 46
46 79
46 76
46 33
46 94
30 46
46 86
18 46
63 46
46 31
13 46
6 46
92 46
25 46
46 24
67 46
46 75
64 46
46 11
46 60
46 39
21 46
91 46
46 16
46 36
46 5
68 46
70 46
46 88
17 46
46 47
46 77
43 46
46 69
95 94
91 88 63 13 37 6 9 5 77 74 13 85 43 36 94 85 73 3 3 52 95 84 85 7 72 67 18 55 89 5 54 47 46 66 62 32 35 9 51 20 40 28 82 88 49 85 47 59 58 67 80 17 27 24 7 72 69 65 54 42 67 63 41 7 41 55 66 4 29 80 42 46 4 68 7 56 16 43 41 72 4 39 57 22 95 47 15 64 70 29 64 16 33 83 50
3 88 63 3 37 3 3 5 77 3 3 85 43 36 3 3 3 3 3 52 95 3 85 3 3 67 18 3 3 5 3 47 46 3 3 3 3 9 3 20 40 3 55 3 49 85 47 59 3 3 80 17 27 3 3 3 3 65 54 42 3 3 41 7 41 55 3 3 29 3 42 46 4 68 3 56 3 43 3 3 3 3 57 3 95 47 3 3 3 3 3 3 33 83 3
20 19
75 19
19 84
19 67
19 53
51 19
19 41
19 74
27 19
19 8
19 87
72 19
19 39
15 19
46 19
19 37
32 19
7 19
19 25
19 3
43 19
19 5
21 19
52 19
19 83
19 76
19 18
19 89
14 19
86 19
19 38
19 1
45 19
64 19
6 19
19 80
91 19
19 10
19 22
12 19
19 30
31 19
19 94
50 19
19 36
2 19
19 23
9 19
62 19
63 19
19 79
17 19
19 73
19 85
19 29
19 40
56 19
19 57
81 19
19 47
19 65
24 19
28 19
19 49
95 19
16 19
82 19
92 19
78 19
19 66
55 19
19 58
60 19
61 19
90 19
19 71
35 19
19 88
42 19
11 19
77 19
19 33
19 26
19 68
19 54
19 13
19 34
70 19
69 19
19 44
59 19
4 19
19 93
48 19
103 102
15 52 55 45 33 47 1 54 56 72 57 20 68 78 89 83 99 43 38 53 22 89 31 64 6 30 28 30 10 90 42 30 55 66 35 47 80 48 43 6 45 77 93 7 101 54 28 93 26 2 86 84 59 11 84 66 78 48 16 15 48 64 103 91 28 73 79 40 13 8 69 59 47 11 103 12 70 20 64 55 65 59 7 59 73 3 11 101 24 43 82 60 7 103 24 22 67 49 22 58 56 103 82
1 8 6 45 33 47 1 54 56 72 57 20 68 6 1 6 99 6 6 53 6 6 11 64 6 6 28 30 10 6 42 22 6 66 6 6 80 43 43 6 45 77 93 6 6 6 28 6 8 2 86 6 59 11 84 1 78 6 16 6 6 6 6 91 28 73 79 40 13 8 69 6 47 11 103 12 8 6 64 8 65 6 6 6 73 3 11 6 24 43 6 60 6 103 24 1 6 49 22 6 1 103 82
96 32
94 96
28 96
7 96
12 96
96 34
96 76
90 96
96 57
96 60
56 96
96 92
96 6
13 96
64 96
96 73
83 96
48 96
96 58
8 96
40 96
72 96
96 26
24 96
96 53
21 96
70 96
44 96
10 96
96 97
96 89
96 63
68 96
96 65
96 11
96 41
84 96
96 35
96 86
93 96
96 54
82 96
71 96
96 9
79 96
17 96
16 96
88 96
96 43
4 96
96 100
96 18
96 77
96 20
96 1
52 96
96 103
96 49
96 59
27 96
96 22
99 96
39 96
96 33
31 96
98 96
2 96
96 61
45 96
96 74
37 96
80 96
96 91
81 96
96 36
96 50
66 96
69 96
96 87
96 23
75 96
15 96
3 96
96 5
14 96
96 29
96 102
96 95
51 96
96 85
47 96
38 96
96 67
96 46
62 96
96 78
96 30
42 96
96 55
96 19
101 96
96 25
83 82
1 2 3 4 5 6 7 8 9 10 11 12 13 14 15 16 17 18 19 20 21 22 23 24 25 26 27 28 29 30 31 32 33 34 35 36 37 38 39 40 41 42 43 44 45 46 47 48 49 50 51 52 53 54 55 56 57 58 59 60 61 62 63 64 65 66 67 68 69 70 71 72 73 74 75 76 77 78 79 80 81 82 83
1 2 3 4 5 6 7 7 7 10 11 12 13 7 15 16 7 7 19 20 7 22 7 24 7 26 7 28 29 30 7 7 33 7 7 7 37 7 39 40 41 42 7 7 42 7 47 7 49 50 51 7 7 7 55 56 57 7 7 7 61 7 63 43 7 7 7 68 43 70 71 72 7 74 7 43 7 7 79 80 7 82 83
44 43
81 43
43 66
68 43
63 43
43 82
75 43
43 36
43 20
83 43
61 43
43 12
40 43
57 43
13 43
77 43
56 43
74 43
7 43
59 43
41 43
43 55
27 43
1 43
43 64
71 43
37 43
43 22
43 49
43 33
43 39
62 43
19 43
43 4
43 5
80 43
79 43
43 30
43 42
43 78
43 25
43 28
43 31
43 52
43 9
43 29
43 2
6 43
54 43
50 43
21 43
43 34
23 43
43 32
43 53
43 11
8 43
43 38
72 43
43 51
14 43
47 43
43 17
76 43
67 43
43 58
26 43
48 43
69 43
43 45
43 73
35 43
43 24
43 15
43 10
70 43
43 60
16 43
43 18
43 46
43 3
43 65
83 82
57 49 34 4 71 67 1 77 15 32 12 51 42 27 23 17 10 18 40 35 53 54 79 78 10 21 24 33 11 35 71 18 70 53 36 68 79 30 13 69 13 4 37 36 19 56 43 62 48 73 53 16 71 78 31 78 6 10 50 28 76 14 47 60 1 6 21 71 37 77 56 32 16 19 10 76 27 52 22 77 14 42 78
57 4 34 4 10 4 1 4 4 1 12 4 4 1 23 17 4 4 40 35 4 32 60 4 10 21 4 4 11 4 71 18 70 4 4 68 4 30 13 69 13 4 4 36 4 56 4 62 48 1 53 16 71 78 31 78 6 10 32 28 4 14 4 60 1 6 4 32 4 77 4 32 4 4 10 4 4 52 22 4 14 42 78
10 51
15 10
10 67
1 10
10 82
10 9
10 37
11 10
59 10
73 10
10 69
3 10
68 10
49 10
10 75
26 10
43 10
23 10
21 10
10 52
31 10
10 8
10 27
10 66
46 10
7 10
10 5
10 78
13 10
10 81
10 45
24 10
72 10
10 22
10 17
56 10
44 10
10 60
54 10
10 57
18 10
10 4
10 53
10 32
14 10
10 39
61 10
10 16
79 10
34 10
80 10
41 10
77 10
10 50
25 10
20 10
35 10
10 55
42 10
71 10
2 10
83 10
33 10
63 10
10 48
19 10
64 10
10 30
62 10
10 28
10 29
38 10
10 65
74 10
10 70
10 58
76 10
10 12
10 40
47 10
6 10
36 10
94 93
1 2 3 4 5 6 7 8 9 10 11 12 13 14 15 16 17 18 19 20 21 22 23 24 25 26 27 28 29 30 31 32 33 34 35 36 37 38 39 40 41 42 43 44 45 46 47 48 49 50 51 52 53 54 55 56 57 58 59 60 61 62 63 64 65 66 67 68 69 70 71 72 73 74 75 76 77 78 79 80 81 82 83 84 85 86 87 88 89 90 91 92 93 94
1 1 1 4 5 1 7 8 1 10 11 12 1 14 15 16 17 1 1 1 21 22 23 1 25 1 27 28 1 11 31 32 33 34 35 1 1 38 1 40 41 42 1 11 1 46 1 48 1 1 1 1 53 54 55 1 1 1 59 60 61 1 63 64 1 1 1 1 1 70 71 72 1 1 75 76 1 78 1 80 81 1 83 84 85 1 1 88 89 1 91 92 1 94
60 65
65 33
51 65
65 67
66 65
85 65
87 65
30 65
81 65
63 65
7 65
56 65
69 65
65 68
65 13
2 65
17 65
89 65
28 65
19 65
65 12
46 65
24 65
6 65
65 8
49 65
59 65
32 65
75 65
65 21
22 65
86 65
65 20
65 80
65 50
65 10
83 65
65 4
65 91
55 65
65 76
65 72
90 65
27 65
37 65
77 65
65 42
65 53
65 93
65 9
38 65
65 74
65 29
65 25
36 65
65 57
14 65
65 45
5 65
65 44
65 84
43 65
65 35
54 65
65 11
1 65
34 65
52 65
94 65
65 92
40 65
65 62
58 65
71 65
65 78
3 65
65 26
65 15
48 65
65 18
65 16
23 65
65 47
65 79
65 88
65 41
73 65
31 65
70 65
65 39
65 64
61 65
82 65
115 114
1 2 3 4 5 6 7 8 9 10 11 12 13 14 15 16 17 18 19 20 21 22 23 24 25 26 27 28 29 30 31 32 33 34 35 36 37 38 39 40 41 42 43 44 45 46 47 48 49 50 51 52 53 54 55 56 57 58 59 60 61 62 63 64 65 66 67 68 69 70 71 72 73 74 75 76 77 78 79 80 81 82 83 84 85 86 87 88 89 90 91 92 93 94 95 96 97 98 99 100 101 102 103 104 105 106 107 108 109 110 111 112 113 114 115
1 2 3 1 5 6 7 8 1 1 1 1 13 14 15 16 17 1 1 1 21 22 23 24 1 26 27 28 29 21 31 32 33 1 35 1 1 38 39 40 8 42 1 44 45 46 1 48 1 50 51 52 8 54 1 56 57 58 8 60 61 62 63 1 65 66 1 68 69 70 11 8 1 1 75 1 1 78 1 1 1 1 83 84 1 8 87 88 89 8 1 92 1 1 1 1 97 98 1 1 1 102 1 104 105 1 107 108 109 1 1 1 113 1 115
100 64
80 100
100 54
1 100
19 100
100 112
100 42
100 87
100 12
100 86
100 17
100 22
96 100
100 50
100 88
101 100
82 100
100 49
107 100
100 78
100 114
69 100
100 53
100 16
100 77
100 63
100 71
110 100
113 100
100 45
100 55
100 94
4 100
48 100
100 57
37 100
100 29
18 100
27 100
100 52
100 74
97 100
89 100
100 35
100 92
115 100
100 13
100 36
111 100
61 100
7 100
100 30
100 38
95 100
100 2
31 100
100 28
56 100
3 100
100 39
10 100
9 100
23 100
100 11
72 100
75 100
41 100
25 100
100 8
108 100
100 60
93 100
100 24
106 100
100 68
100 6
44 100
90 100
100 66
100 58
100 40
33 100
100 91
100 20
99 100
73 100
100 21
100 51
100 84
83 100
100 65
100 43
100 46
100 34
100 32
100 109
85 100
104 100
62 100
59 100
15 100
100 76
26 100
100 105
67 100
70 100
100 103
100 14
81 100
100 79
98 100
5 100
47 100
100 102
81 80
1 2 3 4 5 6 7 8 9 10 11 12 13 14 15 16 17 18 19 20 21 22 23 24 25 26 27 28 29 30 31 32 33 34 35 36 37 38 39 40 41 42 43 44 45 46 47 48 49 50 51 52 53 54 55 56 57 58 59 60 61 62 63 64 65 66 67 68 69 70 71 72 73 74 75 76 77 78 79 80 81
1 1 1 1 1 1 1 1 1 1 1 1 1 1 1 1 1 1 1 1 1 1 1 1 1 1 1 1 1 1 1 1 1 1 1 1 1 1 1 1 1 1 1 1 1 1 1 1 1 1 1 1 1 1 1 1 1 1 1 1 1 1 1 1 1 1 1 1 1 1 1 1 1 1 1 1 1 1 1 1 1
26 66
42 26
69 26
9 26
26 12
26 58
29 26
48 26
40 26
16 26
26 7
26 34
26 68
39 26
26 71
26 46
30 26
26 13
81 26
64 26
49 26
26 8
52 26
50 26
26 25
14 26
26 3
26 24
26 2
62 26
26 56
55 26
26 17
45 26
36 26
26 33
79 26
26 38
26 74
6 26
26 65
61 26
21 26
26 73
27 26
43 26
26 80
26 54
26 4
22 26
26 11
67 26
72 26
26 15
10 26
20 26
5 26
78 26
19 26
47 26
44 26
26 32
26 41
26 31
23 26
18 26
26 1
26 60
26 77
26 63
59 26
26 28
26 76
35 26
57 26
26 70
37 26
26 51
26 75
53 26
115 114
1 2 3 4 5 6 7 8 9 10 11 12 13 14 15 16 17 18 19 20 21 22 23 24 25 26 27 28 29 30 31 32 33 34 35 36 37 38 39 40 41 42 43 44 45 46 47 48 49 50 51 52 53 54 55 56 57 58 59 60 61 62 63 64 65 66 67 68 69 70 71 72 73 74 75 76 77 78 79 80 81 82 83 84 85 86 87 88 89 90 91 92 93 94 95 96 97 98 99 100 101 102 103 104 105 106 107 108 109 110 111 112 113 114 115
1 1 1 4 5 6 7 1 9 1 1 12 13 14 15 16 17 18 19 1 1 4 23 24 4 26 1 28 29 16 1 32 1 1 35 36 5 1 16 40 4 42 5 44 45 46 47 48 49 1 51 52 4 54 55 56 1 58 59 60 61 62 1 64 16 66 67 4 69 5 71 1 1 1 4 76 77 1 1 80 1 82 83 84 85 86 1 1 4 90 5 92 93 1 1 96 97 98 99 100 101 102 103 104 1 1 1 4 1 110 111 112 5 1 5
87 35
87 113
57 87
74 87
106 87
13 87
87 26
104 87
87 70
68 87
6 87
54 87
87 4
87 79
96 87
1 87
45 87
67 87
87 48
55 87
11 87
87 58
80 87
87 115
87 71
12 87
76 87
17 87
72 87
87 108
8 87
77 87
87 39
87 42
81 87
15 87
87 32
78 87
52 87
87 28
21 87
87 18
29 87
87 10
87 107
34 87
91 87
87 69
51 87
87 101
87 24
37 87
87 3
87 75
93 87
59 87
49 87
87 66
109 87
112 87
87 105
87 44
64 87
87 92
87 97
30 87
84 87
89 87
50 87
98 87
5 87
87 56
7 87
22 87
33 87
53 87
87 61
87 86
95 87
87 63
85 87
87 19
82 87
46 87
87 100
87 83
114 87
90 87
94 87
87 110
87 38
41 87
73 87
87 99
16 87
111 87
87 47
87 88
87 9
87 23
40 87
87 36
87 43
87 14
87 103
60 87
87 20
87 31
87 25
87 62
2 87
87 27
87 65
102 87
90 89
1 2 3 4 5 6 7 8 9 10 11 12 13 14 15 16 17 18 19 20 21 22 23 24 25 26 27 28 29 30 31 32 33 34 35 36 37 38 39 40 41 42 43 44 45 46 47 48 49 50 51 52 53 54 55 56 57 58 59 60 61 62 63 64 65 66 67 68 69 70 71 72 73 74 75 76 77 78 79 80 81 82 83 84 85 86 87 88 89 90
1 2 3 4 3 3 7 8 8 10 11 12 13 3 3 14 17 18 19 3 21 22 3 14 8 8 27 28 14 3 3 32 33 34 35 36 37 38 3 40 41 42 43 14 3 3 47 8 3 50 26 52 53 54 3 56 57 58 59 60 14 3 3 8 65 66 67 68 69 57 71 14 73 3 3 76 77 14 8 80 3 14 83 84 85 86 87 3 89 90
75 3
6 75
75 14
28 75
4 75
41 75
75 60
75 7
75 74
40 75
46 75
52 75
75 85
13 75
75 54
75 58
75 20
23 75
62 75
66 75
56 75
75 53
82 75
75 59
39 75
75 80
75 71
75 1
75 42
75 24
5 75
75 88
75 34
45 75
75 25
9 75
76 75
16 75
75 43
75 86
21 75
29 75
75 48
75 57
75 33
75 17
75 11
22 75
75 27
18 75
75 81
50 75
77 75
68 75
75 26
87 75
75 84
75 32
75 55
63 75
72 75
19 75
79 75
69 75
75 12
75 64
37 75
75 44
75 10
75 2
75 8
75 70
75 30
75 15
75 67
49 75
65 75
35 75
75 47
36 75
73 75
75 61
51 75
75 89
38 75
75 78
90 75
83 75
75 31
83 82
1 2 3 4 5 6 7 8 9 10 11 12 13 14 15 16 17 18 19 20 21 22 23 24 25 26 27 28 29 30 31 32 33 34 35 36 37 38 39 40 41 42 43 44 45 46 47 48 49 50 51 52 53 54 55 56 57 58 59 60 61 62 63 64 65 66 67 68 69 70 71 72 73 74 75 76 77 78 79 80 81 82 83
1 1 3 4 3 6 7 8 9 10 3 12 3 3 1 16 17 18 19 9 3 22 3 24 6 26 9 28 1 30 1 1 3 34 35 36 6 38 39 40 41 3 43 1 45 46 6 48 3 3 51 52 53 54 6 1 57 6 59 60 61 62 63 6 3 66 1 3 69 70 6 72 73 73 1 3 77 1 79 80 81 82 83
73 56
43 56
24 56
26 56
56 54
56 4
56 66
40 56
81 56
13 56
56 69
56 75
56 36
48 56
22 56
56 27
52 56
15 56
16 56
56 39
74 56
56 19
20 56
82 56
11 56
56 38
83 56
56 60
31 56
56 49
56 64
56 58
56 47
56 5
56 18
56 68
56 59
56 50
76 56
56 8
80 56
44 56
10 56
56 17
35 56
42 56
45 56
56 70
67 56
56 37
56 53
56 12
56 57
56 6
56 51
79 56
1 56
46 56
41 56
29 56
61 56
71 56
56 55
9 56
56 7
77 56
2 56
21 56
56 62
56 3
56 28
23 56
65 56
25 56
56 78
34 56
56 14
33 56
56 30
56 63
56 72
56 32
98 97
45 60 23 92 42 5 37 52 49 12 40 54 82 79 20 89 5 66 36 70 86 45 16 61 63 2 2 40 42 85 20 34 19 11 47 80 65 74 47 69 68 11 1 3 93 64 65 53 42 16 38 93 89 17 54 15 32 63 29 34 30 28 19 36 18 53 50 77 21 51 83 5 83 32 15 40 19 20 81 43 9 71 33 81 55 13 37 68 58 77 49 39 42 74 53 58 36 76
45 60 1 1 1 1 1 1 49 12 1 1 1 79 20 89 1 66 36 1 86 1 16 61 1 1 2 40 1 85 1 1 1 1 47 80 65 74 47 1 68 11 1 1 1 64 1 1 1 16 38 93 89 1 32 1 1 63 29 34 1 28 19 1 18 53 50 77 1 51 1 5 83 32 15 40 19 1 1 43 1 1 33 1 55 1 1 1 58 1 49 39 42 74 53 1 1 1
78 43
49 43
2 43
43 38
43 93
43 23
62 43
43 20
72 43
43 90
43 88
43 69
43 34
12 43
43 79
43 74
8 43
43 24
30 43
46 43
43 26
53 43
43 22
43 91
39 43
56 43
7 43
43 18
40 43
43 63
43 59
43 32
43 83
33 43
43 27
43 84
6 43
61 43
43 42
65 43
43 11
43 5
43 67
54 43
3 43
51 43
43 76
43 36
25 43
50 43
57 43
43 60
29 43
43 45
48 43
75 43
70 43
44 43
85 43
43 66
43 41
64 43
15 43
10 43
43 81
97 43
94 43
77 43
43 52
43 92
82 43
43 35
16 43
98 43
87 43
43 13
47 43
43 31
21 43
43 95
71 43
43 17
43 80
43 86
43 96
58 43
19 43
43 89
43 68
43 14
37 43
28 43
4 43
55 43
43 73
43 1
43 9
112 111
44 27 64 70 73 104 94 19 96 108 1 33 55 95 78 99 44 64 88 81 45 47 44 53 64 34 38 110 28 33 105 80 94 74 43 34 37 77 87 15 55 33 106 69 74 77 22 25 91 112 18 97 106 42 55 57 59 64 85 46 71 60 12 102 26 11 68 38 51 14 69 58 6 57 15 49 29 87 36 46 67 83 73 73 56 16 72 28 96 82 81 54 99 19 37 107 14 80 25 17 1 9 73 101 15 37 50 36 66 27 71 83
1 1 1 1 1 1 1 1 1 1 1 1 1 1 1 1 1 1 1 1 1 1 1 1 1 1 1 1 1 1 1 1 1 1 1 1 1 1 1 1 1 1 1 1 1 1 1 1 1 1 1 1 1 1 1 1 1 27 1 1 1 1 1 1 1 1 1 1 1 1 1 1 1 1 1 1 1 1 1 1 1 1 1 1 1 1 1 1 1 1 1 1 1 1 1 1 1 1 1 1 1 1 1 1 1 1 1 1 1 1 1 1
47 23
47 97
47 6
64 47
47 81
47 68
47 69
41 47
47 20
47 101
47 103
110 47
47 59
47 7
47 52
57 47
47 99
102 47
76 47
1 47
47 3
75 47
47 22
8 47
47 89
62 47
47 12
2 47
87 47
51 47
91 47
94 47
54 47
74 47
47 56
47 77
47 82
47 49
83 47
47 26
9 47
47 33
79 47
24 47
109 47
58 47
47 44
84 47
53 47
72 47
98 47
73 47
47 48
4 47
65 47
47 29
47 5
47 63
47 85
27 47
90 47
93 47
47 13
16 47
19 47
92 47
47 17
25 47
47 112
21 47
47 108
70 47
47 111
31 47
47 28
71 47
36 47
47 38
47 32
47 86
67 47
66 47
78 47
47 60
47 61
47 30
42 47
47 106
47 45
14 47
47 11
47 46
47 40
37 47
39 47
47 95
80 47
107 47
100 47
104 47
47 34
88 47
47 50
43 47
15 47
47 10
55 47
47 96
47 35
105 47
47 18
110 109
46 106 86 110 86 51 81 45 72 88 55 35 57 38 100 33 12 13 1 39 21 57 4 61 36 37 6 88 30 15 78 1 35 25 70 85 15 2 65 105 53 14 88 64 104 41 66 24 65 15 17 106 10 53 70 49 17 107 104 27 31 62 85 58 32 17 40 54 1 20 21 80 109 96 80 40 33 14 51 105 14 61 73 24 95 59 14 88 29 109 8 87 73 46 13 70 83 78 106 96 89 73 30 9 24 110 84 4 77 49
46 106 86 110 1 13 81 1 72 88 55 13 13 38 13 33 1 1 1 39 1 57 1 61 36 1 1 13 30 1 78 1 13 13 70 85 1 1 65 13 13 14 13 1 1 41 66 24 65 15 17 1 10 53 1 1 17 107 104 27 31 62 1 1 1 13 40 54 1 20 13 80 1 1 80 1 1 14 51 1 14 13 73 1 95 59 14 88 29 109 1 13 13 13 1 70 83 78 106 1 89 73 1 9 24 1 84 1 77 49
38 106
106 42
106 51
106 71
78 106
55 106
106 108
106 68
106 57
106 52
106 30
106 58
34 106
62 106
106 74
54 106
106 104
26 106
99 106
106 61
106 63
106 65
106 3
76 106
66 106
106 33
106 10
106 87
2 106
102 106
13 106
41 106
106 11
31 106
90 106
44 106
79 106
106 72
106 103
106 50
92 106
14 106
85 106
106 81
106 86
47 106
106 110
96 106
106 21
106 77
97 106
94 106
100 106
89 106
106 43
7 106
101 106
67 106
40 106
6 106
106 60
28 106
106 20
17 106
106 16
106 1
106 22
24 106
53 106
106 82
106 35
106 4
83 106
12 106
48 106
106 84
106 80
106 98
106 105
69 106
106 37
59 106
106 25
106 46
106 27
106 95
29 106
106 88
19 106
18 106
23 106
106 15
107 106
32 106
106 64
56 106
91 106
106 45
106 36
109 106
106 8
9 106
39 106
106 73
93 106
5 106
75 106
106 49
70 106
105 104
1 2 3 4 5 6 7 8 9 10 11 12 13 14 15 16 17 18 19 20 21 22 23 24 25 26 27 28 29 30 31 32 33 34 35 36 37 38 39 40 41 42 43 44 45 46 47 48 49 50 51 52 53 54 55 56 57 58 59 60 61 62 63 64 65 66 67 68 69 70 71 72 73 74 75 76 77 78 79 80 81 82 83 84 85 86 87 88 89 90 91 92 93 94 95 96 97 98 99 100 101 102 103 104 105
1 1 1 4 5 1 7 1 1 1 11 12 1 14 1 16 1 18 19 1 1 22 23 24 25 26 27 28 29 1 31 1 1 1 1 1 1 1 39 40 1 1 43 44 45 1 1 48 49 1 51 1 53 1 1 1 57 58 59 60 1 1 63 64 1 1 1 68 1 70 71 1 1 74 1 1 1 1 1 80 81 82 83 84 85 86 87 1 1 90 1 92 93 94 1 1 1 98 1 1 1 102 103 104 105
47 5
4 47
47 12
47 96
84 47
68 47
47 90
33 47
22 47
44 47
59 47
47 63
60 47
47 69
28 47
102 47
94 47
3 47
47 77
71 47
47 13
47 48
47 25
6 47
47 8
47 99
27 47
10 47
47 70
40 47
47 86
85 47
47 95
67 47
30 47
15 47
36 47
47 21
47 105
7 47
47 19
98 47
80 47
47 11
97 47
23 47
32 47
61 47
66 47
47 14
42 47
47 26
47 103
74 47
47 76
37 47
91 47
47 2
38 47
47 73
58 47
47 87
47 49
46 47
50 47
75 47
47 93
53 47
54 47
47 81
20 47
72 47
104 47
47 52
47 41
88 47
9 47
43 47
101 47
29 47
79 47
1 47
24 47
47 17
55 47
47 100
47 34
35 47
47 78
51 47
45 47
47 65
47 56
47 18
92 47
47 82
16 47
83 47
64 47
47 57
47 39
89 47
62 47
47 31
92 91
1 2 3 4 5 6 7 8 9 10 11 12 13 14 15 16 17 18 19 20 21 22 23 24 25 26 27 28 29 30 31 32 33 34 35 36 37 38 39 40 41 42 43 44 45 46 47 48 49 50 51 52 53 54 55 56 57 58 59 60 61 62 63 64 65 66 67 68 69 70 71 72 73 74 75 76 77 78 79 80 81 82 83 84 85 86 87 88 89 90 91 92
1 1 1 1 1 1 1 1 1 1 1 1 1 1 1 1 1 1 1 1 1 1 1 1 1 13 1 1 1 1 1 1 1 1 1 1 1 1 1 1 1 1 1 1 1 1 1 1 1 1 1 1 1 1 1 1 1 1 1 1 1 1 1 1 1 1 1 1 1 1 3 1 1 1 1 1 1 1 1 1 1 1 1 1 1 1 1 1 1 1 1 1
34 44
27 44
44 77
22 44
61 44
9 44
24 44
7 44
44 28
44 86
44 92
83 44
79 44
44 37
44 71
23 44
44 68
73 44
44 89
44 17
56 44
35 44
87 44
43 44
48 44
30 44
44 1
11 44
44 45
80 44
44 85
20 44
12 44
44 51
38 44
90 44
44 18
13 44
91 44
4 44
44 19
44 33
59 44
44 3
44 39
44 26
44 41
44 21
62 44
65 44
44 53
44 54
44 49
14 44
76 44
78 44
2 44
44 67
44 63
42 44
44 81
84 44
88 44
72 44
52 44
44 40
32 44
70 44
44 46
44 60
82 44
44 66
50 44
69 44
44 64
74 44
44 5
44 10
44 8
16 44
58 44
44 57
55 44
29 44
44 31
75 44
47 44
25 44
44 36
44 6
44 15
108 107
1 2 3 4 5 6 7 8 9 10 11 12 13 14 15 16 17 18 19 20 21 22 23 24 25 26 27 28 29 30 31 32 33 34 35 36 37 38 39 40 41 42 43 44 45 46 47 48 49 50 51 52 53 54 55 56 57 58 59 60 61 62 63 64 65 66 67 68 69 70 71 72 73 74 75 76 77 78 79 80 81 82 83 84 85 86 87 88 89 90 91 92 93 94 95 96 97 98 99 100 101 102 103 104 105 106 107 108
1 1 1 1 1 1 1 1 1 1 1 1 1 1 1 1 1 1 1 1 1 1 1 1 1 1 1 1 1 1 1 1 1 1 1 1 1 1 1 1 1 1 1 1 1 1 1 1 1 1 1 1 1 1 1 1 1 1 1 1 1 1 1 1 1 1 1 1 1 1 1 1 1 1 1 1 1 1 1 1 1 1 1 1 1 1 1 1 1 1 1 1 1 1 1 1 1 1 1 1 1 1 1 1 1 1 1 1
101 55
101 65
101 102
101 22
101 3
101 41
82 101
101 19
101 75
56 101
101 83
60 101
101 77
101 78
86 101
101 69
101 100
101 61
101 88
24 101
101 70
101 8
101 14
101 30
101 40
27 101
101 99
101 57
16 101
90 101
101 46
101 38
11 101
101 9
101 45
101 15
79 101
101 12
101 103
101 2
101 5
26 101
62 101
35 101
4 101
101 36
18 101
31 101
101 72
93 101
101 52
23 101
50 101
80 101
101 6
101 39
89 101
101 74
21 101
51 101
84 101
101 71
101 91
101 104
98 101
101 53
101 47
101 67
101 43
101 66
64 101
101 32
85 101
96 101
101 81
101 1
10 101
76 101
108 101
37 101
101 105
101 49
33 101
97 101
101 28
95 101
101 29
101 94
34 101
101 44
7 101
20 101
107 101
42 101
48 101
63 101
73 101
106 101
101 13
101 17
101 58
101 25
87 101
92 101
59 101
68 101
54 101
120 119
1 2 3 4 5 6 7 8 9 10 11 12 13 14 15 16 17 18 19 20 21 22 23 24 25 26 27 28 29 30 31 32 33 34 35 36 37 38 39 40 41 42 43 44 45 46 47 48 49 50 51 52 53 54 55 56 57 58 59 60 61 62 63 64 65 66 67 68 69 70 71 72 73 74 75 76 77 78 79 80 81 82 83 84 85 86 87 88 89 90 91 92 93 94 95 96 97 98 99 100 101 102 103 104 105 106 107 108 109 110 111 112 113 114 115 116 117 118 119 120
1 1 1 1 1 1 1 1 1 1 1 1 1 1 1 1 1 1 1 1 1 1 1 1 1 25 1 1 1 1 1 1 1 1 1 1 1 1 1 1 1 1 1 1 1 1 1 1 1 1 1 1 1 1 1 1 1 1 1 1 1 1 1 1 1 1 1 1 1 1 1 1 1 1 1 1 1 1 1 1 1 1 1 1 1 1 1 1 1 1 1 1 1 1 1 1 1 1 1 1 1 1 1 1 1 1 1 1 1 1 1 1 1 1 1 1 1 1 1 1
2 63
2 67
41 2
10 2
70 2
2 74
15 2
2 47
35 2
2 46
2 21
2 78
118 2
36 2
108 2
2 66
69 2
42 2
2 12
2 51
8 2
13 2
2 85
71 2
2 96
93 2
2 52
106 2
2 111
91 2
97 2
113 2
2 80
2 99
83 2
104 2
2 19
116 2
2 81
2 100
2 103
2 24
82 2
43 2
65 2
18 2
2 120
2 27
14 2
2 22
44 2
2 62
9 2
45 2
49 2
2 16
2 117
72 2
77 2
60 2
2 107
2 75
105 2
2 57
2 95
2 88
2 92
58 2
73 2
2 94
56 2
17 2
2 7
2 37
90 2
54 2
2 4
102 2
2 114
76 2
38 2
2 11
98 2
1 2
2 87
2 110
2 28
112 2
2 3
2 50
2 39
30 2
29 2
34 2
2 119
2 64
2 68
101 2
2 55
109 2
20 2
2 40
48 2
2 84
2 86
2 79
31 2
5 2
25 2
59 2
2 53
2 32
2 115
2 33
61 2
2 89
6 2
23 2
2 26
85 84
1 2 3 4 5 6 7 8 9 10 11 12 13 14 15 16 17 18 19 20 21 22 23 24 25 26 27 28 29 30 31 32 33 34 35 36 37 38 39 40 41 42 43 44 45 46 47 48 49 50 51 52 53 54 55 56 57 58 59 60 61 62 63 64 65 66 67 68 69 70 71 72 73 74 75 76 77 78 79 80 81 82 83 84 85
1 2 3 4 5 6 7 8 9 10 11 12 13 14 15 16 17 4 19 20 21 21 23 17 25 26 6 28 17 11 17 32 18 34 35 6 37 38 6 40 41 42 11 44 45 15 6 17 49 17 51 52 17 17 55 17 57 17 59 6 6 17 15 64 15 66 67 17 69 17 6 72 73 74 75 76 15 78 6 80 81 17 18 6 85
16 18
18 45
85 18
21 18
84 18
72 18
18 1
26 18
18 51
18 70
18 38
9 18
18 77
18 58
18 36
18 79
18 2
61 18
63 18
18 73
18 71
18 25
78 18
40 18
67 18
18 39
82 18
74 18
18 81
30 18
29 18
18 75
54 18
18 60
18 24
18 3
18 62
31 18
18 80
18 48
18 56
49 18
7 18
50 18
28 18
18 27
41 18
43 18
33 18
18 15
18 57
18 83
18 23
18 12
18 59
18 6
53 18
34 18
4 18
35 18
18 65
18 11
69 18
18 64
46 18
18 17
44 18
18 10
18 20
18 66
47 18
18 14
19 18
13 18
18 52
18 8
5 18
18 37
42 18
18 22
18 32
68 18
18 76
55 18
120 119
1 2 3 4 5 6 7 8 9 10 11 12 13 14 15 16 17 18 19 20 21 22 23 24 25 26 27 28 29 30 31 32 33 34 35 36 37 38 39 40 41 42 43 44 45 46 47 48 49 50 51 52 53 54 55 56 57 58 59 60 61 62 63 64 65 66 67 68 69 70 71 72 73 74 75 76 77 78 79 80 81 82 83 84 85 86 87 88 89 90 91 92 93 94 95 96 97 98 99 100 101 102 103 104 105 106 107 108 109 110 111 112 113 114 115 116 117 118 119 120
1 2 1 4 5 1 5 5 5 1 11 12 13 14 15 1 5 18 19 20 21 22 1 24 25 26 5 5 29 30 19 32 5 1 5 36 1 19 39 40 5 42 5 44 5 46 47 48 5 5 51 52 53 54 5 56 57 58 59 60 61 1 63 5 1 66 5 5 1 5 19 72 5 74 5 5 5 1 79 80 1 82 83 84 5 86 87 5 19 5 5 92 1 1 1 96 97 98 99 100 101 1 5 104 1 5 107 108 109 110 1 112 5 114 115 116 1 1 119 120
111 29
111 90
94 111
111 17
32 111
80 111
7 111
111 15
111 112
111 47
111 68
111 69
111 62
111 102
87 111
107 111
33 111
48 111
23 111
70 111
111 60
11 111
111 44
31 111
19 111
1 111
40 111
111 72
6 111
111 42
57 111
111 82
111 66
53 111
111 35
89 111
27 111
111 67
25 111
111 9
111 86
111 13
111 65
4 111
111 5
111 100
79 111
84 111
111 85
111 83
8 111
73 111
36 111
111 63
111 59
75 111
24 111
97 111
111 101
118 111
105 111
3 111
99 111
111 96
20 111
111 54
46 111
38 111
111 95
30 111
34 111
111 58
117 111
45 111
119 111
111 55
51 111
28 111
74 111
111 39
92 111
56 111
111 115
77 111
43 111
37 111
116 111
111 49
111 114
104 111
12 111
2 111
26 111
111 91
111 120
111 71
110 111
111 108
111 81
111 113
111 98
111 106
111 61
10 111
111 52
103 111
111 14
111 41
64 111
111 18
21 111
111 22
76 111
88 111
50 111
16 111
111 93
109 111
111 78
98 97
1 2 3 4 5 6 7 8 9 10 11 12 13 14 15 16 17 18 19 20 21 22 23 24 25 26 27 28 29 30 31 32 33 34 35 36 37 38 39 40 41 42 43 44 45 46 47 48 49 50 51 52 53 54 55 56 57 58 59 60 61 62 63 64 65 66 67 68 69 70 71 72 73 74 75 76 77 78 79 80 81 82 83 84 85 86 87 88 89 90 91 92 93 94 95 96 97 98
1 2 3 4 5 6 7 8 4 2 11 12 4 4 4 16 17 4 19 4 4 4 23 24 2 26 27 28 2 4 31 32 33 4 4 36 37 4 39 40 4 4 43 4 2 46 4 4 2 2 4 4 53 54 55 4 57 2 59 60 61 4 63 64 2 66 67 68 69 4 71 72 4 74 75 76 77 4 4 4 81 82 4 84 2 4 4 4 89 5 4 4 93 2 95 96 4 98
85 31
38 85
85 40
85 18
85 87
85 25
85 28
81 85
85 91
85 67
54 85
20 85
85 21
30 85
52 85
85 93
85 61
85 24
85 92
85 51
10 85
35 85
85 77
64 85
85 56
85 65
85 33
43 85
85 3
85 46
9 85
85 95
85 57
85 82
85 59
85 47
15 85
49 85
85 32
85 71
70 85
85 75
23 85
83 85
80 85
85 90
63 85
85 68
89 85
4 85
69 85
85 34
97 85
84 85
60 85
53 85
41 85
86 85
85 76
16 85
85 55
29 85
85 39
94 85
12 85
85 6
7 85
14 85
22 85
50 85
27 85
85 44
85 17
85 8
85 2
66 85
85 58
45 85
79 85
98 85
96 85
5 85
19 85
13 85
85 36
85 42
85 48
74 85
1 85
11 85
85 26
88 85
85 37
62 85
73 85
72 85
78 85
98 97
1 2 3 4 5 6 7 8 9 10 11 12 13 14 15 16 17 18 19 20 21 22 23 24 25 26 27 28 29 30 31 32 33 34 35 36 37 38 39 40 41 42 43 44 45 46 47 48 49 50 51 52 53 54 55 56 57 58 59 60 61 62 63 64 65 66 67 68 69 70 71 72 73 74 75 76 77 78 79 80 81 82 83 84 85 86 87 88 89 90 91 92 93 94 95 96 97 98
1 1 1 1 1 1 1 1 1 1 1 1 1 1 1 1 1 1 1 1 1 1 1 1 1 1 1 1 1 1 1 1 1 1 1 1 1 1 1 1 1 1 1 1 1 1 1 1 1 1 1 1 1 1 1 1 1 1 1 1 48 1 1 1 1 1 1 1 1 1 1 1 1 1 1 1 1 1 1 1 1 1 1 1 1 1 1 1 1 1 1 1 1 1 1 1 1 1
14 21
21 9
20 21
48 21
21 27
36 21
45 21
68 21
21 58
21 71
44 21
46 21
16 21
12 21
11 21
21 55
90 21
67 21
32 21
26 21
63 21
21 40
21 88
52 21
21 78
21 13
21 60
21 94
21 3
65 21
21 1
97 21
21 38
21 56
10 21
49 21
21 81
31 21
21 77
79 21
30 21
82 21
21 29
21 98
21 57
43 21
34 21
5 21
73 21
21 7
21 93
21 74
76 21
83 21
62 21
21 92
21 42
33 21
53 21
21 54
91 21
59 21
21 47
21 22
61 21
21 25
21 24
50 21
2 21
21 39
70 21
41 21
51 21
75 21
21 66
4 21
21 86
18 21
84 21
19 21
95 21
96 21
28 21
89 21
21 17
21 64
21 85
21 37
21 72
21 23
21 6
21 35
21 87
80 21
69 21
15 21
21 8
92 91
1 2 3 4 5 6 7 8 9 10 11 12 13 14 15 16 17 18 19 20 21 22 23 24 25 26 27 28 29 30 31 32 33 34 35 36 37 38 39 40 41 42 43 44 45 46 47 48 49 50 51 52 53 54 55 56 57 58 59 60 61 62 63 64 65 66 67 68 69 70 71 72 73 74 75 76 77 78 79 80 81 82 83 84 85 86 87 88 89 90 91 92
1 2 3 3 1 6 1 8 9 10 11 12 13 14 3 1 1 18 1 1 1 22 1 24 1 26 27 28 1 30 31 32 33 34 1 36 37 1 39 40 41 3 1 44 45 1 3 1 49 3 1 3 53 54 55 56 57 58 59 60 61 1 63 64 65 1 67 3 69 1 71 1 3 74 1 76 77 78 79 80 81 1 83 1 1 1 87 1 45 1 1 92
59 70
79 70
91 70
25 70
70 60
54 70
34 70
88 70
70 16
70 56
80 70
70 13
70 61
87 70
70 64
70 7
27 70
53 70
77 70
70 75
72 70
49 70
70 29
39 70
2 70
6 70
66 70
48 70
9 70
70 43
10 70
41 70
3 70
57 70
70 86
85 70
32 70
36 70
51 70
70 23
4 70
70 90
70 35
47 70
37 70
46 70
44 70
70 18
38 70
81 70
70 14
33 70
70 12
70 69
74 70
83 70
70 78
70 21
52 70
26 70
70 76
42 70
84 70
1 70
8 70
71 70
30 70
70 55
92 70
5 70
58 70
45 70
22 70
89 70
70 15
65 70
70 19
70 82
67 70
70 73
70 17
70 31
50 70
68 70
62 70
28 70
70 20
24 70
11 70
70 63
70 40
100 99
1 2 3 4 5 6 7 8 9 10 11 12 13 14 15 16 17 18 19 20 21 22 23 24 25 26 27 28 29 30 31 32 33 34 35 36 37 38 39 40 41 42 43 44 45 46 47 48 49 50 51 52 53 54 55 56 57 58 59 60 61 62 63 64 65 66 67 68 69 70 71 72 73 74 75 76 77 78 79 80 81 82 83 84 85 86 87 88 89 90 91 92 93 94 95 96 97 98 99 100
1 1 1 1 1 1 1 1 1 1 1 1 1 1 1 1 1 1 1 1 1 1 1 1 1 1 1 1 1 1 1 1 1 1 1 1 1 1 1 1 1 1 1 1 1 1 1 1 49 1 1 1 1 1 1 1 1 1 1 1 1 1 1 1 1 1 1 1 1 1 1 1 1 1 1 1 1 1 1 1 1 1 1 1 1 1 1 1 1 1 1 1 1 1 1 1 1 1 1 1
99 51
51 91
27 51
51 75
51 5
55 51
33 51
51 67
51 85
51 4
97 51
51 100
40 51
51 92
51 31
51 29
51 77
76 51
21 51
41 51
42 51
18 51
73 51
72 51
51 19
51 84
51 81
24 51
52 51
26 51
2 51
51 20
51 46
51 32
51 3
51 47
51 17
51 10
51 86
51 98
51 88
6 51
13 51
51 54
34 51
95 51
51 68
51 38
79 51
51 62
16 51
51 30
90 51
1 51
74 51
66 51
96 51
51 89
51 59
78 51
51 93
43 51
57 51
51 23
51 25
53 51
64 51
51 8
11 51
87 51
12 51
51 71
7 51
80 51
69 51
51 14
49 51
51 45
51 35
51 82
56 51
28 51
60 51
51 50
63 51
51 70
51 44
51 15
37 51
65 51
51 58
51 9
51 83
51 61
51 22
51 39
51 94
36 51
48 51
103 102
84 30 85 101 85 50 44 12 70 98 103 48 65 11 9 37 99 4 58 56 32 76 75 30 4 40 23 44 26 101 36 7 78 77 95 18 86 5 10 46 28 76 35 88 92 37 27 39 87 62 58 42 89 3 89 5 80 86 81 63 88 13 9 54 10 48 53 54 84 87 10 38 42 52 3 40 46 47 84 43 50 38 5 28 8 90 45 88 16 34 34 15 23 33 13 103 43 18 22 95 65 73 78
3 3 3 3 3 3 3 3 3 3 3 3 3 3 3 3 3 3 3 3 3 3 3 3 3 3 3 3 3 3 3 3 3 3 3 3 3 3 3 3 3 3 3 3 3 3 3 3 3 3 3 3 3 3 3 3 3 3 3 3 3 3 3 3 3 3 3 3 3 3 3 3 3 3 3 3 3 3 3 3 3 3 3 3 3 3 3 3 3 3 3 3 3 3 3 3 3 3 3 3 3 3 3
33 67
19 33
33 83
33 72
33 21
33 99
15 33
33 9
33 51
33 57
102 33
28 33
33 31
33 24
33 22
27 33
48 33
33 49
46 33
69 33
33 80
33 37
53 33
62 33
10 33
85 33
96 33
35 33
33 97
33 70
73 33
65 33
45 33
25 33
13 33
58 33
20 33
33 101
33 60
41 33
30 33
33 66
33 55
33 1
33 63
64 33
33 39
33 42
36 33
33 56
50 33
86 33
33 43
33 71
33 40
33 12
33 90
33 98
33 38
18 33
54 33
26 33
92 33
33 78
33 77
33 82
59 33
44 33
4 33
11 33
33 47
33 68
33 7
34 33
33 23
74 33
89 33
33 32
33 79
33 5
33 93
14 33
33 75
2 33
33 76
91 33
33 16
29 33
33 81
94 33
6 33
33 95
88 33
61 33
87 33
33 84
33 3
100 33
33 52
33 103
33 17
33 8
90 89
1 2 3 4 5 6 7 8 9 10 11 12 13 14 15 16 17 18 19 20 21 22 23 24 25 26 27 28 29 30 31 32 33 34 35 36 37 38 39 40 41 42 43 44 45 46 47 48 49 50 51 52 53 54 55 56 57 58 59 60 61 62 63 64 65 66 67 68 69 70 71 72 73 74 75 76 77 78 79 80 81 82 83 84 85 86 87 88 89 90
1 2 3 4 4 6 7 8 4 10 4 12 13 14 15 16 17 4 1 11 1 4 23 4 25 26 27 28 1 30 31 32 11 34 35 36 37 11 4 40 41 42 43 44 19 46 47 19 1 50 51 52 53 1 55 4 1 19 59 1 61 19 63 64 65 1 19 68 1 70 71 1 4 19 75 76 77 78 19 80 4 4 83 84 1 4 19 88 1 4
54 23
54 35
54 15
54 67
2 54
38 54
19 54
73 54
28 54
40 54
8 54
14 54
54 29
54 9
54 6
54 27
83 54
54 44
54 75
54 87
54 32
84 54
54 69
54 79
54 42
49 54
54 65
12 54
62 54
54 59
1 54
71 54
54 58
16 54
26 54
54 5
18 54
78 54
54 21
54 89
54 41
37 54
54 72
90 54
60 54
36 54
7 54
54 74
54 77
54 51
82 54
61 54
66 54
43 54
17 54
13 54
54 57
54 88
46 54
45 54
80 54
52 54
54 56
30 54
10 54
54 85
11 54
47 54
54 63
54 25
24 54
54 81
22 54
54 39
54 4
68 54
54 20
76 54
54 55
48 54
31 54
3 54
54 86
50 54
34 54
54 53
54 33
64 54
54 70
80 79
1 2 3 4 5 6 7 8 9 10 11 12 13 14 15 16 17 18 19 20 21 22 23 24 25 26 27 28 29 30 31 32 33 34 35 36 37 38 39 40 41 42 43 44 45 46 47 48 49 50 51 52 53 54 55 56 57 58 59 60 61 62 63 64 65 66 67 68 69 70 71 72 73 74 75 76 77 78 79 80
1 1 1 1 1 1 1 1 1 1 1 1 1 1 1 1 1 1 1 1 1 1 1 1 1 1 1 1 1 1 1 1 1 1 1 1 1 1 1 1 1 1 1 1 1 1 1 1 1 1 1 1 1 1 1 1 1 1 1 1 1 1 1 1 1 1 1 1 1 1 1 1 1 1 1 1 1 1 1 1
77 68
77 58
77 8
37 77
35 77
47 77
61 77
43 77
77 49
77 25
80 77
77 20
77 71
70 77
77 9
77 39
77 30
24 77
50 77
3 77
77 78
51 77
77 19
77 5
66 77
16 77
77 69
45 77
77 33
72 77
67 77
62 77
77 23
53 77
63 77
77 22
15 77
77 59
77 32
77 11
55 77
40 77
77 41
77 56
77 38
77 6
1 77
42 77
28 77
4 77
31 77
77 74
57 77
77 29
77 26
79 77
10 77
77 65
34 77
77 54
77 36
21 77
77 18
2 77
77 17
77 76
77 7
73 77
27 77
44 77
60 77
77 12
77 75
77 46
64 77
77 52
77 13
77 14
48 77
91 90
70 44 13 16 80 63 57 62 41 18 42 30 12 54 9 64 63 38 23 77 86 75 86 77 6 27 44 78 37 50 14 84 79 80 84 16 1 84 54 50 28 18 43 72 34 44 18 25 90 58 22 50 84 45 23 6 1 25 13 26 67 5 10 90 84 35 44 76 3 73 53 24 63 44 26 86 21 57 4 10 67 74 52 84 36 27 39 10 65 22 76
70 6 13 16 5 6 57 5 41 18 5 30 12 5 5 64 63 6 23 77 6 75 86 6 6 27 6 5 5 6 14 84 79 5 84 16 1 84 54 50 5 18 36 72 6 6 6 25 90 58 5 50 14 45 23 6 1 6 13 5 36 5 6 90 5 5 5 5 3 73 53 24 5 44 5 86 21 6 4 10 6 6 52 84 5 27 39 10 36 6 5
85 65
16 85
50 85
85 81
30 85
85 52
28 85
71 85
85 76
85 8
85 11
85 75
85 88
87 85
85 6
27 85
24 85
21 85
85 77
85 38
58 85
15 85
85 57
85 41
85 5
79 85
85 25
85 48
85 13
85 4
35 85
85 47
42 85
85 19
60 85
2 85
85 91
78 85
32 85
53 85
85 84
61 85
85 82
85 22
73 85
85 14
85 74
85 54
9 85
85 44
69 85
85 56
12 85
85 36
85 83
85 72
85 26
85 3
85 68
85 43
85 63
89 85
59 85
45 85
90 85
85 70
62 85
55 85
67 85
18 85
85 86
33 85
85 10
85 31
85 17
39 85
85 7
49 85
85 37
46 85
40 85
34 85
85 29
85 23
20 85
85 1
85 51
85 66
85 80
64 85
100 99
1 2 3 4 5 6 7 8 9 10 11 12 13 14 15 16 17 18 19 20 21 22 23 24 25 26 27 28 29 30 31 32 33 34 35 36 37 38 39 40 41 42 43 44 45 46 47 48 49 50 51 52 53 54 55 56 57 58 59 60 61 62 63 64 65 66 67 68 69 70 71 72 73 74 75 76 77 78 79 80 81 82 83 84 85 86 87 88 89 90 91 92 93 94 95 96 97 98 99 100
1 1 1 1 1 1 1 1 1 1 1 1 1 1 1 1 1 1 1 1 1 1 1 1 25 1 1 1 1 1 1 1 1 1 1 1 1 1 1 1 1 1 1 1 1 1 1 1 1 1 1 1 1 1 1 1 1 1 1 1 1 1 1 1 1 1 1 1 1 1 1 1 1 1 1 1 1 1 1 1 1 1 1 1 1 1 1 1 1 1 1 1 1 1 1 1 1 1 1 1
92 52
52 63
46 52
52 86
52 34
52 14
52 23
52 82
52 93
52 35
94 52
52 79
52 41
52 3
52 2
100 52
22 52
52 45
1 52
52 76
54 52
18 52
52 99
36 52
6 52
10 52
52 80
52 17
5 52
87 52
52 43
52 37
52 16
52 42
52 70
52 31
77 52
52 65
52 47
73 52
27 52
15 52
29 52
52 64
26 52
52 59
52 28
74 52
71 52
68 52
95 52
50 52
52 62
98 52
52 69
52 20
83 52
52 9
52 90
24 52
89 52
52 60
75 52
48 52
52 40
52 56
4 52
53 52
52 7
52 67
19 52
52 25
52 30
52 33
52 91
57 52
39 52
38 52
52 13
44 52
52 12
11 52
78 52
96 52
52 72
52 84
52 66
52 8
52 81
52 21
61 52
52 85
58 52
32 52
52 88
52 51
97 52
49 52
52 55
94 93
1 2 3 4 5 6 7 8 9 10 11 12 13 14 15 16 17 18 19 20 21 22 23 24 25 26 27 28 29 30 31 32 33 34 35 36 37 38 39 40 41 42 43 44 45 46 47 48 49 50 51 52 53 54 55 56 57 58 59 60 61 62 63 64 65 66 67 68 69 70 71 72 73 74 75 76 77 78 79 80 81 82 83 84 85 86 87 88 89 90 91 92 93 94
1 1 1 1 1 1 1 1 1 1 1 1 1 1 1 1 1 1 1 1 1 1 1 1 1 1 1 1 1 1 1 1 1 34 1 1 1 1 1 1 1 1 1 1 1 1 1 1 1 1 1 1 1 1 1 1 1 1 1 1 1 1 1 1 1 1 1 1 1 1 1 1 1 1 1 1 1 1 1 1 1 1 1 1 1 1 1 1 1 1 1 1 1 1
71 42
31 42
64 42
67 42
19 42
42 75
42 54
55 42
85 42
42 91
42 80
74 42
49 42
42 82
10 42
42 13
27 42
42 90
60 42
6 42
42 16
59 42
62 42
51 42
36 42
76 42
42 20
9 42
42 14
42 39
42 45
42 38
12 42
15 42
42 81
42 83
42 28
73 42
33 42
77 42
42 23
22 42
42 61
42 68
63 42
42 2
42 1
42 44
42 50
87 42
93 42
42 94
42 66
42 79
42 26
42 25
8 42
29 42
42 5
92 42
24 42
43 42
35 42
34 42
42 18
88 42
48 42
4 42
42 21
42 57
42 69
72 42
70 42
42 17
3 42
11 42
42 53
42 37
42 89
42 40
42 78
42 7
47 42
56 42
32 42
42 41
58 42
42 52
42 65
30 42
46 42
42 86
42 84
95 94
57 40 90 28 48 34 37 10 50 28 19 67 1 69 3 59 1 19 88 38 6 28 13 6 61 8 37 39 49 70 37 3 8 91 49 79 58 9 36 77 22 55 93 79 69 61 74 28 35 57 19 23 22 75 49 13 11 35 20 10 82 19 17 69 88 65 12 40 57 32 76 90 54 3 34 18 18 27 81 80 46 33 67 40 28 6 24 66 14 36 27 43 3 26 28
57 40 90 28 1 1 1 1 50 1 1 67 1 1 1 1 1 19 1 38 1 28 13 1 61 8 37 1 49 1 37 3 1 91 1 79 1 1 1 77 22 1 1 79 69 61 74 1 35 57 19 1 1 75 1 1 1 35 20 1 82 1 17 69 88 65 1 1 57 32 1 90 54 3 1 18 1 1 1 1 1 1 67 40 1 6 1 66 1 36 1 43 3 26 1
80 45
41 80
6 80
80 92
80 95
80 90
51 80
80 56
80 18
76 80
72 80
78 80
80 62
71 80
48 80
88 80
80 7
93 80
80 35
84 80
80 49
80 12
80 85
80 54
74 80
77 80
80 89
80 2
60 80
29 80
80 91
80 3
40 80
15 80
5 80
22 80
69 80
46 80
82 80
80 38
58 80
34 80
75 80
61 80
21 80
80 33
80 44
31 80
47 80
80 86
68 80
87 80
80 36
53 80
65 80
66 80
80 1
80 25
80 55
80 64
27 80
80 32
80 70
73 80
80 94
80 14
9 80
80 26
11 80
23 80
79 80
80 20
80 16
57 80
80 67
80 63
80 4
43 80
28 80
83 80
42 80
50 80
39 80
81 80
13 80
80 8
80 37
52 80
80 30
80 24
19 80
17 80
80 59
10 80
106 105
2 66 100 33 18 75 1 37 59 70 15 52 34 95 84 63 56 15 92 66 74 102 61 8 45 12 77 18 5 85 9 63 76 42 76 31 53 57 103 52 106 4 62 93 87 26 66 91 20 89 51 60 58 43 29 65 3 75 106 95 2 99 48 39 13 102 16 69 16 85 64 47 7 35 62 28 28 23 80 43 82 38 67 75 83 34 23 59 10 48 87 91 58 24 80 93 71 78 46 24 19 13 23 60 6 20
2 66 1 1 18 26 1 37 59 70 1 52 34 1 1 63 1 15 1 1 74 102 26 8 45 12 77 18 5 85 7 63 1 1 76 31 53 1 26 52 106 1 62 93 1 1 20 26 20 1 51 7 58 7 1 1 3 7 1 87 2 99 48 39 13 102 16 1 16 26 16 47 7 35 62 1 28 23 80 16 7 1 67 75 16 1 23 59 10 48 87 26 1 1 80 93 1 78 1 7 19 13 23 60 6 20
52 15
15 30
15 20
15 6
3 15
15 67
15 44
15 13
15 69
15 60
15 42
15 24
97 15
15 102
15 37
15 78
15 92
15 35
15 74
29 15
15 41
15 91
27 15
15 45
21 15
15 43
17 15
15 2
15 57
15 55
15 75
14 15
5 15
76 15
95 15
15 106
23 15
101 15
15 22
83 15
15 48
15 54
15 65
15 56
77 15
90 15
61 15
15 80
15 70
73 15
81 15
79 15
82 15
7 15
8 15
15 99
26 15
72 15
18 15
28 15
104 15
15 64
15 49
36 15
63 15
15 34
93 15
15 31
68 15
15 71
51 15
89 15
15 11
15 96
1 15
103 15
86 15
53 15
40 15
39 15
66 15
59 15
15 100
4 15
15 50
15 94
47 15
15 25
15 84
15 16
12 15
15 62
15 19
15 33
15 105
15 38
15 10
15 88
87 15
15 9
15 46
58 15
15 98
15 85
32 15
94 93
19 7 75 74 87 88 27 72 93 35 77 78 61 80 22 88 70 58 14 53 83 69 77 28 18 71 8 58 27 6 79 52 37 75 92 31 91 28 6 18 19 29 26 52 74 55 92 56 32 88 37 73 84 64 44 54 2 62 29 75 35 89 31 76 91 82 31 21 4 58 12 3 85 84 31 75 31 77 36 78 25 39 69 53 17 66 44 12 3 58 38 65 39 9
2 2 2 2 2 2 2 2 2 2 2 2 2 2 2 88 2 2 2 2 2 2 2 2 2 2 2 2 2 2 2 2 2 2 2 2 2 2 2 2 2 2 2 2 2 2 2 2 2 2 2 2 2 2 2 2 2 2 2 2 2 2 2 2 2 2 2 2 2 2 2 2 2 2 2 2 2 2 2 2 2 2 2 2 2 2 2 2 2 2 2 2 2 2
50 5
63 5
5 22
5 94
4 5
85 5
5 39
5 67
1 5
20 5
5 90
38 5
5 26
5 60
5 56
30 5
35 5
8 5
5 53
5 9
21 5
5 40
5 57
5 47
24 5
25 5
5 23
79 5
5 68
5 28
89 5
84 5
58 5
5 65
77 5
88 5
5 69
5 73
93 5
18 5
27 5
5 11
5 43
64 5
34 5
5 15
5 44
5 48
5 19
5 52
5 62
5 87
5 6
5 7
54 5
42 5
83 5
5 17
5 33
78 5
5 74
14 5
59 5
49 5
71 5
16 5
5 2
5 29
82 5
80 5
92 5
5 61
32 5
5 12
5 3
5 70
5 76
10 5
5 37
46 5
5 72
86 5
55 5
13 5
5 91
5 66
51 5
5 41
81 5
5 45
5 31
5 75
5 36
97 96
1 2 3 4 5 6 7 8 9 10 11 12 13 14 15 16 17 18 19 20 21 22 23 24 25 26 27 28 29 30 31 32 33 34 35 36 37 38 39 40 41 42 43 44 45 46 47 48 49 50 51 52 53 54 55 56 57 58 59 60 61 62 63 64 65 66 67 68 69 70 71 72 73 74 75 76 77 78 79 80 81 82 83 84 85 86 87 88 89 90 91 92 93 94 95 96 97
1 1 1 1 1 1 1 1 1 1 1 1 1 1 1 1 1 1 1 1 1 1 1 1 1 1 1 1 1 1 1 1 1 1 1 1 1 1 1 1 1 1 1 1 1 1 1 1 1 1 1 1 1 1 1 1 1 1 1 1 1 1 1 1 1 1 1 1 1 1 1 1 1 1 1 1 1 71 1 1 1 1 1 1 1 1 1 1 1 1 1 1 1 1 1 1 1
61 66
14 66
69 66
17 66
66 34
28 66
66 56
19 66
66 1
66 92
35 66
38 66
3 66
66 24
9 66
13 66
20 66
66 59
11 66
46 66
39 66
66 58
66 75
76 66
66 93
60 66
66 6
66 12
66 16
27 66
66 67
91 66
70 66
66 84
40 66
55 66
66 71
96 66
49 66
66 74
51 66
43 66
31 66
44 66
32 66
66 5
66 25
66 37
66 50
66 81
97 66
77 66
66 72
53 66
22 66
66 86
10 66
2 66
66 85
66 90
79 66
23 66
66 64
66 68
94 66
66 42
66 30
87 66
66 36
66 63
66 80
65 66
52 66
29 66
66 89
15 66
66 45
66 21
57 66
66 83
88 66
54 66
66 8
47 66
41 66
78 66
62 66
66 82
4 66
66 18
66 73
66 48
95 66
33 66
26 66
7 66
82 81
1 2 3 4 5 6 7 8 9 10 11 12 13 14 15 16 17 18 19 20 21 22 23 24 25 26 27 28 29 30 31 32 33 34 35 36 37 38 39 40 41 42 43 44 45 46 47 48 49 50 51 52 53 54 55 56 57 58 59 60 61 62 63 64 65 66 67 68 69 70 71 72 73 74 75 76 77 78 79 80 81 82
1 1 1 1 1 1 1 1 1 1 1 1 1 1 1 1 1 1 1 1 1 1 1 1 1 1 1 1 1 1 1 1 1 1 1 1 1 1 1 1 1 1 1 1 1 1 1 1 1 1 1 1 1 1 1 1 1 1 1 1 1 1 1 1 1 1 1 1 1 1 1 1 1 1 1 1 1 1 1 1 1 1
52 37
37 39
37 12
37 61
37 66
9 37
48 37
67 37
37 36
5 37
53 37
68 37
37 3
24 37
37 62
80 37
78 37
17 37
42 37
81 37
37 38
54 37
40 37
37 75
47 37
50 37
37 35
37 63
37 1
37 44
26 37
59 37
37 71
34 37
6 37
25 37
55 37
43 37
15 37
37 64
37 82
37 28
20 37
27 37
37 11
73 37
31 37
2 37
37 77
37 23
33 37
49 37
16 37
76 37
13 37
37 29
18 37
37 56
37 51
37 41
30 37
32 37
58 37
46 37
10 37
65 37
37 8
37 79
4 37
37 19
37 70
37 60
74 37
7 37
21 37
14 37
37 45
37 69
57 37
37 22
72 37
104 103
1 2 3 4 5 6 7 8 9 10 11 12 13 14 15 16 17 18 19 20 21 22 23 24 25 26 27 28 29 30 31 32 33 34 35 36 37 38 39 40 41 42 43 44 45 46 47 48 49 50 51 52 53 54 55 56 57 58 59 60 61 62 63 64 65 66 67 68 69 70 71 72 73 74 75 76 77 78 79 80 81 82 83 84 85 86 87 88 89 90 91 92 93 94 95 96 97 98 99 100 101 102 103 104
1 1 1 1 1 1 1 1 1 1 1 1 1 1 1 1 1 1 1 1 1 1 1 1 1 1 1 1 1 1 1 1 1 1 1 1 1 1 1 1 1 1 1 1 1 1 1 1 1 1 1 1 1 1 1 1 1 1 1 1 1 1 1 62 1 1 1 1 1 1 1 1 1 1 1 1 1 1 1 1 1 1 1 1 1 1 1 1 1 1 1 1 1 1 1 1 1 1 1 1 1 1 1 1
17 61
61 73
61 14
61 77
61 39
21 61
61 103
61 84
61 9
61 8
61 95
2 61
61 13
61 50
61 34
61 85
61 1
65 61
61 54
67 61
61 46
62 61
78 61
61 49
61 37
61 93
61 52
24 61
45 61
96 61
61 99
89 61
61 75
36 61
61 38
12 61
61 102
61 104
61 6
51 61
61 31
61 43
61 44
61 28
61 26
61 29
23 61
16 61
61 22
61 48
47 61
61 7
61 20
61 82
61 4
41 61
68 61
61 91
61 40
58 61
76 61
71 61
61 33
35 61
19 61
57 61
61 30
66 61
3 61
88 61
72 61
87 61
61 94
61 11
61 27
61 79
90 61
61 81
61 5
69 61
25 61
61 56
32 61
86 61
53 61
64 61
61 10
61 59
55 61
61 60
61 42
18 61
61 80
61 63
74 61
70 61
83 61
98 61
61 92
97 61
61 101
15 61
61 100
94 93
1 2 3 4 5 6 7 8 9 10 11 12 13 14 15 16 17 18 19 20 21 22 23 24 25 26 27 28 29 30 31 32 33 34 35 36 37 38 39 40 41 42 43 44 45 46 47 48 49 50 51 52 53 54 55 56 57 58 59 60 61 62 63 64 65 66 67 68 69 70 71 72 73 74 75 76 77 78 79 80 81 82 83 84 85 86 87 88 89 90 91 92 93 94
1 1 1 1 1 1 1 1 1 1 1 1 1 1 1 1 1 1 1 1 1 1 1 1 1 1 1 1 1 1 1 1 1 1 1 1 1 1 1 1 1 1 1 1 1 1 1 1 1 1 1 1 1 1 1 1 1 1 1 1 1 1 1 1 1 1 1 1 1 1 1 1 1 1 1 1 1 1 1 1 1 1 1 1 1 1 1 1 1 1 1 1 1 1
59 92
56 92
76 92
92 23
92 82
27 92
92 19
92 87
92 29
92 3
36 92
92 49
92 66
5 92
12 92
79 92
62 92
89 92
83 92
37 92
92 13
92 1
92 69
92 86
34 92
92 47
92 16
92 35
92 78
92 20
53 92
52 92
44 92
92 60
71 92
38 92
92 30
92 64
92 77
92 93
15 92
92 75
92 73
51 92
90 92
84 92
92 74
92 91
9 92
92 58
92 17
92 42
92 40
67 92
92 46
92 94
41 92
92 48
92 50
61 92
80 92
31 92
32 92
57 92
92 55
72 92
4 92
92 28
92 39
92 8
92 65
92 45
7 92
92 68
92 88
6 92
92 26
92 18
92 25
63 92
92 43
92 2
92 70
92 11
10 92
92 14
92 24
92 81
92 54
22 92
92 85
21 92
92 33
84 83
1 2 3 4 5 6 7 8 9 10 11 12 13 14 15 16 17 18 19 20 21 22 23 24 25 26 27 28 29 30 31 32 33 34 35 36 37 38 39 40 41 42 43 44 45 46 47 48 49 50 51 52 53 54 55 56 57 58 59 60 61 62 63 64 65 66 67 68 69 70 71 72 73 74 75 76 77 78 79 80 81 82 83 84
1 2 3 4 4 6 4 1 9 10 11 7 4 14 7 4 17 10 19 20 7 4 7 24 7 26 27 28 29 30 10 7 33 34 35 36 37 4 39 40 41 4 43 7 10 10 47 48 49 7 51 52 53 54 7 56 57 58 59 10 4 7 4 64 65 7 10 4 69 4 71 72 73 7 75 7 4 7 79 7 4 82 10 84
8 77
77 84
77 33
64 77
77 54
77 81
37 77
77 27
46 77
55 77
77 58
77 60
77 20
77 43
77 70
6 77
7 77
35 77
77 82
77 53
77 30
18 77
77 69
45 77
77 79
24 77
77 15
42 77
77 17
21 77
26 77
77 83
77 44
77 48
22 77
3 77
1 77
77 16
39 77
67 77
77 47
77 9
77 11
32 77
77 4
77 59
78 77
77 29
65 77
77 10
77 14
2 77
73 77
77 74
72 77
31 77
77 23
41 77
77 36
77 28
77 13
12 77
77 49
34 77
68 77
52 77
77 66
56 77
77 50
76 77
25 77
77 38
63 77
75 77
77 57
19 77
5 77
61 77
80 77
77 71
62 77
77 40
51 77
116 115
1 2 3 4 5 6 7 8 9 10 11 12 13 14 15 16 17 18 19 20 21 22 23 24 25 26 27 28 29 30 31 32 33 34 35 36 37 38 39 40 41 42 43 44 45 46 47 48 49 50 51 52 53 54 55 56 57 58 59 60 61 62 63 64 65 66 67 68 69 70 71 72 73 74 75 76 77 78 79 80 81 82 83 84 85 86 87 88 89 90 91 92 93 94 95 96 97 98 99 100 101 102 103 104 105 106 107 108 109 110 111 112 113 114 115 116
1 2 3 4 5 6 7 3 3 10 11 12 13 14 3 16 17 18 19 20 3 22 23 24 25 26 27 28 29 30 31 3 33 3 35 3 3 38 39 40 3 3 3 44 28 3 3 48 3 3 3 52 53 3 3 3 57 3 3 60 61 3 63 3 65 3 67 68 69 70 71 3 73 28 75 3 77 78 3 3 3 82 83 3 3 86 3 88 89 90 91 92 3 94 95 3 3 98 99 3 17 102 3 17 105 3 28 3 3 110 3 112 113 17 3 116
43 42
76 43
82 43
43 7
43 113
43 14
43 63
73 43
43 31
43 92
5 43
43 52
48 43
43 18
37 43
43 84
43 50
43 26
43 15
12 43
72 43
107 43
43 41
111 43
77 43
11 43
43 44
43 61
43 27
114 43
43 45
43 6
43 100
96 43
28 43
109 43
112 43
101 43
38 43
43 83
57 43
65 43
43 98
16 43
47 43
34 43
43 2
43 80
104 43
43 35
43 85
75 43
40 43
110 43
79 43
43 30
43 29
78 43
43 4
89 43
33 43
49 43
43 25
43 1
93 43
68 43
66 43
43 67
43 10
22 43
43 9
95 43
53 43
97 43
17 43
108 43
87 43
23 43
60 43
43 106
46 43
43 116
74 43
59 43
43 86
43 56
115 43
43 55
43 70
39 43
51 43
62 43
21 43
58 43
105 43
43 88
43 99
24 43
43 19
54 43
43 103
43 13
43 36
3 43
43 102
43 90
43 32
43 91
43 8
71 43
43 20
64 43
43 81
94 43
69 43
91 90
21 89 30 42 54 52 63 60 53 19 59 4 76 45 39 53 88 69 3 1 53 76 60 48 58 86 12 66 29 86 6 52 37 77 68 51 17 23 89 3 76 25 23 87 46 85 19 20 39 73 30 74 2 49 58 31 31 52 25 91 83 43 8 25 57 9 71 69 77 10 14 78 49 53 87 19 85 28 10 30 82 59 89 71 29 3 56 31 43 36 16
1 1 1 42 1 1 1 1 1 1 1 1 1 1 1 1 1 1 1 1 1 1 1 1 1 1 1 1 1 1 1 1 1 1 1 1 1 1 1 1 1 1 1 1 1 1 1 1 1 1 1 1 1 1 1 1 1 1 1 1 1 1 1 1 1 1 1 1 1 1 1 1 1 1 1 1 1 1 1 1 1 1 1 1 1 1 1 1 1 1 1
71 2
2 47
35 2
2 41
2 43
40 2
2 67
2 78
55 2
2 36
81 2
2 89
72 2
2 59
2 12
2 83
86 2
63 2
2 1
2 9
82 2
2 73
2 70
30 2
60 2
2 57
45 2
2 56
26 2
15 2
2 62
65 2
38 2
53 2
42 2
2 5
16 2
2 84
74 2
2 33
2 46
2 7
2 18
2 68
2 51
10 2
31 2
2 76
66 2
14 2
44 2
2 3
69 2
2 50
4 2
2 22
2 85
27 2
23 2
19 2
90 2
2 29
34 2
49 2
77 2
80 2
8 2
58 2
2 28
2 21
61 2
25 2
2 20
2 24
2 91
2 87
2 39
37 2
2 6
2 48
54 2
2 11
2 13
2 52
2 75
2 32
2 64
2 79
17 2
2 88
109 108
1 2 3 4 5 6 7 8 9 10 11 12 13 14 15 16 17 18 19 20 21 22 23 24 25 26 27 28 29 30 31 32 33 34 35 36 37 38 39 40 41 42 43 44 45 46 47 48 49 50 51 52 53 54 55 56 57 58 59 60 61 62 63 64 65 66 67 68 69 70 71 72 73 74 75 76 77 78 79 80 81 82 83 84 85 86 87 88 89 90 91 92 93 94 95 96 97 98 99 100 101 102 103 104 105 106 107 108 109
1 1 1 1 1 1 1 1 1 1 1 1 1 1 1 1 1 1 1 1 1 1 1 1 25 1 1 1 1 1 1 1 1 1 1 1 1 1 1 1 1 1 1 1 1 1 1 1 1 1 1 1 1 1 1 1 1 1 1 1 1 1 1 1 1 1 1 1 1 1 1 1 1 1 1 1 1 1 1 1 1 1 1 1 1 1 1 1 1 1 1 1 1 1 1 1 1 1 1 1 1 1 1 1 1 1 1 1 1
33 79
34 79
14 79
15 79
100 79
41 79
1 79
79 86
24 79
79 84
79 12
79 55
27 79
58 79
79 71
76 79
70 79
79 48
50 79
99 79
79 87
11 79
79 46
56 79
57 79
44 79
79 74
79 17
104 79
93 79
82 79
22 79
42 79
79 75
79 59
105 79
29 79
98 79
79 69
36 79
39 79
49 79
79 51
35 79
79 95
79 67
79 65
85 79
79 109
26 79
79 52
79 16
60 79
79 9
62 79
79 10
79 47
79 8
18 79
73 79
40 79
79 90
20 79
79 38
72 79
63 79
21 79
79 13
64 79
78 79
4 79
79 37
79 81
77 79
91 79
79 66
79 43
53 79
97 79
79 68
79 103
79 54
79 25
96 79
79 94
45 79
79 19
3 79
79 83
79 23
28 79
61 79
79 80
31 79
102 79
79 92
79 6
79 106
101 79
79 89
30 79
79 32
79 108
5 79
79 7
79 88
79 107
79 2
96 95
1 2 3 4 5 6 7 8 9 10 11 12 13 14 15 16 17 18 19 20 21 22 23 24 25 26 27 28 29 30 31 32 33 34 35 36 37 38 39 40 41 42 43 44 45 46 47 48 49 50 51 52 53 54 55 56 57 58 59 60 61 62 63 64 65 66 67 68 69 70 71 72 73 74 75 76 77 78 79 80 81 82 83 84 85 86 87 88 89 90 91 92 93 94 95 96
1 2 1 1 5 1 7 8 9 1 11 12 13 14 15 16 17 18 19 20 21 1 23 18 25 26 27 1 1 30 1 32 33 34 35 36 37 1 39 40 1 42 1 44 1 1 47 48 49 50 51 1 53 54 1 1 1 15 59 15 1 1 1 1 65 1 1 1 1 1 1 1 73 1 57 1 77 1 57 80 81 82 1 84 85 86 87 88 89 1 1 92 15 1 95 96
51 57
30 57
57 68
57 63
16 57
28 57
31 57
15 57
57 35
3 57
57 70
38 57
40 57
54 57
57 43
57 64
61 57
57 5
13 57
56 57
79 57
52 57
57 23
34 57
57 50
57 73
57 41
55 57
57 81
49 57
57 1
47 57
62 57
17 57
57 18
77 57
57 19
57 53
32 57
6 57
76 57
80 57
57 33
57 93
69 57
57 75
96 57
25 57
8 57
57 71
72 57
67 57
57 66
7 57
57 59
57 89
20 57
57 65
57 94
57 27
4 57
57 82
95 57
57 58
57 92
57 26
14 57
57 78
39 57
57 22
12 57
74 57
21 57
45 57
48 57
29 57
57 9
87 57
24 57
60 57
46 57
57 90
91 57
83 57
57 44
57 86
57 11
37 57
57 10
57 42
36 57
2 57
88 57
84 57
57 85
111 110
9 14 56 19 32 58 83 68 21 66 32 36 73 6 64 52 31 102 19 47 35 85 25 67 50 16 41 86 8 96 85 80 104 67 86 85 34 31 65 102 27 40 102 37 18 107 14 99 48 93 10 99 23 35 20 101 15 44 57 82 108 78 50 98 64 110 17 31 63 16 30 69 59 97 86 66 45 94 2 104 31 25 4 96 12 4 64 45 107 22 78 87 41 94 78 77 13 47 37 37 99 55 35 102 52 86 30 39 96 1 76
6 6 56 6 32 6 6 6 6 66 32 36 73 6 6 52 31 20 19 47 6 85 20 6 50 16 41 6 6 96 6 6 104 67 6 85 6 31 65 102 27 40 102 20 18 107 14 6 48 6 10 99 6 35 6 101 15 44 6 6 108 6 6 98 6 110 17 8 63 16 6 69 59 97 6 66 6 94 2 104 31 25 4 6 6 4 6 45 107 6 78 87 41 94 6 77 13 6 20 20 6 55 6 6 6 6 30 39 96 1 6
6 54
95 6
2 6
69 6
6 92
78 6
87 6
6 3
6 26
6 74
8 6
6 12
20 6
48 6
82 6
6 59
84 6
6 93
6 50
6 62
6 45
57 6
99 6
6 63
42 6
83 6
6 70
65 6
6 17
111 6
51 6
6 40
6 34
6 97
4 6
89 6
6 110
6 72
104 6
6 15
53 6
36 6
35 6
66 6
6 103
6 21
5 6
6 16
19 6
31 6
6 77
68 6
96 6
30 6
81 6
33 6
73 6
6 13
6 39
41 6
24 6
14 6
6 52
71 6
18 6
6 64
6 1
6 47
7 6
6 94
6 76
56 6
67 6
6 29
85 6
6 109
6 10
55 6
28 6
6 108
6 32
6 22
25 6
6 44
6 106
60 6
38 6
46 6
75 6
91 6
6 98
102 6
107 6
6 100
6 80
43 6
6 88
49 6
90 6
11 6
105 6
6 58
27 6
79 6
6 101
9 6
23 6
6 37
61 6
86 6
96 95
62 16 96 44 28 87 8 20 17 59 32 87 60 12 81 29 15 77 86 4 80 20 63 61 58 46 82 76 57 56 5 76 81 38 6 9 24 64 83 68 24 32 2 51 78 21 26 94 13 67 88 66 27 33 11 18 83 58 56 18 34 12 55 26 74 12 52 25 2 32 48 79 19 67 29 17 93 69 5 9 16 9 35 20 84 5 8 35 65 37 56 26 39 8 43 51
62 16 96 44 2 87 8 5 17 59 32 2 60 12 2 29 2 77 15 4 2 20 5 24 58 46 82 76 57 2 5 76 81 38 6 2 2 2 83 2 2 32 2 51 78 21 26 2 5 2 2 66 2 2 11 18 2 58 2 18 34 12 55 26 74 2 52 25 2 32 15 2 19 2 5 15 2 69 2 9 2 2 35 5 84 5 2 35 65 37 2 26 2 8 2 15
51 91
91 17
89 91
91 77
90 91
31 91
26 91
91 83
91 87
4 91
91 18
91 75
81 91
91 22
15 91
91 1
91 27
91 73
91 76
91 71
2 91
91 74
40 91
82 91
91 25
21 91
91 24
91 70
91 58
56 91
91 43
72 91
94 91
91 60
46 91
78 91
88 91
29 91
91 32
8 91
91 84
45 91
91 7
91 53
91 64
91 10
57 91
91 65
50 91
66 91
91 20
48 91
34 91
91 96
91 69
91 52
93 91
91 79
33 91
12 91
91 6
63 91
9 91
91 5
91 38
91 68
61 91
85 91
91 13
91 11
3 91
91 55
37 91
42 91
91 39
91 14
35 91
91 28
30 91
91 95
16 91
47 91
23 91
54 91
67 91
91 80
91 86
36 91
44 91
91 41
91 19
91 62
91 59
49 91
91 92
80 79
34 75 32 42 36 24 79 80 57 48 45 21 10 35 70 74 54 37 28 68 1 45 35 79 32 7 35 55 30 3 73 77 26 68 70 73 71 2 47 34 11 8 59 71 65 55 24 9 71 17 54 47 32 46 10 17 3 10 44 45 58 53 58 69 68 66 3 63 20 25 61 36 16 69 80 34 2 22 40 42
34 75 32 2 2 1 2 80 57 2 45 7 10 1 37 1 54 7 1 68 1 1 35 79 2 7 35 55 30 1 1 77 26 1 70 73 71 2 47 2 11 8 2 1 1 7 24 2 71 1 1 2 32 1 1 1 1 10 44 45 58 53 2 69 68 2 3 63 20 25 2 1 16 1 1 34 2 2 40 42
34 16
16 19
76 16
6 16
80 16
14 16
16 3
16 31
16 64
23 16
16 51
16 41
26 16
69 16
77 16
16 1
16 58
66 16
16 13
16 32
16 79
16 42
16 73
16 30
16 46
16 61
16 50
16 18
47 16
43 16
16 53
16 72
16 5
16 22
16 40
37 16
25 16
8 16
44 16
36 16
9 16
45 16
16 11
63 16
16 35
16 60
16 68
75 16
33 16
59 16
29 16
21 16
71 16
16 10
2 16
65 16
56 16
74 16
16 7
16 28
16 49
62 16
12 16
16 54
27 16
16 39
16 57
16 55
24 16
48 16
70 16
16 38
17 16
20 16
52 16
16 78
67 16
15 16
16 4
103 102
62 91 31 103 54 19 44 36 48 70 102 50 42 3 22 99 58 102 71 37 30 68 74 48 79 82 102 37 5 5 58 89 92 20 91 8 21 14 7 30 98 25 49 103 47 68 28 53 76 2 67 56 101 52 67 4 9 73 83 102 97 97 29 46 45 65 73 75 77 12 78 42 37 91 68 27 2 77 69 81 89 96 43 2 96 23 24 57 102 23 37 74 5 51 9 3 80 5 15 4 88 59 57
2 2 2 2 2 2 2 2 2 2 2 2 2 2 2 2 2 2 2 2 2 2 2 2 2 2 2 2 2 2 2 2 2 2 2 2 2 2 2 2 2 2 2 2 2 2 2 2 2 2 2 2 2 2 2 2 2 2 2 2 2 2 2 2 2 2 2 2 2 2 2 2 2 2 2 2 2 2 2 2 2 2 2 2 2 2 2 2 2 2 2 2 2 2 2 2 2 2 2 2 2 2 2
34 62
38 34
50 34
34 101
94 34
34 55
5 34
23 34
34 28
3 34
34 19
34 79
34 100
17 34
88 34
83 34
34 27
34 4
57 34
20 34
34 24
91 34
34 22
34 103
52 34
34 2
34 54
34 66
15 34
34 73
34 44
34 36
34 12
34 39
34 18
34 11
96 34
41 34
13 34
86 34
34 10
63 34
30 34
31 34
67 34
34 65
34 78
34 42
34 1
87 34
34 74
56 34
34 9
34 80
34 102
34 32
49 34
34 82
34 71
46 34
90 34
51 34
34 35
59 34
84 34
34 93
45 34
34 99
16 34
34 70
95 34
7 34
81 34
60 34
68 34
34 47
34 26
34 29
34 77
76 34
69 34
34 40
34 89
34 72
34 58
43 34
21 34
6 34
8 34
33 34
98 34
85 34
48 34
34 25
34 14
34 37
92 34
61 34
64 34
75 34
97 34
53 34
110 109
1 2 3 4 5 6 7 8 9 10 11 12 13 14 15 16 17 18 19 20 21 22 23 24 25 26 27 28 29 30 31 32 33 34 35 36 37 38 39 40 41 42 43 44 45 46 47 48 49 50 51 52 53 54 55 56 57 58 59 60 61 62 63 64 65 66 67 68 69 70 71 72 73 74 75 76 77 78 79 80 81 82 83 84 85 86 87 88 89 90 91 92 93 94 95 96 97 98 99 100 101 102 103 104 105 106 107 108 109 110
1 2 1 4 1 6 1 8 1 1 11 12 1 1 1 16 17 18 1 20 1 22 23 1 1 1 27 28 1 30 1 1 1 34 35 36 37 1 39 40 1 1 1 1 45 46 47 1 1 1 51 52 1 54 52 56 57 58 1 60 1 62 63 64 1 1 67 68 69 1 1 72 1 1 75 76 77 78 79 80 1 75 1 1 85 1 1 88 1 90 91 1 1 94 95 1 1 1 1 100 1 1 1 104 1 1 107 108 109 1
70 65
60 70
43 70
70 26
100 70
108 70
14 70
31 70
70 41
57 70
105 70
70 6
70 107
93 70
70 55
19 70
87 70
70 63
70 25
70 9
70 38
4 70
70 28
30 70
70 35
70 109
70 72
70 75
85 70
70 37
70 11
102 70
70 101
62 70
81 70
70 53
7 70
5 70
70 50
70 46
70 77
70 40
70 61
70 34
79 70
70 106
3 70
70 24
20 70
70 22
48 70
29 70
42 70
70 21
70 73
70 66
36 70
96 70
70 8
2 70
70 89
86 70
69 70
70 88
33 70
70 82
70 110
70 68
16 70
58 70
70 71
70 12
70 103
70 99
70 80
74 70
70 45
70 51
70 47
92 70
13 70
70 95
104 70
67 70
70 78
64 70
70 52
59 70
70 1
94 70
70 39
83 70
70 76
70 17
18 70
97 70
70 10
54 70
84 70
70 98
70 32
70 23
15 70
70 44
70 56
70 91
27 70
70 49
70 90
91 90
90 49 83 2 82 41 75 35 21 87 65 44 51 1 50 62 74 79 80 87 85 22 70 86 23 86 59 24 61 18 48 67 37 55 44 7 47 89 46 29 1 88 8 37 85 88 31 71 34 28 28 79 53 18 87 73 51 23 23 78 22 75 80 42 26 20 1 14 17 29 52 71 41 53 9 53 78 1 48 56 38 45 86 3 36 51 66 20 33 91 70
1 49 83 2 1 1 75 35 1 87 65 44 1 1 1 62 1 79 1 1 1 1 70 1 23 1 1 24 1 18 48 67 37 55 44 1 47 89 46 29 1 1 1 1 85 1 1 71 34 1 1 79 1 1 1 1 51 1 23 1 22 75 80 1 1 20 1 1 17 29 52 1 1 53 1 1 1 1 48 1 38 1 86 1 36 1 66 1 1 1 1
67 3
67 1
67 65
67 75
73 67
30 67
67 13
67 82
25 67
67 42
67 86
67 72
67 28
67 5
67 21
60 67
38 67
67 12
67 71
81 67
17 67
67 32
31 67
67 22
84 67
90 67
67 78
67 27
67 79
67 91
67 76
67 15
74 67
20 67
26 67
9 67
67 19
67 89
50 67
45 67
67 6
67 80
67 59
67 35
67 85
67 8
67 83
70 67
53 67
67 54
67 14
67 55
67 44
67 63
67 39
67 69
67 51
52 67
43 67
23 67
77 67
40 67
41 67
67 4
49 67
67 87
67 34
67 66
67 7
61 67
47 67
67 11
64 67
88 67
48 67
67 62
2 67
46 67
57 67
33 67
67 29
67 10
36 67
67 56
67 18
24 67
37 67
16 67
68 67
58 67
115 114
1 2 3 4 5 6 7 8 9 10 11 12 13 14 15 16 17 18 19 20 21 22 23 24 25 26 27 28 29 30 31 32 33 34 35 36 37 38 39 40 41 42 43 44 45 46 47 48 49 50 51 52 53 54 55 56 57 58 59 60 61 62 63 64 65 66 67 68 69 70 71 72 73 74 75 76 77 78 79 80 81 82 83 84 85 86 87 88 89 90 91 92 93 94 95 96 97 98 99 100 101 102 103 104 105 106 107 108 109 110 111 112 113 114 115
1 1 1 1 5 6 7 8 9 1 6 1 13 14 15 16 6 18 1 1 1 22 15 24 25 1 27 15 29 1 1 32 33 34 35 36 1 1 15 40 41 42 6 44 1 46 47 48 49 50 51 6 1 54 55 6 57 58 59 60 61 6 1 64 65 6 1 68 69 1 1 72 73 74 75 6 77 78 1 1 81 1 83 84 85 86 15 88 89 1 91 1 93 94 1 1 1 98 6 98 101 102 1 104 6 106 107 108 1 110 1 15 60 114 115
40 96
90 96
96 95
96 17
96 89
31 96
96 58
26 96
96 37
28 96
96 49
96 24
96 34
51 96
96 71
96 97
93 96
41 96
110 96
96 5
96 27
73 96
7 96
96 106
94 96
96 30
59 96
96 47
115 96
45 96
96 82
4 96
96 22
96 60
96 65
96 48
96 36
55 96
96 72
96 9
99 96
46 96
43 96
18 96
96 83
50 96
96 21
84 96
96 92
96 104
96 39
109 96
96 20
96 113
96 85
96 68
96 33
57 96
96 103
63 96
91 96
53 96
96 75
96 86
96 29
96 10
108 96
11 96
96 78
66 96
54 96
96 25
96 79
12 96
64 96
80 96
96 76
96 107
96 19
96 1
98 96
96 69
96 70
111 96
112 96
8 96
44 96
96 32
88 96
96 16
56 96
102 96
96 3
62 96
96 42
96 101
14 96
96 35
96 77
96 114
96 67
105 96
100 96
96 6
15 96
81 96
96 61
96 13
87 96
96 23
38 96
96 74
96 2
52 96
93 92
1 2 3 4 5 6 7 8 9 10 11 12 13 14 15 16 17 18 19 20 21 22 23 24 25 26 27 28 29 30 31 32 33 34 35 36 37 38 39 40 41 42 43 44 45 46 47 48 49 50 51 52 53 54 55 56 57 58 59 60 61 62 63 64 65 66 67 68 69 70 71 72 73 74 75 76 77 78 79 80 81 82 83 84 85 86 87 88 89 90 91 92 93
1 2 3 4 4 6 7 4 9 4 11 4 4 4 4 4 4 4 19 4 21 4 23 4 4 4 27 28 29 4 31 32 33 34 4 4 37 4 4 4 4 4 4 4 4 46 47 4 49 4 51 4 53 4 4 56 57 58 4 60 44 4 63 64 65 4 4 68 69 70 4 72 73 4 75 76 77 78 4 80 4 4 4 84 85 86 87 4 89 4 91 92 4
81 45
80 81
81 44
81 68
37 81
81 57
81 17
10 81
81 36
2 81
81 56
81 84
40 81
81 38
19 81
81 18
81 21
54 81
81 39
7 81
9 81
81 30
25 81
81 91
81 23
87 81
69 81
74 81
13 81
81 42
41 81
81 15
75 81
35 81
8 81
81 83
81 93
4 81
5 81
81 6
78 81
58 81
81 12
81 89
32 81
51 81
67 81
81 46
81 53
49 81
55 81
64 81
81 92
81 65
79 81
81 27
76 81
31 81
81 85
72 81
81 62
28 81
81 50
24 81
81 3
66 81
81 34
81 70
71 81
48 81
81 47
16 81
77 81
81 73
81 52
29 81
81 43
61 81
81 33
81 63
81 11
81 88
59 81
81 22
60 81
20 81
81 86
82 81
81 14
1 81
26 81
81 90
96 95
1 2 3 4 5 6 7 8 9 10 11 12 13 14 15 16 17 18 19 20 21 22 23 24 25 26 27 28 29 30 31 32 33 34 35 36 37 38 39 40 41 42 43 44 45 46 47 48 49 50 51 52 53 54 55 56 57 58 59 60 61 62 63 64 65 66 67 68 69 70 71 72 73 74 75 76 77 78 79 80 81 82 83 84 85 86 87 88 89 90 91 92 93 94 95 96
1 2 3 4 3 3 7 2 3 3 11 12 13 2 15 16 2 3 19 2 21 22 2 3 3 2 27 28 3 30 31 32 3 3 3 3 3 38 39 40 3 42 43 2 2 46 2 48 2 3 51 3 2 3 55 56 3 58 3 60 61 2 63 3 65 66 67 28 69 70 71 72 73 74 75 76 77 2 79 80 81 82 83 3 2 2 3 88 2 3 2 92 93 2 95 2
14 4
14 92
95 14
49 14
25 14
85 14
19 14
14 42
14 33
65 14
71 14
18 14
14 53
58 14
14 89
14 83
14 5
14 81
14 27
14 94
14 75
14 47
21 14
59 14
15 14
57 14
14 55
45 14
14 36
24 14
14 43
14 48
31 14
88 14
74 14
91 14
14 77
14 30
14 13
46 14
11 14
7 14
14 90
14 39
14 61
14 60
80 14
44 14
14 37
86 14
10 14
14 73
16 14
23 14
22 14
14 66
34 14
2 14
14 64
14 28
35 14
12 14
14 87
52 14
14 96
14 84
14 6
14 17
14 1
79 14
9 14
14 41
14 8
54 14
93 14
14 20
14 63
14 70
14 68
78 14
50 14
3 14
56 14
14 67
14 82
26 14
76 14
14 62
72 14
51 14
40 14
69 14
29 14
14 32
38 14
96 95
1 2 3 4 5 6 7 8 9 10 11 12 13 14 15 16 17 18 19 20 21 22 23 24 25 26 27 28 29 30 31 32 33 34 35 36 37 38 39 40 41 42 43 44 45 46 47 48 49 50 51 52 53 54 55 56 57 58 59 60 61 62 63 64 65 66 67 68 69 70 71 72 73 74 75 76 77 78 79 80 81 82 83 84 85 86 87 88 89 90 91 92 93 94 95 96
1 1 1 1 1 1 1 1 1 1 1 1 1 1 1 1 1 1 1 1 1 1 1 1 1 1 1 1 1 1 1 1 1 1 1 1 1 1 1 1 1 1 1 1 1 1 1 1 1 1 1 1 1 1 1 1 1 1 1 1 1 1 1 1 1 1 1 68 1 1 1 1 1 1 1 1 1 1 1 1 1 1 1 1 1 1 1 1 1 1 1 1 1 1 1 1
77 85
77 64
77 81
77 32
77 34
7 77
77 14
27 77
77 2
77 74
77 6
95 77
36 77
53 77
77 41
77 25
77 80
71 77
54 77
77 9
77 88
77 39
77 78
77 49
77 67
77 23
50 77
1 77
77 47
77 4
77 52
51 77
77 63
77 91
77 58
77 13
55 77
77 84
90 77
77 43
28 77
48 77
77 31
46 77
77 57
24 77
38 77
76 77
77 45
20 77
77 56
82 77
77 73
77 18
60 77
77 15
77 3
77 93
77 86
77 65
96 77
77 83
92 77
77 62
26 77
59 77
37 77
70 77
77 16
77 40
77 66
77 75
30 77
77 17
87 77
42 77
72 77
35 77
22 77
19 77
77 8
77 33
77 29
77 21
77 68
44 77
94 77
77 61
12 77
5 77
77 89
69 77
77 10
77 79
11 77
115 114
63 11 10 22 107 110 22 17 36 30 49 28 100 66 75 7 18 60 79 47 34 76 43 106 71 84 55 91 92 38 69 17 23 29 91 16 93 89 110 87 38 59 12 7 71 21 101 115 61 19 101 21 17 76 78 5 26 99 12 77 5 100 57 102 28 112 99 2 34 84 107 60 60 39 36 53 27 9 65 45 10 99 66 18 78 96 54 80 29 11 106 71 18 6 100 12 87 8 112 11 49 40 89 68 71 80 81 42 6 30 34 91 38 5 46
5 11 10 5 5 110 22 17 5 30 49 28 100 5 5 7 5 60 5 47 34 5 43 5 5 84 55 5 92 5 5 5 23 5 91 16 93 89 110 5 38 59 5 5 5 21 5 115 5 5 101 21 17 5 78 5 26 5 12 5 5 100 5 5 5 5 99 2 5 84 5 5 60 5 36 19 5 5 5 45 10 5 66 18 5 96 5 80 5 11 106 71 5 5 100 5 5 5 112 5 49 40 89 68 71 80 81 5 6 30 5 5 38 5 5
59 61
14 61
61 70
31 61
29 61
42 61
61 21
53 61
61 110
63 61
61 13
61 111
61 15
61 58
68 61
90 61
12 61
41 61
61 94
47 61
54 61
7 61
61 107
33 61
69 61
114 61
27 61
30 61
61 115
25 61
2 61
78 61
61 11
80 61
61 55
61 105
18 61
57 61
87 61
102 61
61 79
61 36
39 61
61 48
86 61
61 34
61 65
61 32
83 61
49 61
35 61
61 81
61 60
71 61
61 104
61 67
61 9
97 61
61 106
51 61
61 101
6 61
98 61
61 72
16 61
61 95
108 61
52 61
24 61
93 61
23 61
85 61
62 61
61 20
45 61
61 4
22 61
61 100
82 61
61 113
96 61
109 61
61 103
61 74
61 77
75 61
56 61
26 61
61 5
61 8
99 61
61 46
84 61
92 61
61 43
91 61
61 88
61 1
50 61
17 61
10 61
44 61
61 19
64 61
61 73
89 61
61 38
76 61
61 66
3 61
61 28
40 61
37 61
112 61
105 104
1 2 3 4 5 6 7 8 9 10 11 12 13 14 15 16 17 18 19 20 21 22 23 24 25 26 27 28 29 30 31 32 33 34 35 36 37 38 39 40 41 42 43 44 45 46 47 48 49 50 51 52 53 54 55 56 57 58 59 60 61 62 63 64 65 66 67 68 69 70 71 72 73 74 75 76 77 78 79 80 81 82 83 84 85 86 87 88 89 90 91 92 93 94 95 96 97 98 99 100 101 102 103 104 105
1 2 3 4 2 2 2 2 2 10 11 12 2 14 15 2 17 2 2 20 2 22 2 2 25 26 27 28 29 30 31 2 33 34 35 36 2 38 39 2 2 42 2 2 2 46 2 48 49 3 3 52 53 54 2 56 57 3 59 60 61 62 2 64 65 66 67 2 69 3 2 3 73 74 2 76 77 2 79 3 81 2 83 2 85 86 87 88 89 2 2 2 93 2 3 96 2 3 99 100 2 2 3 104 105
40 33
41 40
28 40
51 40
57 40
40 12
30 40
40 97
8 40
64 40
67 40
40 63
40 13
59 40
40 23
40 104
40 61
40 29
10 40
98 40
40 90
87 40
40 2
40 80
40 100
56 40
40 66
6 40
40 4
74 40
55 40
40 1
40 89
40 19
68 40
40 60
40 78
34 40
83 40
40 7
40 22
40 27
81 40
37 40
40 71
40 105
45 40
40 84
40 47
40 99
9 40
62 40
40 26
40 93
40 49
40 53
69 40
16 40
36 40
11 40
40 73
40 17
40 79
15 40
40 95
40 3
38 40
86 40
40 72
40 24
40 92
40 25
40 94
76 40
40 31
40 52
77 40
91 40
20 40
40 46
5 40
40 54
40 65
43 40
48 40
103 40
32 40
101 40
35 40
102 40
18 40
40 14
75 40
40 50
88 40
70 40
40 21
42 40
40 96
40 39
82 40
40 58
44 40
85 40
117 116
1 2 3 4 5 6 7 8 9 10 11 12 13 14 15 16 17 18 19 20 21 22 23 24 25 26 27 28 29 30 31 32 33 34 35 36 37 38 39 40 41 42 43 44 45 46 47 48 49 50 51 52 53 54 55 56 57 58 59 60 61 62 63 64 65 66 67 68 69 70 71 72 73 74 75 76 77 78 79 80 81 82 83 84 85 86 87 88 89 90 91 92 93 94 95 96 97 98 99 100 101 102 103 104 105 106 107 108 109 110 111 112 113 114 115 116 117
1 1 1 1 1 1 1 1 1 1 1 1 1 1 1 1 1 1 1 1 1 1 1 1 1 1 1 1 1 1 1 1 1 1 1 1 1 1 1 1 1 1 1 1 1 1 1 1 1 1 1 1 1 1 1 1 1 1 1 1 1 1 1 1 1 1 1 1 1 1 1 1 1 1 1 1 1 1 1 1 1 1 1 1 1 1 1 1 1 1 1 1 1 1 1 1 1 1 1 1 1 1 1 1 1 1 1 1 1 1 1 1 1 1 1 1 1
103 97
43 103
100 103
106 103
103 102
103 74
103 80
103 9
65 103
103 10
103 56
103 83
103 34
1 103
114 103
51 103
2 103
107 103
103 78
103 23
103 67
103 12
103 8
44 103
103 82
103 98
103 49
103 79
105 103
11 103
14 103
103 112
103 24
103 81
15 103
46 103
36 103
103 52
109 103
76 103
42 103
63 103
103 61
54 103
88 103
103 85
103 33
103 91
29 103
103 38
116 103
4 103
103 20
53 103
103 17
103 57
95 103
22 103
27 103
73 103
103 101
103 68
103 26
7 103
47 103
103 40
16 103
66 103
87 103
21 103
104 103
30 103
103 32
75 103
103 13
59 103
41 103
103 37
96 103
25 103
103 77
115 103
50 103
103 31
103 28
103 72
103 18
6 103
108 103
92 103
86 103
113 103
103 99
5 103
103 45
70 103
58 103
60 103
103 117
48 103
103 71
19 103
103 90
103 64
103 35
103 94
103 93
103 3
103 39
111 103
89 103
62 103
103 69
110 103
103 84
103 55
113 112
1 2 3 4 5 6 7 8 9 10 11 12 13 14 15 16 17 18 19 20 21 22 23 24 25 26 27 28 29 30 31 32 33 34 35 36 37 38 39 40 41 42 43 44 45 46 47 48 49 50 51 52 53 54 55 56 57 58 59 60 61 62 63 64 65 66 67 68 69 70 71 72 73 74 75 76 77 78 79 80 81 82 83 84 85 86 87 88 89 90 91 92 93 94 95 96 97 98 99 100 101 102 103 104 105 106 107 108 109 110 111 112 113
1 1 1 1 1 1 1 1 1 1 1 1 1 1 1 1 1 18 1 1 1 1 1 1 1 1 1 1 1 1 1 1 1 1 1 1 1 1 1 1 1 1 1 1 1 1 1 1 1 1 1 1 1 1 1 1 1 1 1 1 1 1 1 1 1 1 1 1 1 1 1 1 1 1 1 1 1 1 1 1 1 1 1 1 1 1 1 1 1 1 1 1 1 1 1 1 1 1 1 1 1 1 1 1 1 1 1 1 1 1 1 1 1
13 65
65 57
86 65
94 65
108 65
65 42
85 65
41 65
80 65
39 65
26 65
65 27
65 34
65 20
99 65
40 65
32 65
65 4
106 65
46 65
65 84
65 103
65 88
65 74
65 90
65 63
65 47
65 102
110 65
65 54
65 67
97 65
109 65
65 49
65 71
65 76
50 65
78 65
65 1
65 66
65 72
112 65
64 65
83 65
65 37
11 65
28 65
65 104
65 77
65 113
45 65
65 21
98 65
65 31
62 65
65 51
65 33
111 65
65 52
65 17
65 6
69 65
65 87
23 65
100 65
65 36
65 10
101 65
89 65
65 9
65 7
65 68
65 82
65 12
65 60
65 55
8 65
65 61
65 48
5 65
65 22
65 15
65 75
58 65
65 43
96 65
65 92
18 65
70 65
14 65
29 65
65 2
65 16
65 25
65 107
35 65
73 65
105 65
24 65
65 19
53 65
81 65
3 65
91 65
65 95
65 38
30 65
65 44
65 79
93 65
65 59
56 65
83 82
1 2 3 4 5 6 7 8 9 10 11 12 13 14 15 16 17 18 19 20 21 22 23 24 25 26 27 28 29 30 31 32 33 34 35 36 37 38 39 40 41 42 43 44 45 46 47 48 49 50 51 52 53 54 55 56 57 58 59 60 61 62 63 64 65 66 67 68 69 70 71 72 73 74 75 76 77 78 79 80 81 82 83
1 1 1 1 1 1 1 1 1 1 1 1 1 1 1 1 1 1 1 1 1 1 1 1 1 1 1 1 1 1 1 1 1 1 1 1 1 1 1 1 1 1 1 1 1 1 1 1 1 1 1 47 1 1 1 1 1 1 1 1 1 1 1 1 1 1 1 1 1 1 1 1 1 1 1 1 1 1 1 1 1 1 1
44 7
7 64
10 7
2 7
27 7
45 7
41 7
7 60
7 4
16 7
7 53
34 7
78 7
7 79
7 54
7 72
6 7
75 7
7 59
7 37
11 7
35 7
7 57
7 39
7 15
7 51
7 62
7 43
7 55
36 7
7 24
7 49
65 7
21 7
50 7
7 33
8 7
7 81
7 47
7 69
40 7
7 61
7 66
7 30
7 77
68 7
7 73
80 7
18 7
7 56
7 1
7 31
26 7
7 20
7 5
22 7
7 83
7 9
7 12
7 28
70 7
7 82
7 74
7 52
7 48
7 63
25 7
42 7
7 38
13 7
58 7
17 7
76 7
23 7
29 7
7 46
7 71
3 7
19 7
7 14
7 67
7 32
113 112
105 104 32 46 27 90 38 54 30 31 42 33 103 45 36 39 90 83 15 17 11 62 69 25 100 19 62 47 42 67 108 45 95 64 87 51 59 54 70 50 93 107 104 22 76 52 29 113 51 14 100 20 86 110 67 56 82 37 101 1 39 43 22 110 61 8 56 30 59 59 26 85 71 106 27 20 38 83 23 19 33 15 25 50 108 49 77 50 11 43 24 111 1 99 10 37 60 84 2 57 74 1 58 92 3 21 55 68 17 7 28 10 40
1 1 1 1 1 1 1 1 1 1 1 1 1 1 1 1 1 1 1 1 1 1 1 1 1 1 1 1 1 1 1 1 1 1 1 1 1 1 1 1 1 1 1 1 1 1 1 1 1 1 1 1 1 1 1 1 1 1 1 1 1 1 1 1 1 1 1 1 1 1 1 1 1 1 1 1 1 1 1 1 1 1 1 1 1 1 1 1 1 1 1 1 1 1 1 1 1 1 1 1 1 1 1 1 1 1 1 1 1 1 1 1 1
93 69
109 69
85 69
69 6
69 60
69 5
70 69
69 10
69 62
69 19
106 69
32 69
69 61
69 46
69 47
69 104
53 69
69 80
69 37
69 4
112 69
83 69
69 51
69 79
69 71
57 69
25 69
82 69
45 69
69 110
69 65
69 64
69 12
69 21
81 69
18 69
69 15
76 69
69 102
69 55
2 69
69 16
9 69
69 38
40 69
44 69
48 69
74 69
69 98
11 69
20 69
69 27
69 22
31 69
69 13
39 69
103 69
86 69
99 69
69 58
69 77
69 88
84 69
29 69
69 26
69 90
69 68
69 8
43 69
89 69
69 30
69 66
34 69
69 113
69 78
52 69
69 41
95 69
56 69
69 28
69 49
42 69
69 33
69 87
69 73
69 94
75 69
69 108
69 63
69 17
23 69
105 69
69 1
69 91
36 69
69 100
69 7
69 67
69 92
24 69
35 69
3 69
101 69
107 69
50 69
96 69
69 72
69 111
59 69
54 69
14 69
97 69
107 106
1 2 3 4 5 6 7 8 9 10 11 12 13 14 15 16 17 18 19 20 21 22 23 24 25 26 27 28 29 30 31 32 33 34 35 36 37 38 39 40 41 42 43 44 45 46 47 48 49 50 51 52 53 54 55 56 57 58 59 60 61 62 63 64 65 66 67 68 69 70 71 72 73 74 75 76 77 78 79 80 81 82 83 84 85 86 87 88 89 90 91 92 93 94 95 96 97 98 99 100 101 102 103 104 105 106 107
1 1 1 1 1 1 1 1 1 1 1 1 1 1 1 1 1 1 1 1 1 1 1 1 1 1 1 1 1 1 1 1 1 1 1 1 1 1 1 1 1 1 1 1 1 1 1 1 1 1 1 1 1 1 1 1 1 1 1 1 1 1 1 1 1 1 1 1 1 1 1 1 1 1 1 1 1 1 1 1 1 1 1 1 1 1 1 1 1 1 1 1 1 1 1 1 1 1 1 1 1 1 1 1 1 1 1
23 101
61 23
23 66
23 73
23 87
20 23
23 3
23 97
24 23
23 90
28 23
23 67
23 19
23 11
34 23
6 23
85 23
23 107
93 23
23 62
23 18
23 1
83 23
98 23
29 23
46 23
40 23
23 38
23 68
23 88
23 48
44 23
5 23
23 84
23 41
23 99
23 96
23 30
23 63
23 75
22 23
23 2
86 23
23 70
23 92
36 23
23 55
16 23
23 95
23 105
47 23
23 45
57 23
23 9
23 102
32 23
23 21
23 39
23 27
78 23
23 31
23 35
82 23
23 58
33 23
94 23
14 23
76 23
71 23
80 23
4 23
23 7
79 23
23 104
56 23
23 52
17 23
23 42
106 23
81 23
23 13
89 23
54 23
23 53
74 23
12 23
69 23
37 23
15 23
26 23
23 64
100 23
72 23
25 23
49 23
65 23
23 77
8 23
23 43
23 10
51 23
23 60
50 23
91 23
23 59
103 23
97 96
1 2 3 4 5 6 7 8 9 10 11 12 13 14 15 16 17 18 19 20 21 22 23 24 25 26 27 28 29 30 31 32 33 34 35 36 37 38 39 40 41 42 43 44 45 46 47 48 49 50 51 52 53 54 55 56 57 58 59 60 61 62 63 64 65 66 67 68 69 70 71 72 73 74 75 76 77 78 79 80 81 82 83 84 85 86 87 88 89 90 91 92 93 94 95 96 97
1 1 1 1 1 1 1 1 1 1 1 1 1 1 1 1 1 1 1 1 1 1 1 1 1 1 1 1 1 1 1 1 1 1 1 1 1 1 1 1 1 1 1 1 1 1 1 1 1 1 1 1 1 1 1 1 1 1 1 1 1 1 1 1 1 1 1 1 1 1 1 1 1 1 1 1 1 1 1 1 1 1 1 1 1 1 1 1 1 1 1 1 1 1 1 1 1
36 31
36 54
36 56
36 23
97 36
36 32
36 51
68 36
36 93
36 16
94 36
14 36
36 81
48 36
11 36
36 47
44 36
36 57
36 33
34 36
36 95
36 38
36 43
75 36
30 36
36 24
39 36
72 36
36 77
67 36
74 36
73 36
49 36
59 36
65 36
36 25
36 83
36 40
8 36
64 36
36 42
36 19
87 36
36 80
36 9
91 36
96 36
89 36
20 36
36 71
2 36
36 12
3 36
36 17
36 37
28 36
36 58
36 6
60 36
36 62
10 36
55 36
21 36
36 85
18 36
36 4
53 36
69 36
52 36
36 78
36 46
45 36
36 5
36 79
36 13
36 15
88 36
29 36
36 7
36 27
66 36
36 22
36 1
86 36
50 36
36 92
76 36
36 90
82 36
63 36
36 26
70 36
61 36
41 36
36 35
36 84
119 118
1 2 3 4 5 6 7 8 9 10 11 12 13 14 15 16 17 18 19 20 21 22 23 24 25 26 27 28 29 30 31 32 33 34 35 36 37 38 39 40 41 42 43 44 45 46 47 48 49 50 51 52 53 54 55 56 57 58 59 60 61 62 63 64 65 66 67 68 69 70 71 72 73 74 75 76 77 78 79 80 81 82 83 84 85 86 87 88 89 90 91 92 93 94 95 96 97 98 99 100 101 102 103 104 105 106 107 108 109 110 111 112 113 114 115 116 117 118 119
1 2 2 4 2 2 2 2 2 10 11 11 2 14 15 2 17 18 19 20 2 22 23 2 2 26 2 28 29 30 31 32 33 2 2 36 2 2 39 2 2 2 2 44 45 2 47 2 49 50 51 52 53 2 55 56 57 58 2 2 2 62 63 2 2 2 67 2 69 2 2 72 73 2 2 76 77 78 79 2 81 82 2 2 2 2 87 88 2 90 2 92 2 2 95 2 2 2 2 2 101 102 11 104 2 106 107 108 109 110 111 112 2 114 2 2 2 118 119
93 105
44 105
105 46
105 70
75 105
105 1
30 105
105 67
105 117
105 116
106 105
105 113
105 3
55 105
50 105
89 105
5 105
105 97
105 101
18 105
103 105
105 90
32 105
51 105
102 105
81 105
105 37
22 105
105 21
84 105
96 105
85 105
72 105
105 36
105 62
29 105
105 6
105 98
105 111
26 105
8 105
61 105
52 105
49 105
105 15
71 105
13 105
105 34
105 7
87 105
104 105
105 95
105 64
105 4
105 77
56 105
105 119
105 28
105 9
10 105
105 27
105 78
105 16
53 105
105 73
24 105
79 105
105 109
114 105
105 23
92 105
105 99
107 105
65 105
31 105
105 100
11 105
105 82
25 105
105 20
115 105
105 74
105 38
105 12
80 105
41 105
105 17
35 105
105 45
19 105
105 43
105 63
112 105
105 33
105 57
105 91
105 2
59 105
83 105
105 54
48 105
105 47
105 69
105 42
86 105
105 110
118 105
40 105
76 105
105 68
39 105
105 88
105 14
105 108
105 60
58 105
66 105
94 105
92 91
9 89 74 1 33 45 55 39 33 80 28 73 70 44 82 44 26 40 16 89 67 15 31 71 56 10 47 80 41 65 28 44 16 59 74 14 67 7 14 44 46 31 39 47 15 60 18 17 53 92 86 26 65 83 73 44 81 35 76 50 92 36 39 49 27 12 23 6 9 12 67 89 49 41 27 77 54 88 44 90 18 87 22 78 92 90 92 92 8 14 72 88
8 89 9 1 8 45 8 9 9 8 28 73 9 44 82 44 9 8 16 9 8 15 8 71 56 10 8 80 9 65 28 44 16 59 74 14 67 7 14 44 46 31 39 47 8 60 8 17 9 92 86 26 8 83 73 44 81 8 9 50 8 36 8 8 8 12 23 6 8 12 8 8 49 8 8 77 8 8 44 8 18 8 22 8 92 8 92 9 8 14 72 9
1 36
34 1
1 49
1 65
1 17
85 1
89 1
67 1
82 1
71 1
1 9
28 1
31 1
25 1
33 1
1 84
1 29
1 54
1 45
32 1
1 38
1 61
15 1
23 1
2 1
1 63
75 1
42 1
70 1
1 48
1 3
4 1
50 1
87 1
86 1
1 90
1 16
1 11
1 83
1 72
1 44
1 80
1 20
1 22
1 30
8 1
1 24
81 1
51 1
62 1
39 1
1 18
10 1
21 1
1 37
59 1
1 77
1 60
56 1
26 1
1 5
14 1
1 76
7 1
46 1
41 1
66 1
1 74
40 1
1 6
68 1
57 1
1 27
1 53
1 92
19 1
64 1
1 58
35 1
1 79
1 52
1 78
55 1
1 69
88 1
1 13
1 73
47 1
1 12
1 91
1 43
84 83
26 80 70 45 42 39 24 67 11 54 13 81 65 75 42 55 81 14 71 2 53 64 23 56 39 47 20 69 67 19 72 43 80 79 41 35 23 26 50 50 67 34 16 61 14 69 77 33 79 19 21 72 22 73 44 18 24 5 5 33 40 39 30 53 83 9 10 25 60 8 61 63 17 54 43 84 72 62 26 82 51 75 8 57
26 80 70 8 42 21 24 67 8 21 8 9 65 75 21 55 81 14 21 2 45 64 8 56 39 47 20 69 8 19 9 9 8 79 21 35 21 9 50 9 21 8 16 61 14 69 8 33 8 19 8 21 22 73 21 18 9 5 5 33 9 39 30 53 83 9 10 25 8 8 61 21 8 54 9 84 72 21 26 82 51 8 8 9
58 4
15 4
7 4
29 4
4 30
4 51
24 4
4 39
84 4
28 4
42 4
4 68
75 4
4 77
4 14
70 4
4 57
4 18
48 4
4 20
4 17
34 4
4 32
4 11
4 13
4 41
4 59
4 25
4 64
65 4
60 4
47 4
2 4
4 40
16 4
4 3
4 43
74 4
10 4
4 8
33 4
79 4
45 4
26 4
4 6
23 4
69 4
52 4
4 19
38 4
37 4
4 50
4 44
73 4
61 4
4 67
36 4
5 4
4 27
55 4
4 31
4 54
4 62
4 81
4 53
71 4
4 22
4 80
4 83
4 35
4 82
4 9
46 4
4 66
4 49
72 4
56 4
78 4
4 76
4 21
12 4
4 1
63 4
113 112
49 94 73 76 69 3 52 42 36 57 20 70 100 102 88 40 36 55 26 101 55 14 105 17 25 57 44 70 108 58 20 92 75 30 14 75 74 89 76 89 11 56 70 11 65 53 7 78 68 47 57 112 14 53 46 11 46 68 75 35 97 110 92 18 80 91 98 50 17 27 13 60 62 71 61 18 8 8 103 113 57 19 83 23 16 100 107 37 37 110 51 30 97 35 12 98 95 84 95 39 79 104 16 43 71 98 78 106 96 7 39 99 82
3 3 3 3 3 3 3 3 3 3 3 3 3 3 3 3 3 3 3 3 3 3 3 3 3 3 3 3 3 3 3 3 3 3 3 3 3 3 3 3 3 3 3 3 3 3 3 3 3 3 3 3 3 3 3 3 3 3 3 3 3 3 3 3 3 3 3 3 3 3 3 3 3 3 3 3 3 3 3 3 3 3 3 3 3 3 3 3 3 3 3 3 3 3 3 3 3 3 3 3 3 3 3 3 3 3 3 3 3 3 3 3 3
35 45
78 45
36 45
4 45
45 26
48 45
1 45
45 76
111 45
45 70
45 10
16 45
45 31
8 45
19 45
98 45
79 45
95 45
45 40
45 96
45 100
45 17
105 45
45 32
62 45
45 2
68 45
24 45
45 110
6 45
93 45
45 49
106 45
45 22
45 34
72 45
45 99
27 45
45 60
45 5
77 45
46 45
45 64
45 43
73 45
45 69
45 52
67 45
45 42
45 61
104 45
45 44
59 45
45 89
45 108
57 45
65 45
45 38
45 101
45 63
14 45
45 28
45 88
45 58
51 45
109 45
91 45
45 30
45 39
53 45
45 82
37 45
7 45
15 45
55 45
113 45
20 45
90 45
112 45
45 92
45 29
102 45
45 71
11 45
54 45
45 74
97 45
81 45
45 13
41 45
3 45
45 56
45 103
75 45
25 45
45 83
84 45
66 45
45 9
47 45
45 80
12 45
23 45
18 45
107 45
85 45
45 86
21 45
33 45
45 94
50 45
45 87
95 94
13 43 23 35 20 1 56 67 57 65 26 94 92 90 66 58 94 55 12 2 90 63 74 61 49 16 71 41 42 28 11 19 93 30 33 35 17 1 71 51 12 10 67 67 61 28 41 84 34 62 1 43 34 3 50 29 87 46 54 19 42 86 33 46 17 12 29 8 47 78 53 51 28 75 30 29 62 26 59 64 2 93 53 25 65 79 15 70 68 3 52 42 15 75 36
1 43 2 1 20 1 1 1 2 65 26 3 92 90 2 25 2 55 12 2 54 2 1 61 49 16 71 41 42 28 11 7 93 30 3 3 17 1 2 2 12 10 67 67 61 1 41 84 3 62 1 1 2 3 3 3 1 46 2 3 42 2 33 3 17 12 29 8 47 78 53 51 1 75 30 3 62 26 1 2 2 2 53 25 65 22 1 2 68 3 52 42 15 75 2
65 4
4 59
30 4
4 66
4 33
4 86
62 4
21 4
4 88
4 28
50 4
11 4
4 77
60 4
4 82
4 74
63 4
80 4
4 44
4 39
69 4
34 4
4 78
4 70
27 4
4 85
92 4
38 4
4 13
23 4
4 79
4 52
4 49
4 35
19 4
4 29
4 64
17 4
16 4
42 4
4 47
4 40
4 83
57 4
4 9
45 4
95 4
4 36
7 4
61 4
76 4
4 84
4 5
54 4
15 4
72 4
4 18
68 4
4 2
43 4
4 94
81 4
4 67
4 90
93 4
4 1
4 89
4 75
71 4
4 20
4 37
4 14
4 73
26 4
55 4
48 4
25 4
4 24
91 4
4 51
10 4
4 58
4 8
56 4
41 4
22 4
4 31
4 3
4 53
4 6
4 46
87 4
12 4
32 4
108 107
1 2 3 4 5 6 7 8 9 10 11 12 13 14 15 16 17 18 19 20 21 22 23 24 25 26 27 28 29 30 31 32 33 34 35 36 37 38 39 40 41 42 43 44 45 46 47 48 49 50 51 52 53 54 55 56 57 58 59 60 61 62 63 64 65 66 67 68 69 70 71 72 73 74 75 76 77 78 79 80 81 82 83 84 85 86 87 88 89 90 91 92 93 94 95 96 97 98 99 100 101 102 103 104 105 106 107 108
1 2 3 4 3 6 7 8 3 10 3 12 13 3 3 3 3 18 3 3 3 3 23 24 3 3 3 28 29 3 31 19 3 34 19 36 3 3 3 40 3 42 3 44 45 46 47 48 22 50 51 52 53 3 3 56 3 58 59 60 3 3 63 3 3 66 3 3 69 3 71 72 3 3 3 76 3 78 3 80 3 82 22 3 85 86 87 3 3 3 3 22 3 3 95 96 97 98 99 3 101 3 3 104 105 3 107 108
22 47
22 96
29 22
33 22
22 46
88 22
35 22
22 44
22 34
22 45
39 22
22 94
22 50
22 68
22 99
22 19
100 22
22 63
2 22
107 22
73 22
22 41
22 64
54 22
48 22
22 102
22 28
22 90
22 8
81 22
22 87
22 76
91 22
22 37
22 72
27 22
22 21
22 24
22 77
22 51
22 74
31 22
32 22
22 56
25 22
22 97
85 22
22 17
22 62
22 82
40 22
59 22
22 55
4 22
22 38
22 10
22 67
92 22
22 53
22 26
22 13
22 65
11 22
43 22
66 22
70 22
22 18
12 22
60 22
58 22
22 69
57 22
22 1
84 22
22 6
22 3
9 22
22 61
22 78
101 22
22 20
89 22
22 30
15 22
95 22
22 49
75 22
105 22
7 22
14 22
36 22
22 79
22 98
80 22
23 22
22 83
86 22
22 106
5 22
108 22
103 22
22 42
22 104
22 93
22 52
16 22
71 22
81 80
1 2 3 4 5 6 7 8 9 10 11 12 13 14 15 16 17 18 19 20 21 22 23 24 25 26 27 28 29 30 31 32 33 34 35 36 37 38 39 40 41 42 43 44 45 46 47 48 49 50 51 52 53 54 55 56 57 58 59 60 61 62 63 64 65 66 67 68 69 70 71 72 73 74 75 76 77 78 79 80 81
1 2 3 4 3 6 7 3 9 9 2 12 13 14 15 16 17 18 3 20 21 9 18 24 25 26 27 3 29 30 2 32 9 34 2 36 37 30 39 40 41 9 2 44 3 46 18 48 49 30 51 2 3 30 2 9 57 58 2 60 61 62 2 30 2 66 67 68 69 70 30 2 3 74 75 76 30 78 18 80 30
20 59
59 48
15 59
3 59
59 32
13 59
9 59
59 60
44 59
59 46
74 59
19 59
65 59
59 62
39 59
18 59
59 56
59 49
69 59
59 64
77 59
47 59
59 53
41 59
30 59
59 52
59 7
21 59
59 24
36 59
59 23
59 5
59 35
59 51
59 63
54 59
58 59
59 1
59 38
33 59
14 59
59 66
16 59
28 59
22 59
80 59
68 59
59 2
59 29
57 59
61 59
4 59
25 59
73 59
72 59
59 6
59 71
17 59
59 79
27 59
50 59
10 59
31 59
81 59
59 40
59 37
59 8
59 55
45 59
76 59
59 26
59 42
59 12
78 59
59 70
59 75
59 43
59 67
34 59
11 59
87 86
42 34 72 8 28 53 4 32 15 40 21 52 5 42 35 25 44 76 85 53 83 81 12 22 78 74 23 67 49 60 83 44 5 81 40 83 32 26 83 83 5 73 76 77 39 22 12 53 17 84 72 78 47 27 47 72 81 50 75 18 79 58 74 47 37 83 3 5 7 23 80 58 78 40 49 56 32 55 77 37 2 65 62 24 35 56 10
2 34 2 8 2 53 2 32 2 40 2 2 2 2 2 2 44 2 2 53 83 81 12 22 2 74 2 2 49 60 83 2 5 81 2 2 32 2 2 2 5 73 2 77 39 22 12 53 17 2 72 78 32 2 47 72 2 2 2 18 79 58 2 2 37 2 3 2 7 2 80 2 2 40 49 2 32 55 77 37 2 65 25 2 35 2 2
39 19
47 39
65 39
24 39
39 59
79 39
21 39
43 39
39 73
16 39
77 39
37 39
39 63
51 39
38 39
48 39
84 39
30 39
17 39
39 71
15 39
39 13
25 39
55 39
39 34
85 39
31 39
11 39
26 39
87 39
39 33
7 39
56 39
23 39
81 39
39 41
39 50
32 39
9 39
39 46
39 1
39 5
68 39
39 53
39 69
39 4
39 82
39 36
6 39
52 39
57 39
45 39
39 61
10 39
70 39
39 76
75 39
39 35
58 39
39 44
29 39
39 83
39 62
60 39
18 39
27 39
72 39
67 39
12 39
39 86
39 28
39 42
39 54
80 39
39 64
22 39
39 74
39 66
40 39
49 39
39 8
39 14
39 2
78 39
39 20
3 39
85 84
1 2 3 4 5 6 7 8 9 10 11 12 13 14 15 16 17 18 19 20 21 22 23 24 25 26 27 28 29 30 31 32 33 34 35 36 37 38 39 40 41 42 43 44 45 46 47 48 49 50 51 52 53 54 55 56 57 58 59 60 61 62 63 64 65 66 67 68 69 70 71 72 73 74 75 76 77 78 79 80 81 82 83 84 85
1 2 3 2 2 6 2 8 9 10 2 2 13 14 2 16 17 18 1 2 2 22 23 2 2 2 27 2 2 30 31 32 33 34 2 36 2 2 39 40 2 42 43 44 1 2 47 48 49 2 51 52 2 54 2 56 57 58 59 2 2 62 63 19 65 66 67 2 2 2 2 2 73 74 2 19 2 78 79 2 81 82 2 2 2
35 45
50 45
70 45
45 61
45 4
45 60
45 9
22 45
25 45
24 45
45 7
29 45
45 79
85 45
45 26
45 10
69 45
45 68
45 41
64 45
36 45
16 45
45 78
45 76
52 45
45 53
45 17
67 45
45 49
38 45
45 20
45 28
45 12
45 66
45 51
45 77
65 45
32 45
40 45
45 33
30 45
45 59
45 43
45 14
74 45
45 1
57 45
45 15
3 45
75 45
8 45
45 72
34 45
45 31
18 45
73 45
45 62
27 45
45 81
44 45
21 45
45 56
13 45
45 39
6 45
42 45
45 47
45 48
45 11
46 45
45 55
19 45
45 80
45 84
45 54
58 45
45 71
45 5
82 45
45 63
45 37
45 23
83 45
45 2
105 104
1 2 3 4 5 6 7 8 9 10 11 12 13 14 15 16 17 18 19 20 21 22 23 24 25 26 27 28 29 30 31 32 33 34 35 36 37 38 39 40 41 42 43 44 45 46 47 48 49 50 51 52 53 54 55 56 57 58 59 60 61 62 63 64 65 66 67 68 69 70 71 72 73 74 75 76 77 78 79 80 81 82 83 84 85 86 87 88 89 90 91 92 93 94 95 96 97 98 99 100 101 102 103 104 105
1 2 3 4 3 6 7 8 9 10 3 12 3 14 15 3 17 16 19 3 3 16 23 24 25 26 27 28 3 30 31 3 3 3 35 36 37 3 39 40 41 42 43 44 45 46 3 3 3 50 3 52 53 3 16 3 3 3 16 16 3 3 3 64 65 66 67 3 3 70 71 72 73 3 16 48 16 3 3 80 3 3 60 3 3 25 87 88 89 3 91 16 93 3 95 96 3 3 3 3 3 102 3 104 3
20 97
97 46
97 61
97 21
32 97
63 97
97 30
74 97
97 73
29 97
102 97
97 75
97 5
105 97
97 77
37 97
44 97
58 97
41 97
24 97
76 97
90 97
97 26
91 97
4 97
97 34
17 97
97 104
12 97
13 97
10 97
56 97
85 97
66 97
97 23
83 97
97 62
97 33
80 97
92 97
52 97
14 97
97 42
82 97
97 71
94 97
97 31
43 97
70 97
103 97
45 97
97 67
9 97
72 97
60 97
97 81
35 97
51 97
97 79
97 47
97 54
97 86
97 8
97 16
97 39
97 93
97 28
65 97
36 97
97 11
97 59
49 97
97 22
97 25
97 2
57 97
97 99
97 98
1 97
97 69
55 97
97 40
97 68
97 64
78 97
48 97
97 101
27 97
96 97
97 6
97 89
97 3
97 87
97 50
97 7
38 97
84 97
100 97
97 18
15 97
95 97
97 88
97 19
53 97
109 108
1 2 3 4 5 6 7 8 9 10 11 12 13 14 15 16 17 18 19 20 21 22 23 24 25 26 27 28 29 30 31 32 33 34 35 36 37 38 39 40 41 42 43 44 45 46 47 48 49 50 51 52 53 54 55 56 57 58 59 60 61 62 63 64 65 66 67 68 69 70 71 72 73 74 75 76 77 78 79 80 81 82 83 84 85 86 87 88 89 90 91 92 93 94 95 96 97 98 99 100 101 102 103 104 105 106 107 108 109
1 1 1 1 1 1 1 1 1 1 1 1 1 1 1 1 1 1 1 1 1 1 1 1 1 1 1 1 1 1 1 1 1 1 1 1 1 1 1 1 1 1 1 1 1 1 1 1 1 1 1 1 1 1 1 1 1 1 1 1 1 1 1 1 1 1 1 1 1 1 1 1 1 1 1 1 1 1 1 1 1 1 1 1 1 30 1 1 1 1 1 1 1 1 1 1 1 1 1 1 1 1 1 1 1 1 1 1 1
22 68
106 22
22 58
22 89
51 22
99 22
22 46
22 6
100 22
22 56
37 22
22 107
22 44
94 22
90 22
4 22
22 23
87 22
28 22
70 22
22 20
72 22
103 22
22 24
74 22
22 52
22 33
22 66
42 22
64 22
22 2
22 86
22 78
22 36
19 22
22 7
22 11
22 67
22 8
43 22
22 12
39 22
22 92
32 22
22 76
82 22
22 97
22 84
22 34
22 85
35 22
30 22
22 88
102 22
22 27
22 60
47 22
22 5
1 22
105 22
96 22
25 22
22 73
22 38
77 22
22 101
22 79
22 65
22 31
22 95
22 62
14 22
22 104
50 22
109 22
22 16
22 59
22 29
18 22
57 22
22 48
22 41
49 22
22 91
40 22
22 10
22 53
22 9
22 80
83 22
22 26
63 22
61 22
22 17
22 21
54 22
108 22
15 22
93 22
81 22
22 98
75 22
22 45
3 22
69 22
22 13
55 22
71 22
106 105
1 2 3 4 5 6 7 8 9 10 11 12 13 14 15 16 17 18 19 20 21 22 23 24 25 26 27 28 29 30 31 32 33 34 35 36 37 38 39 40 41 42 43 44 45 46 47 48 49 50 51 52 53 54 55 56 57 58 59 60 61 62 63 64 65 66 67 68 69 70 71 72 73 74 75 76 77 78 79 80 81 82 83 84 85 86 87 88 89 90 91 92 93 94 95 96 97 98 99 100 101 102 103 104 105 106
1 1 1 1 1 1 1 1 1 1 1 1 1 1 1 1 1 1 1 1 1 1 1 1 1 1 1 1 1 1 1 1 1 1 1 1 1 1 1 1 1 1 1 1 1 1 1 1 1 1 1 1 1 1 1 1 1 1 1 1 1 1 1 1 1 1 1 1 1 1 1 1 1 1 1 1 1 1 1 1 1 1 1 1 1 1 1 1 1 1 1 1 1 1 1 1 1 1 1 1 1 1 1 1 1 1
71 79
40 71
71 36
71 31
49 71
71 61
71 75
20 71
71 93
27 71
59 71
22 71
60 71
71 84
71 90
71 53
98 71
71 104
71 88
71 64
68 71
58 71
71 99
39 71
70 71
32 71
71 65
71 26
95 71
24 71
71 25
46 71
71 96
71 42
71 62
80 71
105 71
1 71
45 71
6 71
100 71
50 71
106 71
71 85
71 54
13 71
29 71
10 71
71 35
71 34
71 30
71 15
4 71
28 71
82 71
71 37
71 56
89 71
71 87
3 71
7 71
9 71
102 71
71 47
73 71
41 71
5 71
72 71
71 23
71 55
71 76
71 63
71 44
17 71
86 71
66 71
71 43
57 71
71 81
71 91
19 71
52 71
71 12
21 71
97 71
14 71
71 38
71 92
8 71
74 71
71 16
71 51
83 71
67 71
94 71
71 2
78 71
101 71
33 71
11 71
77 71
103 71
48 71
18 71
71 69
85 84
1 2 3 4 5 6 7 8 9 10 11 12 13 14 15 16 17 18 19 20 21 22 23 24 25 26 27 28 29 30 31 32 33 34 35 36 37 38 39 40 41 42 43 44 45 46 47 48 49 50 51 52 53 54 55 56 57 58 59 60 61 62 63 64 65 66 67 68 69 70 71 72 73 74 75 76 77 78 79 80 81 82 83 84 85
1 1 1 1 5 1 1 1 1 1 1 1 1 1 1 1 1 1 1 1 1 1 1 1 1 1 1 1 1 1 1 1 1 1 1 1 1 1 1 1 1 1 1 1 1 1 1 1 1 1 1 1 1 1 1 1 1 1 1 1 1 1 1 1 1 1 1 1 1 1 1 1 1 1 13 1 1 1 1 1 1 1 1 18 1
32 56
84 56
56 23
19 56
81 56
56 20
66 56
56 72
67 56
33 56
56 25
47 56
30 56
39 56
34 56
53 56
80 56
37 56
56 61
48 56
3 56
56 8
43 56
50 56
29 56
56 14
56 40
77 56
58 56
56 51
56 83
56 82
56 26
56 7
56 31
24 56
56 45
57 56
56 49
75 56
22 56
56 68
56 74
65 56
2 56
56 42
60 56
56 1
56 12
64 56
4 56
9 56
56 71
16 56
56 78
56 62
54 56
56 69
56 85
56 63
38 56
11 56
56 15
52 56
56 17
6 56
56 44
56 79
41 56
36 56
35 56
59 56
56 18
55 56
76 56
10 56
21 56
27 56
73 56
56 70
56 46
56 5
56 28
56 13
109 108
1 2 3 4 5 6 7 8 9 10 11 12 13 14 15 16 17 18 19 20 21 22 23 24 25 26 27 28 29 30 31 32 33 34 35 36 37 38 39 40 41 42 43 44 45 46 47 48 49 50 51 52 53 54 55 56 57 58 59 60 61 62 63 64 65 66 67 68 69 70 71 72 73 74 75 76 77 78 79 80 81 82 83 84 85 86 87 88 89 90 91 92 93 94 95 96 97 98 99 100 101 102 103 104 105 106 107 108 109
1 2 1 4 1 6 1 1 1 10 1 12 13 14 15 1 1 18 1 20 21 22 1 24 25 1 27 28 29 30 31 32 33 34 1 36 1 38 1 1 37 42 43 44 45 1 47 1 1 1 51 1 20 54 55 56 57 58 1 60 1 1 63 64 65 66 67 1 69 1 1 20 1 74 75 76 77 78 1 1 65 1 1 1 85 1 1 88 89 1 91 92 1 1 1 96 97 1 99 100 101 102 1 1 1 106 1 1 109
89 79
74 79
79 24
30 79
79 11
106 79
23 79
42 79
46 79
65 79
50 79
18 79
70 79
79 54
92 79
79 68
79 60
79 19
79 17
53 79
64 79
10 79
103 79
79 67
79 101
26 79
56 79
3 79
79 107
79 7
79 93
79 33
51 79
48 79
79 80
31 79
88 79
79 96
9 79
79 2
79 90
79 32
44 79
59 79
57 79
35 79
6 79
79 21
79 97
79 98
79 20
79 85
79 82
28 79
16 79
36 79
79 37
49 79
39 79
62 79
41 79
79 81
79 77
12 79
108 79
8 79
79 84
61 79
79 63
105 79
47 79
95 79
87 79
109 79
79 5
79 52
79 27
40 79
79 14
104 79
79 29
79 38
79 45
79 76
79 22
79 78
79 100
66 79
79 71
58 79
79 55
79 94
79 69
1 79
79 99
79 86
34 79
25 79
102 79
13 79
15 79
72 79
4 79
79 91
79 73
75 79
43 79
83 79
82 81
1 2 3 4 5 6 7 8 9 10 11 12 13 14 15 16 17 18 19 20 21 22 23 24 25 26 27 28 29 30 31 32 33 34 35 36 37 38 39 40 41 42 43 44 45 46 47 48 49 50 51 52 53 54 55 56 57 58 59 60 61 62 63 64 65 66 67 68 69 70 71 72 73 74 75 76 77 78 79 80 81 82
1 2 1 4 5 6 1 8 9 10 11 12 1 14 15 16 17 14 19 20 10 14 14 1 25 1 27 1 1 30 31 32 10 34 1 36 37 38 14 40 14 42 43 1 45 46 47 48 14 1 14 52 1 54 14 56 57 1 1 60 61 62 14 64 1 66 67 68 1 14 1 1 1 1 75 28 77 78 79 80 81 14
28 37
28 8
13 28
18 28
28 65
64 28
9 28
27 28
69 28
68 28
28 6
28 32
39 28
28 34
28 76
28 81
28 30
16 28
63 28
28 50
12 28
28 49
58 28
28 43
38 28
23 28
51 28
28 15
28 1
40 28
28 79
28 42
28 41
28 73
28 52
45 28
28 54
33 28
28 66
71 28
55 28
28 19
82 28
59 28
20 28
28 62
28 36
60 28
28 26
28 53
10 28
28 25
11 28
28 57
28 48
56 28
28 24
28 4
61 28
28 75
5 28
28 29
28 70
28 78
28 46
17 28
28 2
28 35
77 28
14 28
28 21
28 80
28 47
7 28
28 31
3 28
74 28
28 72
22 28
28 44
28 67
113 112
111 22 55 105 18 98 22 34 64 57 55 79 103 104 73 53 96 7 13 41 20 55 105 2 20 86 104 13 35 69 17 54 14 75 74 63 36 10 69 13 31 93 58 40 65 102 91 89 105 4 44 18 61 34 109 67 110 52 9 22 60 22 99 79 46 70 60 29 57 19 77 108 36 99 37 6 94 26 66 97 51 39 39 43 5 33 52 2 22 69 93 67 38 31 109 34 5 59 94 58 79 67 99 17 63 94 17 3 64 112 13 74 5
2 2 2 2 2 2 2 2 2 2 2 2 2 2 2 2 2 2 2 2 2 2 2 2 2 2 2 2 2 2 2 2 2 2 2 2 2 2 2 2 2 2 2 2 2 2 78 2 2 2 2 2 2 2 2 2 2 2 2 2 2 2 2 2 2 2 2 2 2 2 2 2 2 2 2 2 2 2 2 2 2 2 2 2 2 2 2 2 2 2 2 2 2 2 2 2 2 2 2 2 2 2 2 2 2 2 2 2 2 2 2 2 2
88 48
48 101
48 50
11 48
48 106
4 48
48 90
48 80
48 100
40 48
26 48
48 77
48 75
48 89
48 62
102 48
72 48
48 63
96 48
48 60
48 69
37 48
107 48
48 23
48 28
109 48
31 48
48 5
29 48
48 73
48 16
48 81
104 48
48 22
70 48
48 6
15 48
48 92
93 48
39 48
9 48
36 48
48 78
45 48
48 66
49 48
32 48
48 84
43 48
48 54
48 95
61 48
52 48
48 2
48 47
48 103
27 48
48 46
18 48
48 105
71 48
48 21
79 48
48 10
48 17
13 48
74 48
48 87
48 58
48 20
48 64
57 48
82 48
12 48
83 48
48 98
48 108
19 48
14 48
48 99
48 94
30 48
48 33
48 24
7 48
48 113
65 48
51 48
41 48
48 59
48 111
48 97
91 48
35 48
25 48
48 1
42 48
86 48
76 48
68 48
48 67
38 48
48 53
48 3
8 48
48 44
34 48
48 85
112 48
48 110
48 56
48 55
89 88
1 2 3 4 5 6 7 8 9 10 11 12 13 14 15 16 17 18 19 20 21 22 23 24 25 26 27 28 29 30 31 32 33 34 35 36 37 38 39 40 41 42 43 44 45 46 47 48 49 50 51 52 53 54 55 56 57 58 59 60 61 62 63 64 65 66 67 68 69 70 71 72 73 74 75 76 77 78 79 80 81 82 83 84 85 86 87 88 89
1 1 1 1 1 1 1 1 1 1 1 1 1 1 1 1 1 1 1 1 1 1 1 1 1 1 1 1 1 1 1 1 1 1 1 1 1 1 1 1 1 1 1 1 1 1 1 1 1 1 1 1 1 1 1 1 1 1 1 1 1 1 1 1 1 1 1 1 69 1 1 1 1 1 1 1 1 1 1 1 1 1 1 1 1 1 1 1 1
76 63
76 25
52 76
3 76
15 76
58 76
76 87
88 76
76 27
18 76
84 76
7 76
76 80
71 76
76 16
2 76
23 76
45 76
76 82
59 76
60 76
76 6
76 48
49 76
76 86
76 38
1 76
76 69
68 76
89 76
31 76
39 76
42 76
17 76
74 76
76 30
76 46
81 76
12 76
70 76
76 43
44 76
5 76
67 76
76 77
76 21
76 51
76 26
75 76
57 76
61 76
76 24
41 76
22 76
76 79
76 72
76 36
19 76
11 76
76 34
65 76
76 64
76 54
33 76
55 76
76 56
76 78
29 76
8 76
73 76
76 13
4 76
10 76
83 76
62 76
76 35
14 76
76 37
40 76
66 76
76 50
76 28
76 47
9 76
76 85
76 32
53 76
76 20
107 106
19 103 64 83 33 33 62 63 100 65 89 106 61 47 34 20 26 62 53 4 74 42 32 39 92 4 102 82 73 49 58 36 62 44 107 57 1 76 17 2 7 5 89 45 105 17 16 57 33 104 14 56 28 82 22 77 77 7 104 57 93 75 42 86 29 1 100 31 99 40 103 47 73 95 21 38 88 86 102 51 68 89 35 77 54 93 105 74 103 75 107 60 49 61 26 29 66 97 8 83 82 29 25 83 27 48 73
1 1 1 1 1 1 1 1 1 1 1 1 1 1 1 1 1 1 1 1 1 1 1 1 1 1 1 1 1 1 1 1 1 1 1 1 1 1 1 1 1 1 1 1 1 1 1 1 1 1 1 1 1 1 1 1 1 1 1 1 1 1 1 1 1 1 1 1 1 1 1 1 73 1 1 1 1 1 1 1 1 1 1 1 1 1 1 1 1 1 1 1 1 1 1 1 1 1 1 1 1 1 1 1 1 1 1
43 96
59 43
10 43
5 43
98 43
34 43
43 31
43 77
43 13
41 43
100 43
97 43
43 7
43 39
43 21
52 43
83 43
51 43
95 43
43 65
43 49
43 107
101 43
56 43
36 43
55 43
43 24
62 43
8 43
18 43
106 43
14 43
17 43
43 46
43 54
50 43
84 43
43 68
28 43
43 37
43 19
40 43
43 25
43 48
79 43
43 12
43 9
38 43
4 43
43 45
69 43
43 3
61 43
85 43
43 76
53 43
80 43
43 63
102 43
57 43
43 74
67 43
81 43
75 43
103 43
43 26
43 35
43 6
30 43
27 43
99 43
43 60
43 15
43 94
86 43
16 43
70 43
43 90
105 43
43 104
43 22
20 43
43 11
43 71
72 43
43 87
43 73
89 43
43 92
43 58
43 78
43 42
23 43
43 93
43 33
43 2
43 1
82 43
29 43
43 88
43 64
47 43
43 66
91 43
43 32
44 43
97 96
1 2 3 4 5 6 7 8 9 10 11 12 13 14 15 16 17 18 19 20 21 22 23 24 25 26 27 28 29 30 31 32 33 34 35 36 37 38 39 40 41 42 43 44 45 46 47 48 49 50 51 52 53 54 55 56 57 58 59 60 61 62 63 64 65 66 67 68 69 70 71 72 73 74 75 76 77 78 79 80 81 82 83 84 85 86 87 88 89 90 91 92 93 94 95 96 97
1 1 3 4 5 6 7 8 9 10 11 12 13 5 15 1 5 1 19 20 1 22 23 24 5 26 27 1 1 1 1 32 1 34 5 1 37 38 1 1 41 1 43 44 45 46 47 5 49 50 51 1 53 1 55 5 1 58 59 60 61 1 63 64 5 1 67 68 69 5 1 72 5 74 5 76 5 5 5 80 81 5 1 1 1 5 87 88 1 90 1 92 93 1 95 96 97
5 83
83 11
83 51
83 41
87 83
32 83
83 16
2 83
83 34
83 79
8 83
93 83
37 83
83 95
83 12
83 23
19 83
83 84
3 83
73 83
83 13
24 83
83 42
66 83
18 83
83 90
14 83
83 82
83 62
83 43
45 83
83 92
83 77
10 83
83 67
31 83
27 83
28 83
30 83
71 83
83 36
61 83
83 65
74 83
83 81
29 83
83 78
60 83
83 35
83 21
83 94
48 83
72 83
83 33
76 83
56 83
83 39
17 83
83 58
83 38
83 40
83 80
54 83
83 85
83 63
88 83
70 83
83 96
83 68
83 75
83 44
4 83
83 59
7 83
69 83
49 83
83 9
86 83
83 22
83 20
83 64
55 83
97 83
52 83
25 83
15 83
83 53
89 83
47 83
91 83
83 50
83 6
83 1
83 46
83 26
57 83
85 84
2 15 52 52 24 50 52 55 43 72 42 74 3 6 47 44 5 73 1 21 28 65 45 6 77 83 5 84 40 46 18 76 12 57 78 7 7 41 69 24 49 10 3 29 46 74 52 33 77 22 27 9 9 65 39 35 28 2 78 5 71 2 71 13 3 58 83 3 24 70 33 9 3 71 58 45 49 59 59 11 53 16 70 59 74
2 15 52 2 2 2 2 2 43 72 42 70 3 6 2 44 5 2 1 21 28 2 2 6 77 2 2 2 2 46 18 2 2 2 2 7 2 41 2 24 2 10 3 29 46 2 52 33 77 22 2 9 2 65 39 2 2 2 78 5 2 2 2 13 2 2 83 3 24 70 2 9 2 71 2 45 2 59 50 2 2 2 2 59 2
6 48
66 6
6 21
6 57
6 27
33 6
61 6
6 18
22 6
64 6
6 80
6 59
40 6
68 6
24 6
6 47
63 6
1 6
55 6
6 71
84 6
10 6
79 6
23 6
6 34
6 25
6 32
38 6
19 6
72 6
26 6
46 6
74 6
44 6
6 82
6 16
6 45
6 75
43 6
6 36
6 67
6 50
6 2
6 37
65 6
69 6
30 6
73 6
6 3
6 17
14 6
6 13
53 6
6 28
6 85
6 77
60 6
12 6
6 31
15 6
41 6
5 6
8 6
62 6
35 6
58 6
42 6
49 6
9 6
6 54
6 83
6 4
78 6
7 6
6 29
6 51
6 20
6 81
39 6
6 70
56 6
52 6
6 76
11 6
99 98
1 2 3 4 5 6 7 8 9 10 11 12 13 14 15 16 17 18 19 20 21 22 23 24 25 26 27 28 29 30 31 32 33 34 35 36 37 38 39 40 41 42 43 44 45 46 47 48 49 50 51 52 53 54 55 56 57 58 59 60 61 62 63 64 65 66 67 68 69 70 71 72 73 74 75 76 77 78 79 80 81 82 83 84 85 86 87 88 89 90 91 92 93 94 95 96 97 98 99
1 1 1 1 1 1 1 1 1 1 1 1 1 1 1 1 1 1 1 1 1 1 1 1 1 1 1 1 1 1 1 1 1 1 1 1 1 1 1 1 1 1 1 1 1 1 1 1 1 1 1 1 1 1 1 1 1 1 1 1 1 1 1 1 1 1 1 1 1 1 1 1 1 1 1 1 1 1 1 1 1 1 1 1 1 1 1 81 1 1 1 1 1 1 1 1 1 1 1
84 43
43 74
61 43
43 83
43 44
52 43
43 54
70 43
43 17
22 43
87 43
77 43
43 50
43 19
59 43
43 9
14 43
79 43
94 43
53 43
68 43
12 43
72 43
20 43
43 18
43 23
64 43
66 43
36 43
11 43
43 4
65 43
5 43
43 85
43 30
43 90
43 95
10 43
43 51
1 43
55 43
43 8
76 43
43 60
57 43
43 27
43 26
43 86
48 43
43 29
93 43
43 21
7 43
58 43
39 43
69 43
47 43
43 34
43 98
43 33
43 62
43 91
43 38
43 56
43 46
43 82
16 43
43 37
25 43
32 43
43 81
43 92
43 73
6 43
31 43
80 43
67 43
13 43
43 97
43 89
71 43
24 43
43 75
99 43
43 63
43 40
43 28
43 96
41 43
3 43
43 2
15 43
78 43
43 88
49 43
45 43
35 43
42 43
110 109
43 105 25 27 13 22 83 31 67 100 80 44 18 98 89 67 10 44 81 39 59 75 67 30 105 66 89 19 91 57 30 7 58 17 65 26 29 16 47 42 91 86 77 28 106 13 58 84 59 38 48 74 11 91 6 81 70 83 21 79 14 10 13 2 88 67 99 38 54 36 60 91 75 107 91 1 78 32 12 59 8 92 87 68 62 69 85 80 59 67 88 74 83 91 42 25 28 95 39 103 60 78 102 64 36 15 61 53 81 108
1 1 1 1 1 1 1 1 1 1 1 1 1 1 1 1 1 1 1 1 1 1 1 1 1 1 1 1 1 1 1 1 1 1 1 1 1 1 1 1 1 1 1 1 1 1 1 1 1 1 1 1 1 1 1 1 1 1 1 1 1 1 1 1 1 1 1 1 1 1 1 1 1 1 1 1 1 1 1 1 1 1 1 1 1 1 1 1 1 1 1 1 1 1 1 1 1 1 1 1 1 1 1 1 1 1 1 1 1 1
46 79
4 46
59 46
46 93
46 90
74 46
46 68
26 46
56 46
82 46
54 46
46 9
87 46
46 76
46 15
22 46
18 46
60 46
78 46
46 44
46 89
46 102
96 46
46 52
46 30
46 42
40 46
13 46
2 46
46 29
46 33
46 51
63 46
45 46
46 47
46 23
85 46
20 46
77 46
46 108
53 46
46 10
5 46
46 43
46 55
46 72
46 103
46 109
46 73
28 46
41 46
46 37
46 105
46 1
104 46
19 46
65 46
46 71
46 49
16 46
11 46
46 48
46 31
46 61
46 110
46 34
84 46
24 46
21 46
46 27
46 38
39 46
50 46
57 46
46 17
32 46
58 46
46 7
46 6
25 46
46 75
67 46
46 107
46 66
46 64
46 97
80 46
46 94
46 14
46 12
46 100
99 46
95 46
70 46
46 91
101 46
3 46
98 46
46 36
46 106
46 69
46 35
81 46
88 46
92 46
46 86
83 46
8 46
46 62
85 84
73 12 56 75 53 15 36 65 74 61 5 32 20 60 8 52 76 25 23 68 11 12 80 66 25 10 52 64 79 84 53 81 29 35 5 25 62 32 38 76 28 75 64 64 73 49 12 68 85 45 45 19 34 20 35 22 57 33 81 31 42 18 37 69 17 7 71 79 11 10 37 64 5 9 70 47 76 43 36 52 7 29 70 1 83
1 1 1 1 1 1 23 1 1 1 1 1 1 1 1 1 1 1 1 1 1 1 1 1 1 1 1 1 1 1 1 1 1 1 1 1 1 1 1 1 1 1 1 1 1 1 1 1 1 1 1 1 1 1 1 1 1 1 1 1 1 1 1 1 1 1 1 1 1 1 1 1 1 1 1 1 1 1 1 1 1 1 1 1 1
78 42
42 35
11 42
82 42
37 42
26 42
71 42
42 48
42 74
43 42
44 42
67 42
42 24
42 50
42 41
27 42
63 42
42 29
42 59
42 30
42 61
42 14
42 68
42 25
42 6
75 42
42 65
42 34
39 42
54 42
36 42
42 76
42 81
42 46
23 42
42 45
49 42
17 42
42 12
10 42
9 42
70 42
4 42
85 42
42 64
32 42
42 20
79 42
42 83
60 42
42 72
13 42
42 56
19 42
42 47
42 40
42 77
42 16
69 42
42 58
3 42
42 66
52 42
42 18
1 42
62 42
15 42
42 51
42 84
57 42
5 42
42 8
42 73
33 42
42 80
28 42
42 22
42 53
42 31
2 42
7 42
21 42
42 55
38 42
109 108
27 32 87 102 23 52 41 34 95 19 32 67 57 78 80 35 55 3 90 56 57 57 96 103 43 87 18 15 67 101 35 10 13 46 22 58 75 54 102 41 100 3 30 54 50 98 82 106 89 50 46 8 24 56 69 36 65 40 33 80 51 23 28 95 101 104 55 4 95 57 28 50 49 87 15 35 56 42 53 109 88 61 38 82 60 102 36 45 60 42 80 99 69 52 92 51 46 56 46 77 108 35 58 35 5 83 65 105 87
27 3 87 3 23 52 41 34 23 3 23 3 18 78 80 3 55 3 90 56 57 57 96 3 3 87 18 3 67 101 35 8 13 46 22 23 75 54 3 41 100 3 30 18 50 98 82 106 3 8 23 8 3 56 3 36 3 3 23 3 51 3 28 8 23 104 55 3 95 23 28 50 23 87 8 35 56 8 18 109 88 61 38 8 23 102 36 8 23 23 23 99 18 3 92 23 46 56 3 18 108 35 58 18 5 8 65 23 3
101 49
49 84
14 49
49 12
22 49
3 49
49 85
100 49
49 105
28 49
49 6
67 49
49 5
29 49
49 97
10 49
51 49
57 49
49 60
49 71
91 49
49 76
49 53
87 49
64 49
49 59
27 49
38 49
49 16
37 49
4 49
42 49
49 43
49 98
39 49
49 83
106 49
72 49
49 8
49 46
25 49
49 90
49 19
49 30
13 49
49 21
49 23
11 49
36 49
33 49
96 49
99 49
49 63
49 18
49 34
75 49
49 78
40 49
47 49
49 58
7 49
56 49
20 49
49 109
49 17
49 15
108 49
55 49
49 31
49 70
49 66
49 62
49 107
49 26
49 88
49 69
103 49
9 49
49 45
32 49
49 35
49 52
54 49
81 49
77 49
44 49
102 49
94 49
104 49
49 50
49 80
1 49
74 49
73 49
49 92
93 49
65 49
61 49
86 49
48 49
49 95
79 49
2 49
49 41
24 49
49 89
82 49
49 68
84 83
36 65 32 9 65 33 80 75 39 29 54 62 67 45 77 52 76 72 23 16 10 74 34 45 66 64 26 19 27 44 29 39 23 73 10 66 47 57 14 34 15 78 38 40 23 80 2 7 73 66 4 12 32 5 27 60 55 19 1 6 12 65 42 2 37 78 58 2 55 49 66 49 14 39 84 39 61 43 47 7 36 12 8 5
1 1 1 1 1 1 1 1 1 1 1 1 1 1 1 1 1 1 1 1 1 1 1 45 1 1 1 1 1 1 1 1 1 1 1 1 1 1 1 1 1 1 1 1 1 1 1 1 1 1 1 1 1 1 1 1 1 1 1 1 1 1 1 1 1 1 1 1 1 1 1 1 1 1 1 1 1 1 1 1 1 1 1 1
30 6
30 57
33 30
30 7
30 12
72 30
30 63
4 30
32 30
17 30
30 74
30 15
30 39
30 19
8 30
84 30
30 53
30 28
30 1
30 20
80 30
9 30
59 30
71 30
58 30
30 82
25 30
50 30
54 30
46 30
73 30
30 29
30 2
22 30
30 18
26 30
30 48
60 30
30 44
30 14
83 30
81 30
43 30
30 70
30 77
79 30
38 30
30 21
30 67
30 68
55 30
30 62
30 64
35 30
30 16
5 30
30 49
23 30
30 47
30 10
30 34
76 30
11 30
36 30
51 30
42 30
56 30
30 45
30 24
30 41
66 30
30 78
3 30
30 69
27 30
30 13
30 61
37 30
75 30
65 30
30 52
30 31
30 40
84 83
1 2 3 4 5 6 7 8 9 10 11 12 13 14 15 16 17 18 19 20 21 22 23 24 25 26 27 28 29 30 31 32 33 34 35 36 37 38 39 40 41 42 43 44 45 46 47 48 49 50 51 52 53 54 55 56 57 58 59 60 61 62 63 64 65 66 67 68 69 70 71 72 73 74 75 76 77 78 79 80 81 82 83 84
1 1 1 1 1 1 1 1 1 1 1 1 1 1 1 1 1 1 1 1 1 1 1 1 1 1 1 1 1 1 1 1 1 1 1 1 1 1 1 1 1 1 1 1 1 1 1 1 1 1 1 1 1 1 1 1 1 1 1 1 1 1 1 1 1 1 1 1 1 1 1 1 1 1 1 1 1 1 1 1 1 1 1 1
77 14
61 14
14 55
14 27
14 49
14 72
14 5
14 41
18 14
14 56
30 14
84 14
63 14
14 50
20 14
14 6
1 14
7 14
14 76
14 51
14 69
14 57
45 14
47 14
59 14
14 53
12 14
14 15
14 73
29 14
14 52
14 81
14 33
40 14
37 14
14 25
80 14
14 82
14 66
14 48
39 14
14 4
58 14
17 14
36 14
9 14
28 14
62 14
64 14
60 14
14 11
83 14
23 14
14 34
46 14
14 16
19 14
65 14
67 14
14 78
14 8
71 14
32 14
35 14
14 22
14 44
14 2
3 14
26 14
43 14
24 14
14 42
70 14
14 31
14 54
21 14
14 10
14 68
14 79
13 14
14 74
14 75
38 14
105 104
14 20 58 92 71 93 19 28 60 85 17 72 37 58 30 6 30 24 83 87 21 8 74 52 83 35 15 60 78 55 104 23 41 76 85 12 70 94 63 29 66 51 74 31 47 33 83 55 18 21 39 57 99 30 5 2 16 13 31 85 80 87 101 74 53 47 14 28 50 1 26 31 64 27 66 11 102 12 6 10 87 22 14 10 91 23 77 3 59 22 11 85 47 33 72 71 15 91 44 71 45 68 100 17 59
1 1 1 1 1 1 1 1 1 1 1 1 1 1 1 1 1 1 1 1 1 1 1 1 1 1 1 1 1 1 1 1 1 1 1 1 1 1 1 1 1 1 1 1 1 1 1 1 1 1 21 1 1 1 1 1 1 1 1 1 1 1 1 1 1 1 1 1 1 1 1 1 1 1 1 1 1 1 1 1 1 1 1 1 1 1 1 1 1 1 1 1 1 1 1 1 1 1 1 1 1 1 1 1 1
37 7
44 7
53 7
61 7
7 49
50 7
48 7
7 84
91 7
7 41
7 57
7 40
7 13
94 7
7 73
7 45
7 86
87 7
58 7
11 7
7 85
46 7
77 7
88 7
98 7
18 7
7 76
15 7
7 62
7 28
7 19
97 7
7 39
7 30
82 7
104 7
63 7
7 100
70 7
78 7
103 7
7 35
7 34
89 7
7 36
105 7
7 21
26 7
7 81
7 47
7 74
8 7
7 83
66 7
64 7
7 52
16 7
7 1
10 7
80 7
7 20
7 12
7 6
69 7
7 27
9 7
95 7
7 51
5 7
7 92
54 7
99 7
101 7
79 7
96 7
23 7
3 7
7 102
7 72
90 7
7 67
25 7
65 7
38 7
7 43
7 32
2 7
24 7
7 56
7 59
55 7
7 33
14 7
29 7
4 7
7 22
68 7
7 75
7 71
7 17
7 42
60 7
31 7
7 93
103 102
1 2 3 4 5 6 7 8 9 10 11 12 13 14 15 16 17 18 19 20 21 22 23 24 25 26 27 28 29 30 31 32 33 34 35 36 37 38 39 40 41 42 43 44 45 46 47 48 49 50 51 52 53 54 55 56 57 58 59 60 61 62 63 64 65 66 67 68 69 70 71 72 73 74 75 76 77 78 79 80 81 82 83 84 85 86 87 88 89 90 91 92 93 94 95 96 97 98 99 100 101 102 103
1 2 2 4 2 6 7 2 2 2 2 2 2 14 15 16 2 18 19 2 2 2 23 24 2 26 27 2 29 30 2 32 2 2 2 2 2 38 39 40 2 42 43 2 45 46 2 2 2 50 51 52 2 54 55 2 57 2 59 2 2 62 2 2 65 66 2 2 2 70 71 2 73 2 75 2 77 78 2 2 2 2 83 2 2 2 73 88 89 2 91 92 93 2 95 96 97 98 2 2 101 2 2
36 2
2 1
82 2
2 71
2 8
95 2
40 2
2 28
2 98
80 2
16 2
50 2
2 5
6 2
2 56
60 2
2 13
102 2
2 73
101 2
37 2
69 2
18 2
2 11
2 85
100 2
2 57
67 2
2 20
2 29
2 34
2 58
2 68
86 2
3 2
55 2
2 35
2 53
89 2
2 27
24 2
2 31
45 2
12 2
2 97
2 93
96 2
78 2
72 2
2 87
2 65
32 2
46 2
19 2
74 2
2 23
10 2
52 2
90 2
61 2
2 7
47 2
2 63
2 33
4 2
54 2
2 21
22 2
83 2
2 25
2 81
39 2
64 2
2 70
2 77
2 76
66 2
51 2
49 2
9 2
2 48
43 2
2 15
2 17
44 2
99 2
26 2
103 2
2 62
2 41
2 75
2 59
2 88
2 91
92 2
2 30
84 2
38 2
14 2
42 2
94 2
79 2
91 90
1 2 3 4 5 6 7 8 9 10 11 12 13 14 15 16 17 18 19 20 21 22 23 24 25 26 27 28 29 30 31 32 33 34 35 36 37 38 39 40 41 42 43 44 45 46 47 48 49 50 51 52 53 54 55 56 57 58 59 60 61 62 63 64 65 66 67 68 69 70 71 72 73 74 75 76 77 78 79 80 81 82 83 84 85 86 87 88 89 90 91
1 2 3 4 5 6 7 1 7 10 7 12 13 14 15 16 17 18 19 20 7 22 5 7 25 26 27 28 29 7 7 32 33 20 35 36 37 38 1 7 1 1 5 44 7 46 47 48 7 50 1 52 7 54 55 56 57 7 59 60 1 62 7 1 7 7 67 7 69 70 71 1 73 74 1 76 7 78 7 1 81 82 55 84 7 86 87 88 1 7 1
75 48
75 26
51 75
22 75
16 75
75 43
75 31
75 15
75 34
3 75
81 75
75 14
75 61
28 75
90 75
11 75
20 75
87 75
75 6
60 75
75 79
7 75
41 75
75 64
65 75
68 75
75 54
75 27
75 1
78 75
56 75
75 71
42 75
75 74
24 75
75 47
19 75
50 75
75 46
75 88
52 75
75 55
30 75
91 75
62 75
83 75
57 75
75 37
2 75
33 75
39 75
13 75
72 75
8 75
75 59
70 75
18 75
75 23
75 45
75 73
75 49
75 35
75 10
80 75
69 75
17 75
76 75
9 75
12 75
75 32
75 66
85 75
75 25
75 53
38 75
4 75
75 36
82 75
63 75
75 86
67 75
75 77
89 75
5 75
21 75
58 75
75 29
84 75
75 40
44 75
95 94
1 2 3 4 5 6 7 8 9 10 11 12 13 14 15 16 17 18 19 20 21 22 23 24 25 26 27 28 29 30 31 32 33 34 35 36 37 38 39 40 41 42 43 44 45 46 47 48 49 50 51 52 53 54 55 56 57 58 59 60 61 62 63 64 65 66 67 68 69 70 71 72 73 74 75 76 77 78 79 80 81 82 83 84 85 86 87 88 89 90 91 92 93 94 95
1 1 1 1 1 1 1 1 1 1 1 1 1 1 1 1 1 1 1 1 1 1 1 1 1 1 1 1 1 1 1 1 1 1 1 1 1 1 1 1 1 1 1 1 1 1 1 1 1 1 1 1 1 1 1 1 1 1 1 1 1 1 1 1 1 1 1 1 1 1 1 1 1 1 1 1 1 1 1 1 1 1 1 1 1 1 1 1 1 1 1 1 1 1 1
30 25
28 30
30 82
30 24
30 38
30 5
30 29
39 30
30 44
30 51
30 6
21 30
81 30
30 72
30 7
19 30
12 30
90 30
92 30
30 88
30 78
31 30
30 9
79 30
23 30
66 30
75 30
62 30
30 50
14 30
32 30
22 30
30 65
93 30
30 47
49 30
4 30
41 30
30 16
30 76
80 30
30 18
58 30
30 84
35 30
83 30
94 30
59 30
37 30
55 30
30 63
30 11
30 67
1 30
30 69
48 30
52 30
45 30
17 30
30 86
30 60
30 34
71 30
30 2
30 20
30 73
46 30
15 30
30 43
54 30
30 42
70 30
77 30
30 26
27 30
53 30
30 40
87 30
30 61
68 30
30 85
95 30
30 91
30 36
64 30
13 30
74 30
30 3
10 30
56 30
33 30
30 57
8 30
30 89
102 101
1 98 96 52 87 8 59 47 57 37 1 14 91 47 22 32 21 101 13 99 76 30 25 93 61 97 13 54 10 36 63 47 87 63 28 69 51 89 102 70 48 34 76 8 44 28 12 10 42 87 11 74 9 46 50 59 64 43 4 100 83 94 67 90 49 69 102 65 64 79 81 64 68 27 64 46 3 46 34 27 40 42 18 57 46 42 6 19 80 6 6 96 64 74 34 48 61 34 91 94 42 56
1 98 96 52 1 1 59 47 1 37 1 14 1 47 22 32 21 101 1 1 76 30 25 1 61 97 1 1 1 36 1 1 87 1 1 1 1 89 102 1 1 34 1 8 1 1 1 10 1 87 11 74 9 46 1 59 1 1 4 1 1 94 1 74 1 69 1 1 64 1 81 64 68 1 1 1 3 46 34 27 1 1 1 57 46 42 6 19 80 1 1 96 28 1 34 1 61 34 91 1 42 56
31 47
31 54
96 31
31 37
51 31
39 31
31 33
31 85
79 31
66 31
56 31
31 52
31 62
18 31
15 31
31 25
64 31
71 31
31 91
31 70
50 31
31 29
45 31
97 31
92 31
11 31
95 31
67 31
84 31
31 7
90 31
22 31
31 60
63 31
44 31
31 99
31 27
98 31
20 31
59 31
57 31
31 9
31 58
31 89
31 53
31 49
31 26
102 31
31 17
31 41
6 31
83 31
81 31
19 31
69 31
31 74
13 31
35 31
65 31
23 31
78 31
31 68
31 1
31 55
32 31
31 8
31 2
31 3
77 31
31 86
31 16
31 88
82 31
31 61
28 31
31 10
31 21
31 34
31 12
31 5
31 40
31 48
73 31
31 36
46 31
75 31
100 31
43 31
31 93
31 101
31 24
31 94
31 38
31 4
30 31
31 87
31 72
31 80
14 31
31 76
31 42
118 117
106 30 25 59 5 80 83 37 79 117 66 59 77 81 115 51 64 114 7 51 54 10 92 96 87 43 116 117 114 62 55 83 46 7 64 54 86 4 92 48 39 98 4 32 85 2 117 94 6 82 58 60 108 25 1 73 115 64 31 26 89 13 1 5 86 94 33 53 62 47 4 31 29 74 36 31 98 56 37 1 113 54 11 96 114 69 61 106 75 87 83 70 5 37 26 111 23 65 25 59 6 64 35 107 118 36 83 18 60 71 20 45 75 57 11 33 92 15
1 1 1 1 1 1 1 1 1 1 1 1 1 1 1 1 1 1 1 1 1 1 1 1 1 1 1 1 1 1 1 1 1 1 1 1 1 1 1 1 1 1 1 1 1 1 1 1 1 1 1 1 1 1 1 1 1 1 1 1 1 1 1 1 1 1 1 1 1 1 1 1 1 1 1 1 1 1 1 1 1 1 1 1 1 1 1 1 1 1 1 1 1 1 1 1 1 1 1 1 1 1 1 1 1 1 1 1 1 1 1 1 1 1 1 1 1 1
67 81
81 96
52 81
115 81
81 26
114 81
81 38
81 90
78 81
81 113
94 81
45 81
12 81
81 118
105 81
81 60
63 81
91 81
81 1
81 48
81 9
22 81
7 81
81 109
103 81
81 74
81 13
81 41
81 4
53 81
21 81
8 81
81 108
81 27
81 86
81 65
81 35
24 81
81 51
81 85
81 36
93 81
34 81
80 81
101 81
81 111
81 62
82 81
81 100
81 110
54 81
98 81
92 81
81 33
81 15
39 81
81 28
81 30
46 81
61 81
79 81
107 81
81 112
71 81
10 81
81 99
81 77
81 18
81 43
75 81
81 44
58 81
81 116
81 11
2 81
56 81
83 81
68 81
87 81
29 81
81 66
40 81
37 81
81 23
81 14
16 81
81 88
31 81
81 104
81 25
81 89
70 81
59 81
3 81
81 5
102 81
81 47
117 81
6 81
81 42
32 81
81 69
81 84
81 95
81 49
81 72
76 81
97 81
17 81
73 81
50 81
81 19
57 81
81 106
81 55
20 81
64 81
92 91
54 91 10 69 75 22 67 49 72 79 9 46 15 27 52 8 26 62 73 22 31 39 83 28 28 70 71 88 63 73 17 61 15 68 32 7 73 81 54 5 4 44 6 46 26 60 73 64 5 64 81 12 30 43 25 12 61 81 42 24 26 23 88 13 42 83 15 85 33 46 59 81 46 53 76 69 37 20 30 84 12 50 23 41 90 70 64 68 15 79 75 19
4 4 4 68 4 4 4 4 4 4 4 4 4 4 4 4 4 4 4 4 4 4 4 4 4 4 4 4 4 4 4 4 4 4 4 4 4 4 4 4 4 4 4 4 4 4 4 4 4 4 4 4 4 4 4 4 4 4 4 4 4 4 4 4 4 4 4 4 4 4 4 4 4 4 4 4 4 4 4 4 4 4 4 4 4 4 4 4 4 4 4 4
56 84
47 84
6 84
20 84
18 84
84 4
84 66
17 84
84 44
82 84
10 84
46 84
84 3
84 31
72 84
84 63
84 59
36 84
84 61
84 53
84 25
55 84
76 84
89 84
64 84
8 84
84 92
22 84
26 84
5 84
84 30
84 90
84 75
43 84
84 78
84 41
16 84
84 40
50 84
84 12
91 84
84 38
48 84
21 84
84 71
84 52
84 54
84 70
84 80
28 84
73 84
84 49
35 84
84 88
87 84
84 77
84 86
84 29
84 51
84 67
84 58
84 65
37 84
84 15
84 57
84 74
84 60
34 84
39 84
69 84
14 84
33 84
84 79
85 84
84 19
23 84
84 42
68 84
84 13
84 62
1 84
84 2
84 7
84 27
11 84
84 24
83 84
84 9
32 84
84 81
84 45
97 96
31 28 1 34 40 70 80 34 21 11 93 70 53 44 10 95 6 5 85 32 75 58 30 63 16 4 73 66 50 21 38 19 12 74 36 23 90 30 44 37 24 9 83 87 83 74 67 35 26 94 86 54 39 64 79 58 77 22 96 83 28 11 40 96 8 8 14 30 6 53 47 84 23 49 97 31 87 27 43 78 79 57 96 66 13 18 59 82 85 91 77 49 10 22 81 12 82
1 1 1 1 1 1 1 1 1 1 1 1 1 1 1 1 1 1 1 1 1 1 1 1 1 1 1 1 1 1 1 1 1 1 1 1 1 1 1 1 1 1 1 1 1 1 1 1 1 1 1 1 1 1 1 1 1 1 1 1 5 1 1 1 1 1 1 1 1 1 1 1 1 1 1 1 1 1 1 1 1 1 1 1 1 1 1 1 1 1 1 1 1 1 1 1 1
68 74
64 68
68 6
68 27
68 5
68 43
79 68
68 26
69 68
68 21
68 70
87 68
68 44
68 95
94 68
53 68
71 68
68 63
68 9
82 68
68 59
68 66
25 68
31 68
16 68
68 47
90 68
81 68
56 68
68 96
83 68
68 22
45 68
68 19
93 68
17 68
68 49
72 68
68 91
24 68
68 80
86 68
68 15
11 68
51 68
68 61
12 68
3 68
1 68
68 92
68 60
68 35
68 13
50 68
58 68
68 23
68 41
7 68
68 55
48 68
68 2
68 84
68 33
14 68
85 68
68 77
78 68
68 37
8 68
68 18
68 73
28 68
67 68
39 68
20 68
30 68
68 38
4 68
68 57
75 68
76 68
68 36
68 32
68 62
40 68
10 68
34 68
88 68
42 68
68 54
68 97
68 65
89 68
68 29
52 68
68 46
93 92
1 2 3 4 5 6 7 8 9 10 11 12 13 14 15 16 17 18 19 20 21 22 23 24 25 26 27 28 29 30 31 32 33 34 35 36 37 38 39 40 41 42 43 44 45 46 47 48 49 50 51 52 53 54 55 56 57 58 59 60 61 62 63 64 65 66 67 68 69 70 71 72 73 74 75 76 77 78 79 80 81 82 83 84 85 86 87 88 89 90 91 92 93
1 2 3 4 5 6 7 6 9 10 4 6 3 6 6 4 6 3 6 6 21 4 23 6 25 26 3 6 3 4 31 32 33 34 6 36 4 38 39 40 41 42 43 44 45 6 47 3 3 4 51 6 53 6 6 56 57 6 59 60 6 3 63 64 65 6 3 68 69 70 71 72 73 6 75 6 77 78 22 6 3 6 83 3 85 3 87 3 6 6 91 92 93
18 15
18 7
18 31
37 18
65 18
18 46
59 18
71 18
18 29
18 47
33 18
18 42
18 17
23 18
18 2
5 18
14 18
91 18
18 81
18 6
9 18
18 60
52 18
19 18
40 18
18 30
1 18
35 18
18 84
18 24
80 18
18 12
90 18
75 18
18 53
18 61
93 18
18 92
18 26
18 27
4 18
18 70
18 67
18 64
25 18
56 18
18 58
18 68
39 18
66 18
22 18
16 18
41 18
18 11
36 18
8 18
18 48
77 18
18 45
18 32
18 28
49 18
13 18
18 50
55 18
18 34
87 18
73 18
72 18
18 88
44 18
18 21
57 18
18 38
69 18
18 20
10 18
78 18
3 18
18 63
18 43
18 62
18 76
85 18
18 74
86 18
54 18
18 82
51 18
89 18
18 83
18 79
107 106
72 44 96 49 47 86 99 83 64 91 22 32 54 28 95 22 85 8 78 88 31 37 10 65 34 78 5 36 8 91 6 76 9 33 11 26 28 5 49 54 23 45 60 96 27 36 68 42 100 32 8 97 32 13 20 33 30 57 1 75 95 20 80 89 14 94 46 100 4 36 36 23 71 60 63 46 22 105 20 88 95 13 5 8 67 24 45 51 1 73 73 87 55 106 7 28 56 92 33 99 11 25 26 102 46 62 97
1 1 1 1 1 1 1 1 1 1 1 1 1 1 1 1 1 1 1 1 1 1 1 1 1 1 1 1 1 1 1 1 1 1 1 1 1 1 1 1 1 1 1 1 1 1 1 1 1 1 1 1 1 1 1 1 1 1 1 1 1 1 1 1 1 1 1 1 1 1 1 1 1 1 1 1 1 1 1 1 1 1 1 1 1 1 1 1 1 1 1 1 1 1 1 1 1 1 1 1 1 1 1 1 1 1 1
25 26
60 26
35 26
67 26
26 82
84 26
26 93
26 75
5 26
26 62
26 54
69 26
26 94
26 72
44 26
26 27
26 21
26 32
81 26
26 7
64 26
88 26
26 49
73 26
26 31
33 26
99 26
26 10
26 34
74 26
26 20
26 103
26 12
26 50
89 26
26 36
61 26
26 76
26 15
17 26
26 18
26 53
24 26
26 19
26 78
26 102
26 39
26 16
29 26
26 23
26 77
26 97
26 70
26 3
11 26
26 63
26 79
85 26
87 26
26 101
80 26
26 55
26 92
26 41
42 26
6 26
26 58
46 26
48 26
26 2
38 26
26 71
56 26
26 1
26 51
26 66
26 37
30 26
26 28
26 65
43 26
26 40
26 4
26 45
26 105
91 26
26 68
8 26
13 26
90 26
26 98
52 26
9 26
26 95
22 26
107 26
106 26
47 26
26 14
96 26
104 26
26 100
26 86
57 26
59 26
26 83
98 97
1 2 3 4 5 6 7 8 9 10 11 12 13 14 15 16 17 18 19 20 21 22 23 24 25 26 27 28 29 30 31 32 33 34 35 36 37 38 39 40 41 42 43 44 45 46 47 48 49 50 51 52 53 54 55 56 57 58 59 60 61 62 63 64 65 66 67 68 69 70 71 72 73 74 75 76 77 78 79 80 81 82 83 84 85 86 87 88 89 90 91 92 93 94 95 96 97 98
1 2 3 4 5 6 7 8 9 10 3 12 10 14 15 3 17 2 3 20 10 22 23 24 25 26 27 10 29 30 10 32 3 10 35 36 3 10 10 40 41 42 10 3 10 46 47 48 10 10 3 10 10 54 55 56 3 58 10 60 3 62 10 10 10 66 67 3 69 10 71 72 73 29 75 76 10 3 10 10 10 82 83 10 85 10 3 3 10 90 91 10 93 94 95 85 10 98
44 17
86 44
44 12
77 44
71 44
44 80
1 44
44 81
68 44
44 47
44 58
44 26
70 44
54 44
44 14
44 84
44 51
79 44
44 27
44 32
44 52
90 44
44 57
44 10
44 25
44 3
19 44
2 44
42 44
44 98
61 44
44 82
43 44
6 44
44 53
44 45
44 15
97 44
92 44
35 44
44 66
67 44
69 44
76 44
44 73
44 38
30 44
88 44
39 44
44 46
44 4
60 44
44 78
44 34
41 44
93 44
44 95
8 44
44 28
72 44
37 44
89 44
44 50
24 44
44 21
44 64
20 44
94 44
96 44
22 44
44 85
44 18
44 91
44 87
5 44
49 44
44 33
13 44
44 9
44 36
83 44
59 44
62 44
44 48
23 44
63 44
44 75
44 65
7 44
44 11
44 29
44 55
31 44
56 44
44 16
74 44
44 40
97 96
95 4 37 52 37 41 25 14 2 93 58 95 89 14 41 4 77 30 86 55 13 68 70 71 88 86 15 29 31 57 7 61 17 91 42 34 91 16 33 63 97 79 73 18 13 29 61 33 83 56 31 96 48 93 2 35 65 76 84 41 21 40 4 69 39 38 61 37 90 74 54 69 51 45 3 64 62 38 87 15 60 58 14 36 42 51 11 8 10 91 51 43 72 4 83 92 9
2 2 2 2 2 2 2 2 2 2 2 2 2 2 2 2 2 2 2 2 2 2 2 2 2 2 2 2 2 2 2 2 2 2 2 2 2 2 2 2 2 2 2 2 2 2 2 2 2 2 2 2 2 2 2 2 2 2 2 2 2 2 2 2 2 2 2 2 2 2 2 2 2 2 2 2 2 2 2 2 2 2 2 2 2 2 2 2 2 2 2 2 2 2 2 2 2
68 56
7 68
30 68
17 68
24 68
68 91
62 68
28 68
68 96
68 48
33 68
69 68
44 68
68 55
68 54
68 60
68 58
79 68
68 83
89 68
68 87
88 68
40 68
68 25
68 64
6 68
68 71
29 68
13 68
68 67
20 68
68 19
63 68
68 61
77 68
68 15
68 78
68 65
16 68
68 3
68 76
68 8
68 27
68 74
70 68
68 35
75 68
68 72
82 68
68 90
68 36
68 4
68 59
10 68
68 34
9 68
68 97
68 53
66 68
80 68
68 41
68 38
68 81
1 68
95 68
11 68
68 5
68 39
68 21
68 12
68 52
68 37
68 51
18 68
68 84
68 57
68 31
68 14
26 68
68 2
93 68
68 23
68 22
73 68
68 49
42 68
45 68
94 68
50 68
68 32
68 86
47 68
92 68
85 68
46 68
43 68
120 119
1 2 3 4 5 6 7 8 9 10 11 12 13 14 15 16 17 18 19 20 21 22 23 24 25 26 27 28 29 30 31 32 33 34 35 36 37 38 39 40 41 42 43 44 45 46 47 48 49 50 51 52 53 54 55 56 57 58 59 60 61 62 63 64 65 66 67 68 69 70 71 72 73 74 75 76 77 78 79 80 81 82 83 84 85 86 87 88 89 90 91 92 93 94 95 96 97 98 99 100 101 102 103 104 105 106 107 108 109 110 111 112 113 114 115 116 117 118 119 120
1 2 3 4 5 6 7 6 6 1 1 12 13 14 15 16 17 18 19 1 6 22 23 24 6 26 27 28 29 6 1 5 33 10 35 36 37 6 6 1 41 42 1 6 45 46 47 48 49 50 19 52 53 1 55 56 1 58 59 6 6 62 6 64 65 10 67 6 1 70 6 72 73 6 75 76 6 6 79 80 81 6 83 1 1 86 1 88 89 6 91 1 93 94 10 96 10 6 1 1 6 102 103 6 6 106 107 108 109 110 111 1 113 1 115 116 1 1 6 1
119 10
10 30
109 10
10 85
53 10
66 10
10 90
10 68
65 10
10 19
40 10
2 10
5 10
37 10
10 89
105 10
24 10
75 10
10 35
10 11
54 10
118 10
10 36
71 10
10 25
10 77
39 10
10 41
10 114
10 18
74 10
1 10
10 33
10 87
58 10
115 10
10 16
4 10
8 10
62 10
10 104
38 10
28 10
9 10
49 10
116 10
10 48
10 99
10 46
10 112
10 86
79 10
102 10
10 7
93 10
6 10
34 10
22 10
107 10
10 29
10 97
96 10
10 73
20 10
69 10
108 10
26 10
67 10
10 113
106 10
10 31
80 10
100 10
10 61
10 57
21 10
95 10
120 10
14 10
10 59
10 103
10 52
43 10
10 12
78 10
10 64
10 111
98 10
10 70
10 63
47 10
94 10
10 44
3 10
23 10
51 10
10 82
10 17
76 10
10 117
10 88
72 10
32 10
83 10
10 101
10 27
10 13
84 10
91 10
92 10
10 60
81 10
56 10
15 10
42 10
45 10
50 10
10 110
55 10
83 82
1 2 3 4 5 6 7 8 9 10 11 12 13 14 15 16 17 18 19 20 21 22 23 24 25 26 27 28 29 30 31 32 33 34 35 36 37 38 39 40 41 42 43 44 45 46 47 48 49 50 51 52 53 54 55 56 57 58 59 60 61 62 63 64 65 66 67 68 69 70 71 72 73 74 75 76 77 78 79 80 81 82 83
1 1 1 1 1 1 1 1 1 1 1 1 1 1 1 1 1 1 1 20 1 1 1 1 1 1 1 1 1 1 1 1 1 1 1 1 1 1 1 1 1 1 1 1 1 1 1 1 1 1 1 1 1 1 1 1 1 1 1 1 1 1 1 1 1 1 1 1 1 1 1 1 1 1 1 1 1 1 1 1 1 1 1
29 65
3 29
37 29
29 66
29 60
5 29
13 29
82 29
54 29
29 32
29 28
53 29
73 29
12 29
29 41
35 29
36 29
29 83
58 29
34 29
15 29
29 77
30 29
63 29
71 29
29 68
11 29
24 29
26 29
29 52
29 18
29 6
69 29
29 70
39 29
29 17
10 29
16 29
46 29
29 20
29 59
27 29
76 29
29 7
22 29
29 47
74 29
29 1
29 33
25 29
44 29
81 29
72 29
45 29
42 29
2 29
29 14
57 29
29 48
29 80
64 29
29 31
75 29
43 29
50 29
29 67
29 51
29 62
4 29
23 29
38 29
61 29
29 21
29 9
29 56
29 55
79 29
29 49
78 29
8 29
29 19
40 29
111 110
18 98 39 108 46 110 107 94 96 92 45 59 98 57 7 41 103 39 6 61 102 92 74 45 79 11 105 52 75 61 41 6 57 97 111 15 10 64 7 93 15 94 6 109 94 34 81 109 58 56 6 44 30 34 99 81 94 17 2 32 9 81 22 85 104 19 44 109 10 74 6 65 70 95 50 30 40 44 68 25 102 16 14 39 7 94 42 35 73 15 38 45 70 105 18 106 73 50 6 55 106 11 42 109 102 69 109 68 54 67 46
2 2 2 2 2 2 2 2 2 2 2 2 2 2 2 2 2 2 2 2 2 92 2 2 2 2 2 2 2 2 2 2 2 2 2 2 2 2 2 2 2 2 2 2 2 2 2 2 2 2 2 2 2 2 2 2 2 2 2 2 2 2 2 2 2 2 2 2 2 2 2 2 2 2 2 2 2 2 2 2 2 2 2 2 2 2 2 2 2 2 2 2 2 2 2 2 2 2 2 2 2 2 2 2 2 2 2 2 2 2 2
105 81
81 24
81 34
81 96
81 74
102 81
81 98
45 81
81 67
81 109
81 5
70 81
26 81
81 38
49 81
81 60
4 81
81 104
42 81
81 23
81 62
79 81
81 75
81 29
81 47
81 101
10 81
77 81
65 81
81 91
81 33
81 19
81 30
32 81
66 81
81 13
81 12
14 81
81 61
81 48
81 25
64 81
81 80
41 81
88 81
6 81
81 43
81 99
108 81
84 81
81 9
58 81
44 81
40 81
95 81
35 81
81 54
11 81
81 3
59 81
8 81
90 81
97 81
81 18
72 81
50 81
107 81
46 81
81 27
81 68
28 81
89 81
21 81
83 81
81 20
31 81
111 81
51 81
81 63
85 81
81 110
81 78
7 81
81 76
106 81
81 39
100 81
92 81
87 81
52 81
81 22
57 81
81 86
71 81
36 81
81 69
81 2
81 53
93 81
81 94
1 81
81 37
81 103
81 73
17 81
81 56
16 81
82 81
15 81
55 81
110 109
1 2 3 4 5 6 7 8 9 10 11 12 13 14 15 16 17 18 19 20 21 22 23 24 25 26 27 28 29 30 31 32 33 34 35 36 37 38 39 40 41 42 43 44 45 46 47 48 49 50 51 52 53 54 55 56 57 58 59 60 61 62 63 64 65 66 67 68 69 70 71 72 73 74 75 76 77 78 79 80 81 82 83 84 85 86 87 88 89 90 91 92 93 94 95 96 97 98 99 100 101 102 103 104 105 106 107 108 109 110
1 1 1 1 1 1 1 1 1 1 1 1 1 1 1 1 1 1 1 1 1 1 1 1 1 1 1 1 1 1 1 1 1 1 1 1 1 1 1 1 1 1 1 1 1 1 1 1 1 1 1 1 1 1 1 1 1 1 1 1 1 1 1 1 1 1 1 1 1 1 1 1 1 1 1 1 1 1 1 1 1 1 1 1 1 1 1 1 1 1 1 1 1 1 1 1 1 1 1 1 1 1 1 1 1 1 1 1 1 1
25 46
46 7
46 12
46 45
10 46
8 46
46 78
46 1
46 13
74 46
46 5
46 33
29 46
50 46
46 49
46 11
93 46
98 46
46 79
46 71
99 46
2 46
46 58
46 56
47 46
106 46
46 19
46 35
46 28
21 46
108 46
46 88
46 90
109 46
26 46
96 46
46 91
46 24
4 46
43 46
60 46
46 102
46 48
46 69
46 104
46 40
103 46
80 46
46 44
22 46
92 46
81 46
62 46
37 46
46 85
59 46
46 42
46 86
27 46
54 46
110 46
46 67
46 97
46 76
46 61
41 46
46 66
46 51
39 46
52 46
46 31
46 70
94 46
46 32
77 46
84 46
82 46
46 53
75 46
6 46
46 55
46 89
95 46
46 100
18 46
46 17
101 46
46 57
46 87
36 46
46 15
46 63
46 68
16 46
20 46
64 46
72 46
65 46
105 46
30 46
73 46
3 46
107 46
46 83
23 46
46 38
14 46
34 46
9 46
83 82
15 18 72 4 26 81 9 55 26 41 32 39 73 48 21 56 6 63 42 30 61 80 56 30 25 7 7 45 79 14 49 57 19 39 59 8 15 21 21 7 47 13 16 6 19 83 80 58 49 61 33 77 64 55 36 22 74 14 69 53 81 30 51 77 14 78 5 4 29 11 39 4 28 3 76 56 57 21 47 40 38 67 39
3 3 3 3 3 3 3 3 3 3 3 3 3 3 3 3 3 3 3 3 3 3 3 3 3 3 3 3 3 3 3 3 3 3 3 3 3 3 3 3 3 3 3 3 3 3 3 3 3 3 3 3 3 3 3 3 3 3 25 3 3 3 3 3 3 3 3 3 3 3 3 3 3 3 3 3 3 3 3 3 3 3 3
72 42
41 42
23 42
9 42
8 42
42 6
42 54
22 42
42 75
19 42
57 42
40 42
42 76
65 42
42 16
46 42
42 66
26 42
21 42
12 42
42 20
42 62
42 39
44 42
34 42
29 42
73 42
50 42
42 18
42 74
42 64
42 83
42 56
42 70
42 77
42 33
42 2
5 42
13 42
32 42
42 82
42 25
42 58
79 42
42 81
31 42
52 42
42 43
10 42
4 42
14 42
42 1
78 42
42 15
42 80
3 42
67 42
51 42
42 27
42 59
42 49
7 42
42 28
24 42
36 42
68 42
61 42
42 30
60 42
53 42
63 42
42 55
42 48
71 42
11 42
42 45
35 42
47 42
17 42
37 42
42 38
42 69
115 114
25 65 25 8 84 3 38 7 67 78 91 113 30 27 84 41 31 89 96 56 74 21 39 25 40 70 102 113 98 30 43 36 22 17 85 50 10 85 49 23 54 2 30 94 114 29 72 14 42 109 85 70 97 61 11 92 78 5 113 44 79 82 45 90 111 113 100 108 114 10 104 16 50 36 55 13 95 8 27 51 74 44 73 40 45 48 113 105 1 6 110 101 82 115 97 64 89 109 110 94 45 65 88 112 6 65 68 104 89 39 14 66 97 44 107
25 55 1 8 1 1 38 7 1 78 91 1 1 27 84 41 31 1 1 1 74 21 39 1 40 1 1 1 98 30 43 1 22 17 85 50 10 1 49 23 54 1 30 94 114 1 1 14 1 1 1 70 97 61 11 1 78 1 113 44 1 22 45 90 1 113 100 1 114 10 1 16 29 1 1 13 95 8 14 51 1 1 1 14 45 48 22 105 1 1 1 1 82 22 97 1 89 109 110 94 22 65 88 1 6 1 1 22 89 1 1 66 97 1 107
75 26
14 75
75 92
75 70
23 75
75 45
9 75
75 42
6 75
75 85
37 75
1 75
75 68
75 29
75 88
75 59
75 102
75 98
75 100
114 75
75 3
75 83
61 75
11 75
2 75
75 4
75 69
75 104
55 75
75 105
56 75
25 75
17 75
84 75
113 75
75 31
10 75
21 75
5 75
63 75
75 52
75 28
75 20
75 47
91 75
75 19
75 38
75 72
75 57
75 34
75 35
53 75
36 75
75 51
49 75
39 75
75 94
111 75
75 65
8 75
75 80
58 75
15 75
50 75
75 90
66 75
54 75
27 75
75 82
75 73
103 75
75 76
24 75
75 13
75 95
99 75
75 43
75 89
67 75
64 75
75 96
75 40
75 22
7 75
75 46
75 93
81 75
33 75
75 62
75 107
16 75
74 75
48 75
12 75
78 75
30 75
75 101
115 75
87 75
75 60
75 86
75 44
108 75
75 41
32 75
97 75
77 75
110 75
18 75
75 79
109 75
75 106
71 75
112 75
92 91
62 17 24 55 5 24 84 55 12 13 92 11 41 19 41 2 35 69 75 83 48 18 74 61 53 58 31 84 57 27 85 75 54 45 12 19 18 79 30 75 91 59 32 18 56 89 37 66 18 53 40 13 63 65 29 46 26 44 56 45 66 33 14 8 35 1 26 7 80 89 29 29 87 12 78 8 47 67 87 85 89 28 6 74 24 34 57 18 53 65 67 29
1 1 1 1 1 1 1 1 1 1 1 1 1 1 1 1 1 1 1 1 1 1 1 1 1 1 1 1 1 1 1 1 1 1 1 1 1 1 1 1 1 1 1 1 1 1 1 1 1 1 1 1 1 1 1 1 1 1 1 1 1 1 1 1 1 1 1 1 1 1 1 1 1 1 1 1 1 1 1 1 1 1 1 1 1 1 1 1 1 1 1 1
80 16
78 16
18 16
16 53
16 72
16 91
16 51
62 16
5 16
16 74
6 16
16 57
16 13
41 16
16 35
48 16
92 16
29 16
39 16
47 16
16 22
16 89
16 66
16 34
46 16
16 9
16 85
16 60
59 16
33 16
16 81
16 42
16 71
83 16
16 27
16 86
16 43
16 30
37 16
31 16
16 24
58 16
16 49
16 67
12 16
16 40
16 21
68 16
8 16
55 16
54 16
16 90
16 28
17 16
88 16
23 16
16 65
87 16
15 16
10 16
14 16
16 82
77 16
16 75
20 16
76 16
11 16
3 16
7 16
16 2
16 70
61 16
16 26
16 38
69 16
16 52
16 44
36 16
16 25
32 16
56 16
73 16
16 4
64 16
84 16
63 16
79 16
16 1
16 19
16 50
16 45
89 88
1 2 3 4 5 6 7 8 9 10 11 12 13 14 15 16 17 18 19 20 21 22 23 24 25 26 27 28 29 30 31 32 33 34 35 36 37 38 39 40 41 42 43 44 45 46 47 48 49 50 51 52 53 54 55 56 57 58 59 60 61 62 63 64 65 66 67 68 69 70 71 72 73 74 75 76 77 78 79 80 81 82 83 84 85 86 87 88 89
1 1 1 1 1 1 1 1 1 1 1 1 1 1 1 1 1 1 1 1 1 1 1 1 1 1 1 1 1 1 1 1 1 1 1 1 1 1 1 1 1 1 1 1 1 1 1 1 1 1 1 1 1 1 1 1 1 1 1 1 41 1 1 1 1 1 1 1 1 1 1 1 1 1 1 1 1 1 1 1 1 1 1 1 1 1 1 1 1
23 86
76 23
59 23
49 23
23 31
12 23
23 14
74 23
23 63
23 20
11 23
47 23
42 23
40 23
23 30
23 70
62 23
23 37
23 68
23 50
23 19
21 23
84 23
23 88
23 4
17 23
23 41
15 23
23 36
58 23
23 56
27 23
23 16
23 34
23 57
82 23
23 33
23 22
61 23
23 67
23 13
23 38
23 51
23 6
23 28
23 65
35 23
72 23
3 23
23 75
89 23
23 39
52 23
78 23
23 87
69 23
23 1
23 48
23 66
23 2
80 23
9 23
23 53
23 44
23 71
45 23
8 23
26 23
23 46
85 23
77 23
23 55
23 5
23 25
23 18
54 23
73 23
10 23
23 43
23 24
23 79
29 23
83 23
60 23
7 23
81 23
32 23
23 64
112 111
1 2 3 4 5 6 7 8 9 10 11 12 13 14 15 16 17 18 19 20 21 22 23 24 25 26 27 28 29 30 31 32 33 34 35 36 37 38 39 40 41 42 43 44 45 46 47 48 49 50 51 52 53 54 55 56 57 58 59 60 61 62 63 64 65 66 67 68 69 70 71 72 73 74 75 76 77 78 79 80 81 82 83 84 85 86 87 88 89 90 91 92 93 94 95 96 97 98 99 100 101 102 103 104 105 106 107 108 109 110 111 112
1 1 1 1 1 1 1 1 1 1 1 1 1 1 1 1 1 1 1 1 1 1 1 1 1 1 1 1 1 1 1 1 1 1 1 1 1 1 1 1 1 1 1 1 1 1 1 1 1 1 1 1 1 1 1 1 1 1 1 1 1 1 1 1 1 1 1 1 1 1 1 1 1 1 1 1 1 1 1 1 1 1 1 1 1 1 1 1 1 1 1 1 1 1 1 1 1 1 1 1 1 1 1 1 1 1 1 1 1 1 1 1
112 18
102 18
18 99
18 27
18 31
38 18
69 18
18 84
18 43
18 88
74 18
18 25
18 45
95 18
42 18
41 18
18 89
13 18
18 40
18 14
18 93
18 83
18 82
77 18
18 67
51 18
18 101
8 18
18 34
18 109
57 18
18 28
18 111
18 90
18 110
18 37
18 60
18 76
18 107
18 33
68 18
18 19
18 9
18 72
73 18
63 18
18 105
103 18
10 18
18 104
18 20
18 100
18 4
18 5
18 52
15 18
87 18
18 23
48 18
66 18
18 12
55 18
94 18
18 79
62 18
18 98
18 86
36 18
56 18
18 49
18 47
18 24
18 6
106 18
75 18
18 3
18 11
18 58
18 16
18 29
18 92
18 39
65 18
1 18
70 18
71 18
18 108
2 18
18 91
50 18
78 18
85 18
18 26
18 46
7 18
18 54
22 18
35 18
64 18
44 18
18 97
81 18
32 18
18 80
53 18
21 18
18 59
61 18
17 18
18 96
30 18
105 104
1 2 3 4 5 6 7 8 9 10 11 12 13 14 15 16 17 18 19 20 21 22 23 24 25 26 27 28 29 30 31 32 33 34 35 36 37 38 39 40 41 42 43 44 45 46 47 48 49 50 51 52 53 54 55 56 57 58 59 60 61 62 63 64 65 66 67 68 69 70 71 72 73 74 75 76 77 78 79 80 81 82 83 84 85 86 87 88 89 90 91 92 93 94 95 96 97 98 99 100 101 102 103 104 105
1 1 1 1 1 1 1 1 1 1 1 1 1 1 1 1 1 1 1 1 1 1 1 1 1 1 1 1 1 1 1 1 1 1 1 1 1 1 1 1 1 1 1 1 1 1 1 1 1 1 1 1 1 1 1 56 1 1 1 1 1 1 1 1 1 1 1 1 1 1 1 1 1 1 1 1 1 1 1 1 1 1 1 1 1 1 1 1 1 1 1 1 1 1 1 1 1 1 1 1 1 1 1 1 1
97 65
65 101
65 2
87 65
65 35
65 68
72 65
27 65
64 65
58 65
15 65
65 84
65 86
65 91
65 39
65 83
99 65
65 80
65 67
51 65
65 14
88 65
54 65
102 65
65 26
65 45
65 55
94 65
65 50
47 65
38 65
90 65
66 65
65 30
65 41
65 37
65 93
19 65
65 10
65 104
65 17
44 65
75 65
65 20
65 1
48 65
92 65
65 63
49 65
65 13
6 65
76 65
65 85
4 65
65 22
65 52
24 65
32 65
65 43
65 78
82 65
65 105
103 65
33 65
65 100
34 65
36 65
65 56
65 98
65 59
65 16
65 95
23 65
7 65
65 46
65 40
65 8
5 65
29 65
65 89
70 65
11 65
79 65
25 65
57 65
65 77
73 65
31 65
65 42
65 12
53 65
65 60
65 74
28 65
65 81
65 18
65 69
65 9
65 96
65 71
65 61
3 65
62 65
21 65
105 104
64 25 57 80 41 64 15 46 22 43 48 62 95 50 32 79 20 41 49 13 25 31 61 53 3 78 22 97 6 87 19 39 69 27 3 2 13 44 62 62 59 73 86 84 32 65 2 33 43 105 78 94 55 44 30 22 36 44 28 23 71 102 70 15 92 98 56 102 13 79 85 99 10 72 89 19 21 18 16 102 80 11 41 76 53 61 102 103 11 87 89 42 89 75 2 57 68 74 40 91 84 55 41 43 76
2 2 2 2 2 2 2 2 2 2 2 2 2 2 2 2 2 2 2 2 2 2 2 2 2 2 2 2 2 2 2 2 2 2 2 2 2 2 2 2 2 2 2 2 15 2 2 2 2 2 2 2 2 2 2 2 2 2 2 2 40 2 2 2 2 2 2 2 2 2 2 98 2 2 2 2 2 2 2 2 2 2 2 2 2 2 2 2 2 2 2 2 2 2 2 2 2 2 2 2 2 2 2 2 2
83 50
7 50
50 12
19 50
1 50
50 67
29 50
94 50
50 10
50 8
50 47
50 99
95 50
50 69
50 14
50 62
15 50
21 50
50 26
86 50
18 50
50 64
41 50
50 73
50 54
50 77
50 60
96 50
50 49
40 50
85 50
6 50
50 23
16 50
50 56
50 76
72 50
50 58
24 50
59 50
50 4
50 5
80 50
50 37
50 31
50 68
50 13
75 50
44 50
50 98
65 50
91 50
50 43
50 48
79 50
50 81
105 50
50 32
50 46
30 50
57 50
50 66
50 38
50 101
50 39
45 50
17 50
50 92
53 50
50 103
50 78
51 50
50 70
50 61
50 9
50 88
97 50
93 50
50 27
50 28
50 20
50 55
50 104
50 36
102 50
50 74
50 25
50 35
50 11
3 50
50 71
50 33
50 34
22 50
84 50
50 90
89 50
42 50
2 50
50 63
50 82
50 100
87 50
50 52
95 94
14 33 6 44 70 68 80 5 82 31 58 20 6 9 59 8 1 87 34 28 60 46 87 50 65 51 51 36 42 25 15 51 82 31 71 70 46 52 27 56 78 60 83 90 50 59 74 84 50 46 28 53 22 51 15 71 79 54 77 70 36 46 77 22 85 2 31 40 56 54 64 91 72 18 52 45 84 48 7 35 32 38 76 16 29 69 92 50 74 54 58 30 18 11 55
1 1 1 1 1 1 1 1 1 1 1 1 1 1 1 1 1 1 1 1 1 1 1 1 52 1 1 1 1 1 1 1 1 1 1 1 1 1 1 1 1 1 1 1 1 1 1 1 1 1 1 1 1 1 1 1 1 1 1 1 1 1 1 1 1 1 1 1 1 1 1 1 1 1 1 1 1 1 1 1 1 1 1 1 1 1 1 1 1 1 1 1 1 1 1
82 71
29 71
71 45
33 71
73 71
71 5
32 71
14 71
71 31
21 71
93 71
50 71
13 71
42 71
71 61
71 11
86 71
54 71
78 71
26 71
10 71
72 71
95 71
12 71
16 71
71 35
71 69
71 46
94 71
71 44
6 71
63 71
34 71
71 17
71 74
81 71
71 41
53 71
25 71
71 40
71 57
71 30
71 49
71 9
79 71
65 71
71 19
28 71
80 71
71 22
23 71
71 15
4 71
71 8
68 71
71 90
71 75
71 20
84 71
71 37
71 55
43 71
71 91
71 89
2 71
70 71
51 71
71 85
62 71
92 71
71 66
71 27
1 71
71 60
71 59
71 7
76 71
71 24
88 71
36 71
58 71
77 71
18 71
83 71
48 71
67 71
71 56
71 47
3 71
71 87
71 39
71 64
52 71
38 71
92 91
1 2 3 4 5 6 7 8 9 10 11 12 13 14 15 16 17 18 19 20 21 22 23 24 25 26 27 28 29 30 31 32 33 34 35 36 37 38 39 40 41 42 43 44 45 46 47 48 49 50 51 52 53 54 55 56 57 58 59 60 61 62 63 64 65 66 67 68 69 70 71 72 73 74 75 76 77 78 79 80 81 82 83 84 85 86 87 88 89 90 91 92
1 1 1 1 1 1 1 1 1 1 1 1 1 1 1 1 1 1 1 1 1 1 1 1 1 1 1 1 1 1 1 1 1 1 1 1 1 1 1 1 1 1 1 1 1 1 1 1 1 1 1 1 1 1 1 1 1 1 1 1 1 1 1 1 1 1 1 1 1 1 1 1 1 1 1 1 1 1 1 1 1 1 1 1 1 1 1 1 1 1 1 1
91 22
80 91
91 16
68 91
42 91
91 52
91 8
91 59
91 76
38 91
4 91
66 91
78 91
60 91
91 7
74 91
91 29
91 43
47 91
91 71
91 11
3 91
65 91
30 91
50 91
91 12
91 40
28 91
91 92
91 48
77 91
91 79
46 91
20 91
35 91
91 44
75 91
10 91
14 91
91 21
58 91
54 91
91 81
72 91
91 5
91 49
70 91
41 91
83 91
69 91
90 91
23 91
25 91
85 91
91 17
13 91
87 91
53 91
45 91
84 91
91 31
91 86
89 91
1 91
36 91
91 6
91 56
91 26
39 91
91 2
91 62
88 91
57 91
91 73
32 91
18 91
91 63
91 33
91 15
91 61
27 91
91 82
91 51
91 37
67 91
91 24
64 91
91 19
55 91
91 9
34 91
116 115
1 2 3 4 5 6 7 8 9 10 11 12 13 14 15 16 17 18 19 20 21 22 23 24 25 26 27 28 29 30 31 32 33 34 35 36 37 38 39 40 41 42 43 44 45 46 47 48 49 50 51 52 53 54 55 56 57 58 59 60 61 62 63 64 65 66 67 68 69 70 71 72 73 74 75 76 77 78 79 80 81 82 83 84 85 86 87 88 89 90 91 92 93 94 95 96 97 98 99 100 101 102 103 104 105 106 107 108 109 110 111 112 113 114 115 116
1 1 1 1 1 1 1 1 1 1 1 1 1 1 1 5 1 1 1 1 1 1 1 1 1 1 1 1 1 1 1 1 1 1 1 1 1 1 1 1 1 1 1 1 1 1 1 1 1 1 1 1 1 1 1 1 1 1 1 1 1 1 1 1 1 1 1 1 1 1 1 1 1 1 1 1 1 1 1 1 1 1 1 1 1 1 1 1 1 1 1 1 1 1 1 1 1 1 1 1 1 1 1 1 1 1 1 1 1 1 1 1 1 1 1 1
80 75
75 14
75 78
79 75
3 75
75 53
44 75
75 38
113 75
101 75
27 75
109 75
107 75
75 13
116 75
75 70
75 25
31 75
39 75
75 61
75 8
75 42
84 75
34 75
75 59
9 75
6 75
95 75
75 77
75 96
69 75
24 75
92 75
75 87
17 75
75 22
75 55
11 75
75 33
75 26
16 75
110 75
75 51
75 41
75 105
75 91
72 75
75 60
75 103
56 75
75 35
108 75
36 75
75 85
75 64
75 112
81 75
75 71
90 75
63 75
66 75
104 75
111 75
73 75
75 46
23 75
20 75
52 75
114 75
75 48
5 75
86 75
75 32
75 43
57 75
37 75
75 65
50 75
94 75
30 75
75 82
75 49
75 29
75 89
18 75
93 75
75 2
47 75
75 102
75 98
74 75
67 75
75 19
75 99
75 1
21 75
75 58
10 75
75 68
75 100
75 106
4 75
97 75
75 62
115 75
75 40
54 75
75 45
88 75
12 75
75 83
15 75
28 75
7 75
76 75
98 97
51 93 7 76 58 57 90 77 45 48 58 8 2 30 91 92 31 31 5 18 40 31 92 29 14 15 21 25 47 80 44 31 76 83 8 24 90 69 49 67 41 68 48 70 90 4 11 90 75 32 85 78 40 4 68 97 20 74 42 13 93 67 76 50 38 67 52 56 40 25 52 84 3 47 31 20 20 69 3 59 65 7 73 59 52 51 18 3 28 43 71 24 94 54 43 87 81 22
3 3 7 76 58 57 3 77 45 3 3 8 2 30 91 92 3 3 3 18 3 3 3 3 3 3 3 3 3 3 44 31 76 83 3 3 3 3 3 67 41 3 3 70 90 3 3 90 3 32 85 78 3 4 3 3 20 74 3 13 3 67 3 50 3 3 3 56 40 25 3 3 3 47 3 3 3 3 3 59 65 7 73 59 52 51 18 3 3 3 71 3 94 3 3 87 81 22
27 28
70 28
50 28
68 28
28 71
28 66
28 82
28 78
28 8
19 28
28 5
36 28
28 7
28 83
28 17
73 28
28 43
28 20
28 1
11 28
28 75
45 28
51 28
58 28
28 74
85 28
54 28
89 28
98 28
63 28
28 2
9 28
28 72
10 28
65 28
28 69
28 16
64 28
97 28
28 79
28 59
49 28
28 30
14 28
28 40
3 28
28 46
28 84
23 28
44 28
28 95
28 47
90 28
28 21
28 96
28 41
28 62
39 28
28 91
93 28
28 48
28 26
6 28
76 28
28 60
22 28
56 28
53 28
77 28
28 52
35 28
28 57
28 94
86 28
28 61
18 28
29 28
42 28
88 28
32 28
25 28
28 12
92 28
28 55
80 28
28 37
87 28
31 28
38 28
28 24
28 67
15 28
28 81
28 13
28 4
28 33
28 34
97 96
1 2 3 4 5 6 7 8 9 10 11 12 13 14 15 16 17 18 19 20 21 22 23 24 25 26 27 28 29 30 31 32 33 34 35 36 37 38 39 40 41 42 43 44 45 46 47 48 49 50 51 52 53 54 55 56 57 58 59 60 61 62 63 64 65 66 67 68 69 70 71 72 73 74 75 76 77 78 79 80 81 82 83 84 85 86 87 88 89 90 91 92 93 94 95 96 97
1 1 1 1 1 1 1 1 1 1 1 1 1 1 1 1 1 1 1 1 1 1 1 1 1 1 27 1 1 1 1 1 1 1 1 1 1 1 1 1 1 1 1 1 1 1 1 1 1 1 1 1 1 1 1 1 1 1 1 1 1 1 1 1 1 1 1 1 1 1 1 1 1 1 1 1 1 1 1 1 1 1 1 1 1 1 1 1 1 1 1 1 1 1 1 1 1
39 45
25 45
85 45
45 56
45 72
45 3
9 45
81 45
33 45
55 45
45 62
13 45
94 45
45 10
70 45
15 45
48 45
82 45
45 97
2 45
45 96
45 77
66 45
45 31
67 45
45 19
45 35
45 52
18 45
45 76
45 23
73 45
45 86
79 45
45 22
45 28
68 45
45 59
4 45
17 45
45 49
34 45
45 42
46 45
45 60
24 45
45 8
44 45
5 45
87 45
45 92
89 45
45 38
45 11
45 58
45 71
45 61
1 45
40 45
21 45
14 45
69 45
90 45
95 45
45 54
45 29
45 57
45 74
27 45
51 45
45 93
45 20
43 45
30 45
45 83
36 45
41 45
45 26
45 50
32 45
45 84
45 88
45 12
45 6
16 45
45 78
37 45
45 80
53 45
45 63
75 45
45 91
7 45
65 45
47 45
45 64
101 100
1 2 3 4 5 6 7 8 9 10 11 12 13 14 15 16 17 18 19 20 21 22 23 24 25 26 27 28 29 30 31 32 33 34 35 36 37 38 39 40 41 42 43 44 45 46 47 48 49 50 51 52 53 54 55 56 57 58 59 60 61 62 63 64 65 66 67 68 69 70 71 72 73 74 75 76 77 78 79 80 81 82 83 84 85 86 87 88 89 90 91 92 93 94 95 96 97 98 99 100 101
1 1 1 1 1 1 1 1 1 1 1 1 1 1 1 1 1 1 1 1 1 1 1 1 1 1 1 1 1 1 1 1 1 1 1 1 1 1 1 1 1 1 1 1 1 1 1 1 1 1 1 1 1 1 1 1 1 1 1 1 1 1 1 1 1 1 1 1 1 1 1 1 1 1 1 1 1 1 1 1 1 1 1 1 1 1 1 1 1 1 1 1 1 1 1 1 1 1 1 1 1
15 26
15 25
15 64
15 62
84 15
66 15
15 91
15 53
39 15
15 92
15 7
15 80
28 15
78 15
71 15
45 15
15 4
54 15
15 34
17 15
15 82
15 67
41 15
11 15
9 15
30 15
59 15
15 1
15 73
52 15
81 15
75 15
15 6
15 98
15 31
12 15
15 93
36 15
55 15
97 15
35 15
58 15
21 15
10 15
60 15
15 24
90 15
15 95
15 46
18 15
86 15
79 15
15 3
15 47
40 15
56 15
27 15
15 29
15 100
15 65
15 94
15 101
72 15
42 15
87 15
15 13
88 15
15 51
15 22
14 15
15 69
44 15
99 15
15 74
19 15
15 38
15 32
15 37
68 15
15 85
15 8
15 63
70 15
15 43
61 15
16 15
57 15
15 76
15 77
15 83
15 33
15 96
15 5
23 15
15 89
2 15
15 48
15 49
20 15
15 50
119 118
1 2 3 4 5 6 7 8 9 10 11 12 13 14 15 16 17 18 19 20 21 22 23 24 25 26 27 28 29 30 31 32 33 34 35 36 37 38 39 40 41 42 43 44 45 46 47 48 49 50 51 52 53 54 55 56 57 58 59 60 61 62 63 64 65 66 67 68 69 70 71 72 73 74 75 76 77 78 79 80 81 82 83 84 85 86 87 88 89 90 91 92 93 94 95 96 97 98 99 100 101 102 103 104 105 106 107 108 109 110 111 112 113 114 115 116 117 118 119
1 1 1 1 1 1 1 1 1 1 1 1 1 1 1 1 1 1 1 1 1 1 1 1 1 1 1 1 1 1 1 1 1 1 1 1 1 1 1 1 1 1 1 1 1 1 1 1 1 1 1 1 1 1 1 1 1 1 1 1 1 1 1 1 1 1 1 1 1 1 1 1 1 1 1 1 1 1 1 1 1 1 1 1 1 1 1 1 1 1 1 1 1 1 1 1 1 1 1 1 1 1 1 1 1 1 1 1 1 1 1 1 1 1 1 1 1 1 1
57 42
99 57
57 86
57 38
33 57
108 57
57 43
55 57
61 57
47 57
31 57
57 39
57 109
57 49
103 57
57 26
88 57
57 4
57 56
57 29
14 57
57 27
20 57
57 44
74 57
98 57
83 57
57 118
82 57
87 57
57 12
57 110
57 102
80 57
85 57
57 116
24 57
63 57
57 25
57 101
57 71
10 57
57 1
92 57
57 76
62 57
57 41
16 57
57 104
57 37
57 112
28 57
57 114
57 75
13 57
79 57
57 19
30 57
34 57
57 35
70 57
5 57
67 57
52 57
57 94
57 89
57 8
57 48
57 54
57 11
57 66
64 57
78 57
57 81
57 93
57 59
46 57
57 73
57 77
57 115
57 97
57 105
111 57
57 32
57 117
18 57
50 57
57 65
57 53
40 57
17 57
57 3
57 72
9 57
57 7
51 57
57 107
57 15
57 2
90 57
57 84
22 57
106 57
57 21
119 57
100 57
45 57
57 91
57 23
68 57
57 36
60 57
57 96
57 69
95 57
57 113
58 57
6 57
85 84
1 2 3 4 5 6 7 8 9 10 11 12 13 14 15 16 17 18 19 20 21 22 23 24 25 26 27 28 29 30 31 32 33 34 35 36 37 38 39 40 41 42 43 44 45 46 47 48 49 50 51 52 53 54 55 56 57 58 59 60 61 62 63 64 65 66 67 68 69 70 71 72 73 74 75 76 77 78 79 80 81 82 83 84 85
1 1 3 4 5 1 1 8 1 10 1 12 13 14 15 16 1 1 19 1 21 22 1 1 25 1 27 28 29 1 1 1 1 34 1 36 1 6 1 6 1 1 43 1 45 1 1 48 49 1 1 1 53 54 55 56 1 1 1 1 1 1 63 64 65 1 1 68 1 70 1 72 73 74 75 1 77 78 1 25 28 82 83 84 85
6 8
6 42
39 6
6 70
6 62
6 43
6 72
21 6
6 44
6 22
78 6
6 3
17 6
50 6
6 35
6 58
75 6
6 55
6 40
20 6
85 6
6 68
6 63
13 6
6 38
6 47
61 6
18 6
66 6
6 5
80 6
74 6
16 6
56 6
6 33
6 26
6 29
84 6
48 6
6 57
10 6
6 1
83 6
6 77
60 6
6 15
67 6
24 6
6 76
79 6
6 7
34 6
6 54
82 6
6 46
32 6
6 51
4 6
19 6
59 6
25 6
6 2
12 6
36 6
6 28
73 6
6 30
52 6
9 6
6 41
23 6
37 6
6 27
6 65
64 6
71 6
6 11
69 6
49 6
14 6
6 31
53 6
45 6
6 81
99 98
52 69 25 3 71 97 79 16 92 22 67 46 23 31 84 86 33 43 69 56 15 11 59 27 64 75 25 15 38 82 31 8 40 30 60 45 71 84 78 56 26 35 67 42 34 2 80 6 56 90 72 38 31 12 64 48 71 17 73 48 6 36 65 81 79 5 93 13 93 93 59 58 3 57 33 64 60 45 31 43 22 57 23 59 70 48 12 56 34 99 57 41 18 6 36 20 3 51 68
2 2 2 2 2 2 2 2 2 2 2 2 2 2 2 2 2 2 2 2 2 2 2 2 2 2 2 2 2 2 2 2 2 2 2 2 2 2 2 2 2 2 2 2 2 2 2 2 2 2 2 2 2 2 2 2 2 2 2 2 2 2 2 2 2 2 2 2 2 2 2 2 2 2 2 2 2 2 2 2 2 2 2 2 2 2 2 2 2 2 2 2 2 2 2 2 2 2 2
1 88
88 60
15 88
88 42
88 78
90 88
64 88
88 29
30 88
88 34
88 89
88 23
18 88
96 88
37 88
88 83
88 80
81 88
88 95
88 21
88 57
53 88
4 88
97 88
88 86
88 76
69 88
9 88
49 88
58 88
16 88
88 98
54 88
88 8
88 73
47 88
88 2
88 52
70 88
99 88
88 71
88 31
33 88
45 88
88 5
88 36
88 26
88 13
19 88
88 20
38 88
88 41
6 88
59 88
88 51
65 88
56 88
77 88
22 88
66 88
88 85
88 91
88 28
88 3
88 11
68 88
14 88
88 92
88 35
88 74
88 44
88 72
88 43
88 50
88 93
88 32
88 24
61 88
25 88
10 88
55 88
88 39
88 27
17 88
82 88
88 40
88 87
63 88
79 88
88 7
75 88
46 88
67 88
48 88
84 88
88 62
88 94
12 88
116 115
1 2 3 4 5 6 7 8 9 10 11 12 13 14 15 16 17 18 19 20 21 22 23 24 25 26 27 28 29 30 31 32 33 34 35 36 37 38 39 40 41 42 43 44 45 46 47 48 49 50 51 52 53 54 55 56 57 58 59 60 61 62 63 64 65 66 67 68 69 70 71 72 73 74 75 76 77 78 79 80 81 82 83 84 85 86 87 88 89 90 91 92 93 94 95 96 97 98 99 100 101 102 103 104 105 106 107 108 109 110 111 112 113 114 115 116
1 1 1 1 1 1 1 1 1 1 1 1 1 1 1 1 1 1 1 1 1 1 1 1 1 1 1 1 1 1 1 1 1 1 31 1 1 1 1 1 1 1 1 1 1 1 1 1 1 1 1 1 1 1 1 1 1 1 1 1 1 1 1 1 1 1 1 1 1 1 1 1 1 1 1 1 1 1 1 1 1 1 1 1 1 1 1 1 1 1 1 1 1 1 1 1 1 1 1 1 1 1 1 1 1 1 1 1 1 1 1 1 1 1 1 1
44 17
17 1
76 17
61 17
17 72
17 36
101 17
17 30
17 4
85 17
58 17
17 75
17 12
107 17
65 17
2 17
62 17
94 17
17 109
17 104
57 17
81 17
17 96
67 17
3 17
17 9
17 6
59 17
17 91
54 17
17 64
90 17
17 38
49 17
18 17
74 17
93 17
17 26
46 17
110 17
20 17
17 45
71 17
87 17
17 83
70 17
28 17
86 17
17 79
47 17
17 42
17 27
17 77
95 17
17 84
51 17
17 50
17 29
17 23
15 17
17 7
60 17
55 17
34 17
17 111
17 41
33 17
17 89
35 17
17 63
17 98
88 17
40 17
52 17
17 53
24 17
17 113
31 17
17 16
115 17
17 68
17 99
25 17
105 17
37 17
108 17
17 13
17 32
114 17
112 17
17 73
82 17
5 17
116 17
21 17
14 17
92 17
17 66
11 17
17 69
17 22
17 56
48 17
17 100
19 17
17 103
17 78
39 17
80 17
17 106
17 97
10 17
17 43
17 102
17 8
105 104
89 23 1 94 4 97 30 103 46 45 68 12 76 100 78 66 64 10 49 53 20 42 46 90 85 41 55 9 10 77 5 31 65 83 39 46 9 43 75 87 64 75 29 49 68 78 15 73 59 54 2 50 65 2 38 36 11 99 51 81 105 26 29 5 88 70 75 13 30 73 46 42 72 46 88 49 11 35 90 37 99 73 74 49 17 44 56 23 35 43 37 39 8 20 76 89 90 73 83 90 68 82 70 70 18
89 23 1 94 4 97 13 10 46 45 10 12 13 100 10 66 64 10 49 53 20 42 13 35 10 41 55 9 10 77 5 31 65 10 39 35 9 10 13 82 13 75 13 49 10 10 15 73 10 13 2 50 65 2 38 36 11 10 10 81 105 10 10 5 88 70 10 10 10 73 10 10 10 46 13 10 11 35 10 37 10 13 74 49 17 10 10 10 35 10 37 39 8 10 10 89 10 73 83 90 10 10 10 10 18
46 90
46 44
95 46
46 24
12 46
35 46
16 46
46 66
38 46
47 46
55 46
46 36
46 105
60 46
46 9
19 46
46 54
76 46
29 46
70 46
59 46
32 46
1 46
46 37
46 30
46 63
46 42
8 46
46 2
46 85
104 46
67 46
4 46
46 69
89 46
7 46
58 46
46 15
46 51
73 46
62 46
46 3
46 50
46 72
57 46
101 46
46 94
46 103
46 10
74 46
46 68
46 79
46 21
46 40
46 88
46 56
14 46
46 61
46 28
46 98
46 71
46 92
46 84
46 83
46 18
41 46
46 87
43 46
46 99
46 96
20 46
46 34
46 11
46 86
49 46
46 52
46 39
46 5
46 78
46 64
46 33
46 100
46 27
26 46
48 46
46 22
17 46
23 46
75 46
46 93
46 82
97 46
46 102
46 53
6 46
46 77
13 46
46 81
46 91
46 45
65 46
46 80
46 31
25 46
89 88
51 42 84 80 26 88 37 58 79 82 72 16 18 50 62 27 33 88 82 88 36 30 64 53 44 59 11 84 31 64 45 55 26 58 4 50 8 4 53 24 40 8 81 89 18 50 50 52 39 67 9 72 44 1 9 69 82 9 69 33 83 81 76 38 59 35 77 35 11 47 29 46 31 46 53 6 12 27 22 7 87 43 62 73 67 12 28 21 41
8 42 4 80 26 9 37 9 79 82 4 16 18 50 62 27 33 88 82 9 4 4 64 53 44 59 11 84 4 64 45 55 9 4 4 4 4 4 4 24 4 8 4 8 4 8 4 52 9 67 4 72 4 1 9 9 82 9 4 33 4 81 76 38 8 4 77 35 11 47 4 9 4 4 53 6 12 27 22 7 87 43 8 4 4 12 4 4 9
55 22
22 49
22 44
22 88
17 22
84 22
22 42
22 86
21 22
66 22
15 22
22 76
10 22
33 22
22 34
26 22
3 22
48 22
58 22
22 36
22 71
22 9
22 35
1 22
81 22
22 83
22 41
22 59
63 22
47 22
22 24
22 27
37 22
22 67
22 43
22 2
22 79
22 77
22 51
22 25
22 65
60 22
22 57
22 74
22 38
78 22
70 22
22 12
85 22
8 22
72 22
22 45
22 40
22 31
73 22
22 19
7 22
22 39
20 22
22 87
22 46
22 29
22 53
22 23
11 22
22 56
64 22
50 22
75 22
22 14
89 22
22 18
22 80
22 6
4 22
28 22
22 32
22 16
68 22
54 22
82 22
5 22
22 69
62 22
22 61
22 13
52 22
22 30
114 113
1 2 3 4 5 6 7 8 9 10 11 12 13 14 15 16 17 18 19 20 21 22 23 24 25 26 27 28 29 30 31 32 33 34 35 36 37 38 39 40 41 42 43 44 45 46 47 48 49 50 51 52 53 54 55 56 57 58 59 60 61 62 63 64 65 66 67 68 69 70 71 72 73 74 75 76 77 78 79 80 81 82 83 84 85 86 87 88 89 90 91 92 93 94 95 96 97 98 99 100 101 102 103 104 105 106 107 108 109 110 111 112 113 114
1 1 3 4 5 6 7 1 1 2 11 1 13 14 15 1 17 1 19 20 21 1 23 24 1 26 1 1 1 30 31 32 1 34 35 36 2 1 2 40 1 42 2 44 45 46 47 48 49 1 1 1 53 1 55 56 1 58 59 60 61 1 1 1 65 66 1 68 1 70 1 1 2 1 75 76 77 1 79 1 1 82 1 1 85 2 1 88 89 90 1 1 93 2 95 28 97 98 2 100 101 2 2 2 105 2 107 108 109 110 111 112 1 1
84 2
2 93
114 2
69 2
43 2
2 44
2 65
31 2
40 2
2 33
101 2
16 2
2 113
2 13
9 2
28 2
11 2
61 2
53 2
108 2
2 64
2 105
107 2
96 2
2 14
2 45
36 2
112 2
2 46
2 67
2 4
2 3
2 86
103 2
92 2
2 50
2 34
18 2
37 2
2 63
55 2
60 2
2 90
2 24
2 71
2 83
106 2
2 76
75 2
2 68
2 47
7 2
2 10
2 51
77 2
79 2
2 95
22 2
2 21
81 2
2 54
32 2
2 39
56 2
6 2
2 19
72 2
2 20
2 5
2 27
97 2
2 66
109 2
2 78
2 38
2 25
15 2
2 59
35 2
94 2
100 2
2 111
88 2
23 2
89 2
99 2
62 2
2 26
2 42
12 2
2 1
2 70
2 58
110 2
48 2
2 17
2 82
2 80
2 52
49 2
104 2
102 2
2 74
87 2
73 2
2 91
2 85
2 8
41 2
2 57
2 29
2 30
2 98
93 92
1 2 3 4 5 6 7 8 9 10 11 12 13 14 15 16 17 18 19 20 21 22 23 24 25 26 27 28 29 30 31 32 33 34 35 36 37 38 39 40 41 42 43 44 45 46 47 48 49 50 51 52 53 54 55 56 57 58 59 60 61 62 63 64 65 66 67 68 69 70 71 72 73 74 75 76 77 78 79 80 81 82 83 84 85 86 87 88 89 90 91 92 93
1 1 1 1 1 1 1 1 1 1 1 1 1 1 1 1 1 1 1 1 1 1 1 1 1 1 1 1 1 1 1 1 1 1 1 1 1 1 1 1 1 1 1 1 1 1 1 1 1 1 1 1 1 1 1 1 1 1 1 1 1 1 1 1 1 1 1 1 1 19 1 1 1 1 1 1 1 1 1 1 1 1 1 1 1 1 1 1 1 1 1 1 1
80 16
16 17
68 16
16 38
51 16
32 16
21 16
16 64
16 49
70 16
16 58
16 44
35 16
11 16
12 16
27 16
16 61
16 22
10 16
46 16
77 16
16 15
24 16
16 52
91 16
76 16
16 14
16 82
57 16
8 16
3 16
16 87
37 16
19 16
48 16
16 41
86 16
81 16
5 16
30 16
16 54
31 16
16 56
16 4
69 16
90 16
39 16
78 16
92 16
85 16
75 16
16 26
16 89
59 16
55 16
23 16
50 16
42 16
84 16
16 45
9 16
63 16
2 16
16 33
88 16
16 72
6 16
25 16
16 74
16 20
16 71
47 16
16 79
73 16
83 16
16 43
16 53
16 93
16 1
16 62
13 16
16 67
28 16
16 34
40 16
16 65
18 16
29 16
7 16
60 16
16 66
36 16
111 110
1 2 3 4 5 6 7 8 9 10 11 12 13 14 15 16 17 18 19 20 21 22 23 24 25 26 27 28 29 30 31 32 33 34 35 36 37 38 39 40 41 42 43 44 45 46 47 48 49 50 51 52 53 54 55 56 57 58 59 60 61 62 63 64 65 66 67 68 69 70 71 72 73 74 75 76 77 78 79 80 81 82 83 84 85 86 87 88 89 90 91 92 93 94 95 96 97 98 99 100 101 102 103 104 105 106 107 108 109 110 111
1 1 1 1 1 1 1 1 1 1 1 1 1 1 1 1 1 1 1 1 1 1 1 1 1 1 1 1 1 1 1 1 1 1 1 1 1 1 1 1 1 1 1 1 1 1 1 1 1 1 1 1 1 1 1 1 1 1 1 1 1 1 1 1 1 49 1 1 1 1 1 1 1 1 1 1 1 1 1 1 1 1 1 1 1 1 1 1 1 1 1 1 1 1 1 1 1 1 1 1 1 1 1 1 1 1 1 1 1 1 1
67 47
67 48
1 67
34 67
67 50
62 67
111 67
83 67
37 67
49 67
25 67
67 68
67 61
67 108
3 67
89 67
39 67
67 78
67 88
67 40
43 67
21 67
67 94
59 67
45 67
4 67
67 42
73 67
2 67
96 67
53 67
67 57
67 103
46 67
67 107
22 67
30 67
110 67
36 67
98 67
71 67
99 67
17 67
67 16
104 67
82 67
55 67
67 5
35 67
12 67
38 67
27 67
67 64
7 67
65 67
10 67
67 105
67 84
67 90
101 67
15 67
67 19
67 70
67 54
67 87
14 67
67 13
67 32
67 75
67 97
76 67
67 23
67 51
67 18
24 67
67 63
91 67
106 67
44 67
67 72
6 67
109 67
92 67
79 67
80 67
67 60
100 67
67 9
67 31
67 11
69 67
102 67
67 85
86 67
67 26
67 66
67 81
67 93
67 41
67 20
67 77
67 28
8 67
67 74
67 29
33 67
58 67
67 95
52 67
56 67
112 111
1 2 3 4 5 6 7 8 9 10 11 12 13 14 15 16 17 18 19 20 21 22 23 24 25 26 27 28 29 30 31 32 33 34 35 36 37 38 39 40 41 42 43 44 45 46 47 48 49 50 51 52 53 54 55 56 57 58 59 60 61 62 63 64 65 66 67 68 69 70 71 72 73 74 75 76 77 78 79 80 81 82 83 84 85 86 87 88 89 90 91 92 93 94 95 96 97 98 99 100 101 102 103 104 105 106 107 108 109 110 111 112
1 1 1 4 1 1 7 8 1 10 11 12 13 14 15 16 17 1 1 20 1 22 23 24 25 26 27 28 29 30 1 1 1 34 35 36 1 38 39 1 41 1 1 44 1 46 47 1 1 1 51 1 1 54 55 56 57 1 59 60 61 1 63 64 65 1 67 1 1 1 1 1 73 1 1 1 1 70 79 80 81 82 83 1 85 86 1 1 89 90 91 1 93 1 1 96 1 5 99 100 1 1 1 104 105 1 107 108 1 1 1 112
70 59
57 70
14 70
52 70
70 86
49 70
70 69
70 45
105 70
85 70
44 70
43 70
11 70
70 16
88 70
70 47
103 70
112 70
40 70
32 70
70 55
70 90
27 70
70 5
70 87
33 70
38 70
75 70
70 73
77 70
26 70
93 70
70 21
51 70
84 70
70 98
28 70
70 41
70 1
70 68
70 24
108 70
70 10
70 23
36 70
70 66
70 91
25 70
39 70
70 96
35 70
70 65
70 58
70 56
109 70
70 97
70 54
70 62
70 83
46 70
70 111
70 37
70 110
70 13
12 70
70 92
70 61
9 70
70 104
79 70
70 72
7 70
63 70
70 18
99 70
64 70
81 70
70 17
31 70
107 70
74 70
60 70
70 22
70 94
70 95
2 70
70 100
70 80
101 70
70 6
70 42
67 70
89 70
4 70
70 78
70 102
70 30
76 70
53 70
70 71
106 70
19 70
50 70
82 70
15 70
48 70
20 70
70 3
34 70
70 8
70 29
106 105
71 27 78 29 77 87 82 41 47 77 19 87 53 103 69 79 15 82 72 50 64 48 33 33 103 1 13 43 25 25 38 36 42 64 18 96 56 51 99 47 62 49 40 94 45 10 80 83 51 12 36 47 71 25 69 29 84 52 34 12 59 31 45 97 33 63 80 54 3 103 80 90 91 33 9 92 93 56 34 62 65 46 40 4 68 99 62 42 63 100 75 36 33 44 33 85 17 48 20 29 84 64 104 46 73 54
1 1 1 1 1 1 1 1 1 1 1 1 1 1 1 1 1 1 1 1 1 1 1 1 1 1 1 1 1 1 1 1 1 1 1 1 1 1 1 1 1 1 1 1 1 1 1 1 1 1 1 1 1 1 1 1 1 1 1 1 1 1 1 1 1 1 1 1 1 1 1 1 1 1 1 1 1 1 1 1 1 1 1 1 1 1 1 1 1 1 1 1 1 1 1 1 1 1 1 1 1 1 1 1 1 1
69 33
91 69
8 69
69 68
69 106
69 16
78 69
69 5
69 35
67 69
69 71
69 103
34 69
69 47
10 69
69 93
80 69
102 69
12 69
69 26
69 101
69 44
69 21
69 96
69 42
69 36
69 41
69 39
66 69
69 76
69 84
69 23
69 61
9 69
69 62
69 97
85 69
69 59
73 69
27 69
94 69
52 69
48 69
70 69
69 105
3 69
74 69
83 69
79 69
69 31
11 69
92 69
37 69
69 20
38 69
4 69
69 43
69 14
69 77
69 49
82 69
19 69
72 69
81 69
104 69
69 13
69 15
17 69
69 99
57 69
69 53
58 69
90 69
69 40
86 69
69 50
1 69
69 6
24 69
54 69
69 7
88 69
69 29
46 69
69 63
69 22
2 69
30 69
69 28
69 65
69 55
69 100
69 89
25 69
64 69
95 69
32 69
98 69
69 56
69 45
69 75
18 69
51 69
60 69
87 69
113 112
1 2 3 4 5 6 7 8 9 10 11 12 13 14 15 16 17 18 19 20 21 22 23 24 25 26 27 28 29 30 31 32 33 34 35 36 37 38 39 40 41 42 43 44 45 46 47 48 49 50 51 52 53 54 55 56 57 58 59 60 61 62 63 64 65 66 67 68 69 70 71 72 73 74 75 76 77 78 79 80 81 82 83 84 85 86 87 88 89 90 91 92 93 94 95 96 97 98 99 100 101 102 103 104 105 106 107 108 109 110 111 112 113
1 1 1 1 1 1 1 1 1 1 1 1 1 1 1 1 1 1 1 1 1 1 1 1 1 1 106 1 1 1 1 1 1 1 1 1 1 1 1 1 1 1 1 1 1 1 1 1 1 1 1 1 1 1 1 1 1 1 1 1 1 1 1 1 1 1 1 1 1 1 1 1 1 1 1 1 1 1 1 1 1 1 1 1 1 1 1 1 1 1 1 1 1 1 1 1 1 1 1 1 1 1 1 1 1 1 1 1 1 1 1 1 1
78 92
92 87
92 19
92 29
20 92
88 92
86 92
92 24
92 76
92 61
92 37
92 34
92 57
92 70
17 92
1 92
100 92
62 92
92 53
33 92
12 92
81 92
35 92
106 92
55 92
58 92
65 92
79 92
92 64
18 92
80 92
99 92
110 92
92 46
43 92
92 101
92 67
111 92
92 2
92 103
92 41
92 48
84 92
92 68
92 105
92 66
44 92
92 31
36 92
56 92
92 72
92 28
7 92
107 92
74 92
47 92
92 109
45 92
92 83
92 25
32 92
92 3
14 92
89 92
92 90
8 92
92 22
13 92
92 108
93 92
59 92
98 92
92 63
73 92
4 92
26 92
92 23
27 92
92 16
92 15
92 52
11 92
92 42
92 5
92 6
38 92
96 92
92 94
92 97
113 92
49 92
77 92
92 102
92 30
95 92
92 85
92 39
92 9
40 92
112 92
75 92
92 54
71 92
50 92
92 60
92 91
92 82
10 92
21 92
92 69
92 51
104 92
82 81
1 2 3 4 5 6 7 8 9 10 11 12 13 14 15 16 17 18 19 20 21 22 23 24 25 26 27 28 29 30 31 32 33 34 35 36 37 38 39 40 41 42 43 44 45 46 47 48 49 50 51 52 53 54 55 56 57 58 59 60 61 62 63 64 65 66 67 68 69 70 71 72 73 74 75 76 77 78 79 80 81 82
1 1 1 1 1 1 1 1 1 1 1 1 1 1 1 1 1 1 1 1 1 1 1 1 1 1 1 1 1 1 1 1 1 1 1 1 1 1 1 1 1 1 1 1 1 1 1 1 1 1 1 1 1 1 1 56 1 1 1 1 1 1 1 1 1 1 1 1 1 1 1 1 1 1 1 1 1 1 1 1 1 1
66 16
35 66
69 66
66 45
66 75
82 66
66 30
66 70
66 68
66 76
66 72
66 54
21 66
66 41
13 66
66 11
66 26
14 66
49 66
66 10
78 66
80 66
29 66
50 66
37 66
63 66
65 66
71 66
7 66
66 39
58 66
66 79
66 60
66 81
66 18
66 19
44 66
66 77
66 28
66 1
59 66
24 66
66 46
66 33
23 66
56 66
66 8
66 31
40 66
73 66
66 22
66 36
66 48
9 66
74 66
47 66
66 43
6 66
66 52
51 66
66 57
5 66
66 34
62 66
66 53
66 38
66 20
66 32
66 67
66 42
66 3
66 15
12 66
66 27
66 64
66 55
25 66
66 2
66 61
17 66
4 66
99 98
1 2 3 4 5 6 7 8 9 10 11 12 13 14 15 16 17 18 19 20 21 22 23 24 25 26 27 28 29 30 31 32 33 34 35 36 37 38 39 40 41 42 43 44 45 46 47 48 49 50 51 52 53 54 55 56 57 58 59 60 61 62 63 64 65 66 67 68 69 70 71 72 73 74 75 76 77 78 79 80 81 82 83 84 85 86 87 88 89 90 91 92 93 94 95 96 97 98 99
1 2 3 4 3 6 7 8 9 6 11 1 13 14 15 16 6 3 19 20 21 22 23 1 6 26 6 28 29 30 31 32 1 34 1 6 3 38 15 3 41 6 43 6 45 1 1 1 3 50 3 52 53 43 55 56 6 6 6 60 3 62 63 64 65 66 1 68 1 6 71 1 73 15 75 1 77 78 79 80 1 1 83 6 85 3 87 3 89 90 91 1 93 6 95 1 97 98 99
35 16
26 35
35 20
49 35
35 13
35 19
71 35
35 61
35 18
65 35
35 91
88 35
35 43
6 35
35 64
48 35
84 35
35 38
35 75
35 53
35 59
35 9
35 76
72 35
35 33
27 35
35 57
62 35
68 35
35 25
35 45
35 31
35 92
35 3
36 35
51 35
35 85
81 35
35 86
35 78
14 35
11 35
35 80
42 35
47 35
93 35
35 89
35 10
34 35
24 35
7 35
35 21
79 35
35 4
35 50
35 69
29 35
35 70
35 30
35 41
35 55
35 90
35 87
35 73
35 8
35 5
35 12
35 32
58 35
95 35
35 1
35 77
94 35
74 35
35 2
37 35
52 35
67 35
15 35
35 83
35 96
23 35
60 35
97 35
40 35
35 22
35 54
56 35
35 66
39 35
98 35
46 35
82 35
17 35
63 35
28 35
35 99
35 44
109 108
18 80 100 18 99 51 49 6 2 22 12 30 36 24 107 108 105 82 73 14 106 19 54 55 105 11 11 69 66 98 104 64 91 106 21 87 32 27 82 100 10 79 82 31 67 94 71 83 99 23 38 54 59 33 47 69 3 28 35 84 84 6 43 19 21 4 47 33 60 82 32 96 92 68 89 58 81 74 63 15 89 106 3 108 71 74 104 6 61 66 21 28 92 26 55 108 59 37 107 27 16 49 62 91 85 90 109 40 100
18 80 100 4 4 51 49 4 2 22 12 15 4 24 107 108 105 82 73 14 106 3 3 55 105 11 11 3 3 4 3 4 91 4 21 87 32 4 82 3 10 79 15 4 3 4 15 83 15 23 38 54 59 4 47 69 3 28 35 84 84 6 21 4 4 4 47 33 60 82 32 96 4 4 89 58 81 4 4 4 89 106 3 108 3 4 104 6 61 66 3 28 92 4 3 108 59 37 4 4 3 49 4 91 4 4 109 40 3
73 85
85 45
58 85
85 21
85 72
85 40
85 14
84 85
85 35
85 62
85 19
53 85
85 22
85 20
63 85
85 4
85 42
23 85
85 51
85 88
101 85
85 93
37 85
95 85
85 87
85 50
57 85
85 66
97 85
6 85
85 100
7 85
85 32
85 33
47 85
85 38
85 81
34 85
28 85
85 1
44 85
85 11
85 9
85 29
103 85
86 85
77 85
52 85
85 76
85 26
85 71
107 85
85 79
91 85
85 96
85 65
85 49
85 46
10 85
85 2
85 83
89 85
43 85
85 80
85 99
85 17
16 85
85 70
85 48
85 64
104 85
85 74
55 85
85 24
85 98
27 85
85 69
8 85
109 85
31 85
85 92
18 85
85 105
85 60
78 85
54 85
41 85
85 5
82 85
85 3
12 85
85 106
85 36
90 85
85 108
85 68
75 85
85 94
13 85
61 85
30 85
85 56
85 59
39 85
85 67
85 15
25 85
102 85
112 111
1 2 3 4 5 6 7 8 9 10 11 12 13 14 15 16 17 18 19 20 21 22 23 24 25 26 27 28 29 30 31 32 33 34 35 36 37 38 39 40 41 42 43 44 45 46 47 48 49 50 51 52 53 54 55 56 57 58 59 60 61 62 63 64 65 66 67 68 69 70 71 72 73 74 75 76 77 78 79 80 81 82 83 84 85 86 87 88 89 90 91 92 93 94 95 96 97 98 99 100 101 102 103 104 105 106 107 108 109 110 111 112
1 1 1 1 1 1 1 1 1 1 1 1 1 1 1 1 1 1 1 1 1 1 1 1 1 1 1 1 1 1 1 1 1 1 1 1 1 1 1 1 1 1 1 1 1 1 1 1 1 1 1 1 1 1 1 1 1 1 1 1 1 1 1 1 1 1 1 1 1 1 1 1 1 1 1 1 1 1 1 1 1 1 1 1 1 1 1 1 1 1 1 1 1 1 1 1 1 1 1 1 1 1 1 1 1 1 1 1 1 1 1 1
103 23
10 103
103 63
2 103
103 32
87 103
103 22
103 96
103 65
103 41
11 103
103 82
103 25
103 106
3 103
103 83
103 105
103 7
95 103
103 42
60 103
79 103
46 103
103 94
75 103
103 13
59 103
103 39
103 9
80 103
17 103
103 1
103 100
27 103
103 72
89 103
103 54
70 103
16 103
103 64
81 103
103 110
103 8
103 86
103 28
111 103
49 103
4 103
103 112
55 103
35 103
18 103
103 99
52 103
103 33
103 102
37 103
103 24
103 66
103 56
92 103
12 103
103 77
93 103
103 47
103 38
103 48
103 51
103 90
74 103
103 85
103 108
109 103
103 44
29 103
40 103
15 103
103 50
98 103
103 62
103 30
103 101
91 103
103 71
107 103
97 103
14 103
103 84
103 68
20 103
103 76
26 103
103 69
34 103
78 103
103 21
53 103
103 31
103 61
103 58
6 103
57 103
104 103
103 19
103 67
73 103
36 103
103 88
103 43
103 45
103 5
99 98
24 93 59 94 52 84 97 37 54 1 25 19 63 53 50 16 31 33 40 47 6 51 98 30 45 14 26 93 81 63 2 34 56 47 41 24 81 70 83 62 59 67 36 95 56 27 78 63 18 91 96 11 50 80 86 52 25 71 95 69 62 42 20 71 45 39 48 9 92 27 56 25 74 58 54 67 91 11 82 42 82 74 54 25 8 74 52 19 62 65 75 58 44 55 32 71 82 92 84
1 1 1 1 1 1 1 1 1 1 1 1 1 1 1 1 1 1 1 1 1 1 1 1 1 1 1 1 1 1 1 1 1 1 1 1 1 1 1 1 1 1 1 1 1 1 1 1 1 81 1 1 1 1 1 1 1 1 1 1 1 1 1 1 1 1 1 1 1 1 1 1 1 1 1 1 1 1 1 1 1 1 1 1 1 1 1 1 1 1 1 1 1 1 1 1 1 1 1
46 21
46 45
59 46
8 46
46 20
55 46
13 46
46 91
16 46
46 66
46 3
30 46
46 43
34 46
18 46
37 46
46 22
78 46
72 46
46 1
71 46
46 85
32 46
46 81
39 46
46 28
10 46
7 46
46 11
64 46
46 90
51 46
77 46
70 46
41 46
46 2
75 46
42 46
49 46
88 46
40 46
93 46
46 86
6 46
9 46
46 83
69 46
65 46
38 46
74 46
46 5
24 46
35 46
46 25
46 61
96 46
46 14
46 29
46 54
46 23
95 46
26 46
47 46
46 62
46 31
63 46
46 87
48 46
79 46
46 68
46 33
46 15
19 46
46 67
36 46
53 46
4 46
27 46
46 92
46 94
44 46
46 58
50 46
80 46
99 46
46 84
46 89
46 12
97 46
46 52
46 57
46 82
46 60
46 56
46 76
73 46
46 17
46 98
105 104
40 99 26 38 41 18 22 76 56 11 41 96 8 45 22 47 35 12 66 105 7 36 50 45 69 92 77 22 21 16 3 37 32 100 29 83 15 101 6 14 76 12 19 40 6 9 11 61 12 71 24 54 12 8 3 35 102 21 7 98 14 23 37 81 102 67 81 86 94 77 35 12 21 77 27 99 71 1 88 40 42 53 40 38 14 30 60 12 83 105 42 89 64 40 64 53 24 42 15 57 38 42 96 32 21
1 1 1 1 1 1 1 1 1 1 1 1 1 1 1 1 1 1 1 1 1 1 1 1 1 1 1 1 1 1 1 1 1 1 1 1 1 1 1 1 1 1 1 1 1 1 1 1 1 1 1 1 1 1 1 1 1 1 1 1 1 1 1 1 1 1 1 1 1 1 1 1 1 1 1 1 1 1 78 1 1 1 1 1 1 1 1 1 1 1 1 1 1 1 1 1 1 1 1 1 1 1 1 1 1
80 77
80 43
80 37
19 80
80 5
80 50
80 102
80 48
80 27
71 80
75 80
80 79
80 15
80 82
80 93
23 80
80 39
74 80
91 80
80 17
18 80
16 80
32 80
54 80
51 80
104 80
13 80
3 80
80 8
80 95
80 72
101 80
80 10
44 80
31 80
7 80
25 80
1 80
80 99
80 96
33 80
80 70
69 80
60 80
58 80
80 28
80 22
80 78
105 80
80 46
80 100
80 89
2 80
80 49
80 98
80 24
29 80
65 80
97 80
80 26
80 38
80 84
80 20
14 80
21 80
59 80
42 80
11 80
80 68
73 80
80 63
92 80
80 40
87 80
80 52
80 67
66 80
80 4
80 83
57 80
35 80
80 53
62 80
80 94
76 80
41 80
80 6
103 80
80 34
80 12
9 80
80 85
80 45
56 80
80 90
61 80
55 80
80 64
80 86
80 88
81 80
80 47
30 80
36 80
119 118
1 2 3 4 5 6 7 8 9 10 11 12 13 14 15 16 17 18 19 20 21 22 23 24 25 26 27 28 29 30 31 32 33 34 35 36 37 38 39 40 41 42 43 44 45 46 47 48 49 50 51 52 53 54 55 56 57 58 59 60 61 62 63 64 65 66 67 68 69 70 71 72 73 74 75 76 77 78 79 80 81 82 83 84 85 86 87 88 89 90 91 92 93 94 95 96 97 98 99 100 101 102 103 104 105 106 107 108 109 110 111 112 113 114 115 116 117 118 119
1 1 1 1 1 1 1 1 1 1 1 1 1 1 1 1 1 1 1 1 1 1 23 1 1 1 1 1 1 1 1 1 1 1 1 1 1 1 1 1 1 1 1 1 1 1 1 1 1 1 1 1 1 1 1 1 1 1 1 1 1 1 1 1 1 1 1 1 1 1 1 1 1 1 1 1 1 1 1 1 1 1 1 1 1 1 1 1 1 1 1 1 1 1 1 1 1 1 1 1 1 1 1 1 1 1 1 1 1 1 1 1 1 1 1 1 1 1 1
67 55
67 84
4 67
74 67
45 67
33 67
49 67
67 2
67 102
77 67
3 67
35 67
95 67
82 67
10 67
40 67
67 78
110 67
80 67
86 67
44 67
67 30
67 39
107 67
67 72
67 25
42 67
67 52
67 64
27 67
56 67
67 113
67 115
67 105
1 67
67 41
7 67
67 57
54 67
67 71
47 67
67 43
92 67
67 5
67 93
94 67
67 117
67 58
67 75
15 67
67 17
67 104
118 67
96 67
67 68
67 9
32 67
50 67
67 38
16 67
67 88
67 73
100 67
67 60
67 29
13 67
11 67
67 85
18 67
67 91
67 20
99 67
31 67
67 26
46 67
66 67
67 37
28 67
69 67
67 112
36 67
34 67
8 67
24 67
108 67
67 53
67 116
81 67
12 67
67 23
6 67
70 67
67 89
21 67
109 67
67 79
67 48
65 67
62 67
119 67
111 67
14 67
67 98
61 67
19 67
67 87
83 67
90 67
67 103
67 51
67 22
67 114
67 76
67 63
101 67
67 106
59 67
97 67
112 111
26 101 14 34 47 6 47 78 103 45 108 4 94 98 67 94 100 35 70 59 44 111 75 14 78 92 59 60 85 17 99 18 98 61 54 93 39 78 57 48 44 26 54 82 29 42 26 109 106 26 86 47 86 106 66 109 73 64 37 27 14 20 62 54 54 3 95 26 51 44 44 44 61 86 112 82 80 104 25 21 44 63 71 54 52 60 97 38 32 35 64 77 91 109 65 100 38 39 23 90 35 1 87 67 26 16 107 52 72 76 16 89
1 1 1 1 1 1 1 1 1 1 1 1 1 1 1 1 1 1 1 1 1 1 1 14 1 1 1 1 1 1 1 1 1 1 1 1 1 1 1 1 1 1 1 1 1 1 1 1 1 1 1 1 1 1 1 1 1 1 1 1 1 1 1 1 1 1 1 1 1 1 1 1 1 1 1 1 1 1 1 1 1 1 1 1 1 1 1 1 1 1 1 1 1 1 1 1 1 1 1 1 1 1 1 1 1 1 1 1 1 1 1 1
64 23
23 27
86 23
56 23
15 23
93 23
3 23
23 71
23 54
55 23
23 109
18 23
23 75
96 23
23 45
84 23
66 23
74 23
10 23
23 112
43 23
23 53
31 23
23 82
24 23
23 95
2 23
30 23
25 23
23 85
91 23
88 23
81 23
23 12
97 23
49 23
23 51
13 23
32 23
23 28
48 23
23 83
23 9
23 11
4 23
23 90
23 60
23 63
38 23
23 26
23 103
23 78
23 61
37 23
23 19
92 23
99 23
23 100
73 23
72 23
23 58
23 110
23 80
23 46
39 23
23 29
68 23
69 23
52 23
23 36
23 5
47 23
67 23
16 23
33 23
102 23
23 87
108 23
44 23
14 23
70 23
89 23
23 107
23 17
62 23
105 23
23 6
34 23
1 23
8 23
23 42
65 23
23 59
23 104
111 23
21 23
7 23
76 23
23 50
106 23
22 23
94 23
41 23
23 40
35 23
79 23
23 98
23 57
20 23
23 77
101 23
100 99
1 2 3 4 5 6 7 8 9 10 11 12 13 14 15 16 17 18 19 20 21 22 23 24 25 26 27 28 29 30 31 32 33 34 35 36 37 38 39 40 41 42 43 44 45 46 47 48 49 50 51 52 53 54 55 56 57 58 59 60 61 62 63 64 65 66 67 68 69 70 71 72 73 74 75 76 77 78 79 80 81 82 83 84 85 86 87 88 89 90 91 92 93 94 95 96 97 98 99 100
1 1 1 1 1 1 1 1 1 1 1 1 1 1 1 1 1 1 1 1 1 1 1 1 1 1 1 1 1 1 1 1 1 1 1 1 1 1 1 1 1 1 1 1 1 1 1 1 1 1 1 1 1 1 1 1 1 1 1 1 1 1 1 1 1 1 1 1 1 1 1 1 1 1 1 1 1 1 1 1 1 1 1 55 1 1 1 1 1 1 1 1 1 1 1 1 1 1 1 1
6 52
6 76
54 6
12 6
98 6
6 45
9 6
6 66
6 18
40 6
6 21
46 6
31 6
6 1
85 6
6 75
22 6
25 6
15 6
6 30
6 58
73 6
6 56
6 74
6 80
6 94
6 48
99 6
77 6
68 6
71 6
6 70
97 6
53 6
11 6
36 6
6 95
38 6
72 6
42 6
29 6
62 6
7 6
6 84
6 67
6 28
63 6
100 6
24 6
33 6
6 3
6 83
65 6
6 4
6 10
6 57
6 20
60 6
79 6
87 6
14 6
43 6
50 6
6 41
6 69
37 6
16 6
19 6
6 23
6 49
6 55
51 6
6 96
5 6
6 8
6 44
6 64
6 59
6 2
6 88
6 39
47 6
6 82
91 6
32 6
6 90
6 26
6 35
6 61
6 78
34 6
86 6
92 6
6 89
6 13
27 6
6 93
81 6
6 17
113 112
1 2 3 4 5 6 7 8 9 10 11 12 13 14 15 16 17 18 19 20 21 22 23 24 25 26 27 28 29 30 31 32 33 34 35 36 37 38 39 40 41 42 43 44 45 46 47 48 49 50 51 52 53 54 55 56 57 58 59 60 61 62 63 64 65 66 67 68 69 70 71 72 73 74 75 76 77 78 79 80 81 82 83 84 85 86 87 88 89 90 91 92 93 94 95 96 97 98 99 100 101 102 103 104 105 106 107 108 109 110 111 112 113
1 1 1 1 1 1 1 1 1 1 1 1 1 1 1 1 1 1 1 1 1 1 1 1 1 1 1 1 1 1 1 1 1 1 1 1 1 1 1 1 1 1 1 1 1 1 1 1 1 1 1 1 1 1 1 1 1 1 1 1 1 1 1 1 1 1 1 1 1 1 1 1 1 1 1 1 1 1 1 1 1 1 1 1 1 1 1 1 1 1 1 1 1 1 1 1 1 1 1 1 1 1 1 1 1 1 1 1 1 1 1 1 1
36 23
14 23
23 54
34 23
61 23
68 23
23 1
10 23
112 23
90 23
23 11
21 23
100 23
69 23
89 23
57 23
8 23
47 23
103 23
23 91
23 25
23 15
23 3
56 23
109 23
23 92
23 60
53 23
74 23
93 23
37 23
98 23
23 64
23 41
23 4
23 102
17 23
7 23
23 30
23 87
23 106
23 50
76 23
23 65
23 72
23 94
23 84
63 23
39 23
70 23
23 77
73 23
80 23
105 23
23 81
23 88
23 35
55 23
23 42
16 23
22 23
23 19
99 23
38 23
23 18
33 23
45 23
23 75
23 113
26 23
23 97
31 23
23 83
104 23
85 23
23 29
6 23
23 9
40 23
23 2
46 23
44 23
23 20
110 23
23 5
82 23
23 43
28 23
23 101
23 62
108 23
111 23
23 78
58 23
23 48
12 23
71 23
23 51
49 23
13 23
23 32
23 52
23 79
23 66
23 95
27 23
96 23
24 23
86 23
23 107
23 59
67 23
85 84
1 2 3 4 5 6 7 8 9 10 11 12 13 14 15 16 17 18 19 20 21 22 23 24 25 26 27 28 29 30 31 32 33 34 35 36 37 38 39 40 41 42 43 44 45 46 47 48 49 50 51 52 53 54 55 56 57 58 59 60 61 62 63 64 65 66 67 68 69 70 71 72 73 74 75 76 77 78 79 80 81 82 83 84 85
1 1 1 1 1 1 1 1 1 1 1 1 1 1 1 1 1 1 1 1 1 1 1 1 1 1 1 1 1 1 1 1 1 1 1 1 1 1 1 1 1 1 1 1 1 1 1 1 1 1 1 1 1 1 1 1 1 1 1 1 1 1 1 1 1 1 36 1 1 1 1 1 1 1 1 1 1 1 1 1 1 1 1 1 1
46 57
84 57
57 62
57 70
57 19
50 57
57 11
57 40
57 81
75 57
77 57
57 64
6 57
78 57
42 57
57 55
2 57
49 57
57 43
57 14
8 57
31 57
57 82
57 56
57 69
58 57
23 57
39 57
57 66
57 33
57 73
57 85
26 57
57 76
57 59
21 57
57 32
57 5
57 80
57 35
57 24
57 36
48 57
25 57
57 51
54 57
57 37
57 30
57 61
3 57
47 57
28 57
18 57
74 57
57 67
16 57
65 57
83 57
68 57
57 22
57 52
57 15
57 79
1 57
57 63
57 41
57 12
57 44
45 57
57 10
9 57
72 57
27 57
7 57
20 57
34 57
57 71
57 4
57 13
60 57
17 57
29 57
38 57
57 53
102 101
1 2 3 4 5 6 7 8 9 10 11 12 13 14 15 16 17 18 19 20 21 22 23 24 25 26 27 28 29 30 31 32 33 34 35 36 37 38 39 40 41 42 43 44 45 46 47 48 49 50 51 52 53 54 55 56 57 58 59 60 61 62 63 64 65 66 67 68 69 70 71 72 73 74 75 76 77 78 79 80 81 82 83 84 85 86 87 88 89 90 91 92 93 94 95 96 97 98 99 100 101 102
1 1 1 1 1 1 1 1 1 1 1 1 1 1 1 1 1 1 1 1 1 1 1 1 1 1 1 1 1 1 1 1 1 1 1 1 1 1 1 1 1 1 1 1 1 1 1 1 1 1 1 1 1 1 1 1 1 1 1 1 1 1 1 1 1 1 1 1 1 1 1 1 1 1 1 1 1 1 1 1 1 1 1 1 1 1 1 1 1 1 1 1 1 1 1 1 1 1 1 1 1 1
63 62
20 63
63 40
63 19
63 3
63 70
81 63
63 98
63 59
63 68
53 63
63 13
63 91
43 63
66 63
63 86
58 63
63 50
63 8
60 63
14 63
63 25
63 89
63 96
55 63
63 18
63 85
63 57
63 82
63 41
63 27
63 64
63 35
63 23
63 32
15 63
4 63
12 63
63 97
47 63
36 63
30 63
42 63
9 63
77 63
63 7
22 63
74 63
38 63
48 63
28 63
63 24
63 84
63 26
49 63
63 21
63 2
63 1
63 34
71 63
63 92
63 6
51 63
63 73
44 63
72 63
63 83
33 63
63 65
101 63
63 61
63 29
87 63
63 10
63 39
93 63
63 37
46 63
75 63
95 63
79 63
52 63
63 17
67 63
63 45
63 80
63 56
63 31
5 63
63 100
94 63
63 69
63 102
90 63
63 76
11 63
78 63
63 88
16 63
99 63
63 54
103 102
1 2 3 4 5 6 7 8 9 10 11 12 13 14 15 16 17 18 19 20 21 22 23 24 25 26 27 28 29 30 31 32 33 34 35 36 37 38 39 40 41 42 43 44 45 46 47 48 49 50 51 52 53 54 55 56 57 58 59 60 61 62 63 64 65 66 67 68 69 70 71 72 73 74 75 76 77 78 79 80 81 82 83 84 85 86 87 88 89 90 91 92 93 94 95 96 97 98 99 100 101 102 103
1 1 1 1 1 1 1 1 1 1 1 1 1 1 1 1 1 1 1 1 1 1 1 1 1 1 1 1 1 1 1 1 1 1 1 1 1 1 1 1 1 1 1 1 1 1 1 1 1 1 1 1 1 1 1 1 1 1 1 1 1 1 1 1 1 1 1 1 1 1 1 1 1 1 1 1 1 1 1 1 1 1 1 1 1 1 1 1 1 1 67 1 1 1 1 1 1 1 1 1 1 1 1
53 36
53 99
53 11
38 53
53 73
53 57
43 53
88 53
53 75
53 54
40 53
76 53
53 23
53 33
34 53
53 48
4 53
53 62
95 53
25 53
67 53
94 53
53 44
53 16
1 53
45 53
53 12
53 10
79 53
68 53
53 93
53 30
74 53
53 72
47 53
53 92
32 53
77 53
96 53
17 53
22 53
53 61
53 26
15 53
53 37
102 53
53 18
82 53
53 41
53 9
53 89
63 53
85 53
53 90
51 53
53 52
24 53
35 53
53 103
69 53
53 49
53 13
97 53
39 53
20 53
53 78
53 83
64 53
53 42
59 53
80 53
71 53
8 53
84 53
65 53
98 53
53 3
53 66
53 14
53 60
6 53
5 53
53 91
53 50
53 100
53 70
2 53
58 53
53 28
29 53
27 53
55 53
46 53
53 21
19 53
31 53
101 53
53 7
53 87
53 56
81 53
86 53
119 118
1 2 3 4 5 6 7 8 9 10 11 12 13 14 15 16 17 18 19 20 21 22 23 24 25 26 27 28 29 30 31 32 33 34 35 36 37 38 39 40 41 42 43 44 45 46 47 48 49 50 51 52 53 54 55 56 57 58 59 60 61 62 63 64 65 66 67 68 69 70 71 72 73 74 75 76 77 78 79 80 81 82 83 84 85 86 87 88 89 90 91 92 93 94 95 96 97 98 99 100 101 102 103 104 105 106 107 108 109 110 111 112 113 114 115 116 117 118 119
1 1 1 1 1 1 1 1 1 1 1 1 1 1 1 1 1 1 1 1 1 1 1 1 1 1 1 1 1 1 1 1 1 1 1 1 1 1 1 1 1 1 1 1 1 1 1 1 1 1 1 1 53 1 1 1 1 1 1 1 1 1 1 1 1 1 1 1 1 1 1 1 1 1 1 1 1 1 1 1 1 1 1 1 1 1 1 1 1 1 1 1 1 1 1 1 1 1 1 1 1 1 86 1 1 1 1 1 1 1 1 1 1 1 1 1 1 1 1
69 14
69 75
36 69
116 69
69 105
69 16
62 69
69 68
3 69
112 69
69 103
10 69
69 66
69 78
40 69
93 69
69 94
47 69
69 111
69 119
69 84
41 69
73 69
37 69
69 91
69 48
69 96
1 69
15 69
81 69
117 69
69 60
69 42
69 43
54 69
18 69
69 23
69 106
99 69
69 67
89 69
21 69
29 69
69 27
31 69
33 69
7 69
53 69
45 69
38 69
69 39
77 69
8 69
61 69
34 69
11 69
95 69
69 85
69 56
90 69
69 113
46 69
69 63
20 69
51 69
69 104
69 58
69 114
100 69
69 118
30 69
69 108
69 109
69 74
69 4
69 88
69 13
69 57
69 50
76 69
102 69
65 69
19 69
9 69
69 2
32 69
17 69
52 69
69 86
70 69
6 69
44 69
69 115
80 69
26 69
71 69
107 69
69 101
69 83
110 69
87 69
69 92
79 69
22 69
69 24
25 69
69 35
69 82
97 69
49 69
69 55
69 28
5 69
69 59
69 12
69 64
69 72
98 69
100 99
45 5 50 95 36 41 14 24 33 86 19 12 33 76 40 88 57 51 87 23 16 14 71 5 33 34 47 41 11 73 28 7 19 12 56 55 73 49 45 16 76 77 22 22 53 8 43 1 92 92 23 51 27 45 9 89 61 48 65 75 60 51 98 76 91 27 43 95 13 74 15 33 44 25 23 16 96 47 36 9 53 1 10 67 56 12 10 2 47 10 21 77 92 37 43 5 86 38 92 3
1 1 1 1 1 1 1 1 1 1 1 1 1 1 1 1 1 1 1 1 1 1 1 1 1 1 1 1 1 1 1 1 1 1 1 1 1 1 1 1 1 1 1 1 1 1 1 1 1 1 1 1 1 1 1 1 1 1 1 1 1 1 1 1 1 1 1 1 1 1 1 1 1 1 1 1 1 1 1 1 1 1 1 1 1 1 1 1 1 1 1 1 1 1 1 1 1 1 1 1
67 51
87 67
67 49
93 67
67 42
67 74
67 24
84 67
41 67
67 90
82 67
67 6
67 64
99 67
67 27
48 67
67 14
88 67
31 67
67 92
67 57
67 56
45 67
67 38
55 67
67 53
3 67
67 8
79 67
94 67
32 67
67 33
54 67
98 67
5 67
67 39
67 35
78 67
60 67
67 43
28 67
19 67
4 67
67 73
67 11
67 20
67 9
97 67
37 67
12 67
59 67
36 67
67 63
13 67
40 67
67 52
67 46
67 75
18 67
81 67
67 76
67 69
44 67
67 10
67 16
91 67
96 67
1 67
67 21
67 29
67 23
67 62
67 77
30 67
80 67
17 67
7 67
67 61
67 95
47 67
67 83
25 67
66 67
67 58
50 67
15 67
71 67
34 67
85 67
67 100
67 26
67 72
67 22
70 67
67 89
68 67
67 2
86 67
67 65
85 84
52 30 73 47 53 13 7 10 8 60 39 36 45 58 16 26 7 69 1 33 7 57 31 40 40 63 52 35 69 65 57 62 50 42 70 53 4 21 83 32 20 14 14 11 84 5 22 58 19 23 13 23 82 47 32 16 48 67 7 34 17 71 33 58 76 55 26 75 76 39 66 27 57 49 21 21 14 44 2 45 14 48 65 47 18
1 1 1 1 1 1 1 1 1 1 1 1 1 1 1 1 1 1 1 1 1 1 1 1 25 1 1 1 1 1 1 1 1 1 1 1 1 1 1 1 1 1 1 1 1 1 1 1 1 1 1 1 1 1 1 1 1 1 1 1 1 1 1 1 1 1 1 1 1 1 1 1 1 1 1 1 1 1 1 1 1 1 1 1 1
77 9
77 3
35 77
77 32
77 28
15 77
62 77
57 77
45 77
61 77
85 77
55 77
77 25
69 77
77 71
77 31
80 77
10 77
60 77
51 77
19 77
77 43
6 77
77 14
77 49
77 48
79 77
29 77
63 77
77 65
74 77
30 77
16 77
77 59
77 67
26 77
77 39
77 83
72 77
77 12
20 77
66 77
17 77
77 84
56 77
1 77
76 77
42 77
77 54
58 77
22 77
77 8
77 18
77 82
77 75
77 73
77 40
52 77
77 2
24 77
77 27
5 77
11 77
44 77
77 23
77 37
36 77
77 13
33 77
53 77
47 77
78 77
77 70
77 46
50 77
4 77
21 77
77 64
7 77
41 77
77 34
81 77
77 68
38 77
87 86
1 2 3 4 5 6 7 8 9 10 11 12 13 14 15 16 17 18 19 20 21 22 23 24 25 26 27 28 29 30 31 32 33 34 35 36 37 38 39 40 41 42 43 44 45 46 47 48 49 50 51 52 53 54 55 56 57 58 59 60 61 62 63 64 65 66 67 68 69 70 71 72 73 74 75 76 77 78 79 80 81 82 83 84 85 86 87
1 1 1 1 1 1 1 1 1 1 1 1 1 1 1 1 1 1 1 20 1 1 1 1 1 1 1 1 1 1 1 1 1 1 1 1 1 1 1 1 1 1 1 1 1 1 1 1 1 1 1 1 1 1 1 1 1 1 1 1 1 1 1 1 1 1 1 1 1 1 1 1 1 1 1 1 1 1 1 1 1 1 1 1 1 1 1
14 64
64 57
28 64
64 10
43 64
25 64
64 47
55 64
64 33
71 64
18 64
64 20
59 64
69 64
64 78
64 48
64 46
36 64
64 85
77 64
64 61
64 16
64 24
54 64
4 64
21 64
42 64
64 37
45 64
64 7
64 83
64 84
70 64
72 64
64 39
64 87
64 30
64 32
82 64
44 64
2 64
64 40
64 11
35 64
64 62
64 23
50 64
64 8
64 79
58 64
64 81
76 64
9 64
51 64
41 64
64 65
74 64
64 12
31 64
64 86
6 64
64 53
73 64
64 15
64 80
64 22
64 67
64 34
64 66
27 64
64 60
64 63
64 38
64 29
64 49
64 17
56 64
19 64
13 64
26 64
64 5
64 3
64 75
64 52
64 1
68 64
109 108
1 2 3 4 5 6 7 8 9 10 11 12 13 14 15 16 17 18 19 20 21 22 23 24 25 26 27 28 29 30 31 32 33 34 35 36 37 38 39 40 41 42 43 44 45 46 47 48 49 50 51 52 53 54 55 56 57 58 59 60 61 62 63 64 65 66 67 68 69 70 71 72 73 74 75 76 77 78 79 80 81 82 83 84 85 86 87 88 89 90 91 92 93 94 95 96 97 98 99 100 101 102 103 104 105 106 107 108 109
1 2 3 4 5 3 7 3 9 3 3 12 13 3 2 2 2 3 19 2 21 22 23 3 25 26 27 3 29 3 3 32 33 34 3 36 37 3 39 3 3 42 43 3 45 46 47 16 49 50 3 3 53 54 55 56 57 58 59 3 3 3 63 2 3 66 3 68 2 70 71 72 3 3 75 76 77 3 3 3 81 82 3 3 3 86 16 88 89 90 91 2 3 16 95 96 2 3 2 2 101 102 3 3 105 3 107 108 109
71 16
16 63
108 16
16 70
16 5
16 74
29 16
34 16
37 16
23 16
16 62
16 32
106 16
48 16
13 16
87 16
16 95
16 19
96 16
16 30
16 84
16 51
81 16
3 16
44 16
16 21
59 16
103 16
10 16
64 16
101 16
16 25
16 36
109 16
16 92
16 35
16 88
26 16
47 16
16 42
16 104
16 61
68 16
16 41
12 16
76 16
16 83
93 16
16 50
16 20
15 16
16 107
16 45
17 16
27 16
60 16
16 7
16 86
65 16
16 22
16 11
53 16
16 72
16 75
16 100
16 2
16 82
16 49
16 52
54 16
90 16
16 66
16 8
16 40
16 6
16 91
16 46
31 16
16 14
33 16
43 16
16 94
16 98
16 73
16 1
16 79
57 16
38 16
78 16
16 85
16 39
16 105
55 16
16 97
24 16
89 16
16 4
16 28
56 16
16 58
67 16
69 16
77 16
16 99
9 16
18 16
16 102
16 80
110 109
52 74 30 13 99 85 40 80 10 26 94 31 101 51 48 22 97 90 48 65 85 76 96 76 43 71 95 9 47 84 45 36 49 62 63 73 20 71 35 41 27 60 70 30 66 30 45 44 14 24 103 65 19 48 4 41 28 15 22 87 72 87 31 17 60 74 33 33 58 70 17 38 72 31 67 66 25 95 20 17 101 87 19 85 69 98 102 1 99 57 59 35 55 79 87 8 92 40 99 47 81 64 24 17 57 79 61 13 25 14
1 1 1 1 1 1 1 1 1 1 1 1 1 1 1 1 1 1 1 1 1 1 1 1 1 1 1 1 1 1 1 1 1 1 1 1 1 1 1 1 1 1 1 1 1 1 1 1 1 1 1 1 1 1 1 1 1 1 1 1 1 1 1 1 1 1 1 1 1 1 1 1 1 1 1 1 1 1 1 1 1 1 1 1 1 1 1 1 1 1 1 1 1 1 1 1 1 1 1 1 1 1 1 1 1 1 1 1 1 1
60 42
10 42
52 42
105 42
42 59
74 42
86 42
42 33
50 42
67 42
27 42
90 42
47 42
42 23
42 48
42 46
42 106
98 42
2 42
42 35
25 42
42 53
49 42
58 42
42 84
3 42
79 42
70 42
5 42
77 42
42 12
42 95
66 42
17 42
44 42
43 42
42 31
13 42
99 42
71 42
19 42
104 42
42 61
42 93
42 40
103 42
42 56
20 42
8 42
42 87
42 14
73 42
42 38
42 65
18 42
42 68
75 42
39 42
42 82
100 42
34 42
11 42
30 42
42 102
42 55
96 42
42 88
41 42
24 42
42 45
6 42
42 83
42 92
42 9
42 4
42 89
42 21
42 110
42 108
64 42
42 51
42 78
57 42
42 32
42 29
42 69
42 91
42 7
94 42
42 101
16 42
28 42
42 36
42 63
81 42
85 42
42 1
42 72
80 42
42 97
42 109
37 42
42 54
42 62
42 76
42 15
26 42
42 22
107 42
104 103
1 2 3 4 5 6 7 8 9 10 11 12 13 14 15 16 17 18 19 20 21 22 23 24 25 26 27 28 29 30 31 32 33 34 35 36 37 38 39 40 41 42 43 44 45 46 47 48 49 50 51 52 53 54 55 56 57 58 59 60 61 62 63 64 65 66 67 68 69 70 71 72 73 74 75 76 77 78 79 80 81 82 83 84 85 86 87 88 89 90 91 92 93 94 95 96 97 98 99 100 101 102 103 104
1 2 3 2 5 6 7 8 8 10 2 12 13 14 15 8 2 2 19 8 21 22 23 24 25 26 8 28 8 8 8 32 8 8 8 2 2 38 39 2 41 42 2 8 2 46 47 48 49 2 51 52 8 24 2 56 8 58 24 2 61 62 2 64 65 8 67 68 8 2 2 72 73 74 75 8 77 78 79 80 81 82 83 2 85 86 31 88 89 90 2 92 93 94 24 8 8 2 99 100 101 2 8 104
62 43
43 59
43 40
33 43
43 47
7 43
11 43
43 56
51 43
43 8
43 16
102 43
43 73
43 91
43 24
43 32
43 15
10 43
90 43
63 43
43 74
71 43
43 49
65 43
43 96
66 43
22 43
29 43
43 64
43 18
98 43
43 79
35 43
43 44
99 43
69 43
43 93
43 4
43 95
12 43
43 23
43 88
43 20
45 43
43 46
43 17
54 43
68 43
104 43
42 43
57 43
43 2
43 87
89 43
43 9
43 1
43 76
43 58
43 28
43 41
26 43
43 50
43 34
5 43
43 85
101 43
43 97
43 39
19 43
103 43
43 31
43 30
43 21
43 25
43 3
13 43
43 86
82 43
48 43
43 36
37 43
55 43
43 70
6 43
77 43
43 81
53 43
14 43
43 38
61 43
43 84
80 43
52 43
43 83
43 27
94 43
78 43
43 60
75 43
92 43
72 43
43 100
67 43
95 94
1 2 3 4 5 6 7 8 9 10 11 12 13 14 15 16 17 18 19 20 21 22 23 24 25 26 27 28 29 30 31 32 33 34 35 36 37 38 39 40 41 42 43 44 45 46 47 48 49 50 51 52 53 54 55 56 57 58 59 60 61 62 63 64 65 66 67 68 69 70 71 72 73 74 75 76 77 78 79 80 81 82 83 84 85 86 87 88 89 90 91 92 93 94 95
1 1 1 2 1 1 1 1 1 1 1 1 1 2 1 1 1 1 1 1 1 1 1 1 2 1 1 1 1 1 1 1 1 1 1 1 1 1 1 1 1 1 1 1 1 1 1 1 1 1 1 1 1 1 1 1 1 1 1 1 1 1 1 1 1 1 1 1 1 1 1 2 1 1 1 1 1 1 1 1 1 1 1 1 1 1 2 1 1 1 1 1 1 1 1
51 76
51 38
51 66
51 1
47 51
81 51
55 51
51 65
93 51
39 51
49 51
51 23
51 10
51 74
51 95
40 51
51 30
37 51
51 87
51 43
51 34
57 51
51 85
56 51
51 79
51 19
51 68
51 13
51 18
31 51
51 41
70 51
60 51
51 17
8 51
51 28
14 51
46 51
15 51
84 51
72 51
45 51
20 51
33 51
3 51
26 51
91 51
73 51
51 82
51 53
29 51
69 51
51 22
51 83
44 51
61 51
51 50
51 11
90 51
63 51
51 89
51 16
51 75
51 62
51 78
51 52
7 51
51 67
88 51
21 51
51 54
51 94
51 64
32 51
51 2
24 51
27 51
51 42
36 51
51 48
4 51
51 71
51 6
51 25
9 51
59 51
12 51
5 51
51 77
92 51
51 86
80 51
58 51
35 51
99 98
1 2 3 4 5 6 7 8 9 10 11 12 13 14 15 16 17 18 19 20 21 22 23 24 25 26 27 28 29 30 31 32 33 34 35 36 37 38 39 40 41 42 43 44 45 46 47 48 49 50 51 52 53 54 55 56 57 58 59 60 61 62 63 64 65 66 67 68 69 70 71 72 73 74 75 76 77 78 79 80 81 82 83 84 85 86 87 88 89 90 91 92 93 94 95 96 97 98 99
1 2 3 4 5 4 7 7 7 4 11 4 4 1 15 16 4 4 4 20 7 22 23 24 25 7 4 28 29 4 4 4 33 34 4 4 37 38 4 40 41 42 4 4 45 39 4 48 49 50 51 4 53 4 7 56 57 58 4 60 61 62 63 64 65 66 67 7 69 4 4 72 4 7 4 76 4 78 4 80 81 4 83 4 85 86 4 88 7 7 32 92 93 94 95 96 4 98 99
44 82
44 43
55 44
44 1
44 19
44 94
2 44
44 16
44 64
44 15
49 44
97 44
84 44
56 44
44 58
44 71
44 7
44 39
80 44
44 18
44 31
21 44
90 44
3 44
74 44
70 44
44 4
44 93
50 44
83 44
44 8
44 60
44 28
44 35
81 44
10 44
44 12
34 44
27 44
44 20
22 44
44 62
75 44
38 44
44 54
61 44
85 44
92 44
44 48
47 44
13 44
44 89
87 44
44 66
79 44
44 98
44 41
44 11
44 26
6 44
52 44
65 44
44 36
99 44
37 44
44 96
68 44
24 44
44 76
9 44
14 44
44 88
44 33
44 53
44 91
63 44
44 77
17 44
57 44
72 44
86 44
5 44
44 23
44 29
32 44
44 67
42 44
25 44
46 44
78 44
44 30
44 59
51 44
40 44
44 73
69 44
45 44
95 44
113 112
16 12 56 14 62 106 84 45 88 34 49 42 109 47 40 85 33 67 39 41 47 80 63 29 66 84 54 9 69 63 78 106 52 10 54 26 63 80 110 110 11 66 26 28 99 93 8 84 108 31 54 109 5 15 111 33 63 32 74 45 82 34 90 16 7 43 74 42 93 97 52 26 20 84 68 55 12 49 40 47 101 100 50 75 97 7 29 49 18 25 100 110 96 18 113 49 70 104 15 54 106 38 20 103 57 58 42 88 96 100 112 41 28
7 7 56 14 62 106 84 7 88 11 49 42 7 47 7 85 7 67 39 41 47 7 11 29 66 84 7 9 69 63 78 7 7 10 54 7 63 7 7 56 11 66 7 28 99 93 7 84 108 11 54 109 5 11 111 33 7 32 74 45 82 7 90 16 7 43 74 42 7 97 11 26 11 84 7 11 12 7 11 47 7 100 50 8 97 7 29 49 18 7 7 7 7 18 7 49 11 104 15 7 106 7 18 11 18 58 42 88 96 100 7 7 7
47 92
91 92
79 92
92 43
74 92
5 92
92 36
21 92
87 92
83 92
86 92
26 92
92 63
113 92
85 92
19 92
29 92
92 46
78 92
92 89
28 92
100 92
15 92
109 92
92 39
35 92
55 92
92 59
92 52
92 31
77 92
38 92
10 92
97 92
92 37
62 92
84 92
92 56
107 92
92 108
92 4
8 92
75 92
92 60
92 6
106 92
92 3
12 92
92 65
94 92
92 25
92 102
92 51
92 30
34 92
88 92
92 66
92 98
105 92
2 92
92 9
22 92
14 92
41 92
32 92
92 70
92 58
92 50
24 92
111 92
92 57
101 92
40 92
92 13
53 92
92 68
81 92
92 73
23 92
7 92
92 72
92 99
92 27
112 92
92 69
92 80
92 82
92 17
103 92
54 92
44 92
92 45
92 33
95 92
96 92
93 92
92 11
71 92
92 76
92 90
20 92
92 64
1 92
110 92
67 92
92 61
92 16
18 92
92 48
49 92
42 92
104 92
87 86
1 2 3 4 5 6 7 8 9 10 11 12 13 14 15 16 17 18 19 20 21 22 23 24 25 26 27 28 29 30 31 32 33 34 35 36 37 38 39 40 41 42 43 44 45 46 47 48 49 50 51 52 53 54 55 56 57 58 59 60 61 62 63 64 65 66 67 68 69 70 71 72 73 74 75 76 77 78 79 80 81 82 83 84 85 86 87
1 1 1 1 1 1 1 1 1 1 1 1 1 1 1 1 1 1 1 1 1 1 1 1 1 1 1 1 1 1 1 1 1 1 1 1 1 1 1 1 1 1 1 1 1 1 1 1 1 1 1 1 1 1 1 1 1 1 1 1 1 1 1 1 46 1 1 1 1 1 1 1 1 1 1 1 1 1 1 1 1 1 1 1 1 1 1
33 19
19 79
25 19
11 19
19 13
16 19
15 19
19 51
23 19
12 19
47 19
7 19
19 8
62 19
59 19
19 56
40 19
78 19
18 19
19 60
19 50
19 41
19 35
37 19
81 19
19 21
19 14
19 49
19 57
19 30
19 43
48 19
29 19
19 26
19 53
19 46
19 69
77 19
19 80
73 19
19 64
27 19
28 19
19 34
20 19
6 19
19 32
61 19
83 19
82 19
36 19
19 4
1 19
74 19
19 5
54 19
19 3
75 19
70 19
84 19
45 19
19 9
39 19
19 24
66 19
10 19
76 19
19 72
2 19
19 31
71 19
67 19
19 38
19 86
52 19
42 19
19 58
63 19
85 19
22 19
17 19
44 19
19 87
19 68
65 19
55 19
99 98
1 2 3 4 5 6 7 8 9 10 11 12 13 14 15 16 17 18 19 20 21 22 23 24 25 26 27 28 29 30 31 32 33 34 35 36 37 38 39 40 41 42 43 44 45 46 47 48 49 50 51 52 53 54 55 56 57 58 59 60 61 62 63 64 65 66 67 68 69 70 71 72 73 74 75 76 77 78 79 80 81 82 83 84 85 86 87 88 89 90 91 92 93 94 95 96 97 98 99
1 1 1 1 1 1 1 1 1 1 1 1 1 1 1 1 1 1 1 1 1 1 1 1 1 1 1 1 1 1 1 1 1 1 1 1 1 1 1 1 1 1 1 1 1 1 1 1 1 1 1 1 1 1 1 1 1 1 1 1 1 1 1 1 1 1 1 1 1 1 1 1 1 1 1 1 1 1 1 1 1 1 1 1 1 70 1 1 1 1 1 1 1 1 1 1 1 1 1
73 50
50 71
52 50
50 55
50 78
50 97
50 28
90 50
50 76
50 98
65 50
50 66
50 88
50 91
50 85
15 50
46 50
50 96
33 50
50 99
30 50
50 12
50 31
25 50
95 50
39 50
50 60
70 50
50 36
56 50
50 8
41 50
43 50
50 82
50 20
50 14
62 50
13 50
37 50
50 24
50 49
84 50
50 17
83 50
50 51
11 50
50 44
50 21
63 50
50 16
50 59
94 50
18 50
9 50
50 4
5 50
50 77
50 67
50 27
68 50
50 40
29 50
50 92
50 54
50 80
61 50
50 19
50 74
2 50
50 64
53 50
50 48
86 50
50 7
50 57
3 50
50 34
50 58
6 50
69 50
32 50
89 50
50 47
50 38
50 42
50 35
50 81
50 23
50 22
50 1
93 50
50 79
10 50
26 50
50 87
50 45
72 50
75 50
104 103
1 2 3 4 5 6 7 8 9 10 11 12 13 14 15 16 17 18 19 20 21 22 23 24 25 26 27 28 29 30 31 32 33 34 35 36 37 38 39 40 41 42 43 44 45 46 47 48 49 50 51 52 53 54 55 56 57 58 59 60 61 62 63 64 65 66 67 68 69 70 71 72 73 74 75 76 77 78 79 80 81 82 83 84 85 86 87 88 89 90 91 92 93 94 95 96 97 98 99 100 101 102 103 104
1 2 3 1 2 6 7 8 9 10 2 2 13 10 2 16 17 10 19 10 21 22 23 24 25 26 27 28 2 2 31 32 33 34 35 36 37 2 2 40 41 2 43 2 45 46 2 10 49 10 10 52 10 54 55 2 57 58 2 60 2 10 31 2 65 2 2 2 69 10 71 72 2 10 2 76 2 78 10 2 81 2 83 84 85 10 87 2 89 90 91 92 2 94 2 96 10 2 99 10 101 10 10 104
93 89
11 93
50 93
93 48
93 77
93 92
93 99
95 93
93 28
93 83
94 93
41 93
93 78
69 93
47 93
93 67
93 24
61 93
93 27
93 60
52 93
93 45
93 65
93 101
93 103
9 93
93 20
12 93
80 93
63 93
93 10
8 93
93 4
53 93
93 74
3 93
93 29
85 93
93 1
93 16
2 93
35 93
104 93
81 93
93 18
93 19
93 40
93 87
93 38
93 43
57 93
93 25
93 37
93 42
6 93
93 102
82 93
49 93
93 62
14 93
75 93
96 93
93 84
93 44
93 13
71 93
93 5
93 56
93 15
31 93
34 93
93 51
7 93
21 93
72 93
26 93
58 93
93 70
55 93
54 93
32 93
93 90
93 36
93 68
93 97
64 93
30 93
93 88
93 73
93 59
93 66
76 93
93 91
86 93
23 93
22 93
100 93
98 93
93 17
46 93
79 93
93 33
39 93
108 107
1 2 3 4 5 6 7 8 9 10 11 12 13 14 15 16 17 18 19 20 21 22 23 24 25 26 27 28 29 30 31 32 33 34 35 36 37 38 39 40 41 42 43 44 45 46 47 48 49 50 51 52 53 54 55 56 57 58 59 60 61 62 63 64 65 66 67 68 69 70 71 72 73 74 75 76 77 78 79 80 81 82 83 84 85 86 87 88 89 90 91 92 93 94 95 96 97 98 99 100 101 102 103 104 105 106 107 108
1 2 3 1 1 1 7 5 5 10 11 12 13 14 15 16 17 1 5 20 21 22 23 1 1 26 27 28 5 30 1 32 1 34 1 5 37 1 39 1 1 42 5 5 1 46 1 48 49 50 51 52 53 1 5 1 5 56 59 56 61 1 63 1 65 5 1 5 32 56 71 72 73 74 75 5 1 78 79 1 5 82 83 84 85 86 87 1 89 90 1 32 93 94 1 1 56 98 99 100 101 102 1 104 5 56 107 108
69 56
56 80
56 88
37 56
56 58
105 56
56 6
3 56
55 56
56 103
27 56
92 56
96 56
56 24
2 56
93 56
56 19
12 56
18 56
78 56
56 107
61 56
56 1
56 25
30 56
41 56
56 75
10 56
56 68
45 56
56 43
56 86
56 104
56 20
56 47
56 53
83 56
56 97
72 56
66 56
22 56
17 56
79 56
56 100
11 56
95 56
65 56
56 64
49 56
29 56
91 56
56 85
7 56
90 56
56 33
38 56
28 56
56 23
62 56
56 39
67 56
56 63
56 54
52 56
16 56
71 56
56 70
76 56
46 56
48 56
94 56
56 99
87 56
73 56
9 56
56 35
56 8
56 36
4 56
56 74
56 60
56 98
108 56
56 82
57 56
32 56
56 44
56 59
56 106
56 101
56 42
56 21
56 31
56 34
56 51
26 56
14 56
77 56
102 56
5 56
84 56
89 56
56 81
50 56
56 13
40 56
15 56
106 105
80 55 64 4 66 96 47 55 62 87 93 24 72 79 74 32 15 13 95 104 65 64 81 53 76 37 74 29 52 97 106 81 47 89 47 88 74 43 80 100 7 44 67 20 69 6 21 9 43 42 71 94 96 102 93 2 74 106 105 11 62 86 72 65 71 21 74 13 53 9 9 28 31 87 55 10 68 77 74 26 98 12 89 103 78 76 95 87 54 93 37 105 94 103 13 28 16 105 19 73 81 50 66 21 54 30
2 2 2 2 2 2 2 2 2 2 2 2 2 2 2 2 2 2 2 2 2 2 2 2 2 2 2 2 2 2 2 2 2 2 2 2 19 2 2 2 2 2 2 2 2 2 2 2 2 2 2 2 2 2 2 2 2 2 2 2 2 2 2 2 2 2 2 2 2 2 2 2 2 2 2 2 2 2 2 2 2 2 2 2 2 2 2 2 2 2 2 2 2 2 2 11 2 2 2 2 2 2 2 2 2 2
37 49
49 25
59 49
49 75
49 65
94 49
49 99
49 40
32 49
46 49
106 49
22 49
49 77
49 24
49 88
30 49
66 49
103 49
49 58
2 49
5 49
49 18
48 49
49 3
49 93
91 49
74 49
26 49
1 49
51 49
49 35
43 49
101 49
27 49
49 36
49 19
49 85
49 21
49 89
49 87
49 23
54 49
70 49
97 49
49 64
49 42
71 49
49 17
49 10
49 50
95 49
56 49
49 53
49 69
49 79
84 49
29 49
49 98
4 49
49 34
41 49
47 49
81 49
49 55
61 49
73 49
7 49
49 62
60 49
49 16
49 63
49 78
15 49
38 49
102 49
49 8
44 49
49 83
49 68
49 96
49 104
49 80
45 49
100 49
72 49
49 57
20 49
13 49
49 12
31 49
49 11
49 67
49 90
28 49
92 49
49 14
49 86
49 105
76 49
49 33
49 39
52 49
6 49
82 49
9 49
100 99
7 19 75 83 70 29 27 63 82 39 54 74 60 28 89 100 10 40 83 19 14 49 42 95 52 20 80 46 19 37 39 45 52 6 30 37 86 49 82 35 91 13 85 72 46 57 3 41 11 41 48 17 59 43 11 86 65 35 6 60 54 16 100 10 73 17 61 7 64 100 85 74 93 34 58 22 42 85 38 22 94 1 78 86 53 8 5 81 80 38 54 97 14 41 21 55 96 66 74 60
7 5 5 5 70 29 27 5 16 5 54 5 5 28 89 5 10 6 83 5 5 5 42 95 52 5 35 46 6 5 6 45 5 5 30 37 86 49 82 35 91 5 85 72 6 5 3 41 11 41 48 17 5 5 11 5 5 35 6 60 54 5 5 5 5 17 5 7 64 100 85 74 93 34 58 5 42 5 38 22 94 1 78 86 5 5 5 81 80 5 54 97 5 41 21 5 5 5 6 5
76 41
1 76
94 76
95 76
23 76
26 76
76 57
79 76
44 76
29 76
19 76
76 75
77 76
76 22
76 30
5 76
99 76
76 64
76 42
46 76
76 20
76 83
66 76
76 28
89 76
21 76
54 76
76 61
70 76
76 92
76 55
76 93
58 76
76 6
76 32
7 76
35 76
67 76
76 80
84 76
76 96
76 11
90 76
40 76
78 76
25 76
76 73
76 3
76 65
76 68
8 76
2 76
4 76
71 76
52 76
18 76
76 45
76 81
53 76
85 76
76 62
14 76
98 76
48 76
50 76
76 36
39 76
51 76
76 87
17 76
76 88
76 59
33 76
37 76
43 76
76 86
31 76
63 76
76 69
76 10
49 76
76 34
76 72
38 76
100 76
76 56
15 76
76 13
76 9
24 76
76 82
97 76
76 27
12 76
76 47
76 16
76 74
76 91
76 60
90 89
75 88 44 13 89 10 22 83 9 70 79 69 35 33 33 90 52 44 46 13 64 19 68 7 90 90 24 47 58 41 6 32 77 19 5 45 64 75 90 35 58 60 26 74 26 17 65 32 50 74 45 44 14 10 54 11 44 83 24 2 71 42 84 50 28 81 75 9 58 13 42 83 83 5 24 31 75 80 31 39 36 58 27 1 44 25 29 58 61 31
1 1 1 1 1 1 1 1 1 1 1 1 1 1 1 1 1 1 1 1 1 1 1 1 1 1 1 1 1 1 1 1 1 1 1 1 1 1 1 1 1 1 1 1 1 1 1 1 1 1 1 1 1 1 1 1 1 1 1 1 1 1 1 1 28 1 1 1 1 1 1 1 1 1 1 1 1 1 1 1 1 1 1 1 1 1 1 1 1 1
5 78
5 70
50 5
9 5
67 5
90 5
76 5
5 30
72 5
5 27
5 45
5 51
84 5
5 18
64 5
5 28
5 81
5 80
33 5
5 1
5 86
85 5
5 41
43 5
22 5
5 13
71 5
38 5
4 5
5 88
35 5
5 48
5 52
5 25
5 12
46 5
3 5
5 15
5 54
5 73
5 8
82 5
34 5
19 5
56 5
5 66
47 5
5 77
49 5
5 29
60 5
5 36
6 5
26 5
61 5
53 5
5 57
11 5
5 14
5 16
5 44
5 83
5 79
5 21
5 68
10 5
5 20
37 5
89 5
31 5
58 5
5 55
87 5
5 23
5 24
7 5
5 39
5 32
5 65
5 2
40 5
5 17
5 63
69 5
5 42
5 75
5 74
59 5
62 5
80 79
1 2 3 4 5 6 7 8 9 10 11 12 13 14 15 16 17 18 19 20 21 22 23 24 25 26 27 28 29 30 31 32 33 34 35 36 37 38 39 40 41 42 43 44 45 46 47 48 49 50 51 52 53 54 55 56 57 58 59 60 61 62 63 64 65 66 67 68 69 70 71 72 73 74 75 76 77 78 79 80
1 2 3 4 5 2 2 2 9 10 11 2 13 2 2 16 17 18 19 16 14 22 16 14 25 2 27 2 2 16 2 2 33 34 27 2 14 38 39 40 41 2 2 44 45 46 47 48 49 50 2 52 53 54 2 2 27 58 55 60 61 55 2 64 65 2 67 68 2 70 27 11 73 74 14 76 77 16 79 80
55 76
53 55
55 33
55 68
55 13
55 48
50 55
6 55
55 80
51 55
71 55
55 40
35 55
38 55
49 55
19 55
55 25
44 55
55 27
55 67
55 22
55 14
32 55
55 59
55 57
55 54
55 23
55 72
55 46
34 55
63 55
58 55
4 55
55 30
55 20
77 55
55 2
10 55
55 74
55 15
56 55
55 65
55 73
39 55
21 55
55 24
36 55
62 55
55 17
55 9
55 1
55 37
55 8
16 55
55 61
55 47
52 55
7 55
55 42
11 55
64 55
55 18
55 75
55 70
55 60
55 66
55 29
55 79
78 55
55 26
55 31
12 55
55 43
41 55
55 5
69 55
3 55
55 45
55 28
84 83
1 2 3 4 5 6 7 8 9 10 11 12 13 14 15 16 17 18 19 20 21 22 23 24 25 26 27 28 29 30 31 32 33 34 35 36 37 38 39 40 41 42 43 44 45 46 47 48 49 50 51 52 53 54 55 56 57 58 59 60 61 62 63 64 65 66 67 68 69 70 71 72 73 74 75 76 77 78 79 80 81 82 83 84
1 1 1 1 1 1 1 1 1 1 1 1 1 1 1 1 1 1 1 1 1 1 1 1 1 1 1 1 1 1 1 1 1 1 1 1 1 1 1 1 1 1 1 1 1 1 1 1 1 1 1 1 1 1 1 1 1 1 1 1 1 1 1 1 1 1 1 1 1 1 1 1 1 1 1 1 1 76 1 1 1 1 1 1
81 67
39 67
67 15
67 56
77 67
67 79
5 67
67 28
82 67
67 8
67 16
55 67
72 67
4 67
30 67
67 38
67 48
67 80
67 54
67 35
67 71
67 1
67 21
2 67
27 67
67 18
14 67
52 67
45 67
59 67
78 67
67 23
67 84
67 76
67 49
67 40
67 42
25 67
67 43
67 74
83 67
67 46
67 11
67 33
37 67
7 67
67 68
67 19
51 67
17 67
64 67
58 67
67 3
62 67
31 67
67 73
67 70
67 69
9 67
61 67
67 13
67 20
67 50
67 75
67 47
67 24
67 41
67 29
67 32
60 67
10 67
67 63
67 65
36 67
34 67
67 53
67 6
67 44
67 57
22 67
12 67
66 67
67 26
