38
84 443
1 2 3 4 5 6 7 8 9 10 11 12 13 14 15 16 17 18 19 20 21 22 23 24 25 26 27 28 29 30 31 32 33 34 35 36 37 38 39 40 41 42 43 44 45 46 47 48 49 50 51 52 53 54 55 56 57 58 59 60 61 62 63 64 65 66 67 68 69 70 71 72 73 74 75 76 77 78 79 80 81 82 83 84
1 1 1 1 1 1 1 1 1 1 1 1 1 1 1 1 1 1 1 1 1 1 1 1 1 1 1 1 1 1 1 1 1 1 1 1 1 1 1 1 1 1 1 1 1 1 1 1 1 1 1 1 1 1 1 1 1 1 1 1 1 1 1 1 1 1 1 1 1 1 1 1 1 1 1 1 1 1 1 1 1 1 1 1
6 64
24 77
56 52
76 12
44 58
30 36
17 29
59 63
61 47
18 1
61 74
47 62
81 54
65 79
64 58
19 51
12 17
72 10
73 42
52 22
59 67
52 5
45 59
81 40
68 18
47 16
26 62
13 37
11 68
4 48
60 82
70 73
46 77
50 3
74 8
27 43
37 84
77 10
63 83
18 80
48 42
15 8
23 42
17 77
55 75
67 12
49 52
82 4
18 4
2 62
59 22
80 82
4 72
11 8
74 14
23 55
42 61
61 41
21 34
35 20
19 42
9 61
21 50
11 82
63 31
50 59
63 39
70 6
68 30
28 9
78 19
65 3
61 52
19 31
61 23
67 22
48 13
47 37
56 17
58 69
65 33
23 75
38 75
63 38
81 10
79 81
7 79
7 24
11 69
18 37
22 23
12 74
10 54
44 73
5 66
83 32
19 59
49 73
23 83
56 20
7 72
10 2
41 68
6 47
47 84
28 10
37 50
12 81
46 28
72 9
79 72
84 29
32 11
81 48
25 70
9 63
54 20
40 59
2 75
44 56
62 35
69 32
18 62
75 54
78 11
11 50
58 48
54 70
58 3
33 61
56 46
59 71
63 41
63 7
77 64
55 6
77 66
14 43
38 81
45 41
80 15
11 61
71 53
8 57
1 66
31 37
82 62
47 14
35 7
12 71
24 23
75 62
45 19
23 39
47 41
18 24
47 38
53 79
53 1
73 35
36 54
49 32
47 15
17 62
66 60
27 60
33 23
11 58
17 23
66 76
66 22
43 67
28 80
55 14
49 46
66 79
16 63
84 42
42 57
59 54
46 53
27 26
33 34
61 30
37 7
47 10
73 1
40 34
43 32
27 67
74 80
46 75
37 44
67 55
21 68
68 56
58 54
3 15
15 43
40 17
73 34
65 55
61 72
21 30
47 51
35 42
12 80
51 32
64 32
35 34
70 56
82 42
58 41
48 67
76 51
69 45
53 43
49 17
38 19
18 58
45 73
38 71
84 7
67 45
36 32
50 12
80 79
67 11
7 39
48 17
2 43
19 20
52 39
54 60
75 52
44 23
73 13
3 77
12 55
57 35
30 66
84 79
83 11
53 69
9 68
70 74
3 24
7 73
5 3
8 71
4 31
61 78
48 9
14 25
57 14
45 24
12 49
58 45
71 50
37 65
82 18
64 19
71 72
26 78
15 49
7 70
23 36
74 71
14 24
31 22
75 80
26 24
61 56
54 77
54 2
30 75
70 2
41 39
15 56
62 63
7 21
20 10
76 65
39 68
3 12
20 32
50 9
82 25
57 34
70 9
16 55
48 66
8 31
18 10
44 76
2 66
35 16
74 72
3 26
25 58
19 29
55 24
48 70
23 26
55 31
71 70
83 77
72 2
73 40
32 25
50 60
33 26
55 66
27 62
44 61
5 49
56 54
32 14
69 7
80 17
23 58
39 15
70 80
66 78
64 35
7 68
9 67
22 28
14 83
14 44
74 26
20 1
7 18
28 7
50 82
62 55
60 64
10 13
23 62
84 55
2 42
79 34
31 27
64 18
50 29
52 1
30 7
83 38
7 23
13 60
11 39
78 47
36 1
43 51
17 13
29 18
35 31
37 11
28 21
70 1
2 15
53 68
6 43
79 61
50 18
49 22
83 48
5 15
31 33
6 36
6 49
43 63
47 28
54 1
66 80
74 76
20 3
56 24
47 73
80 13
45 3
33 47
69 4
73 36
25 78
13 20
27 69
18 15
75 10
83 70
48 12
45 77
57 64
76 82
35 67
1 15
15 24
15 4
77 49
55 2
62 4
34 66
11 9
21 76
42 1
19 30
31 6
62 53
44 35
32 76
35 9
3 28
4 17
27 41
13 75
44 70
8 82
6 38
42 39
19 54
22 3
52 21
3 2
28 56
16 58
58 14
66 40
41 33
67 54
6 39
42 5
10 12
63 79
72 53
1 6
1 68
16 13
20 50
79 26
8 39
40 29
64 12
72 1
120 180
1 2 3 4 5 6 7 8 9 10 11 12 13 14 15 16 17 18 19 20 21 22 23 24 25 26 27 28 29 30 31 32 33 34 35 36 37 38 39 40 41 42 43 44 45 46 47 48 49 50 51 52 53 54 55 56 57 58 59 60 61 62 63 64 65 66 67 68 69 70 71 72 73 74 75 76 77 78 79 80 81 82 83 84 85 86 87 88 89 90 91 92 93 94 95 96 97 98 99 100 101 102 103 104 105 106 107 108 109 110 111 112 113 114 115 116 117 118 119 120
1 1 1 1 1 1 1 1 1 1 1 1 1 1 1 1 1 1 1 1 1 1 1 1 1 1 1 1 1 1 1 1 1 1 1 1 1 1 1 1 1 1 1 1 1 1 1 1 1 1 1 1 1 1 1 1 1 1 1 1 1 1 1 1 1 1 1 1 1 1 1 1 1 1 1 1 1 1 1 1 1 1 1 1 1 1 1 1 1 1 1 1 1 1 1 1 1 1 1 1 1 1 1 1 1 1 1 1 1 1 1 1 1 1 1 1 1 1 1 1
29 76
120 117
93 107
89 109
72 74
65 50
7 78
87 50
83 55
10 8
23 73
7 108
16 56
118 13
16 23
116 91
18 21
95 1
28 32
39 60
45 112
90 52
108 81
18 44
107 48
78 83
54 24
105 76
29 39
28 63
120 75
24 94
69 87
108 78
1 43
95 53
98 21
36 119
68 75
88 92
103 96
31 5
29 36
44 69
83 29
34 63
81 91
16 113
16 105
97 25
9 44
22 15
58 105
92 45
44 46
24 62
94 27
110 11
7 92
57 120
34 49
120 48
22 88
102 32
118 38
24 67
56 68
111 15
27 75
101 117
41 100
78 1
103 70
77 45
60 112
43 82
44 118
50 71
106 99
87 88
37 5
55 42
92 19
18 105
39 109
19 112
116 33
73 29
106 84
95 30
59 4
5 112
10 3
107 100
40 14
105 107
50 7
71 98
108 111
3 105
68 85
112 102
53 99
52 62
24 19
78 109
110 20
11 99
86 53
21 12
75 107
61 9
63 105
38 119
17 114
100 2
41 13
12 40
56 78
24 51
40 22
35 17
97 65
53 42
8 66
108 118
71 11
16 20
5 93
72 118
7 8
112 96
68 37
4 30
88 85
80 42
72 88
104 110
73 107
6 43
8 21
97 17
12 49
103 29
14 120
120 97
114 38
54 13
98 107
9 92
88 110
97 22
7 84
85 115
109 84
20 43
52 83
34 32
43 51
103 35
97 89
64 32
70 66
28 65
120 26
41 97
97 23
97 78
60 91
97 103
88 47
72 20
62 97
68 109
79 62
50 114
46 95
10 91
25 112
42 16
115 299
67 3 10 34 17 44 26 112 39 10 40 26 97 75 16 101 49 51 88 66 75 46 62 29 1 37 76 35 36 4 60 60 56 108 30 24 60 69 20 11 47 73 99 47 5 71 12 15 93 83 106 39 13 60 35 53 57 91 102 71 57 56 41 16 97 112 70 78 5 45 85 34 18 108 70 74 11 85 108 44 98 49 76 37 105 26 28 115 31 91 23 7 54 23 66 58 105 99 100 115 84 8 81 57 19 84 106 6 104 48 40 75 39 38 87
1 1 1 1 1 1 1 1 1 1 1 1 1 1 1 1 1 1 1 1 1 1 1 1 1 1 1 1 1 1 1 1 1 1 1 1 1 1 1 1 1 1 1 1 1 1 1 1 1 1 1 1 1 1 1 1 1 1 1 1 1 1 41 1 1 1 1 1 1 1 1 1 1 1 1 1 1 1 1 1 1 1 1 1 1 1 1 1 1 1 1 1 1 1 1 1 1 1 1 1 1 1 1 1 1 1 1 1 1 1 1 1 1 1 1
44 79
93 34
48 27
39 26
11 37
14 35
84 3
72 23
81 62
91 18
57 56
23 76
63 99
85 59
90 3
48 57
37 110
115 71
73 86
55 54
63 69
21 65
48 74
108 89
59 21
31 17
7 36
7 54
96 39
28 6
14 45
42 66
26 89
100 18
40 63
46 113
49 55
81 22
77 89
43 89
58 33
77 4
90 40
61 99
55 57
37 73
70 55
95 77
114 51
52 15
68 15
67 14
32 60
114 38
93 45
112 92
93 7
52 92
80 98
47 103
104 105
43 94
76 30
65 23
52 51
6 9
11 9
21 6
109 59
73 71
78 7
91 100
90 104
47 2
4 85
103 93
16 8
83 82
67 49
58 79
47 69
48 9
11 24
108 39
45 89
101 63
40 49
85 9
96 7
23 9
39 5
109 89
6 97
56 115
63 23
62 42
52 8
90 71
19 65
36 108
41 46
41 81
39 91
93 99
97 58
91 23
11 85
80 42
32 6
111 64
35 105
34 83
63 44
88 102
70 29
49 108
73 43
9 50
74 97
80 51
55 63
48 7
24 52
99 18
108 56
61 100
90 107
70 9
89 17
21 36
111 86
10 57
84 51
4 30
60 110
58 85
5 6
56 51
82 64
21 24
95 47
8 9
71 29
102 30
31 101
80 13
44 20
80 24
64 57
17 77
48 71
58 95
10 2
51 12
80 74
34 35
3 65
65 32
87 59
43 37
100 112
110 104
53 111
77 49
28 91
100 57
69 87
11 64
26 81
111 71
104 6
5 21
25 46
11 78
100 52
110 91
75 10
84 63
30 29
74 70
110 108
34 89
18 24
74 77
10 37
86 43
36 84
42 94
2 112
98 82
45 52
16 111
108 18
110 29
9 30
97 93
12 103
57 3
4 5
43 23
93 95
77 99
80 29
101 61
81 82
49 72
40 48
96 115
77 91
94 99
51 40
26 12
17 27
49 56
1 38
25 10
71 42
39 2
14 48
49 102
27 82
62 101
92 72
100 41
91 10
15 113
109 113
57 38
6 10
3 70
107 57
8 43
109 1
69 91
32 76
58 31
82 63
48 86
13 7
4 36
33 35
31 69
66 60
71 40
17 109
110 97
45 85
58 94
88 7
61 106
86 34
20 42
64 43
114 112
3 18
102 42
29 101
86 20
68 39
51 87
64 95
42 69
13 111
44 46
23 89
18 12
27 59
97 23
69 6
114 72
94 15
87 4
27 113
111 104
34 20
64 79
58 14
88 72
26 79
19 51
67 35
86 45
85 42
88 19
56 29
13 55
114 34
22 65
106 107
1 48
15 3
17 74
104 10
65 68
85 54
53 58
5 29
70 73
41 115
103 2059
1 2 3 4 5 6 7 8 9 10 11 12 13 14 15 16 17 18 19 20 21 22 23 24 25 26 27 28 29 30 31 32 33 34 35 36 37 38 39 40 41 42 43 44 45 46 47 48 49 50 51 52 53 54 55 56 57 58 59 60 61 62 63 64 65 66 67 68 69 70 71 72 73 74 75 76 77 78 79 80 81 82 83 84 85 86 87 88 89 90 91 92 93 94 95 96 97 98 99 100 101 102 103
1 1 1 1 1 1 1 1 1 1 1 1 1 1 1 1 1 1 1 1 1 1 1 1 1 1 1 1 1 1 1 1 1 1 1 1 1 1 1 1 1 1 1 1 1 1 1 1 1 1 1 1 1 1 1 1 1 1 59 1 1 1 1 1 1 1 1 1 1 1 1 1 1 1 1 1 1 1 1 1 1 1 1 1 1 1 1 1 1 1 1 1 1 1 1 1 1 1 1 1 1 1 1
79 103
16 82
64 100
35 14
71 86
35 29
15 11
15 83
89 34
74 25
18 50
63 13
34 66
93 28
91 89
61 86
84 89
98 62
39 45
68 90
90 56
60 91
25 45
34 96
81 77
54 89
33 42
94 47
91 101
61 9
1 61
92 39
69 20
79 44
102 81
8 81
42 14
94 67
100 57
80 65
44 67
40 11
67 78
94 97
55 47
65 38
13 54
88 18
44 57
82 96
60 94
61 57
67 95
98 6
79 5
52 10
11 12
62 40
42 37
61 72
12 9
23 44
83 103
4 76
71 55
95 18
11 5
53 31
45 83
51 48
11 52
34 64
16 65
68 29
44 64
56 12
73 3
39 26
100 14
15 80
79 69
71 24
100 85
74 2
53 52
59 64
53 78
39 65
15 52
17 36
85 6
72 98
42 58
51 26
32 94
24 99
9 54
13 55
28 40
92 49
66 96
22 88
20 51
46 23
63 65
61 66
23 88
40 77
3 51
23 37
4 27
79 36
6 99
16 14
94 62
50 83
1 93
63 69
70 82
26 47
57 3
85 29
66 56
28 10
75 98
42 7
84 96
20 76
85 77
17 14
56 27
84 52
92 62
80 38
44 84
79 19
63 29
96 23
96 30
33 36
92 8
69 60
85 57
100 50
27 86
66 39
36 39
9 53
64 79
56 74
39 14
31 14
56 49
25 95
32 8
17 28
77 49
59 49
49 78
93 33
5 94
37 48
84 102
31 56
98 26
90 83
33 60
99 23
76 69
27 40
10 45
54 31
46 38
89 51
5 6
1 16
10 75
82 79
52 2
68 45
46 63
103 25
16 13
62 17
74 18
48 92
42 10
24 88
19 53
19 30
53 62
33 48
15 34
32 92
28 35
90 43
47 51
100 42
24 96
14 6
74 5
34 38
77 5
57 22
31 97
79 76
77 82
41 23
15 60
38 44
56 5
95 7
26 80
36 53
38 26
7 100
63 100
77 61
15 56
74 60
93 26
56 89
10 86
61 23
76 16
86 36
1 56
59 89
20 87
95 69
93 87
24 50
81 21
101 76
70 48
57 15
26 16
33 2
69 3
100 86
6 8
75 3
31 49
96 4
85 7
42 20
37 94
88 37
35 81
46 10
95 10
51 41
39 89
46 43
26 97
35 61
28 67
11 57
78 48
84 38
93 30
66 2
102 56
76 103
89 88
5 36
35 46
32 54
103 4
64 63
13 85
31 103
29 53
17 85
80 18
34 63
73 35
15 5
26 82
61 18
7 16
45 13
14 92
4 72
68 69
34 82
28 49
4 14
7 63
3 47
94 81
47 81
78 61
45 1
86 91
13 35
72 97
94 35
66 37
43 81
62 63
7 81
22 94
70 68
3 27
58 14
54 38
37 47
53 28
47 86
55 95
52 68
13 37
67 97
35 54
41 44
33 31
13 30
40 68
38 36
21 90
54 76
76 98
82 2
30 4
8 3
53 55
87 37
41 2
16 37
52 36
67 43
70 42
21 71
91 54
32 19
7 39
46 73
28 63
54 101
47 98
71 29
67 45
3 31
3 39
89 90
84 79
67 80
78 91
103 9
38 87
64 87
13 100
97 30
16 94
88 94
66 99
28 44
64 80
91 57
10 2
94 58
68 96
96 54
37 91
67 58
7 76
89 61
11 72
43 34
101 77
25 81
91 66
62 77
28 98
19 14
76 36
83 43
73 79
25 86
50 72
25 59
90 49
61 15
22 3
9 17
11 27
53 8
90 8
8 65
90 13
4 1
52 98
20 40
68 13
39 80
38 94
70 85
99 48
42 77
30 82
8 16
24 23
72 47
66 94
19 3
14 26
99 78
16 101
13 75
54 82
66 86
81 63
4 26
37 2
90 10
89 6
60 29
45 57
20 15
1 2
43 19
18 49
76 50
96 15
71 35
21 46
4 93
22 5
39 85
66 36
16 55
71 20
57 67
37 1
86 72
55 67
6 83
59 90
97 49
25 18
41 79
60 92
47 54
85 25
68 58
49 7
27 5
73 74
17 51
66 46
41 99
35 67
66 31
76 74
36 9
41 73
50 95
71 17
76 81
46 72
26 101
51 101
38 78
93 47
11 22
45 55
70 63
88 15
58 102
40 19
51 80
17 16
58 101
8 54
89 97
25 48
58 49
74 12
1 88
19 22
6 48
88 44
15 58
71 66
26 33
19 25
70 49
41 53
82 65
44 77
86 2
27 30
17 37
77 67
63 23
70 91
63 103
42 26
86 80
5 90
32 63
39 4
85 43
35 85
72 24
91 61
43 14
66 12
71 30
87 53
5 19
94 11
7 35
60 58
1 95
32 66
95 60
22 29
90 86
50 38
92 29
73 19
27 21
27 49
97 37
76 100
59 79
91 84
23 58
76 28
59 30
9 82
75 96
40 71
84 37
7 60
84 19
26 37
92 22
52 47
32 47
2 67
14 74
89 7
95 63
29 5
86 3
49 45
29 102
19 77
18 48
32 65
53 73
88 67
23 93
77 93
18 29
42 66
6 54
95 65
57 88
53 25
44 51
59 56
42 99
72 100
83 84
89 93
7 92
48 61
90 3
46 55
100 36
79 3
19 85
71 22
51 23
86 11
23 92
9 83
42 15
72 55
26 73
81 27
38 23
92 6
48 29
60 28
97 15
29 56
4 37
34 71
35 49
36 80
64 75
1 26
61 98
94 6
97 18
99 65
6 35
24 30
3 70
26 45
6 67
57 78
46 32
86 44
2 69
48 34
10 101
78 23
71 87
41 100
35 1
68 27
68 47
71 79
72 43
72 31
54 58
35 64
25 66
100 38
42 3
103 62
32 98
74 26
74 72
11 6
29 24
92 65
63 2
7 98
44 21
12 39
65 46
7 79
4 18
82 13
90 17
48 81
60 49
84 8
50 47
70 14
16 50
75 88
73 99
53 4
94 24
97 66
68 63
63 41
2 14
38 40
70 55
78 68
33 76
8 101
17 70
28 95
14 61
69 33
70 38
31 95
74 22
67 63
64 69
60 10
63 88
5 3
67 39
68 103
18 54
11 97
101 98
43 3
26 44
97 83
44 31
51 16
32 17
89 73
21 50
16 92
11 54
59 62
63 19
50 61
24 92
12 48
43 99
6 60
82 41
55 52
92 95
96 13
84 72
25 41
76 53
64 83
102 11
45 5
50 8
18 52
60 37
44 94
66 79
18 51
17 5
16 41
9 89
63 72
3 94
41 14
84 7
26 71
9 35
92 26
99 92
21 43
50 23
98 33
72 103
11 81
41 32
39 63
66 5
51 56
92 5
19 51
63 83
26 94
86 94
95 38
86 84
7 9
38 42
1 69
20 79
69 62
98 79
1 96
89 11
71 14
90 93
33 4
43 28
13 88
98 16
98 99
27 78
90 71
32 40
27 53
40 57
27 69
77 28
38 90
45 20
5 35
66 26
63 4
96 50
76 84
1 58
63 93
50 67
49 50
9 85
56 21
102 54
70 87
81 93
61 99
13 89
73 13
93 99
75 28
91 13
38 35
85 51
57 52
84 64
80 32
61 87
18 73
36 59
37 81
46 31
14 73
81 72
36 42
7 30
102 28
53 48
85 72
5 1
88 100
101 69
57 79
93 54
101 42
84 21
15 51
22 96
39 13
81 42
42 21
21 101
97 16
94 9
5 50
72 69
14 86
44 93
35 80
69 82
69 46
55 25
4 68
15 85
86 51
40 60
27 9
77 56
90 57
21 9
79 40
50 54
5 83
4 88
51 75
3 48
73 58
14 5
17 88
4 61
73 8
83 17
8 87
5 52
8 74
44 80
65 53
99 52
62 34
59 19
66 27
96 2
5 88
97 103
7 71
68 56
94 61
4 13
48 72
77 83
8 79
51 5
5 57
35 86
50 32
72 62
20 18
84 73
49 11
58 100
76 66
51 81
70 10
31 42
87 77
12 6
76 14
31 9
3 96
55 36
59 80
85 40
7 21
77 13
12 24
3 38
20 97
43 87
28 45
5 67
68 2
89 42
93 16
97 56
62 26
27 45
44 4
33 102
8 67
71 19
103 67
87 62
10 6
86 24
21 25
92 90
80 25
31 23
87 47
34 77
58 81
82 32
37 75
78 89
28 57
57 47
68 50
15 36
7 3
66 19
69 4
2 103
90 60
68 53
65 77
102 71
92 88
20 52
83 65
20 91
51 70
45 88
82 93
36 78
43 52
55 32
3 50
70 22
68 62
13 22
93 75
79 99
101 56
95 34
46 14
59 91
87 39
35 58
94 42
26 70
45 17
42 27
69 85
92 2
39 74
18 1
62 27
101 92
83 67
65 37
85 96
40 1
23 18
47 70
4 20
103 69
41 54
65 78
92 3
28 103
82 101
30 63
8 98
102 68
65 73
76 71
10 29
38 88
55 88
86 28
98 57
50 74
51 50
81 61
65 71
50 43
88 65
78 5
44 46
30 70
46 28
28 71
13 95
73 48
10 50
3 56
58 27
34 79
36 31
1 63
36 40
60 55
100 94
27 25
14 52
12 96
27 13
83 53
14 65
11 36
48 68
46 68
70 46
82 87
59 1
94 80
56 72
52 12
84 49
46 101
31 8
95 62
40 67
37 56
70 101
12 46
75 100
26 89
73 21
5 46
2 49
97 10
39 35
90 14
100 46
1 52
22 62
32 97
62 64
55 58
27 76
41 80
19 41
18 58
32 6
95 35
75 6
38 102
34 53
22 8
51 6
33 51
8 80
54 90
66 41
84 35
99 32
31 70
94 17
48 40
44 14
38 75
12 73
5 76
78 81
52 89
16 38
59 11
90 70
16 10
2 46
65 57
60 75
42 83
63 20
8 40
96 39
78 43
100 49
22 61
94 82
69 75
80 10
64 60
61 60
17 7
52 73
9 16
80 70
54 92
43 48
66 77
91 31
99 77
3 102
12 27
29 37
92 46
59 83
18 30
102 39
10 54
49 40
85 45
34 68
103 53
99 16
37 51
88 84
83 26
26 49
14 37
38 58
100 102
33 1
8 45
43 91
84 22
37 101
52 74
50 29
1 48
19 37
24 49
86 85
61 45
29 32
15 64
33 8
7 18
57 59
75 14
64 23
92 76
23 20
74 3
66 65
78 94
1 98
47 19
59 34
75 29
80 12
53 70
84 59
103 35
12 53
2 4
69 7
13 38
70 50
14 20
100 87
77 73
15 39
43 69
8 9
57 74
84 47
71 60
80 88
94 50
97 54
98 89
83 34
14 55
1 28
67 32
14 9
54 42
46 97
21 14
22 76
32 58
68 36
45 54
57 51
95 14
101 3
86 29
49 83
82 38
27 41
99 29
74 92
25 76
4 32
19 96
14 11
49 102
37 80
35 32
77 30
7 72
78 26
70 7
85 26
11 38
25 1
19 35
91 8
68 100
24 42
39 70
16 56
46 74
75 54
52 49
92 77
89 71
41 59
26 84
43 2
81 84
72 52
82 71
34 11
52 24
7 75
87 63
46 25
46 62
74 17
13 8
76 15
37 59
91 46
72 41
7 57
98 39
47 89
63 16
63 91
54 67
6 66
59 75
89 16
44 95
35 56
103 23
34 102
12 49
76 30
44 42
31 101
14 8
38 99
72 2
23 35
96 86
100 82
18 100
27 43
80 30
8 25
81 5
55 102
39 28
81 44
30 16
51 49
74 91
66 47
18 60
11 44
95 49
94 87
2 101
96 67
38 89
26 29
83 58
20 85
23 52
95 56
21 76
31 88
101 84
85 22
77 48
93 11
19 31
71 70
49 68
92 35
10 102
1 29
91 51
77 38
65 98
1 23
54 36
78 42
61 102
38 55
50 102
5 33
9 69
5 64
80 75
20 27
93 98
27 7
67 21
29 90
84 14
44 53
81 100
14 48
47 20
58 37
59 21
27 84
36 95
51 88
62 2
25 72
56 48
79 17
76 82
9 19
99 2
66 74
39 37
56 34
19 83
96 21
67 84
89 5
34 50
29 74
80 79
70 64
28 51
37 3
102 36
89 3
21 82
54 61
51 29
57 27
21 63
22 49
86 49
31 30
76 13
55 3
16 5
103 85
47 64
3 91
61 21
20 72
32 89
2 71
20 55
24 7
70 12
55 19
63 25
97 102
102 25
82 22
51 102
80 52
77 68
57 50
7 86
48 62
39 2
1 73
25 67
78 44
102 91
9 13
8 77
91 81
25 62
101 22
12 99
84 43
20 25
101 25
84 24
47 79
39 34
94 23
60 48
78 85
74 62
35 91
63 51
102 22
44 91
47 11
16 67
25 98
6 34
5 21
13 41
13 50
19 95
21 34
18 46
26 5
36 60
101 43
86 16
35 41
15 27
19 29
73 22
91 19
82 68
62 44
85 37
79 22
12 77
61 8
18 38
65 85
7 32
90 69
42 93
72 59
22 67
24 74
26 87
66 22
85 56
70 40
97 1
10 43
3 78
91 75
99 100
16 29
17 41
67 79
85 8
73 67
95 70
93 29
44 73
22 65
63 75
96 76
29 43
96 101
48 88
51 59
65 5
10 14
94 36
14 94
97 69
80 92
16 57
94 98
17 87
12 34
89 37
90 67
28 69
24 25
95 26
20 60
67 14
27 94
87 10
48 85
83 71
57 58
38 5
61 93
40 42
101 35
70 28
8 86
1 85
85 75
36 43
19 23
13 80
44 2
71 18
18 78
58 29
41 61
15 21
41 102
7 6
71 88
47 96
24 34
85 36
102 90
47 82
65 4
61 5
17 31
73 90
70 8
37 18
98 18
30 95
39 46
42 41
33 95
102 40
71 94
5 37
54 99
88 68
51 9
56 91
49 15
64 26
62 93
26 34
102 47
17 13
84 2
68 81
30 72
80 24
85 79
46 4
58 41
19 61
58 90
72 37
65 30
51 95
79 35
95 71
98 27
100 23
101 41
42 8
57 21
17 26
11 75
1 101
13 5
10 57
27 24
63 35
17 68
78 69
94 33
55 78
95 11
13 23
30 98
32 23
29 31
33 56
87 29
8 99
10 72
57 80
101 40
12 7
85 24
15 87
59 2
76 29
2 70
80 62
11 64
31 63
46 19
84 56
64 82
52 4
34 74
101 57
23 82
20 84
2 25
13 33
3 36
90 7
82 11
19 10
47 16
19 58
43 58
94 20
92 27
42 22
56 98
4 54
44 19
66 69
80 77
58 95
21 32
12 83
37 34
18 15
78 30
55 6
26 36
30 61
23 2
83 33
100 93
93 52
89 45
98 96
45 103
7 33
102 19
92 79
67 10
11 42
66 45
98 5
14 97
83 13
47 24
44 13
12 82
100 16
83 8
29 15
12 86
11 31
100 25
46 36
88 87
92 33
58 36
19 52
78 74
43 18
17 86
18 66
82 39
30 92
93 91
35 36
50 60
58 11
27 2
13 57
18 5
26 27
100 98
32 1
82 51
60 83
48 41
19 98
78 22
69 94
32 88
50 59
82 6
71 68
79 86
94 51
34 23
6 45
39 73
4 56
34 44
45 76
7 74
87 30
21 36
6 24
54 55
90 100
62 100
71 8
36 83
22 23
9 97
53 99
97 51
22 72
85 68
32 62
22 24
91 76
41 92
84 53
86 21
96 32
25 70
3 20
32 90
4 81
57 93
31 69
61 34
58 4
46 86
43 33
56 32
101 14
29 36
38 57
9 6
39 53
14 57
17 49
92 56
60 87
82 66
80 43
79 50
18 65
33 20
4 49
40 54
86 50
91 32
93 59
35 74
53 77
7 59
92 21
33 6
59 6
23 25
61 95
54 30
67 98
24 44
96 37
58 89
24 55
59 8
45 12
53 79
45 101
11 76
18 99
2 94
71 47
100 43
60 85
86 89
47 92
15 50
19 34
80 58
27 67
98 15
58 47
5 99
19 4
97 84
82 8
21 16
64 12
75 44
70 73
38 8
81 10
45 84
17 23
27 100
46 77
75 32
85 89
98 83
40 39
17 66
65 96
9 56
102 86
47 78
73 27
13 6
79 15
57 1
20 9
55 35
87 41
39 71
91 45
22 20
35 90
52 50
4 60
60 73
29 78
16 53
69 67
67 53
7 55
4 47
19 100
13 56
8 95
71 74
16 103
93 73
87 79
33 65
58 91
81 24
59 73
36 69
11 8
83 51
36 71
13 65
94 84
30 56
87 24
40 10
20 6
57 17
42 56
93 51
81 15
18 27
20 86
48 47
72 5
93 40
65 48
4 101
53 49
78 102
79 2
16 44
91 62
99 36
91 33
86 78
103 46
78 72
99 84
88 41
44 60
81 13
63 52
52 27
56 78
48 79
53 40
103 50
19 101
96 88
67 31
42 73
90 66
26 58
12 26
57 60
80 73
58 65
97 74
15 48
95 47
76 83
71 63
16 77
18 39
75 78
98 49
48 35
67 66
24 13
88 43
86 68
46 30
35 3
5 75
88 72
18 63
15 30
91 21
17 72
17 19
80 84
67 59
9 55
36 41
78 37
14 24
19 56
14 81
78 41
81 83
63 42
45 102
9 73
76 95
15 62
98 22
58 53
9 42
39 38
93 60
10 96
46 56
6 4
13 87
29 83
46 83
92 98
35 75
99 4
34 20
68 10
83 87
84 31
91 9
46 41
74 49
79 11
85 76
61 20
30 44
97 38
66 8
84 51
72 35
5 95
41 83
87 81
68 64
22 46
70 79
15 78
52 44
36 73
73 43
72 38
52 85
72 76
28 20
50 30
44 68
1 80
28 92
73 33
24 65
28 58
9 81
50 65
13 21
6 78
96 18
24 18
58 69
75 36
77 55
59 102
1 44
32 85
54 59
90 23
21 41
68 99
21 64
52 48
18 56
39 8
28 15
72 28
45 15
89 14
102 57
100 92
78 52
60 14
20 83
90 53
23 59
93 41
73 50
102 9
39 58
59 10
35 65
42 64
78 64
12 75
22 63
28 25
60 39
17 43
101 13
82 14
69 6
65 6
22 27
28 36
24 93
94 1
44 58
12 98
47 80
30 5
63 57
80 82
46 50
60 24
64 1
89 43
51 36
9 101
64 6
19 27
77 63
36 96
5 68
96 90
11 50
50 19
83 11
55 91
21 78
40 88
70 11
30 11
85 90
36 81
87 31
31 15
17 39
59 86
39 24
41 47
21 24
85 94
79 18
37 55
4 3
59 31
22 40
19 11
61 24
17 21
42 88
44 87
86 62
96 25
72 77
35 51
15 101
34 32
82 61
54 86
25 17
32 27
61 32
31 77
87 78
18 11
99 372
9 53 38 19 56 17 80 40 64 72 10 21 97 87 45 45 87 90 38 17 80 88 57 86 48 39 27 70 58 70 97 79 58 50 90 20 59 8 74 37 24 6 97 13 33 55 76 6 94 88 23 57 96 86 30 22 18 35 1 76 84 57 40 57 81 79 72 58 4 47 41 74 72 6 33 3 80 11 56 76 16 4 86 71 9 28 36 48 41 8 96 44 4 56 13 20 12 58 29
9 53 29 19 56 17 80 40 11 12 10 21 4 27 37 17 6 22 11 17 79 88 56 19 48 6 27 37 56 3 6 79 3 6 57 20 12 8 74 37 11 6 33 13 33 55 6 6 94 88 21 57 11 86 30 4 18 33 1 76 84 4 21 6 81 79 72 53 4 47 6 74 29 6 28 3 35 11 40 12 16 4 86 71 4 28 36 48 21 8 96 6 4 56 13 4 12 58 29
22 71
24 4
75 1
92 81
63 89
38 28
63 19
66 70
68 40
10 80
31 63
77 13
46 44
67 57
39 32
65 57
96 67
79 54
13 53
6 13
24 5
13 51
19 13
31 34
13 7
13 40
8 50
16 13
13 31
82 74
26 29
48 28
13 32
5 13
30 76
29 13
9 13
6 35
13 43
89 62
13 62
42 5
63 98
46 50
25 74
35 25
30 13
74 11
13 48
86 30
18 56
59 23
11 14
51 34
10 75
2 26
13 87
42 47
25 13
77 58
19 62
71 13
13 36
23 94
13 60
86 62
13 90
2 82
52 84
8 71
13 76
45 37
10 13
44 13
91 56
53 41
9 57
57 19
28 26
65 76
88 43
47 50
46 49
66 13
51 5
13 2
64 13
45 58
50 34
74 97
73 28
13 38
26 14
60 25
96 94
46 10
34 74
97 65
58 64
62 50
21 13
84 12
13 80
10 26
34 32
12 89
52 13
44 31
3 99
1 13
71 62
13 96
63 62
78 41
13 39
56 26
80 74
99 4
74 90
89 42
31 61
28 13
86 13
76 33
28 15
36 71
21 84
22 30
42 78
10 44
78 59
51 44
69 36
32 77
93 72
13 23
62 7
71 31
89 33
13 26
52 12
70 23
3 66
17 10
21 66
15 39
5 89
13 72
45 40
83 82
47 96
54 25
85 13
35 43
23 50
31 45
19 53
33 57
15 2
90 14
37 77
88 38
65 60
85 51
78 13
6 12
10 6
59 13
13 46
56 70
66 7
49 13
62 66
4 63
4 65
13 83
58 94
68 34
95 11
99 13
13 42
42 36
13 47
15 3
34 94
58 67
12 49
67 49
60 99
95 13
62 96
81 90
36 39
95 22
36 38
64 71
41 13
91 13
78 9
89 11
13 79
58 59
33 13
52 14
18 29
94 29
51 97
38 77
76 3
81 3
85 29
64 29
83 15
46 18
13 92
18 39
37 2
37 64
3 13
37 70
11 13
22 78
50 44
16 65
13 67
13 81
81 19
57 30
13 20
82 27
81 59
40 67
13 57
27 13
50 13
58 89
10 24
60 95
58 13
93 40
86 63
18 37
51 12
85 65
55 30
89 80
3 95
26 17
13 73
68 2
61 3
55 42
65 95
37 13
30 80
7 42
40 22
55 13
20 11
56 43
56 84
13 54
80 97
38 66
27 64
81 68
11 46
3 72
88 81
96 97
43 84
53 3
17 9
16 20
13 94
70 13
40 28
83 3
2 74
60 23
7 25
98 13
13 34
15 65
64 10
91 66
69 55
61 36
68 13
3 28
61 97
99 73
86 34
7 84
16 39
43 19
14 13
97 13
71 86
10 37
13 88
31 94
13 75
8 13
11 50
48 16
69 13
38 1
33 23
13 84
21 32
58 43
56 36
75 44
5 59
38 70
61 53
36 12
77 4
61 13
56 13
72 79
90 76
51 77
79 63
13 24
86 78
85 5
91 9
82 13
59 6
69 50
83 92
13 15
7 50
74 13
13 18
65 13
13 35
63 13
4 13
55 37
64 47
84 82
46 23
81 47
82 30
44 16
24 84
20 68
64 35
85 23
45 13
7 14
57 62
13 22
69 96
13 12
85 4
65 96
71 17
1 35
77 79
91 1
13 93
56 87
2 21
63 17
5 29
89 13
13 17
80 11
108 4802
1 2 3 4 5 6 7 8 9 10 11 12 13 14 15 16 17 18 19 20 21 22 23 24 25 26 27 28 29 30 31 32 33 34 35 36 37 38 39 40 41 42 43 44 45 46 47 48 49 50 51 52 53 54 55 56 57 58 59 60 61 62 63 64 65 66 67 68 69 70 71 72 73 74 75 76 77 78 79 80 81 82 83 84 85 86 87 88 89 90 91 92 93 94 95 96 97 98 99 100 101 102 103 104 105 106 107 108
1 1 1 1 1 1 1 1 1 1 1 1 1 1 1 1 1 1 1 1 1 1 1 1 1 1 1 1 1 1 1 1 1 1 1 1 1 1 1 1 1 1 1 1 1 1 1 1 1 1 1 1 1 1 1 56 1 1 1 1 1 1 1 1 1 1 1 1 1 1 1 1 1 1 1 1 1 1 1 1 1 1 1 1 1 1 1 1 1 1 1 1 1 1 1 1 1 1 1 1 1 1 1 1 1 1 1 1
55 66
94 10
94 18
67 43
108 44
2 24
50 18
76 10
48 21
41 36
42 7
22 5
101 1
72 74
97 3
85 95
101 49
103 88
15 35
73 76
16 38
41 107
101 75
102 104
105 65
34 59
20 106
21 10
108 62
100 94
73 47
4 13
30 25
42 19
102 95
107 35
26 106
86 98
97 11
13 6
104 56
99 96
97 22
108 105
100 40
41 61
58 54
53 101
70 38
28 37
5 99
37 75
85 13
31 63
6 79
89 39
86 11
99 22
26 36
38 43
96 21
14 76
96 46
63 51
66 59
105 58
95 77
89 58
71 106
67 26
10 85
66 35
16 22
76 53
4 18
58 75
37 78
25 6
5 93
103 94
99 37
50 72
104 64
92 106
65 107
84 34
16 107
4 34
72 45
11 50
12 54
38 74
56 81
64 2
22 57
107 91
15 24
41 57
49 92
21 107
37 46
51 44
55 62
24 34
53 41
27 93
32 16
98 74
26 44
96 51
35 8
102 72
90 105
74 108
96 18
19 4
15 74
21 65
34 30
19 93
69 78
15 72
47 17
59 77
83 103
46 75
94 14
12 34
54 104
14 107
32 52
106 105
87 70
64 63
6 36
25 68
74 48
28 102
67 72
32 104
61 5
32 83
94 28
31 37
2 41
57 7
43 58
38 67
51 97
17 93
88 19
13 84
5 90
75 12
61 66
25 80
73 18
36 97
64 29
38 101
30 14
68 94
67 90
3 64
92 91
96 95
39 70
59 88
67 99
3 101
81 6
85 11
33 37
76 98
98 88
29 9
21 78
69 2
41 50
81 67
57 40
14 11
55 36
83 96
100 13
54 5
40 97
11 8
66 52
101 6
17 35
64 93
58 46
50 22
46 71
73 25
59 101
58 66
18 34
43 92
51 82
77 4
36 64
65 67
11 19
63 86
29 21
95 75
39 75
105 94
37 88
32 106
42 77
93 78
79 28
60 18
31 66
42 48
46 106
81 63
63 22
2 12
103 7
102 98
34 108
2 9
17 56
4 82
106 63
12 52
80 48
53 18
54 59
76 95
73 97
17 5
82 102
64 11
104 79
81 84
2 90
57 102
51 53
104 106
5 66
58 93
19 3
30 76
37 68
97 41
103 50
65 11
41 17
8 89
64 84
67 85
13 33
48 68
28 59
67 35
90 16
104 53
98 51
9 27
8 98
14 4
85 83
29 65
70 91
80 92
34 101
38 73
90 66
44 71
74 14
92 33
2 95
80 33
4 102
42 78
39 3
58 90
62 45
15 9
51 60
68 11
55 18
5 13
69 31
22 90
59 33
42 49
108 78
38 83
105 64
96 89
39 85
95 34
14 40
19 84
54 84
108 70
47 38
28 65
35 83
95 66
58 32
27 43
75 24
57 75
82 8
11 10
15 11
13 69
32 37
54 39
65 78
19 92
14 83
94 107
11 41
41 8
73 48
15 56
39 102
26 42
3 31
49 43
96 73
71 35
104 75
46 48
34 10
102 80
37 12
93 69
90 82
39 94
59 17
59 89
33 102
85 81
95 93
41 69
72 70
67 102
46 66
22 98
74 33
38 29
33 84
37 102
37 50
105 91
10 63
10 42
93 36
49 88
27 107
80 56
2 50
50 24
54 85
99 72
46 1
81 93
85 14
40 13
4 76
17 14
48 103
38 89
49 71
40 46
55 77
91 51
91 34
96 104
20 10
7 90
18 49
80 61
28 43
43 104
12 22
5 10
63 21
27 88
74 21
67 7
21 4
63 24
51 95
102 51
35 2
33 9
25 65
21 108
74 44
2 23
56 85
74 88
46 43
39 91
10 48
94 44
83 17
17 78
67 80
42 106
4 3
23 55
49 96
91 11
95 92
27 97
105 14
5 51
46 27
79 96
69 83
52 55
29 28
84 67
60 27
35 96
1 77
20 57
3 98
74 63
73 24
84 79
37 41
87 83
68 45
106 25
66 81
93 94
97 101
107 15
97 106
16 80
16 25
39 58
105 15
20 46
7 89
47 26
66 70
53 84
96 29
10 66
19 48
54 81
52 100
87 64
73 16
16 13
73 102
21 61
82 18
99 68
106 3
2 85
5 69
43 97
66 63
99 70
12 24
3 43
52 67
95 106
52 21
75 107
85 23
63 83
11 88
91 27
75 105
101 87
84 58
52 79
99 46
89 33
36 24
87 103
24 71
71 16
43 19
80 100
50 75
64 10
74 34
17 9
74 6
27 16
89 57
78 86
56 68
64 100
30 81
108 91
104 14
35 59
31 93
56 10
89 20
108 60
78 15
64 61
45 1
107 92
41 93
32 31
70 51
24 57
5 19
19 34
75 6
78 45
24 13
94 60
34 71
62 64
19 23
108 7
1 13
97 102
24 77
105 10
31 73
54 105
48 39
75 45
99 77
105 82
85 37
49 51
79 72
86 89
83 46
78 14
50 104
10 24
102 59
107 37
4 26
9 57
13 87
57 83
22 13
6 90
72 33
21 68
29 80
2 48
94 73
19 49
46 73
97 21
96 69
39 1
65 49
53 8
67 44
7 38
11 60
103 58
62 89
9 70
16 100
35 47
19 85
56 4
41 77
13 99
17 92
87 107
104 105
1 27
83 94
76 57
91 95
7 65
84 78
69 99
99 95
107 12
23 69
68 23
18 81
76 72
59 40
31 41
28 22
102 48
12 43
50 92
62 12
25 71
51 42
79 34
104 29
18 3
16 78
20 87
6 56
99 80
2 32
33 34
39 46
27 54
88 41
55 95
40 55
40 65
33 77
47 4
17 91
70 63
102 96
71 7
28 17
5 64
108 30
74 57
3 23
86 70
26 51
67 82
9 66
18 57
4 25
7 102
99 23
19 74
101 11
76 21
90 17
52 101
36 60
104 66
28 81
51 74
9 80
33 25
45 15
65 52
71 64
65 37
2 94
22 76
52 105
43 36
105 33
87 59
44 38
56 20
90 37
30 73
66 57
69 1
73 55
91 2
65 30
11 37
3 108
89 26
98 94
75 68
37 71
98 77
22 64
89 98
86 108
49 82
42 105
108 71
25 104
6 62
7 106
66 32
36 30
11 105
73 39
55 33
43 65
78 107
32 13
99 39
3 99
60 34
3 74
87 31
37 15
17 95
50 6
101 98
73 95
19 53
61 106
12 93
47 19
93 101
25 89
45 91
41 91
57 84
16 53
33 12
49 75
103 29
99 41
15 59
42 80
45 97
47 94
100 68
13 79
17 108
55 24
96 92
27 62
102 31
64 107
99 36
64 57
38 30
103 98
3 28
33 61
40 73
6 100
36 28
99 60
41 72
21 67
58 83
58 101
59 10
49 16
55 84
11 102
103 32
71 59
93 90
14 24
49 15
21 36
45 40
56 38
57 104
44 45
58 5
60 76
64 23
62 78
29 37
37 6
19 69
108 50
62 5
85 71
97 79
59 97
71 14
42 61
47 81
55 44
15 22
51 58
19 71
106 24
36 14
9 14
52 108
45 66
20 97
52 5
79 29
46 64
8 64
85 106
22 14
17 64
80 106
12 26
11 78
10 45
70 96
43 61
5 27
55 54
17 45
7 55
103 40
50 7
14 25
83 31
18 77
36 34
86 30
35 57
48 84
76 24
61 97
42 95
40 41
46 42
89 23
3 58
84 56
30 17
43 14
93 33
94 101
12 90
83 1
49 56
64 78
21 83
106 21
43 78
63 32
30 23
8 63
48 88
84 38
81 95
83 49
98 70
86 44
81 44
30 45
72 27
92 22
41 10
89 67
35 85
65 8
92 75
65 103
83 37
104 100
20 74
56 77
92 82
59 36
19 82
106 39
16 95
29 39
88 56
81 35
44 69
54 91
68 26
38 102
22 66
77 58
90 29
93 9
108 93
75 34
48 83
57 69
79 22
47 58
107 62
26 79
9 60
31 106
63 72
76 70
102 52
84 41
41 85
15 10
83 52
77 64
74 5
107 63
97 64
76 44
49 48
4 103
44 59
43 71
76 93
15 104
34 21
105 51
69 6
52 61
69 34
60 37
92 104
3 87
78 8
49 89
58 100
23 70
43 60
30 75
95 60
5 103
83 68
71 39
4 105
53 33
70 24
1 17
71 54
73 17
33 41
12 86
45 106
55 98
82 61
77 84
46 91
28 70
75 38
72 28
101 91
79 45
35 22
67 18
42 67
17 33
102 106
71 69
7 37
106 96
89 105
96 88
13 103
99 56
97 78
85 18
37 103
9 62
105 48
11 54
92 45
54 88
69 12
26 48
15 43
22 30
55 71
71 10
22 9
102 101
27 75
103 90
81 75
36 66
20 7
7 33
61 70
3 76
11 36
75 32
105 56
108 4
37 62
92 27
96 53
90 102
5 107
24 82
67 87
71 9
75 42
71 100
82 84
61 84
88 36
16 87
95 12
8 33
101 90
103 59
58 12
30 106
92 58
51 10
12 47
44 75
10 44
71 74
86 20
106 14
25 57
4 29
12 13
9 105
40 76
63 14
54 15
73 70
28 62
2 103
7 88
17 60
19 55
50 97
95 54
95 26
59 3
21 56
74 75
97 24
63 90
98 4
65 59
42 82
50 84
106 23
104 36
22 72
23 91
40 94
95 27
31 105
37 52
58 65
91 84
103 52
51 88
9 74
16 29
59 6
36 100
108 53
48 23
86 74
105 45
83 67
46 103
20 2
74 42
25 7
7 82
26 9
100 7
32 9
13 78
44 99
22 86
4 10
97 70
98 41
93 24
61 101
65 23
24 52
78 51
48 70
86 59
57 63
16 19
87 96
60 24
32 88
32 61
101 80
46 53
76 97
37 22
88 95
52 78
103 45
78 48
29 89
76 12
51 68
62 19
80 47
84 2
24 54
10 80
50 3
42 21
99 97
57 43
50 64
3 92
32 107
95 108
58 4
18 100
85 58
98 5
66 67
14 44
106 4
53 15
7 19
22 100
45 94
41 3
55 11
41 54
24 11
14 50
69 108
14 6
72 59
5 95
106 77
44 1
91 64
5 56
72 104
68 58
24 66
28 5
66 89
77 63
19 79
53 91
75 96
66 62
36 82
34 105
12 25
98 31
104 63
12 20
72 87
62 63
11 81
2 42
46 98
42 34
53 64
30 18
41 30
41 32
84 14
3 38
14 91
62 1
18 10
17 62
95 83
106 18
70 1
44 68
87 69
26 98
18 74
26 104
77 13
78 88
82 33
28 83
8 94
5 43
6 98
21 100
105 44
100 84
87 21
39 9
2 81
80 78
108 42
99 105
87 68
33 52
101 29
84 10
9 10
17 6
79 35
48 106
48 22
40 64
57 68
60 6
72 65
47 99
91 97
93 48
29 74
57 36
63 65
26 3
39 98
48 32
25 67
65 91
66 65
96 105
68 92
46 105
50 57
6 27
9 54
100 15
30 55
76 65
28 57
12 32
5 47
83 81
108 31
53 28
18 51
51 77
55 58
68 50
52 59
34 72
82 50
45 9
80 19
49 28
92 15
12 79
54 7
81 64
26 27
17 76
44 102
61 58
26 18
25 77
70 12
90 21
82 31
21 55
39 37
48 92
70 80
63 39
87 30
80 34
17 71
99 43
80 55
41 81
11 49
92 59
89 44
53 95
1 94
6 34
90 59
86 84
43 11
24 37
83 26
29 26
28 35
26 72
60 67
12 97
72 53
14 13
1 84
74 62
12 21
24 90
92 29
51 104
83 44
87 63
57 47
18 56
94 82
48 104
60 2
46 56
107 77
78 10
86 24
73 28
67 41
15 68
81 10
13 83
70 106
61 6
72 7
77 17
12 28
50 93
23 101
65 92
68 81
87 32
28 93
100 102
44 46
108 28
36 72
96 59
96 63
108 89
82 96
50 49
101 70
62 94
26 90
31 56
37 16
60 39
29 5
43 83
86 41
46 102
19 21
102 69
63 5
32 79
70 14
20 51
20 48
73 89
87 34
43 26
23 77
41 44
99 48
48 90
36 108
86 57
22 53
29 73
6 32
11 18
35 16
23 36
69 100
49 26
69 24
82 14
107 8
74 35
66 56
61 87
52 77
69 68
61 27
9 107
60 102
73 77
16 70
31 20
101 17
35 1
107 23
102 26
68 1
68 24
67 1
13 42
92 31
105 36
40 108
107 13
39 68
88 69
1 28
39 101
89 91
19 13
15 7
34 66
49 53
77 62
58 80
66 72
72 103
3 68
36 77
75 64
47 6
38 66
104 58
26 54
44 50
68 91
99 27
53 93
46 28
93 3
59 67
26 19
26 62
90 13
52 94
9 13
37 97
16 36
38 35
69 26
80 87
41 19
103 106
40 91
40 67
12 78
80 62
35 103
104 49
25 41
22 84
91 8
17 85
68 9
64 92
16 89
50 99
55 91
7 70
108 103
35 13
40 34
11 46
24 58
32 108
82 12
102 86
9 41
107 104
72 14
49 103
58 88
106 1
103 41
14 37
19 51
8 75
78 28
84 5
27 87
24 5
34 97
92 102
52 98
19 60
14 5
52 47
96 22
32 67
73 107
49 76
24 91
66 91
101 55
54 98
77 61
75 36
62 8
99 83
46 31
54 37
59 49
103 9
55 27
42 86
93 99
18 108
93 1
62 59
32 4
45 108
63 82
28 86
24 44
33 78
62 76
41 68
47 68
89 85
65 57
82 89
41 87
80 39
33 66
19 101
49 31
32 99
13 36
67 23
10 102
56 72
18 63
77 79
35 14
97 56
47 75
29 106
38 41
58 30
5 8
87 10
59 9
81 106
18 41
75 66
31 34
83 104
55 100
82 29
14 90
66 3
10 54
41 89
49 21
75 43
68 79
76 82
7 104
97 88
66 26
32 86
23 102
26 77
94 49
55 20
5 21
40 30
95 8
68 105
45 59
24 67
107 103
29 81
44 101
57 87
10 52
96 76
29 83
27 57
65 51
6 12
25 49
28 30
43 63
56 64
44 43
24 19
48 63
53 47
29 100
67 39
26 105
52 46
40 38
17 19
92 40
82 78
47 45
55 85
18 22
36 9
96 44
41 16
78 3
36 79
62 30
43 20
1 86
108 48
38 61
2 76
89 60
29 47
46 5
41 1
39 19
100 78
47 1
53 79
42 4
98 92
84 106
39 38
82 108
106 57
61 19
38 87
50 63
74 2
86 77
30 46
96 93
10 46
99 17
108 63
108 77
9 65
60 4
106 49
10 8
28 68
24 46
36 62
92 7
16 15
11 42
33 85
45 65
48 1
57 29
106 90
15 89
1 91
4 53
46 76
94 27
19 44
60 96
20 3
87 82
47 40
85 30
36 29
88 33
44 57
27 89
33 76
90 47
67 2
44 21
31 51
78 22
51 38
6 86
79 98
47 33
43 72
60 69
28 84
23 37
10 97
94 84
42 102
48 12
53 23
8 55
94 38
20 101
96 65
53 74
59 98
100 54
43 18
70 22
49 80
53 48
56 98
43 2
54 46
91 77
31 23
82 38
77 93
39 66
68 72
40 107
99 21
7 84
21 60
97 47
49 93
60 73
19 35
45 56
101 104
79 83
77 20
14 57
13 60
89 69
8 86
71 23
97 25
95 80
28 25
98 42
10 106
49 90
95 101
74 91
8 4
107 98
2 46
46 14
6 10
12 106
85 7
71 38
48 61
16 81
8 80
78 70
9 23
84 76
98 66
58 26
84 96
100 32
27 45
51 55
6 105
30 67
19 65
102 30
79 31
17 39
51 107
28 107
25 3
43 103
108 55
99 81
40 42
68 78
19 31
52 62
13 102
25 58
86 33
75 10
18 8
100 43
105 7
68 61
74 46
57 5
84 20
58 42
81 70
28 40
33 46
28 56
32 25
35 12
32 7
91 9
56 87
82 11
108 54
20 8
99 16
4 35
66 16
16 64
12 49
49 63
10 98
88 6
102 85
93 62
76 41
76 32
49 87
21 77
23 25
101 22
95 48
88 31
97 94
31 57
75 93
81 86
48 97
22 23
14 26
57 13
24 20
79 58
6 85
95 24
85 59
28 26
40 79
35 44
68 84
35 61
100 90
50 86
80 17
56 43
97 16
49 100
66 103
104 27
24 31
99 74
10 26
97 7
42 72
24 72
37 95
17 63
101 24
105 3
36 89
80 71
93 16
53 40
8 85
61 14
62 54
27 82
90 57
75 7
14 39
91 75
51 28
68 40
93 11
46 21
23 93
8 102
71 21
80 90
75 77
61 29
101 63
95 50
101 65
28 66
54 70
21 73
39 30
89 19
74 69
30 54
103 27
42 91
84 11
55 38
105 103
1 100
28 71
79 7
11 16
36 52
85 100
54 29
16 101
21 86
31 26
25 100
13 58
32 68
72 90
50 62
22 17
28 67
36 27
2 27
20 14
24 30
26 101
89 104
49 6
103 95
19 87
71 26
93 37
80 32
98 83
35 76
30 100
105 84
58 78
30 49
65 27
81 23
69 62
36 7
18 39
92 5
22 77
94 12
78 99
38 77
21 20
77 32
81 62
101 82
72 18
24 100
98 11
87 92
103 104
94 61
100 41
19 12
108 87
27 90
69 91
67 6
48 43
48 87
85 12
39 86
10 61
12 59
3 14
43 54
7 4
72 6
108 51
91 37
39 105
70 47
77 90
105 47
14 64
62 43
57 100
66 92
24 51
16 77
22 95
92 99
3 6
87 17
66 25
62 68
19 66
28 38
30 89
59 50
31 85
103 57
91 32
77 89
92 51
15 96
30 95
50 52
38 108
82 91
86 93
14 87
5 55
27 101
10 39
95 68
104 84
24 17
50 65
39 49
32 33
8 48
23 90
47 82
6 52
93 54
103 62
68 66
22 33
84 108
64 79
58 102
62 32
29 30
74 61
47 88
74 41
92 26
108 107
94 92
28 58
56 67
54 66
57 46
105 40
29 22
60 52
19 46
45 31
54 80
50 43
22 42
31 60
85 29
46 61
14 29
14 49
8 7
93 4
53 58
24 29
20 73
83 16
60 107
80 20
50 91
88 43
71 15
55 15
84 101
92 83
67 58
13 94
84 39
40 9
2 7
39 104
17 97
72 78
99 25
21 93
83 42
92 35
88 104
79 85
66 51
79 87
36 45
59 75
20 36
106 72
34 49
91 57
102 84
61 63
49 22
27 20
34 62
34 46
11 38
34 5
5 82
28 44
106 74
94 4
97 74
19 14
38 5
73 68
92 25
92 6
80 37
88 108
53 24
97 90
106 55
99 14
50 81
1 21
78 91
15 66
29 13
50 46
88 46
11 100
74 84
50 38
17 69
81 78
57 8
55 14
23 41
58 44
62 22
11 33
7 45
105 62
90 44
74 68
55 56
46 84
20 1
53 61
71 3
96 38
68 54
52 95
19 97
2 82
10 68
16 108
93 38
32 56
1 31
60 14
90 88
11 6
91 86
88 93
70 30
1 12
26 56
18 2
96 45
22 108
29 69
61 54
53 38
72 77
27 50
84 49
43 16
4 72
48 14
92 103
62 24
37 76
76 108
77 53
60 53
100 60
9 96
10 2
37 3
62 96
7 68
80 94
98 7
81 102
15 108
25 91
34 107
80 27
42 85
28 69
89 78
75 15
47 43
17 66
67 68
89 5
75 2
2 31
80 83
21 102
36 76
5 102
68 36
1 49
66 102
78 75
45 43
75 55
65 13
28 92
1 43
89 52
102 20
92 21
103 93
22 45
16 23
39 92
77 104
59 51
36 4
9 44
105 72
26 64
83 60
75 13
45 53
10 43
23 94
54 25
1 99
81 53
17 3
12 65
41 104
75 14
13 28
85 34
71 87
38 13
79 5
52 19
70 2
35 21
104 42
67 105
93 72
46 32
89 9
52 84
43 89
7 5
2 1
100 105
92 100
102 70
7 11
20 28
87 76
44 95
9 8
72 80
66 96
22 87
61 22
9 83
76 19
76 42
107 48
40 33
14 7
81 40
106 28
43 59
64 15
8 90
13 105
98 30
49 36
58 1
70 18
94 24
70 77
10 101
23 86
92 63
47 30
64 37
59 108
40 11
51 54
74 76
31 39
104 31
97 108
33 50
72 96
67 61
69 21
31 81
18 54
64 83
48 11
89 68
15 63
93 105
47 9
19 28
76 101
86 4
93 20
12 102
72 71
46 3
95 1
103 55
30 44
18 79
93 102
75 67
11 28
51 4
15 2
9 69
32 90
62 25
29 19
46 77
67 93
57 34
33 19
95 33
25 61
74 90
20 42
98 49
94 108
27 22
101 89
97 49
79 86
59 70
106 65
17 10
32 94
88 62
88 12
98 37
44 97
8 34
53 66
81 13
67 94
97 29
17 15
60 85
101 41
53 26
92 61
51 46
84 80
86 34
73 5
44 37
53 106
48 9
15 61
93 59
57 49
10 88
73 86
68 46
22 89
98 29
87 1
47 27
36 58
33 24
91 5
51 35
31 47
70 6
58 97
49 74
88 71
23 33
88 77
103 28
9 18
69 16
88 8
11 47
32 40
91 33
80 38
64 45
106 82
68 82
68 55
29 15
1 3
4 91
18 29
74 52
27 63
4 44
30 79
73 11
18 25
73 83
31 38
5 53
56 92
73 22
40 35
107 22
23 78
29 99
12 92
73 6
27 85
64 42
81 5
33 56
13 52
46 85
8 66
8 72
34 103
40 2
31 99
105 43
46 38
58 21
53 29
5 15
2 14
105 63
1 38
23 42
39 55
36 54
11 67
61 81
64 12
93 35
45 58
8 37
94 48
62 70
40 84
72 46
12 29
62 7
72 11
14 101
104 2
39 13
10 49
6 40
11 92
93 7
94 76
33 90
18 52
76 59
64 24
89 88
69 10
25 27
92 32
57 23
51 72
74 56
2 30
95 100
39 88
103 12
62 71
8 36
38 90
30 77
61 34
31 40
66 18
13 18
11 5
102 2
26 88
45 100
10 79
14 81
42 35
50 47
70 60
85 28
19 2
2 33
61 55
89 47
99 38
40 16
84 63
91 83
41 13
13 104
56 8
96 57
50 106
71 66
23 26
16 6
75 63
62 51
92 4
18 80
80 36
88 40
27 108
5 42
91 58
57 1
89 106
90 65
100 19
50 10
87 66
98 58
106 87
95 31
100 5
82 79
6 43
49 102
45 14
61 17
94 51
25 69
91 31
81 98
75 35
70 65
86 13
49 81
99 87
21 37
95 104
108 68
58 72
12 56
90 55
61 57
64 85
52 26
1 92
71 107
27 81
30 90
81 80
103 42
67 96
103 44
21 22
17 20
93 43
29 95
6 99
64 28
107 46
86 40
81 69
87 26
33 101
71 93
83 74
4 49
60 91
93 14
59 30
60 32
2 68
24 47
59 74
31 10
5 78
98 48
25 94
21 13
36 44
89 17
58 59
62 91
97 46
97 31
76 26
14 18
65 46
77 66
20 34
98 93
31 61
58 108
37 2
20 53
4 96
7 56
31 72
22 1
105 97
65 35
64 18
1 59
50 102
62 79
90 1
108 43
36 1
75 83
28 89
34 9
30 12
42 38
38 8
72 92
33 64
74 28
20 76
37 59
21 39
25 75
89 80
78 53
100 28
64 6
27 59
52 14
79 71
85 78
31 58
45 83
18 78
79 92
8 96
39 23
4 97
103 38
44 100
58 64
32 72
60 47
3 9
52 4
105 16
52 63
56 3
101 40
90 20
23 5
14 89
15 36
105 73
18 86
71 65
80 66
7 49
100 99
1 34
73 4
59 105
39 77
57 45
61 7
94 50
17 44
59 78
46 17
59 42
73 63
74 96
5 72
51 79
70 92
99 89
39 59
27 105
81 20
56 11
45 33
44 73
41 34
36 22
72 2
108 23
28 54
103 86
79 23
32 89
56 2
17 11
38 76
55 31
34 88
13 73
70 50
5 44
87 91
83 88
42 37
11 21
73 58
51 23
4 89
38 26
27 53
24 23
20 11
68 93
1 11
3 81
17 65
13 56
19 64
92 18
27 100
26 103
68 33
9 37
90 79
91 22
18 21
29 48
71 78
3 104
18 17
39 35
97 60
81 52
16 92
12 16
86 64
65 83
89 18
45 8
14 54
26 33
42 3
2 98
103 64
97 69
95 67
43 101
74 77
15 90
9 100
61 26
38 18
77 45
100 48
8 52
50 4
39 79
63 88
62 72
5 67
6 30
1 60
78 9
46 90
23 84
90 28
50 12
74 8
95 105
39 22
77 12
33 103
100 4
60 72
35 55
15 38
24 74
18 40
64 52
40 27
16 46
103 8
67 15
46 36
31 11
77 34
40 54
7 43
35 94
25 59
44 2
48 27
22 68
79 3
50 29
2 47
21 101
63 68
39 61
54 20
34 76
31 35
74 100
105 80
93 8
6 20
101 5
85 53
80 97
40 74
3 67
13 27
77 60
42 60
11 95
1 72
72 61
28 7
16 59
107 1
84 88
84 9
68 34
95 57
50 40
17 100
77 31
31 15
104 69
4 62
43 95
91 21
49 46
46 4
100 37
103 53
9 67
27 77
57 70
20 50
73 78
12 7
94 41
60 22
83 66
103 22
107 80
14 77
25 56
15 48
53 2
81 26
1 80
45 19
104 24
106 33
66 44
30 35
21 59
16 96
62 53
71 41
107 50
94 63
12 55
97 107
73 71
44 107
56 14
69 65
56 82
55 28
16 51
86 69
30 56
93 92
83 62
86 75
57 72
88 16
90 10
24 28
45 6
101 60
83 53
67 86
5 96
98 68
55 22
64 108
102 99
71 57
73 98
3 83
81 60
60 74
94 81
13 20
34 104
33 39
6 82
79 25
26 41
49 2
52 72
95 45
72 38
103 6
24 81
62 102
31 17
60 98
96 2
37 40
55 53
75 22
102 3
55 48
17 102
71 29
89 34
2 93
67 13
45 28
97 77
32 42
13 71
20 65
51 103
86 85
30 92
23 60
52 85
2 57
85 99
31 103
66 85
35 9
31 14
25 37
80 24
63 12
30 91
40 93
6 53
84 30
30 48
42 15
42 8
74 80
24 103
8 25
5 4
16 52
93 84
55 79
72 54
38 32
64 74
87 33
70 85
103 19
87 39
66 12
28 18
108 92
89 54
98 35
69 38
33 15
94 85
2 73
79 103
32 5
90 9
41 55
36 84
84 75
1 76
21 66
96 85
81 90
13 51
79 95
44 77
40 44
61 62
76 81
70 3
74 37
32 105
5 60
35 60
46 13
36 90
14 58
53 80
68 8
96 26
17 70
25 42
73 8
91 10
34 70
86 65
90 51
101 99
3 91
52 38
32 49
71 36
85 108
48 101
48 64
101 79
27 67
11 96
76 9
47 62
47 42
43 106
23 29
51 73
7 83
30 31
104 1
23 98
58 20
88 67
92 86
72 12
74 30
68 30
60 92
93 106
48 34
3 80
63 44
98 45
44 91
87 65
6 1
101 4
50 80
78 36
66 74
69 22
61 24
71 58
105 28
53 31
27 41
44 56
25 60
84 15
105 18
33 73
61 105
79 59
97 83
103 3
55 42
32 98
20 92
34 93
41 46
78 79
45 52
107 74
59 84
49 91
103 61
26 65
92 76
90 75
22 26
19 25
46 9
6 76
85 48
84 3
42 33
86 94
80 22
87 55
81 36
57 58
81 12
30 61
89 1
30 107
98 40
106 40
10 95
17 42
107 95
85 24
32 27
79 102
99 20
59 80
93 83
41 22
80 26
51 48
9 82
25 44
56 96
104 47
50 89
35 6
45 73
97 104
80 60
1 25
27 18
16 42
2 106
55 65
57 6
48 41
90 70
29 105
81 57
1 66
68 5
52 99
39 42
49 17
21 24
34 47
38 45
94 34
33 60
37 104
17 103
80 4
102 68
80 7
37 89
26 1
10 22
9 63
61 107
40 17
38 85
32 10
40 87
15 106
98 53
22 8
87 54
58 11
74 4
97 75
38 100
58 33
75 99
104 46
85 77
91 93
44 54
98 80
79 48
68 29
86 9
85 98
5 33
80 77
70 67
21 3
96 100
81 38
31 101
94 69
16 34
45 5
105 25
36 87
23 83
60 86
2 4
29 55
108 56
10 19
73 79
72 85
70 31
18 69
5 40
76 100
56 47
96 41
92 23
56 27
53 37
29 42
6 44
84 73
31 84
96 103
67 46
57 3
15 91
56 19
51 7
54 45
59 99
73 101
51 21
105 101
79 44
51 106
89 3
5 1
30 82
7 74
25 45
70 13
11 77
76 13
64 67
61 45
27 3
91 47
9 73
77 50
99 73
79 15
45 34
37 69
15 1
3 54
52 27
69 61
10 100
48 75
72 9
6 46
11 71
29 67
101 2
26 75
8 15
33 30
49 105
68 17
24 42
7 23
3 8
16 8
99 88
75 73
103 89
52 48
35 90
66 20
30 5
40 78
22 67
76 106
21 103
40 56
3 47
22 106
72 21
18 6
72 73
65 102
44 60
94 99
96 61
12 74
22 38
45 32
19 90
87 11
6 107
36 47
11 2
29 91
107 66
23 47
36 73
12 15
67 55
89 13
5 87
67 76
13 91
25 35
63 2
33 79
3 107
97 53
41 45
96 58
70 5
66 27
7 27
6 89
50 55
43 53
5 97
13 66
102 14
25 36
98 104
63 100
11 51
12 46
25 24
28 101
91 100
4 107
48 28
86 62
19 22
89 31
104 91
32 3
26 78
86 36
26 63
34 44
98 105
4 81
2 65
23 28
76 39
99 58
15 93
9 50
86 43
5 86
25 93
52 42
10 3
22 2
21 41
20 78
24 79
10 27
13 50
99 76
84 12
93 73
108 98
57 10
5 88
97 86
80 21
15 52
35 46
106 59
38 63
65 64
96 107
104 19
78 87
23 58
43 21
1 64
39 7
60 66
63 28
10 92
19 50
82 86
32 82
45 71
62 16
54 22
86 51
2 52
80 69
64 34
8 19
29 62
91 80
33 57
26 2
72 83
27 51
71 76
66 23
6 23
66 42
90 99
58 50
56 70
15 62
90 40
99 26
9 97
97 72
75 31
26 70
69 106
48 69
33 1
78 76
93 65
35 86
6 55
69 82
24 78
63 91
98 13
81 107
12 83
39 25
16 58
69 40
15 14
63 19
66 50
62 3
18 87
30 53
41 60
101 37
50 71
45 21
35 99
100 50
82 73
84 8
49 38
3 40
18 33
75 72
96 101
28 75
35 63
71 103
85 68
64 27
30 16
40 96
44 11
86 45
108 65
76 23
86 52
77 83
77 82
41 58
53 89
10 13
23 100
80 96
48 7
74 39
105 20
83 19
86 71
98 21
1 82
104 62
1 24
27 102
41 52
106 35
74 73
73 42
1 55
16 20
94 19
12 41
98 106
2 8
91 36
24 18
108 11
69 36
14 97
50 8
32 81
59 11
1 81
6 63
108 49
84 107
37 70
67 4
71 95
61 13
43 73
43 107
12 99
80 68
2 29
100 33
45 69
69 20
38 24
5 108
69 53
82 55
1 96
40 1
102 89
80 23
70 64
72 98
14 38
52 23
43 80
59 91
103 54
92 46
56 54
34 67
38 68
40 61
55 17
100 46
36 38
99 30
58 48
8 87
78 61
54 53
40 19
43 35
90 50
13 96
61 100
34 50
30 26
90 78
105 86
60 104
88 102
39 90
9 94
62 101
80 73
15 34
59 13
62 20
31 76
10 7
49 86
74 103
98 38
78 19
81 39
45 99
38 88
59 14
71 98
52 35
81 97
29 17
108 6
108 81
71 105
36 39
59 2
86 100
5 83
85 47
61 102
92 71
15 25
50 76
39 43
96 39
58 82
100 35
60 7
75 1
75 4
94 66
101 85
69 77
42 53
28 99
30 21
101 13
37 55
74 94
46 86
50 31
47 102
34 11
8 49
2 86
108 75
22 40
1 7
19 68
32 85
18 42
15 18
84 89
12 8
96 94
6 22
48 31
80 65
71 40
27 96
87 89
5 35
81 96
1 54
61 3
16 74
85 62
21 15
60 59
82 3
104 40
5 71
16 9
17 104
61 18
46 108
27 49
45 90
68 86
50 48
42 30
20 26
37 106
46 23
11 63
71 96
17 53
88 60
31 86
103 102
38 59
6 87
73 62
90 107
59 7
59 32
59 26
8 60
35 84
46 80
27 58
25 34
75 87
18 59
10 67
73 12
51 17
96 7
87 94
88 21
8 99
21 81
48 72
44 13
72 13
18 23
52 43
105 88
62 46
8 43
25 2
2 38
25 52
25 103
52 22
37 48
32 36
62 13
95 38
99 24
107 20
79 42
86 56
23 32
29 75
103 85
99 86
79 38
98 61
3 5
69 50
83 78
47 103
57 32
11 57
71 12
23 17
66 76
11 94
89 63
45 70
21 14
7 22
59 41
106 16
11 83
82 98
71 31
25 5
41 35
76 48
47 86
45 51
6 29
8 29
23 15
67 37
63 33
29 78
16 55
14 47
56 71
45 84
49 20
45 18
3 7
42 69
103 18
46 69
97 35
99 19
79 69
106 41
33 38
26 5
6 26
95 19
15 97
29 7
96 91
66 105
37 86
20 47
19 15
105 76
30 50
23 87
104 74
79 65
97 89
19 57
3 30
22 81
49 9
66 11
40 12
88 53
98 69
73 91
13 63
32 18
108 57
92 47
85 45
42 31
41 82
80 14
1 74
78 50
50 105
89 107
14 69
19 9
101 77
91 38
57 39
31 107
10 37
73 106
54 83
41 39
75 40
67 103
104 108
3 45
53 107
18 68
63 7
100 14
21 6
19 73
8 17
39 82
21 23
78 96
27 78
59 55
83 41
17 27
1 16
80 64
34 13
75 16
107 79
100 31
41 42
108 66
20 79
81 105
47 21
86 80
72 44
106 47
16 61
20 29
40 60
3 72
46 25
29 52
87 105
17 32
54 75
19 6
64 73
85 107
60 105
97 62
16 98
67 73
70 42
95 21
81 15
13 108
73 27
17 81
71 67
14 95
81 51
53 57
18 35
53 36
28 15
22 83
46 95
107 18
75 60
92 88
69 47
3 15
81 72
70 4
89 90
54 106
60 93
82 66
79 91
86 17
25 31
99 62
31 21
105 12
87 100
27 28
37 45
92 37
79 43
58 15
38 106
25 95
85 73
82 57
82 22
83 2
81 87
82 43
53 105
77 2
24 41
65 88
2 16
38 34
85 97
17 48
84 97
33 16
74 101
63 80
25 17
108 47
83 15
47 67
99 79
87 62
54 47
70 27
56 79
25 87
23 75
101 88
5 16
84 17
88 86
61 90
93 87
65 82
52 56
39 83
100 53
50 39
54 76
53 13
80 103
54 63
15 99
81 37
41 29
105 17
82 85
8 81
104 99
97 2
38 57
7 95
52 31
2 21
67 74
34 52
24 26
11 22
20 72
86 96
95 84
16 3
49 13
104 8
61 95
62 31
36 107
18 84
104 93
37 49
37 43
105 78
44 23
46 29
34 100
97 87
57 59
30 72
80 104
84 69
2 34
50 98
104 87
18 1
2 108
24 88
18 20
53 32
41 49
76 104
73 52
42 71
105 69
18 104
61 44
45 67
55 10
53 73
56 89
107 67
44 15
85 90
68 52
103 63
72 94
37 38
16 67
43 90
54 35
70 32
75 53
37 1
44 49
41 78
13 93
88 9
102 19
51 33
88 106
76 51
54 65
18 98
92 62
19 70
92 85
59 24
86 15
63 69
6 102
79 93
71 68
43 22
47 98
66 41
1 65
44 80
70 71
85 57
48 40
7 30
73 15
80 12
82 80
32 19
35 87
7 34
18 101
48 18
77 100
72 39
76 77
67 12
26 73
83 86
16 102
36 103
13 64
108 20
82 83
48 77
13 47
47 25
2 99
5 37
88 45
12 104
58 29
40 83
70 79
10 107
86 38
43 29
2 89
22 58
41 15
13 68
55 92
14 32
20 100
33 62
101 46
36 92
82 52
97 32
40 95
18 44
33 6
85 26
26 94
57 88
56 42
15 102
97 96
28 95
9 87
90 69
1 85
12 68
5 76
9 58
28 33
72 25
34 83
64 106
58 94
69 32
6 65
42 97
84 87
105 22
93 107
44 12
41 63
51 37
20 98
71 8
107 2
104 94
50 74
63 55
27 86
56 37
47 93
100 103
91 90
1 30
66 97
15 98
85 88
9 1
61 56
16 79
30 4
50 101
37 27
51 84
73 100
35 70
40 8
82 93
93 66
54 23
6 66
96 14
80 2
38 6
74 79
34 82
83 105
33 94
68 107
49 64
81 77
37 30
62 58
71 6
72 29
93 30
36 96
25 90
56 50
70 49
49 55
101 108
36 19
53 82
76 69
10 70
98 34
80 6
65 10
46 60
27 35
106 108
99 107
71 48
22 20
16 50
65 22
62 57
30 88
27 98
75 69
35 101
76 8
102 91
73 35
9 52
53 70
63 34
90 87
99 63
53 50
61 9
38 58
35 108
51 43
104 68
35 24
1 61
45 42
28 82
57 97
6 93
96 68
47 64
102 36
12 51
98 95
29 60
90 34
46 18
51 99
27 68
85 49
15 40
26 50
89 61
88 50
3 55
49 66
34 54
30 103
64 90
2 28
107 105
39 5
30 15
68 97
35 36
55 72
79 2
77 37
64 31
33 27
39 47
50 83
23 88
74 45
86 53
44 88
43 76
51 67
5 9
68 43
31 28
34 29
80 51
90 4
48 33
96 6
76 88
20 4
52 104
51 93
34 37
37 82
88 80
13 30
107 72
55 32
38 107
20 37
13 17
28 32
108 72
83 90
20 38
102 55
51 57
4 27
66 2
14 42
16 28
60 26
107 19
40 4
83 10
8 32
25 98
27 19
30 8
45 29
64 82
22 94
45 104
101 69
78 31
65 34
35 72
64 68
75 20
93 55
18 31
41 6
47 41
65 31
70 69
52 90
73 1
21 26
101 25
33 21
94 77
84 98
80 28
100 8
53 39
106 60
103 76
19 58
57 67
84 25
102 108
56 39
62 40
12 9
66 69
80 31
32 74
93 46
74 22
44 65
73 10
85 3
69 64
87 85
38 65
29 31
71 4
31 13
40 21
12 45
106 27
72 91
63 79
101 32
63 3
61 91
71 53
35 78
79 9
51 41
33 36
94 20
50 23
72 101
29 33
86 54
91 26
19 38
85 74
43 91
2 62
17 7
11 80
69 92
64 94
60 30
28 21
14 98
63 60
8 106
43 102
15 6
38 54
94 30
51 101
57 99
102 45
39 15
64 99
77 105
25 10
45 2
30 69
98 75
29 3
21 27
99 55
47 101
54 42
2 100
1 79
30 43
57 54
102 63
45 35
101 54
81 103
51 40
105 57
100 93
88 87
69 73
93 97
78 34
85 36
7 91
49 54
88 15
46 59
2 87
15 77
106 67
48 96
52 44
21 50
23 12
16 45
100 82
15 103
26 37
11 76
94 89
1 10
88 35
7 69
13 26
69 67
45 80
78 25
51 30
88 17
45 55
14 86
29 35
57 79
6 83
20 64
67 100
99 53
57 80
11 35
14 23
83 108
94 3
43 9
39 103
49 95
36 95
74 89
37 35
34 3
43 64
88 100
97 63
101 106
25 21
89 76
8 101
45 50
85 43
51 71
73 57
45 23
66 101
89 83
85 22
108 61
12 98
18 76
19 108
59 82
3 73
20 32
79 27
58 2
57 52
55 43
97 54
33 75
40 26
43 41
76 61
38 4
53 59
87 73
10 108
101 64
11 13
68 88
21 7
100 98
76 55
35 105
104 11
41 80
45 63
77 3
70 41
25 22
38 78
62 84
43 34
20 15
66 47
25 76
16 21
50 42
3 60
49 33
2 13
39 95
106 34
68 101
90 73
76 91
92 67
101 83
85 65
98 96
38 9
47 8
46 94
41 73
66 7
98 1
61 47
77 43
56 102
35 7
20 44
87 98
19 91
3 48
35 89
70 89
19 106
105 1
49 52
47 22
88 2
93 70
107 29
21 84
28 14
63 78
56 57
59 8
12 42
60 55
83 8
6 28
83 100
23 72
11 3
88 20
24 32
57 77
92 77
28 88
11 61
11 62
53 7
82 54
71 99
55 57
99 33
19 67
33 14
25 55
63 56
3 51
40 29
16 14
8 97
104 65
37 84
83 59
83 20
27 71
87 29
85 61
85 91
59 31
95 86
10 12
75 103
63 47
12 96
13 82
29 88
23 1
65 61
87 53
32 21
54 77
16 104
8 27
68 60
9 42
9 106
52 20
83 61
102 75
104 20
15 26
85 50
44 87
46 55
8 105
12 31
104 71
40 102
44 32
4 28
12 36
97 71
61 71
65 89
22 93
87 52
18 71
93 57
97 28
72 47
25 64
45 26
38 60
54 60
74 82
39 32
90 92
81 25
75 21
105 19
97 100
82 81
42 84
48 16
101 56
41 90
50 32
53 12
25 20
96 25
53 14
73 103
98 43
64 4
3 69
101 42
59 19
108 96
79 106
11 39
96 52
16 39
93 56
4 99
17 79
88 75
5 20
25 83
82 75
7 52
35 26
34 53
79 14
99 40
104 55
52 58
73 23
11 69
8 54
11 23
31 7
62 44
68 42
94 88
24 40
96 28
60 16
83 27
22 46
95 9
70 15
7 44
52 91
71 94
8 77
107 101
25 43
97 1
97 6
102 78
55 83
89 46
70 21
98 91
2 6
21 82
35 102
2 51
95 3
51 6
68 14
93 10
61 36
103 11
23 35
76 29
108 39
107 24
28 98
57 21
98 78
16 56
40 39
83 18
47 7
36 10
85 21
21 89
104 6
62 23
88 13
5 50
79 37
95 87
37 17
51 22
7 16
38 21
103 77
100 39
67 97
51 47
16 91
97 92
44 3
63 29
6 91
64 76
84 16
13 3
37 47
35 34
52 1
11 25
66 106
106 44
35 69
3 12
108 37
6 9
23 74
96 17
32 95
49 47
82 45
87 86
81 43
17 12
63 23
96 42
30 27
11 12
47 28
82 99
25 85
48 82
17 57
50 25
75 94
8 24
35 32
51 75
44 31
43 33
98 67
69 52
7 94
36 101
36 67
100 51
37 66
84 99
106 75
92 101
71 63
81 74
81 91
85 84
90 68
32 1
44 16
77 68
69 59
60 28
20 30
74 43
88 64
40 63
15 76
15 13
75 17
64 21
87 102
58 34
15 95
4 16
88 25
25 53
31 22
70 88
87 51
23 40
107 57
4 84
98 36
50 73
22 32
26 97
73 32
31 27
15 69
46 81
13 8
58 106
64 9
28 9
104 10
89 72
65 56
64 44
95 6
60 71
82 15
38 27
90 31
93 89
40 52
102 83
35 64
84 29
61 88
60 62
54 107
98 99
8 69
91 35
37 36
77 28
71 91
64 59
107 25
9 85
47 79
59 29
54 13
81 65
13 55
43 4
18 75
4 37
55 70
65 94
24 96
101 7
5 59
32 54
100 12
35 50
55 78
87 46
94 36
52 88
102 107
95 4
24 45
65 14
50 54
58 63
9 75
8 79
101 45
31 4
14 62
86 104
57 78
23 97
35 58
31 33
1 71
53 94
5 49
28 39
23 27
64 41
1 50
118 687
19 89 26 54 96 95 18 77 1 36 42 58 27 72 69 103 53 117 40 41 88 84 88 2 82 24 24 23 89 64 50 54 47 6 73 16 69 118 90 30 61 7 44 34 32 51 53 52 17 108 27 75 25 62 84 52 66 97 107 93 76 79 46 73 91 88 117 56 51 44 53 59 83 110 101 74 92 75 77 44 59 29 64 69 113 10 74 70 96 84 45 69 48 102 43 40 35 51 105 68 55 78 103 15 98 51 113 14 60 20 10 50 38 93 1 109 37 85
19 69 1 54 96 25 18 47 1 36 42 16 22 54 69 93 29 117 18 41 88 32 88 2 27 24 20 23 89 64 50 54 47 6 24 16 69 74 90 30 61 7 18 10 32 51 53 52 17 65 27 75 25 62 84 29 44 97 82 2 42 79 46 73 27 88 32 56 27 42 7 59 42 9 17 74 35 75 17 42 59 29 64 69 42 10 23 51 51 84 25 69 19 16 43 40 35 51 105 68 55 78 103 15 40 19 113 7 44 20 10 41 38 93 1 16 37 27
113 37
102 104
5 15
72 58
44 108
50 35
38 6
84 20
30 6
52 17
56 42
46 103
116 74
65 28
110 101
99 96
78 28
51 102
95 58
114 86
47 40
38 71
19 54
79 16
56 22
20 35
92 116
60 93
63 68
19 91
56 73
17 56
93 58
39 12
9 10
95 61
38 113
115 33
108 116
111 4
34 40
12 72
20 9
57 117
42 15
20 44
50 12
13 105
13 45
90 14
2 71
9 41
29 12
75 9
56 3
43 1
29 40
78 85
106 78
75 104
89 14
11 26
43 107
49 75
114 17
73 79
40 113
116 81
25 93
18 24
35 27
49 8
20 77
110 82
62 72
4 88
73 23
15 67
115 117
16 2
109 46
83 107
108 85
33 27
104 59
40 28
55 44
40 66
96 55
110 111
1 32
57 48
24 94
113 20
103 110
59 27
42 69
118 66
3 115
41 108
71 89
110 11
117 22
27 93
50 65
11 117
8 105
86 44
26 63
29 16
39 38
12 1
59 17
84 46
84 79
34 85
58 37
102 26
118 75
28 9
88 46
35 55
95 67
44 118
108 87
8 33
95 5
98 13
79 49
82 17
44 87
49 1
89 13
68 53
79 58
84 95
52 30
25 107
18 85
93 64
5 114
20 106
50 26
103 81
42 48
66 101
101 96
116 100
63 112
64 1
42 107
112 9
50 5
94 105
114 116
95 76
46 89
97 60
12 108
58 20
96 86
20 65
60 66
19 12
89 82
78 71
64 60
21 29
62 27
28 73
99 82
74 98
74 47
45 103
18 16
58 30
37 2
91 18
47 101
55 117
54 87
11 115
26 68
7 58
46 76
65 103
57 44
86 118
62 40
88 110
30 27
6 46
111 92
74 36
49 43
35 103
72 82
55 70
76 71
14 80
61 97
95 81
48 64
116 4
115 60
5 88
111 67
12 57
40 68
81 56
19 84
59 32
66 99
104 85
63 16
118 77
26 48
12 43
76 15
116 5
89 111
56 80
49 44
12 37
111 52
10 68
8 79
15 56
77 70
6 90
8 7
109 39
64 62
74 7
46 79
118 97
111 34
109 102
98 45
27 75
48 105
76 94
20 100
83 46
15 58
36 85
73 34
102 82
20 11
106 107
50 112
1 83
79 91
91 2
80 11
110 64
49 104
68 25
110 38
23 58
105 78
86 2
69 71
29 94
118 12
78 113
97 15
35 93
50 45
15 107
93 83
4 59
118 85
29 83
37 14
24 53
82 101
1 51
17 32
115 53
92 9
31 87
105 44
1 3
33 29
68 29
16 96
99 106
103 31
33 97
19 66
30 85
67 105
111 60
30 14
94 109
88 48
73 18
13 27
25 30
73 97
43 61
104 10
16 118
47 52
55 57
80 109
28 53
68 12
117 37
19 26
103 44
78 100
76 8
95 106
80 69
62 7
73 6
115 22
56 59
83 45
44 56
36 100
106 103
12 8
96 67
118 25
39 15
91 53
118 65
29 39
24 101
51 58
43 51
60 95
107 82
35 1
113 60
100 90
104 69
68 56
71 12
97 77
72 83
45 23
23 5
102 22
38 76
71 108
106 93
30 90
92 2
4 73
90 113
92 35
82 35
17 37
55 59
91 60
89 117
5 117
106 1
36 12
27 3
40 80
46 73
24 46
10 88
4 35
107 78
109 61
69 47
53 6
40 95
17 36
62 70
60 43
118 116
62 15
66 81
106 54
59 65
73 86
16 101
59 97
22 85
80 57
31 89
52 69
38 15
76 5
116 95
118 101
118 115
11 93
85 73
86 30
87 82
7 23
4 67
99 111
75 106
110 65
15 20
84 101
88 44
70 57
118 68
13 106
116 68
98 84
33 55
57 15
79 102
56 84
82 3
103 36
75 101
105 34
73 51
71 8
3 30
112 12
60 106
62 92
30 16
14 48
69 112
117 61
111 63
45 42
99 40
69 51
49 80
112 20
104 82
22 23
1 33
25 96
40 89
42 25
11 46
105 65
48 93
54 34
62 23
96 29
72 39
41 37
46 10
91 38
17 66
10 14
9 55
49 61
19 68
61 83
27 104
23 26
28 63
44 100
102 98
13 71
74 84
112 53
83 85
90 39
1 41
22 67
96 94
85 9
47 24
114 112
70 73
37 34
68 114
5 26
108 99
76 78
71 85
53 107
80 110
72 102
16 48
65 85
28 45
104 92
14 59
21 100
75 64
49 92
31 24
114 83
25 35
1 60
115 41
58 2
5 59
47 77
37 86
72 37
22 45
38 48
52 84
23 44
71 27
67 63
66 100
28 95
14 4
45 91
4 7
95 3
7 65
46 8
59 118
16 60
66 21
45 65
113 81
25 51
41 7
80 34
95 53
23 75
70 117
20 89
37 20
60 98
90 28
97 16
96 105
100 50
57 112
51 67
118 90
95 11
65 15
104 60
70 96
9 70
108 42
56 111
54 25
92 52
106 69
55 54
19 5
37 19
29 107
117 39
94 36
34 18
3 2
69 57
49 85
63 78
77 84
78 101
26 9
101 35
73 66
51 35
31 32
75 91
73 20
73 30
100 62
51 116
61 70
56 65
114 25
44 84
49 89
11 85
21 93
24 60
52 95
115 19
85 88
84 100
10 100
32 8
66 57
85 111
98 56
110 27
27 76
56 43
83 69
21 110
101 13
17 1
87 28
10 114
13 104
7 14
10 92
19 4
69 87
73 80
98 89
104 83
34 20
25 59
86 49
57 95
99 94
69 8
87 53
29 11
5 20
94 21
13 73
99 72
32 104
82 11
97 5
46 1
105 90
112 5
111 113
79 75
43 75
76 62
20 82
111 64
86 61
89 11
111 105
4 29
47 34
42 111
48 8
113 114
15 22
93 37
117 75
34 6
98 107
71 51
7 19
63 24
75 11
81 50
4 32
8 35
84 107
39 46
87 17
90 31
26 100
92 30
56 102
8 93
92 113
94 92
15 94
91 42
21 102
37 118
36 116
42 46
94 44
65 49
44 28
2 33
23 101
22 11
16 1
35 26
54 99
28 6
7 28
10 96
10 55
5 3
65 8
75 6
96 33
27 96
90 116
63 33
2 56
9 84
110 1
109 54
96 107
1 2 3 4 5 6 7 8 9 10 11 12 13 14 15 16 17 18 19 20 21 22 23 24 25 26 27 28 29 30 31 32 33 34 35 36 37 38 39 40 41 42 43 44 45 46 47 48 49 50 51 52 53 54 55 56 57 58 59 60 61 62 63 64 65 66 67 68 69 70 71 72 73 74 75 76 77 78 79 80 81 82 83 84 85 86 87 88 89 90 91 92 93 94 95 96
1 1 1 1 1 1 1 1 1 1 1 1 1 1 1 1 1 1 1 1 1 1 1 1 1 1 1 1 1 1 1 1 1 1 1 1 1 1 1 1 7 1 1 1 1 1 1 1 1 1 1 1 1 1 1 1 1 1 1 1 1 1 1 1 1 1 1 5 1 1 1 1 1 1 1 1 1 1 1 1 1 1 1 1 1 1 1 1 1 1 1 1 1 1 1 1
7 31
22 7
73 8
52 78
27 50
17 63
70 78
29 43
54 38
87 5
69 12
83 65
24 84
91 41
81 61
49 8
23 30
23 94
40 26
92 13
58 69
8 27
52 95
93 70
83 10
42 36
86 90
43 23
69 28
42 59
89 23
81 32
53 36
61 35
53 66
82 57
57 14
94 90
93 85
20 64
26 46
10 15
42 57
34 80
47 34
38 24
47 79
10 46
45 90
60 90
1 13
67 1
93 35
58 7
55 63
75 53
3 21
42 61
11 52
39 40
68 5
61 11
43 58
9 53
72 10
7 27
26 69
37 78
62 27
69 96
35 13
21 65
43 78
38 61
71 25
88 70
66 19
20 61
69 13
42 23
27 93
61 67
87 16
4 94
93 34
65 81
38 56
8 19
6 12
21 71
35 63
5 59
48 37
57 86
79 76
8 66
36 91
79 51
1 18
79 38
36 44
81 33
77 90
2 78
35 12
10 74
38 6
96 573
45 29 14 91 45 24 52 6 12 25 84 62 80 73 36 15 1 54 62 9 75 81 34 96 64 80 83 44 51 45 21 71 30 69 85 50 93 25 33 48 17 81 76 9 94 52 44 41 13 17 27 30 42 58 25 94 71 36 8 94 88 40 78 59 53 4 23 21 27 91 81 16 75 49 14 50 41 80 70 7 31 6 50 64 23 36 18 79 69 64 8 76 59 20 26 20
1 1 1 1 1 1 1 1 1 1 1 1 1 1 1 1 1 1 1 1 1 1 1 1 1 1 1 1 1 1 1 1 1 1 1 1 1 1 1 1 1 1 1 1 1 1 1 1 1 1 1 1 1 1 1 1 1 1 1 1 1 1 1 1 1 1 1 1 1 1 1 1 1 1 1 1 1 1 1 1 1 1 1 1 1 1 1 1 1 1 1 1 1 1 1 1
68 52
20 56
69 43
14 23
22 60
13 1
2 65
86 57
38 77
6 38
90 82
48 17
48 28
38 49
49 3
28 55
50 25
18 27
28 47
48 55
7 37
29 35
65 67
79 44
20 6
63 56
78 82
92 34
25 32
48 35
38 22
52 82
90 31
87 52
7 29
87 45
80 64
11 82
62 78
45 44
89 51
54 67
17 50
21 6
96 14
84 3
88 95
82 35
82 1
88 90
56 19
13 6
31 27
43 4
72 66
93 7
82 84
16 45
43 50
11 73
82 62
92 32
53 12
72 13
1 32
19 66
48 94
59 37
91 22
38 39
37 96
42 4
32 18
50 15
50 33
58 82
46 33
39 33
42 71
48 16
47 84
64 14
85 42
39 5
39 82
14 30
64 94
37 15
85 34
96 42
22 80
62 13
71 67
26 82
48 96
26 95
87 82
2 82
30 44
53 28
82 68
30 83
1 17
71 35
2 16
92 63
40 56
71 19
59 13
77 48
32 59
67 76
72 82
82 48
26 41
53 48
50 48
89 46
36 21
43 8
46 42
81 21
69 65
36 6
19 1
95 47
72 32
68 65
35 78
80 13
82 17
50 70
82 28
51 94
70 2
63 73
64 82
82 46
44 48
88 85
63 68
31 82
10 42
82 73
82 70
46 69
9 38
9 75
32 65
2 26
62 38
18 82
44 13
82 76
31 84
57 43
38 30
73 6
84 10
49 37
25 2
26 44
14 2
1 8
59 47
82 59
60 89
50 64
40 84
82 5
91 49
56 8
27 6
55 47
74 65
41 87
72 26
85 90
42 82
57 19
8 60
10 18
30 28
62 3
50 79
6 82
29 34
67 18
12 37
56 70
62 79
46 95
16 40
45 51
29 52
22 88
81 57
20 13
79 82
19 5
79 45
30 82
33 84
91 82
73 13
43 82
62 42
94 82
8 77
57 41
5 42
66 45
82 24
36 82
49 82
44 23
75 26
88 43
93 52
20 27
82 75
47 82
44 22
8 25
38 57
47 25
62 54
9 17
15 66
16 72
92 41
29 90
66 13
14 82
74 42
8 10
72 56
95 82
50 82
72 46
19 27
37 29
55 32
15 64
19 7
21 45
96 27
81 5
95 72
55 96
37 83
89 45
86 29
67 84
69 89
84 46
65 82
63 32
83 8
39 87
73 58
24 21
71 51
24 44
21 82
14 19
88 15
41 10
95 51
6 85
68 44
71 21
49 50
60 47
11 79
26 87
42 52
61 41
82 34
61 49
48 75
56 82
92 51
84 12
70 1
66 82
82 15
63 8
88 28
80 95
82 13
82 83
28 68
84 32
85 82
51 14
49 52
77 82
40 67
36 48
7 4
82 96
31 73
91 62
22 83
90 62
42 91
12 46
73 14
82 51
10 82
78 14
82 27
48 91
44 19
23 29
12 82
43 54
39 71
42 81
40 25
5 13
86 22
23 19
11 92
13 63
24 20
82 37
40 82
24 79
82 32
57 11
13 75
86 7
57 53
55 77
55 24
52 21
3 42
14 31
89 80
64 46
27 45
70 92
86 59
13 10
47 33
82 57
55 68
82 86
2 72
95 53
45 25
37 66
15 34
58 35
51 58
61 67
8 31
1 27
90 14
61 82
64 83
29 82
35 91
63 39
24 14
21 3
23 82
88 6
78 72
55 82
21 87
73 55
63 42
82 41
31 51
3 29
54 17
93 68
69 83
9 82
7 82
23 62
82 60
45 90
19 49
83 79
82 3
67 48
44 87
16 73
9 50
79 26
91 38
96 72
25 5
82 38
69 82
93 82
67 72
30 25
95 52
58 11
31 91
18 53
25 51
49 74
17 81
44 37
79 22
66 27
6 45
82 53
41 43
26 50
86 63
30 67
41 28
2 33
41 17
38 71
33 15
46 8
68 7
51 84
88 82
59 9
62 31
10 16
80 82
31 48
70 68
72 54
70 38
13 12
49 34
15 95
82 45
82 25
54 22
20 93
41 76
81 82
10 89
95 41
21 5
48 68
44 58
14 33
77 43
13 67
75 38
85 22
16 67
47 31
46 93
63 40
57 22
16 33
45 67
25 42
65 42
92 15
34 26
83 24
96 22
73 71
83 85
33 92
16 43
30 55
82 67
5 37
4 82
31 20
79 35
24 62
22 39
19 82
24 19
36 35
32 41
82 54
10 53
63 82
17 5
74 82
96 87
87 1
2 10
4 81
52 37
1 74
1 86
35 81
17 4
69 5
49 46
63 90
55 13
82 20
11 51
32 4
71 82
28 37
44 35
66 41
87 11
72 24
80 61
71 76
24 33
78 11
95 70
57 18
83 41
39 6
82 8
74 15
87 12
55 22
45 30
46 26
22 82
96 92
39 48
2 57
26 45
35 76
75 17
67 69
89 82
81 52
64 77
93 64
51 75
38 85
16 82
96 63
87 7
54 77
11 88
33 3
8 55
7 40
44 57
43 96
17 13
72 88
50 13
31 38
34 83
48 1
60 20
25 78
71 7
22 34
18 48
94 24
45 72
85 56
16 49
82 33
72 81
39 17
82 44
10 37
30 15
23 57
65 64
82 92
89 92
107 2730
26 55 15 95 32 52 85 92 55 104 101 76 43 3 41 36 24 13 89 85 17 37 13 67 45 73 30 48 91 38 45 33 68 2 36 101 22 75 14 6 27 95 70 20 53 73 2 14 68 32 2 18 67 14 69 39 20 25 99 98 73 30 46 102 88 107 7 86 60 82 91 42 20 90 103 26 83 100 81 102 73 68 94 105 46 85 78 71 92 47 48 20 28 91 92 23 64 37 4 36 66 72 103 63 8 70 91
2 2 2 2 2 2 2 2 2 2 2 2 2 2 2 2 2 2 2 2 2 2 2 2 2 2 2 2 2 2 2 2 2 2 2 2 2 2 2 2 2 2 2 2 2 2 2 2 2 2 2 2 2 2 2 2 2 2 2 2 2 2 2 2 2 2 2 2 2 2 2 2 2 2 2 2 2 2 2 2 2 2 2 2 2 2 2 2 2 2 2 2 2 2 2 2 2 2 2 2 2 2 2 2 2 2 2
50 41
61 94
104 62
66 11
24 40
47 66
34 67
34 74
104 83
105 3
77 107
16 72
40 18
41 99
78 91
67 53
74 13
47 65
87 102
68 42
107 53
92 55
29 15
98 85
25 74
6 72
15 98
23 74
13 60
22 37
73 3
40 107
7 38
79 82
85 72
61 58
93 20
26 29
19 81
57 38
91 95
74 97
72 84
54 65
65 89
94 54
35 72
63 5
86 46
34 77
50 57
22 55
88 47
8 27
24 54
106 8
46 63
66 79
95 99
95 38
47 27
8 64
70 56
35 65
9 37
32 19
91 50
50 29
58 17
75 55
34 107
64 6
6 77
25 70
82 8
56 50
39 30
11 60
18 42
19 72
20 21
72 47
55 89
14 74
74 89
34 99
100 6
31 95
76 52
90 30
12 30
102 98
58 50
65 30
76 86
52 99
62 51
6 7
13 92
105 74
67 14
66 91
1 62
33 35
80 79
9 78
102 1
16 37
88 23
73 38
55 64
97 44
79 101
1 24
89 11
102 86
30 94
92 64
55 45
91 7
73 21
47 11
67 63
102 4
100 85
18 35
46 74
80 52
88 1
53 24
30 92
14 98
2 71
47 2
45 95
102 33
101 105
33 48
44 9
14 16
52 101
76 15
19 96
94 75
36 81
90 63
68 13
97 58
74 82
1 34
81 32
30 10
6 44
61 76
42 26
20 89
1 48
29 37
13 43
36 4
21 101
41 98
32 104
46 106
106 96
71 25
44 7
97 94
78 5
44 47
55 48
15 57
37 98
14 30
38 79
58 70
83 52
14 24
81 50
12 39
89 47
44 73
19 49
45 71
71 19
83 96
89 12
65 19
82 73
10 56
89 63
64 90
98 29
105 7
2 12
32 41
107 71
78 81
86 65
36 5
2 96
17 55
3 49
19 3
34 58
100 105
8 67
41 74
12 98
85 94
6 18
70 74
28 79
52 41
80 56
50 70
53 64
14 71
9 54
69 10
48 43
6 94
30 75
89 42
14 1
7 87
76 2
79 3
17 16
4 45
2 61
33 32
60 17
43 10
91 13
72 49
106 1
91 64
66 18
31 42
65 1
3 77
97 4
102 46
36 30
34 13
86 37
79 100
13 55
1 94
53 40
82 56
103 56
98 5
4 17
24 32
32 16
102 27
1 58
35 22
17 47
92 62
80 60
4 73
29 76
96 14
44 3
74 16
61 103
97 9
13 4
65 37
86 77
20 22
99 1
4 78
81 86
55 76
55 11
7 57
6 19
17 80
28 6
105 75
71 23
85 66
103 17
10 46
24 34
56 87
76 36
49 79
103 46
80 1
44 81
92 32
101 98
6 38
56 73
21 86
76 87
107 10
23 105
36 3
5 27
76 16
32 72
49 92
90 105
31 90
104 34
26 102
86 18
35 94
15 86
89 25
28 16
87 107
24 63
2 63
27 77
79 84
24 26
86 93
2 52
100 83
46 4
75 74
3 38
44 36
39 16
91 68
41 29
37 91
4 30
61 100
51 17
20 55
81 84
92 46
106 73
92 45
96 3
44 80
4 84
80 83
55 50
48 36
78 75
36 59
54 2
10 65
52 26
16 54
86 8
27 89
38 51
99 50
66 101
99 86
22 18
74 96
95 65
21 47
20 101
56 18
97 13
52 106
33 85
41 31
49 88
17 65
80 8
73 54
30 85
57 4
24 77
105 77
80 99
7 37
55 95
105 107
41 5
90 77
89 22
20 70
57 76
104 72
36 100
82 68
71 92
22 74
67 58
40 84
17 14
3 20
18 64
107 102
38 14
14 37
28 62
105 55
63 80
95 2
106 11
28 68
55 82
20 27
104 12
19 94
66 35
59 61
73 2
14 9
13 25
104 84
68 83
27 46
96 22
60 87
60 45
27 29
107 18
85 43
77 7
91 77
102 37
73 80
66 33
74 29
10 103
44 58
71 40
86 97
91 8
18 13
58 9
89 69
22 25
75 95
102 52
63 31
51 105
14 75
49 35
107 92
63 54
50 45
15 97
22 17
73 16
47 82
59 79
30 6
24 7
66 62
82 96
3 50
85 1
39 73
85 4
101 74
26 94
91 11
5 96
43 95
1 74
21 100
45 9
70 48
35 56
14 72
88 64
42 25
21 87
10 41
65 50
62 12
59 99
9 70
38 74
37 8
92 75
48 94
42 12
75 98
60 67
21 41
63 49
35 39
35 28
80 84
64 98
94 96
83 42
58 63
59 92
92 24
53 23
39 46
105 79
9 26
8 28
63 28
26 93
2 85
102 70
81 87
24 59
101 10
46 7
9 65
105 38
70 55
38 33
77 96
82 20
51 32
73 7
37 85
6 9
82 35
98 103
19 1
90 9
55 15
15 87
103 100
8 18
65 90
11 103
104 68
1 11
50 72
9 91
56 23
45 82
71 1
64 17
42 90
26 61
28 100
47 71
39 101
65 45
74 78
96 59
64 106
12 71
6 26
94 100
100 80
104 90
52 64
84 5
57 8
29 65
47 61
48 61
51 12
88 94
13 12
18 27
7 42
65 64
39 88
103 13
65 104
107 27
10 33
51 52
8 6
77 22
32 1
92 104
14 34
14 31
20 106
44 49
63 87
66 4
86 52
88 22
103 87
59 87
30 64
55 65
25 34
79 45
75 35
50 101
60 25
83 1
42 49
76 71
58 56
97 92
14 102
103 94
75 25
82 41
33 86
66 67
58 51
24 60
71 87
30 96
34 50
7 32
9 55
1 73
36 33
91 90
86 20
49 22
89 83
20 46
16 30
67 44
64 56
29 58
45 72
88 50
41 67
60 47
98 90
75 79
60 2
102 62
28 34
98 32
81 42
67 18
28 58
40 80
107 44
35 3
71 9
36 91
4 51
75 82
10 86
33 41
5 61
66 98
76 88
12 61
17 24
36 42
68 78
60 96
62 60
63 62
81 9
1 17
91 60
29 9
7 72
32 25
21 49
51 84
28 19
25 35
17 62
91 103
86 19
11 13
51 85
58 62
101 29
56 101
14 76
44 86
103 44
89 45
105 84
51 86
100 1
42 67
58 6
11 42
6 2
70 63
2 70
73 99
52 50
53 2
89 68
25 54
75 101
69 15
11 3
8 94
3 43
13 107
99 58
27 2
22 26
104 1
95 97
10 3
3 21
37 41
96 52
102 56
41 73
77 5
64 93
65 63
21 18
80 69
65 87
66 3
84 27
23 40
65 60
27 98
63 77
7 55
16 20
36 40
13 100
93 46
6 39
16 22
106 63
36 34
36 12
13 62
89 53
8 1
13 31
53 98
12 37
30 102
4 32
65 74
87 80
17 63
91 2
2 97
2 105
57 18
55 100
71 53
41 105
9 84
14 93
15 68
55 68
15 47
62 85
106 62
83 87
46 51
60 18
64 107
101 93
79 41
76 7
85 104
24 39
43 45
72 78
45 103
14 52
93 41
76 82
51 50
68 49
33 99
32 37
81 24
24 4
66 17
39 18
87 73
44 25
49 67
101 86
44 48
87 58
49 91
95 72
47 6
107 86
59 88
30 22
34 86
74 10
8 90
23 69
58 77
66 93
92 85
96 88
64 68
11 24
36 74
105 37
74 26
34 11
38 70
83 35
6 13
102 103
87 12
9 64
11 95
52 84
62 79
5 37
23 31
49 33
4 106
75 40
22 66
79 33
5 19
75 64
59 74
101 87
103 2
19 100
56 48
10 9
47 68
28 22
8 58
105 40
29 17
88 37
62 38
107 19
94 41
97 6
2 14
49 9
66 8
104 54
19 63
5 52
5 79
83 46
3 42
103 68
76 46
97 102
18 45
48 35
62 98
26 103
105 45
15 58
57 73
8 92
71 54
91 93
25 1
40 44
1 29
4 100
79 46
101 77
15 103
32 3
99 60
99 100
16 77
44 46
83 50
62 32
84 24
14 63
104 73
86 72
4 6
38 39
101 59
40 106
75 100
83 12
33 23
20 68
64 61
100 54
60 105
9 73
44 29
50 13
43 97
22 76
50 12
35 69
15 3
77 60
31 11
12 57
105 35
20 32
46 89
29 60
72 9
70 75
52 11
79 36
10 25
93 107
84 78
77 49
94 70
103 93
56 86
41 96
6 40
74 69
22 70
100 51
53 82
27 87
70 24
34 30
77 55
36 19
88 78
5 106
51 94
104 27
101 27
36 32
15 18
12 3
22 63
97 81
46 41
107 24
103 5
46 56
99 82
82 89
34 101
72 75
24 8
46 94
76 50
81 14
43 1
48 76
20 10
99 53
58 20
45 80
42 72
22 62
26 99
42 99
75 41
5 70
76 39
12 72
83 90
54 31
31 106
48 31
45 11
77 42
46 69
44 43
58 89
75 12
4 3
38 17
36 21
63 12
56 9
79 51
74 95
18 65
79 26
25 4
94 74
59 62
32 83
105 44
11 97
31 107
87 42
5 89
107 70
81 23
90 100
68 46
7 2
66 44
54 61
3 40
97 61
19 44
1 87
42 13
53 78
15 81
100 5
76 102
79 90
7 93
75 107
37 48
31 97
54 35
82 67
98 88
52 49
29 87
39 96
56 28
14 29
38 4
51 18
105 64
97 1
106 66
34 48
17 71
64 22
31 94
18 98
66 90
59 64
62 19
50 15
92 81
9 12
73 93
83 25
44 45
23 58
12 1
63 52
56 39
43 58
71 59
34 46
107 55
99 101
14 41
96 9
104 95
29 33
54 75
4 40
99 70
99 104
44 68
56 83
66 15
8 52
26 32
101 84
57 72
54 44
54 84
3 7
48 85
81 68
46 23
82 83
7 83
85 31
77 75
68 34
14 39
30 33
16 31
28 96
32 94
60 106
84 60
55 80
96 63
61 36
87 99
6 66
95 103
58 36
91 34
72 18
76 98
72 27
40 49
81 28
57 82
1 84
29 10
45 10
7 23
86 64
19 48
39 4
23 72
76 78
70 72
17 67
10 13
70 65
106 85
32 58
43 84
103 69
98 68
8 59
90 21
66 28
50 48
76 91
48 54
20 72
69 55
102 3
78 17
92 35
74 3
65 58
11 78
16 103
38 104
85 78
66 74
16 55
71 77
26 55
18 78
87 106
27 69
88 31
74 62
69 100
38 45
70 57
78 27
98 107
95 32
103 83
86 84
59 77
82 5
98 25
58 53
7 49
43 89
4 5
53 46
33 64
8 14
60 104
10 34
85 46
4 74
85 15
88 100
50 25
27 99
65 97
70 14
22 1
105 50
54 99
77 104
102 35
84 67
23 90
56 90
2 26
50 98
51 8
51 39
51 75
3 58
23 10
80 91
11 6
51 53
49 76
10 96
102 95
77 99
13 9
6 56
33 43
42 24
10 77
10 88
79 37
43 67
67 24
13 106
107 78
2 31
54 76
69 34
78 82
12 80
79 77
44 50
2 59
91 41
42 1
22 80
34 55
92 40
88 12
56 107
106 91
81 107
7 51
92 7
70 13
36 1
89 35
26 30
11 37
18 89
62 80
101 60
44 22
52 69
61 4
68 25
96 79
75 58
89 60
53 77
55 97
95 93
82 11
84 96
89 4
103 50
6 90
79 32
20 99
46 14
84 55
85 13
46 18
22 4
82 6
40 50
42 43
43 24
28 29
38 52
40 89
69 45
103 59
54 83
68 58
29 89
107 45
4 33
51 76
11 99
100 104
34 40
68 18
32 6
31 72
32 42
51 1
60 30
56 12
75 106
68 92
36 45
8 26
47 3
58 37
88 87
77 41
52 91
30 28
50 93
37 95
59 91
30 77
62 18
82 66
50 47
80 94
101 43
64 47
4 43
16 23
103 24
32 39
79 4
64 69
24 2
44 8
64 23
43 28
46 66
42 22
27 94
74 19
80 30
6 25
2 94
13 26
22 92
50 60
102 5
87 26
2 11
2 33
92 100
102 58
42 64
88 6
88 60
85 38
66 21
102 32
103 74
10 53
26 28
38 42
13 72
93 32
62 87
105 69
58 2
38 100
35 96
68 94
17 99
95 33
3 71
83 73
15 67
38 63
49 103
45 94
67 55
18 9
80 105
9 105
63 35
81 103
37 89
84 12
16 24
2 106
21 56
48 13
100 8
51 80
86 53
86 90
45 33
87 5
87 32
7 54
6 104
2 66
24 30
81 82
70 32
30 35
47 45
29 46
88 74
40 79
24 45
7 86
106 74
47 46
90 52
69 60
40 86
54 8
99 43
46 71
19 85
37 66
84 61
30 82
93 74
19 31
82 38
87 75
72 83
74 24
60 82
9 57
71 100
48 104
87 17
12 107
41 39
4 94
60 74
28 88
8 32
89 7
92 94
16 75
69 61
40 103
51 42
64 13
95 64
64 60
92 89
9 104
105 57
85 91
98 30
17 26
27 86
6 75
52 30
3 64
48 59
75 47
71 49
102 80
76 4
95 46
29 96
19 46
92 60
8 83
65 68
11 4
67 65
40 37
71 65
71 96
31 22
96 43
6 50
56 71
96 33
67 93
105 22
86 63
22 91
82 48
63 1
20 69
85 50
57 42
21 37
5 67
59 40
79 54
20 41
1 18
7 95
87 9
83 102
52 70
101 32
17 53
34 38
25 78
33 106
56 37
34 31
25 20
91 83
28 104
61 49
80 42
49 70
6 10
94 21
96 27
106 95
106 22
31 45
102 88
22 68
95 83
32 53
101 12
105 19
79 13
95 24
88 40
26 27
57 28
2 102
62 5
93 97
10 4
35 53
22 46
24 61
68 1
15 96
42 33
29 97
10 12
50 18
54 36
84 93
34 15
67 61
3 106
68 60
68 23
47 49
100 35
10 17
47 42
11 56
97 68
28 67
78 64
81 106
52 47
64 24
4 7
64 62
35 41
17 18
107 29
82 49
36 29
4 47
101 40
28 45
47 9
14 13
22 83
92 41
91 43
83 84
63 101
73 31
87 100
27 49
96 13
72 52
51 83
87 35
39 34
39 15
102 22
37 81
82 59
69 43
15 51
66 13
8 65
12 38
92 96
73 37
4 90
11 92
14 55
33 55
31 68
43 37
13 57
2 25
50 42
71 74
7 53
40 65
32 18
7 39
76 67
26 89
68 106
61 18
48 2
93 71
34 63
42 8
39 33
10 94
9 40
1 44
72 82
38 15
48 5
91 20
23 21
101 5
43 66
44 95
11 88
42 29
11 43
48 79
49 81
67 95
100 45
49 66
66 86
81 55
80 61
17 56
68 71
89 39
7 52
80 97
38 55
44 2
78 15
51 106
37 92
12 96
46 52
19 26
17 88
62 84
70 34
93 19
103 35
42 85
8 69
90 37
97 10
88 32
21 105
63 79
55 83
8 10
71 86
106 55
28 1
37 30
31 21
45 8
21 50
65 73
21 65
81 93
20 1
88 90
3 99
106 16
11 90
47 94
27 92
82 85
33 67
56 59
81 13
62 89
51 65
36 9
94 76
16 56
84 74
19 101
23 9
11 12
16 94
15 62
45 16
27 70
61 85
81 79
38 97
93 76
100 96
60 44
97 30
10 67
39 31
73 86
76 90
57 99
78 92
73 20
64 77
39 13
107 28
6 16
27 63
69 54
80 21
59 21
100 53
81 94
81 62
44 76
65 53
53 18
23 48
51 26
40 35
2 49
72 107
35 42
38 80
97 35
100 11
98 22
94 79
75 45
8 99
95 80
90 68
65 28
92 87
44 42
37 70
100 93
33 76
39 44
44 52
74 51
54 86
87 13
20 33
5 93
104 46
40 66
25 103
55 93
18 99
2 51
11 33
73 53
40 85
106 12
105 98
80 37
55 36
98 104
95 23
95 105
76 32
92 74
59 26
78 62
55 32
78 50
102 54
38 53
19 98
15 27
96 65
60 34
14 97
106 25
82 23
36 6
86 89
23 35
105 18
21 81
46 24
9 69
78 41
105 26
21 64
68 12
39 59
23 36
1 76
25 27
71 81
43 15
90 13
84 100
46 3
98 89
38 5
64 50
88 8
20 53
10 36
56 34
36 63
76 101
1 54
90 95
25 39
33 57
97 7
61 72
30 54
54 62
88 56
91 62
23 11
25 66
93 48
104 103
9 66
64 19
30 107
82 24
72 37
84 103
98 97
82 86
65 7
23 103
90 107
103 79
103 101
45 90
59 19
104 13
81 31
4 77
59 78
76 10
24 89
48 6
43 56
36 41
60 4
16 79
41 23
95 36
21 30
71 90
103 8
49 55
63 93
104 30
97 88
12 99
107 51
107 94
27 45
23 87
99 72
87 89
58 84
103 20
74 98
78 94
36 92
17 90
98 65
1 64
62 49
107 39
30 38
72 17
41 44
53 26
87 93
38 102
74 64
96 107
86 79
32 11
19 52
79 56
77 35
55 57
67 30
43 76
36 89
31 65
2 10
24 87
78 23
30 8
68 27
97 26
41 66
106 50
71 10
36 99
98 56
94 33
91 100
41 7
64 79
48 92
75 33
42 71
83 74
41 71
21 68
90 49
34 103
45 53
57 71
94 57
63 44
3 53
98 91
71 60
8 70
82 9
70 82
104 102
50 102
102 82
106 59
8 101
6 79
45 5
8 62
73 18
95 96
7 107
81 27
26 12
71 58
95 28
99 48
57 80
106 27
43 47
76 28
42 59
52 10
3 83
5 6
71 7
7 82
21 42
98 23
5 97
1 4
91 65
46 78
5 42
48 46
13 89
36 43
31 84
49 54
44 100
57 79
107 8
34 42
94 25
31 71
71 24
61 30
89 107
13 5
59 30
38 16
102 44
80 49
78 35
44 85
105 15
7 61
40 60
55 6
7 16
69 30
49 96
68 51
30 19
17 73
82 21
70 6
7 58
44 15
33 58
33 73
80 75
4 88
76 84
28 89
51 34
36 82
32 96
69 96
85 35
10 66
23 86
34 100
56 49
52 67
38 23
2 50
61 3
16 5
24 100
69 58
57 23
85 58
77 48
65 14
102 72
59 22
60 5
103 72
34 53
56 25
5 105
1 91
2 23
74 44
27 66
2 69
94 12
52 3
70 84
70 10
59 73
61 14
9 76
19 41
47 25
20 40
88 80
15 88
29 18
92 77
88 48
71 52
83 66
82 42
70 89
5 47
4 81
41 56
100 16
49 8
89 76
51 82
3 8
12 29
104 15
101 57
20 60
21 4
28 50
90 10
7 14
88 35
59 75
7 15
14 48
40 96
88 82
64 49
99 66
41 83
15 17
93 70
58 41
87 72
26 82
87 45
46 45
13 61
75 66
82 97
12 44
8 76
29 3
30 66
69 78
107 47
83 26
16 43
37 36
59 23
4 34
86 103
101 72
58 91
19 55
3 24
106 82
38 75
79 29
71 75
41 76
44 89
56 27
83 48
99 23
57 34
32 103
67 51
49 37
1 38
79 18
43 98
25 93
99 22
74 8
48 51
30 44
29 77
64 31
97 69
41 68
10 49
20 97
28 101
35 51
75 8
87 69
16 10
51 104
76 34
43 80
21 34
79 83
76 58
1 39
62 53
106 58
94 60
78 70
53 50
41 25
10 18
89 84
24 78
82 92
55 39
16 64
100 98
27 55
24 56
28 98
51 64
39 72
53 52
3 60
73 97
29 11
50 8
72 67
104 49
82 52
63 11
20 34
47 23
37 71
27 13
104 96
53 94
58 24
103 58
38 27
103 6
25 96
100 25
55 28
78 39
98 48
83 93
77 33
16 11
51 5
1 105
43 81
106 10
2 107
92 86
47 100
2 29
48 96
2 21
51 28
77 21
75 20
60 23
59 10
87 84
21 88
39 75
92 57
72 97
32 71
69 106
39 77
2 89
20 14
78 93
5 88
41 3
86 55
96 4
97 25
35 11
16 8
86 6
23 14
38 88
37 100
79 69
9 79
53 16
96 16
33 72
77 82
39 57
91 70
75 103
43 17
64 20
22 39
101 64
71 44
44 82
65 84
88 36
20 45
26 101
98 92
18 4
46 88
15 74
40 21
84 18
53 83
76 96
2 100
38 29
54 107
79 67
28 106
82 1
26 35
26 39
105 47
89 23
87 36
20 95
80 98
4 62
52 12
88 85
92 25
5 83
98 94
79 68
92 90
32 38
24 90
81 101
97 100
23 100
49 25
41 70
6 1
26 21
103 30
22 57
82 69
50 33
56 72
33 47
25 17
19 39
83 71
41 107
48 10
66 92
2 39
54 91
24 50
15 48
13 49
54 88
53 88
44 20
22 101
101 18
70 47
73 107
38 11
79 10
27 6
56 66
50 97
1 92
23 50
69 94
24 25
60 32
72 15
32 107
18 34
14 86
97 3
53 61
68 62
74 7
56 14
59 68
48 38
30 71
63 83
15 30
97 60
60 78
28 47
93 82
3 34
30 46
2 56
39 21
23 27
87 61
64 81
39 37
33 13
59 84
57 46
79 70
97 46
63 61
75 62
42 106
10 100
7 10
62 76
38 46
55 99
86 57
59 44
48 18
46 75
21 14
41 1
75 18
101 49
83 97
35 43
13 30
97 70
82 80
64 82
90 47
28 48
17 30
82 27
68 84
86 91
75 7
47 57
7 100
20 38
82 62
89 104
77 37
78 14
13 54
61 37
92 76
12 58
99 63
48 57
64 96
65 34
46 33
17 82
43 106
71 8
59 69
56 92
99 6
14 106
16 42
11 58
67 19
12 45
10 50
35 10
7 40
62 31
22 2
72 81
66 61
35 46
38 9
51 43
3 90
39 104
9 39
31 67
54 47
23 3
36 62
8 77
84 41
90 16
85 103
43 83
22 10
88 19
53 4
9 63
71 101
8 89
44 65
55 60
43 74
40 30
90 50
78 38
86 42
93 27
26 71
49 83
101 55
12 82
60 93
6 76
105 72
17 91
102 90
62 96
41 11
71 94
14 22
3 88
53 57
11 26
27 95
36 53
5 31
36 73
23 19
71 21
54 92
44 72
38 47
29 31
2 40
32 97
103 92
3 6
36 35
78 19
89 51
54 56
67 59
37 64
6 52
27 17
90 97
26 98
4 72
77 15
11 98
19 20
73 68
11 96
22 12
69 49
58 54
17 12
58 98
11 39
87 37
25 18
62 88
75 50
14 103
80 71
5 9
29 62
2 35
32 21
53 63
46 91
23 97
32 66
12 102
74 79
10 93
92 18
7 31
8 96
42 102
50 27
82 98
102 85
40 64
94 42
4 64
91 26
17 39
34 81
86 58
53 104
14 95
102 49
82 28
14 3
40 29
65 25
64 29
85 77
30 47
65 99
12 19
18 54
103 28
9 46
105 68
17 83
87 70
39 49
10 24
98 40
7 106
4 58
56 105
28 83
52 59
80 86
36 28
88 18
4 41
70 71
107 25
49 73
45 32
44 64
87 6
77 76
37 25
39 91
59 37
23 65
54 27
51 63
36 69
49 17
82 4
104 8
22 6
6 74
79 85
40 63
54 52
68 57
18 91
30 50
26 20
65 61
10 78
14 100
88 33
46 40
48 95
77 14
87 47
13 75
100 57
70 44
15 89
52 13
1 60
62 37
34 16
17 36
104 31
80 29
67 16
60 57
47 95
103 39
48 25
48 66
99 32
57 93
39 20
58 10
82 94
39 66
76 100
25 8
68 61
51 20
46 65
48 74
31 86
89 17
42 103
47 92
1 35
41 9
22 7
12 73
85 74
35 34
73 5
21 11
97 71
11 62
59 1
50 61
86 60
61 93
16 21
38 89
86 11
91 19
76 26
87 10
10 19
98 93
6 29
91 67
42 30
81 60
93 24
8 72
5 29
43 57
46 84
85 22
54 37
6 31
83 23
78 29
57 54
17 32
9 2
91 84
97 96
9 19
14 35
3 75
67 70
72 88
91 57
18 30
27 100
74 61
92 20
41 106
11 61
23 43
75 60
28 10
83 81
16 98
30 29
95 63
4 104
12 14
59 25
99 103
8 17
65 24
100 20
59 58
52 87
10 32
75 83
40 61
10 27
89 81
39 70
79 35
88 44
18 2
97 57
19 14
41 22
63 94
19 51
41 34
12 86
36 47
55 21
2 8
16 1
106 36
76 31
6 83
93 106
43 105
54 101
45 17
64 54
5 53
73 62
35 44
102 100
33 37
77 12
1 89
85 96
41 97
24 35
88 79
81 47
92 67
80 24
98 60
78 87
52 33
102 13
69 11
14 60
80 26
32 14
72 10
75 28
56 44
65 3
104 24
20 61
32 13
56 74
64 100
22 50
71 82
27 33
5 104
15 11
46 77
28 86
26 86
106 29
92 88
90 1
65 94
84 503
1 2 3 4 5 6 7 8 9 10 11 12 13 14 15 16 17 18 19 20 21 22 23 24 25 26 27 28 29 30 31 32 33 34 35 36 37 38 39 40 41 42 43 44 45 46 47 48 49 50 51 52 53 54 55 56 57 58 59 60 61 62 63 64 65 66 67 68 69 70 71 72 73 74 75 76 77 78 79 80 81 82 83 84
1 1 1 1 1 1 1 1 1 1 1 1 1 1 1 1 1 1 1 1 1 1 1 1 1 1 1 1 1 1 1 1 1 1 1 1 1 1 1 1 1 1 1 1 1 1 1 45 1 1 1 1 1 1 1 1 1 1 1 1 1 1 1 1 1 1 1 1 1 1 1 1 1 1 1 1 1 1 1 1 1 1 1 1
7 29
39 59
14 72
71 36
8 17
52 63
55 84
83 30
33 58
16 28
13 37
5 13
19 61
35 43
4 5
23 68
81 6
80 17
42 22
10 35
75 27
40 31
53 12
54 46
11 60
82 64
59 25
73 49
64 26
55 61
10 52
71 2
13 53
36 7
35 72
11 50
22 67
20 3
30 69
74 44
78 42
18 79
60 78
67 74
42 50
20 45
68 34
56 19
63 81
72 46
13 26
27 49
12 47
51 79
50 17
72 32
35 58
47 8
23 70
62 50
56 35
16 25
12 40
25 36
4 39
77 3
65 4
58 54
53 45
24 35
84 10
72 33
52 11
33 67
49 23
74 6
4 75
28 58
28 10
72 74
80 50
2 9
81 41
50 23
21 50
49 32
7 8
71 17
22 51
24 25
71 37
1 47
52 65
1 52
38 28
54 41
14 10
47 43
64 12
83 76
19 78
18 28
21 20
45 46
80 64
22 26
58 68
68 79
78 17
7 66
28 75
12 72
7 84
77 67
71 45
82 30
1 30
82 35
40 42
59 31
29 81
52 16
50 59
47 24
52 72
28 61
82 54
46 19
19 66
5 45
25 30
69 60
28 43
28 19
15 50
4 64
27 55
5 74
1 7
82 68
24 67
35 69
25 21
13 20
43 4
78 72
66 6
15 62
40 77
23 59
40 81
31 35
67 23
11 27
23 17
43 39
63 68
60 52
82 71
36 17
31 73
53 29
80 56
56 44
68 13
47 77
77 31
76 21
21 78
69 4
67 43
58 73
47 75
13 18
15 31
54 61
38 80
17 79
26 4
66 83
32 73
80 77
43 1
19 60
33 8
26 18
21 36
73 50
22 60
43 32
49 21
64 62
6 7
58 80
48 19
63 22
54 50
10 26
58 53
5 55
29 61
83 45
51 70
83 71
10 77
26 50
4 16
31 65
79 43
83 13
44 58
42 1
6 16
55 19
7 81
75 13
2 40
27 42
5 7
72 25
84 18
58 41
11 23
1 8
59 15
41 71
33 44
8 40
33 71
38 34
24 30
16 74
84 70
34 35
73 30
25 20
84 8
27 5
52 4
37 45
50 27
69 36
31 21
24 21
40 52
7 37
41 31
58 40
10 1
37 68
72 9
7 56
36 6
57 10
72 77
55 2
22 80
2 60
7 53
25 83
18 61
18 73
40 50
7 77
2 19
81 68
28 67
19 34
50 24
49 82
10 64
2 80
39 47
51 24
30 35
76 27
71 61
18 31
73 56
25 57
18 6
53 51
27 59
65 70
10 78
39 50
12 55
48 46
26 51
5 75
29 37
30 45
10 8
47 36
75 35
28 13
44 83
11 77
45 25
64 22
67 17
50 4
38 64
66 50
61 37
15 20
35 42
48 61
40 5
79 34
81 31
25 14
79 84
45 60
77 5
53 34
76 38
71 80
35 49
47 73
33 76
34 21
11 18
64 37
76 42
10 60
42 15
8 28
47 81
32 74
61 25
44 78
66 4
51 4
26 32
10 7
57 82
8 30
45 42
36 39
4 60
62 84
14 84
60 58
39 62
33 6
80 29
48 65
71 5
26 47
46 64
81 10
65 82
9 27
31 26
78 64
52 39
38 74
54 66
38 71
47 69
27 25
44 39
74 60
19 11
28 30
73 12
49 8
26 30
72 47
39 32
66 67
39 64
64 42
27 19
35 73
33 3
7 75
77 57
65 77
2 74
14 44
12 54
21 67
79 64
38 51
52 48
73 80
24 83
7 51
77 22
26 3
37 80
62 10
57 60
10 74
5 9
58 69
40 4
3 29
76 30
49 80
18 19
15 21
65 43
57 81
75 19
37 69
43 13
63 53
39 37
77 49
20 36
43 66
53 70
56 14
41 27
21 1
33 26
79 14
63 77
35 36
40 66
71 46
68 62
65 63
74 7
43 7
82 58
32 15
18 65
17 40
58 47
73 48
71 12
64 23
16 5
27 7
44 35
65 13
15 25
29 47
9 13
81 8
83 82
12 27
64 70
53 78
55 1
12 35
4 56
34 30
20 69
80 16
61 42
70 80
81 21
48 40
18 12
73 83
22 78
2 47
23 8
76 7
61 7
24 64
77 58
80 26
49 83
54 23
13 16
55 34
44 12
75 1
27 46
75 6
78 29
23 4
71 55
23 53
50 76
16 41
4 34
8 27
19 65
6 41
64 51
26 39
55 69
11 33
70 45
82 2
80 53
39 55
72 84
48 77
16 43
24 19
13 30
77 54
77 9
40 83
69 39
116 598
1 2 3 4 5 6 7 8 9 10 11 12 13 14 15 16 17 18 19 20 21 22 23 24 25 26 27 28 29 30 31 32 33 34 35 36 37 38 39 40 41 42 43 44 45 46 47 48 49 50 51 52 53 54 55 56 57 58 59 60 61 62 63 64 65 66 67 68 69 70 71 72 73 74 75 76 77 78 79 80 81 82 83 84 85 86 87 88 89 90 91 92 93 94 95 96 97 98 99 100 101 102 103 104 105 106 107 108 109 110 111 112 113 114 115 116
1 1 1 1 1 1 1 1 1 1 1 1 1 1 1 1 1 1 1 1 1 1 1 1 1 1 1 1 1 1 1 1 1 1 1 1 1 1 1 1 1 1 1 1 1 1 1 1 1 1 1 1 1 1 1 1 1 1 1 1 1 1 1 1 1 1 1 1 1 1 1 1 1 1 1 1 1 1 1 1 1 1 1 1 1 1 1 1 1 1 1 1 1 1 1 1 1 1 1 1 1 1 1 1 1 1 1 1 1 1 1 1 1 1 1 1
101 80
25 78
14 21
50 88
70 23
41 13
36 73
61 37
103 42
48 72
39 111
114 13
83 76
83 12
11 22
17 19
36 61
48 58
70 114
89 92
62 65
19 106
70 85
99 83
27 3
35 77
103 57
37 82
61 22
46 86
17 93
73 109
56 84
10 95
79 110
85 92
45 71
20 94
16 18
13 95
44 29
56 39
96 79
52 109
97 76
116 32
40 39
1 30
101 42
79 89
11 40
63 42
29 113
52 29
85 43
54 38
35 112
65 43
60 73
50 104
28 27
106 60
15 97
11 25
45 116
78 57
84 103
18 35
40 87
13 74
110 63
116 49
95 2
32 26
50 47
72 103
45 86
21 52
94 50
62 7
3 107
109 111
7 82
116 83
89 110
28 111
89 47
59 98
36 91
30 15
35 47
12 28
13 54
22 28
106 43
59 94
44 12
81 88
76 87
54 14
107 18
95 40
12 70
82 39
44 113
30 44
105 50
37 46
60 10
46 94
3 103
22 42
93 11
89 40
41 37
99 103
25 101
33 102
11 57
100 17
22 83
45 43
77 21
59 36
39 47
32 63
28 107
116 111
36 56
93 63
31 94
31 34
97 53
35 71
48 26
41 51
38 16
57 91
71 69
83 16
114 111
61 88
96 102
7 5
98 13
98 18
48 100
28 32
19 52
105 56
14 60
51 12
14 25
116 106
49 48
72 44
115 36
107 75
100 63
21 96
3 67
88 106
98 48
99 113
11 100
58 56
33 103
14 5
55 98
99 55
84 67
28 42
115 19
43 112
16 105
44 85
22 95
77 116
61 68
48 56
46 27
106 114
100 95
57 102
2 98
14 32
60 48
53 98
4 88
49 106
93 52
70 20
8 9
109 40
62 86
83 68
34 82
12 14
31 29
73 8
29 72
72 112
104 52
26 28
72 55
72 9
23 97
41 90
11 17
12 80
85 5
27 103
6 55
93 36
91 48
78 72
113 15
22 10
21 39
4 69
111 8
85 23
49 44
99 81
112 105
8 3
92 5
52 51
6 87
50 12
51 10
79 57
94 87
35 62
2 75
92 13
108 4
64 30
20 82
89 11
99 39
25 55
2 83
28 89
60 81
62 9
74 103
27 52
80 82
77 106
102 27
37 7
56 112
89 82
42 99
65 24
39 36
52 60
67 1
13 73
65 89
116 94
49 65
60 114
46 11
35 31
48 36
43 4
18 12
16 21
34 22
97 16
47 83
93 48
17 84
110 103
34 1
26 97
93 73
36 9
5 106
59 33
98 100
98 3
30 88
76 85
52 2
79 39
105 79
81 42
14 104
101 111
25 81
25 111
20 55
68 23
42 72
47 63
16 79
11 87
67 116
54 106
14 28
1 38
90 95
23 34
69 94
23 95
46 81
15 73
43 91
34 70
3 106
98 29
46 43
38 110
91 71
71 11
42 43
25 53
12 106
13 59
19 24
85 32
94 7
78 54
6 27
107 78
115 37
1 60
3 31
48 13
24 15
91 110
105 45
73 95
113 24
7 25
40 106
80 83
22 106
47 87
114 86
72 88
60 113
72 49
99 89
84 6
61 13
65 111
35 48
82 14
69 48
15 71
57 51
61 56
80 88
35 9
103 50
44 66
115 49
107 66
86 1
84 78
42 57
58 115
114 32
100 82
62 11
100 47
32 104
115 79
52 105
47 22
56 11
25 13
72 79
54 66
115 26
60 100
80 55
70 98
73 11
47 56
26 16
55 62
58 15
103 75
83 91
66 28
84 50
82 61
7 57
63 107
45 54
67 31
7 4
79 22
87 91
26 114
45 39
34 9
23 112
9 64
109 95
58 32
67 88
91 75
86 116
24 55
7 59
45 46
86 32
18 55
67 60
4 61
99 36
82 8
52 91
20 26
103 78
50 116
27 106
47 24
15 99
102 11
108 106
30 24
79 93
53 34
21 110
97 108
70 79
7 105
77 81
78 5
1 100
17 51
101 2
6 102
16 116
110 9
12 81
66 104
6 63
2 114
107 45
81 61
67 66
41 2
5 98
31 114
64 97
5 31
68 72
17 24
6 4
54 77
82 96
98 97
86 101
21 28
36 88
9 58
72 81
80 113
81 30
22 41
109 34
7 53
70 77
78 89
71 106
38 47
50 99
3 93
34 83
27 76
37 65
29 65
73 69
21 1
97 74
95 94
111 45
40 50
35 96
24 67
97 50
66 37
54 110
68 50
44 55
101 52
52 34
25 109
5 103
80 102
45 12
87 68
10 73
97 25
31 63
98 30
88 100
4 16
87 38
39 73
40 45
15 69
66 106
93 44
29 106
81 55
20 42
26 81
68 12
93 97
76 108
90 4
101 40
18 93
93 58
74 67
111 26
115 87
3 80
40 17
50 112
58 36
35 104
54 111
56 17
82 40
20 80
67 43
17 92
105 116
34 111
50 23
75 1
44 80
84 92
63 74
23 92
34 24
53 62
5 64
97 85
82 85
37 78
46 96
4 68
79 27
71 89
104 68
38 21
15 20
11 99
52 75
74 24
91 33
90 85
2 80
51 9
105 33
37 84
92 116
106 93
40 115
23 64
57 30
114 12
96 86
15 95
32 44
19 41
92 64
47 12
96 6
21 116
108 35
93 12
81 116
63 24
3 33
94 22
101 105
20 72
28 4
62 90
46 80
40 31
98 58
41 96
112 25
30 63
23 7
99 4835
1 2 3 4 5 6 7 8 9 10 11 12 13 14 15 16 17 18 19 20 21 22 23 24 25 26 27 28 29 30 31 32 33 34 35 36 37 38 39 40 41 42 43 44 45 46 47 48 49 50 51 52 53 54 55 56 57 58 59 60 61 62 63 64 65 66 67 68 69 70 71 72 73 74 75 76 77 78 79 80 81 82 83 84 85 86 87 88 89 90 91 92 93 94 95 96 97 98 99
1 1 1 1 1 1 1 1 1 1 1 1 1 1 1 1 1 1 1 1 1 1 1 1 1 1 1 1 1 1 1 1 1 1 1 1 1 1 1 1 1 1 1 1 1 1 1 1 1 1 1 1 1 1 1 1 1 1 1 1 1 1 1 1 1 1 1 1 1 1 1 1 1 1 1 1 1 1 1 1 1 1 1 1 1 1 1 1 1 1 1 1 1 1 1 1 1 1 1
41 43
24 67
97 30
54 32
13 95
26 8
5 81
30 29
46 34
61 76
61 64
39 90
9 34
93 98
93 74
40 67
34 96
90 5
67 81
61 31
56 21
82 16
84 12
46 25
83 33
44 64
12 40
38 75
63 72
2 74
5 68
52 69
92 91
19 67
25 4
95 32
97 53
63 69
26 85
35 6
67 98
32 90
16 48
4 12
81 20
4 8
10 79
25 24
87 51
47 96
62 8
62 56
91 19
9 77
64 43
8 52
99 84
13 35
66 12
96 54
67 1
11 89
27 15
89 57
17 51
14 63
38 82
65 40
62 70
33 5
97 84
72 67
57 36
34 54
53 12
22 56
74 51
60 73
92 9
74 64
6 39
7 76
26 64
49 20
46 75
79 9
59 65
34 88
14 52
10 23
19 68
35 53
96 78
38 51
19 58
37 75
97 55
86 25
63 30
56 27
45 75
70 23
6 26
13 47
11 82
12 83
22 28
77 38
18 60
79 53
75 56
25 28
8 31
90 51
7 62
89 98
7 61
15 36
61 36
46 42
75 29
6 74
55 33
32 78
96 11
24 52
1 89
48 7
75 96
72 57
45 19
87 43
81 6
42 17
71 63
92 64
34 78
19 18
66 48
85 65
14 11
44 85
2 38
77 99
86 20
42 13
1 30
70 3
51 54
32 94
12 27
7 21
25 62
51 80
39 24
88 5
66 60
60 83
13 54
20 79
51 59
3 79
10 66
9 37
1 27
13 8
29 55
11 91
83 62
63 18
75 78
42 73
56 30
80 66
47 75
48 24
44 1
23 37
91 37
40 50
69 38
78 60
66 25
35 31
39 95
60 55
59 36
57 55
52 22
52 50
75 76
89 45
76 46
93 78
45 92
19 24
72 84
17 34
30 40
10 34
53 54
2 42
64 76
57 5
94 5
37 47
81 84
21 98
88 52
74 35
99 54
83 78
79 30
90 14
10 35
31 5
9 39
72 69
13 75
17 66
79 74
97 17
19 88
72 28
73 86
99 91
16 51
18 16
88 20
94 24
43 37
83 91
60 29
54 4
48 94
42 86
94 54
9 78
5 24
48 79
1 76
51 61
90 45
14 74
99 70
31 58
64 68
19 38
97 13
39 71
9 14
93 77
26 34
67 26
51 40
40 42
76 65
28 58
90 94
33 94
88 79
15 57
65 92
51 83
33 96
30 26
94 50
16 95
49 87
84 77
84 59
65 14
28 67
27 64
9 49
82 36
47 48
32 75
78 92
4 20
34 79
66 42
69 36
32 7
80 50
14 78
59 49
27 37
77 48
40 55
81 72
73 25
42 75
51 46
27 18
40 83
84 23
7 19
33 4
72 74
18 56
40 53
42 51
15 86
58 46
15 97
14 10
22 39
64 22
25 55
16 44
12 99
30 45
5 59
48 10
53 55
9 55
87 6
98 37
80 81
74 21
47 86
88 41
18 51
24 22
52 49
61 18
66 63
94 61
61 69
87 16
82 59
42 96
54 26
22 66
87 66
19 16
44 75
30 50
34 98
65 19
65 96
73 89
50 97
87 45
23 52
77 88
97 24
88 80
35 4
73 63
89 33
66 36
98 25
85 12
6 31
95 44
80 54
63 24
65 52
20 96
6 7
25 15
22 82
61 10
50 36
23 26
2 47
69 92
34 33
46 5
22 93
7 17
33 61
72 95
43 57
48 34
53 56
82 75
72 66
60 72
26 61
31 3
20 8
25 20
82 61
98 10
89 75
73 5
81 22
23 57
53 84
13 24
16 39
55 31
3 63
14 69
24 46
42 87
79 65
50 65
28 88
59 58
88 71
37 16
67 21
74 70
98 12
73 83
12 74
48 53
62 9
49 60
75 27
22 11
81 34
91 49
4 22
34 59
44 91
13 29
87 89
40 92
28 77
86 79
50 90
14 12
48 23
20 98
21 66
65 37
14 79
31 7
79 49
30 16
13 37
51 79
31 41
11 45
41 17
53 66
7 3
20 75
5 78
50 3
18 73
65 33
47 9
46 95
98 53
31 52
23 42
45 21
16 88
94 67
96 55
89 24
9 8
85 7
96 49
51 95
33 77
48 27
55 5
75 57
54 45
90 97
20 84
23 3
53 21
27 82
16 64
77 56
84 48
75 36
67 6
54 38
2 44
88 81
18 22
49 70
8 75
82 2
8 80
57 63
37 17
28 5
94 60
37 93
35 33
70 43
88 35
2 20
49 40
43 23
28 19
88 83
50 83
42 52
78 97
62 59
50 51
90 44
74 66
96 79
6 44
54 63
32 92
46 17
57 83
95 80
46 53
74 58
8 76
38 85
59 7
64 24
63 60
36 53
97 39
1 99
12 82
9 12
28 64
47 44
43 19
50 6
41 42
68 31
10 67
20 35
37 32
85 11
68 40
15 62
83 26
21 87
60 96
48 76
36 43
59 93
70 47
2 48
96 22
34 39
67 66
96 8
68 97
68 52
76 14
96 36
38 68
77 90
15 52
59 20
53 68
60 71
60 36
30 39
7 51
91 33
33 95
14 84
37 15
38 6
8 45
47 66
70 65
34 83
23 4
22 45
51 66
67 30
93 70
82 78
31 67
28 54
31 83
21 33
52 40
1 6
80 34
66 65
85 2
86 90
65 64
87 96
56 87
33 72
35 70
43 21
27 60
88 95
29 59
34 27
65 61
18 7
94 19
99 59
66 55
78 72
2 99
83 41
69 16
69 84
60 91
22 55
37 89
97 33
66 91
10 24
81 71
38 74
64 52
45 84
90 79
62 5
78 11
67 68
92 24
17 36
64 80
85 59
1 48
62 22
7 9
85 42
77 50
71 75
23 87
61 99
74 33
6 8
95 70
11 47
95 63
6 60
68 42
81 7
5 50
50 64
35 87
84 39
41 14
76 15
40 99
25 95
30 98
72 99
90 62
67 70
52 32
44 62
92 62
92 26
54 31
17 50
1 74
89 43
26 78
1 87
47 32
88 18
31 51
82 21
24 9
2 27
5 99
4 36
78 71
93 8
64 83
66 98
99 93
22 95
52 91
2 97
62 2
22 78
73 53
30 62
30 12
81 69
95 45
3 59
47 8
95 37
76 41
45 99
90 41
2 18
94 6
19 1
70 22
31 28
33 79
98 22
43 79
38 90
95 8
75 74
71 19
98 43
1 25
7 74
82 40
90 67
33 67
40 78
92 8
77 8
61 68
67 4
58 6
80 56
63 80
44 73
72 45
58 91
62 11
80 62
24 99
14 56
89 76
22 38
4 49
23 90
25 34
54 87
54 76
88 99
44 5
12 70
38 17
40 26
42 81
18 83
16 86
70 61
13 20
99 76
20 39
19 44
18 52
41 27
13 66
18 55
80 68
25 29
33 40
46 93
61 50
98 74
59 14
56 43
8 54
38 21
11 84
59 23
2 33
73 59
96 93
62 87
33 82
23 69
40 9
89 88
29 7
50 96
1 55
43 48
37 4
97 62
32 59
1 2
77 89
12 62
59 30
93 5
86 82
18 66
44 97
37 44
29 69
8 64
45 73
12 76
72 42
88 91
12 97
11 27
80 65
70 11
97 25
40 39
78 98
2 49
79 29
27 31
17 44
30 37
38 10
87 29
43 95
96 69
72 29
3 84
78 79
20 37
10 20
81 57
82 76
45 93
12 5
3 92
77 1
65 2
30 64
69 62
5 8
19 13
36 16
5 4
68 3
20 29
95 4
1 69
29 58
56 90
91 74
80 7
82 87
31 75
13 11
83 77
52 13
69 41
22 90
41 47
39 25
84 68
20 74
16 72
22 58
67 42
55 15
52 2
71 43
85 37
14 26
88 7
13 15
68 70
84 67
19 90
68 88
41 2
15 78
78 2
19 31
73 19
74 99
86 97
37 53
78 30
76 81
31 59
24 50
64 66
7 43
29 17
91 53
37 92
82 32
96 51
71 99
78 53
71 20
22 72
44 63
24 2
2 12
4 94
63 34
77 18
95 50
84 58
86 63
81 47
69 26
26 46
60 99
25 94
47 64
23 33
85 81
51 85
85 71
13 82
14 99
2 45
60 75
19 81
35 16
75 40
38 16
32 46
12 3
32 84
64 51
49 99
92 29
50 10
86 11
44 46
20 33
29 42
37 21
74 82
67 38
19 46
65 13
10 55
79 99
19 80
54 39
93 44
48 45
92 60
33 31
3 43
91 39
41 68
75 7
21 92
29 10
18 31
16 29
42 18
14 80
66 37
88 49
1 93
33 6
23 1
38 1
57 33
49 41
20 97
82 89
70 55
25 17
92 52
21 22
34 28
44 65
47 98
94 58
80 31
79 12
6 9
25 44
42 94
39 93
77 19
58 16
57 30
98 39
58 47
91 98
41 93
56 35
5 56
66 28
59 37
81 75
37 74
60 84
54 2
6 11
90 20
1 70
55 3
35 11
63 47
43 91
99 58
50 59
78 88
81 37
68 95
97 89
87 91
61 53
2 13
58 4
30 75
83 95
83 13
50 48
31 45
71 22
21 95
9 85
15 81
32 31
77 81
41 98
32 15
65 42
44 83
70 54
43 11
66 30
59 64
81 33
40 70
78 4
53 20
18 33
53 41
63 45
55 30
51 12
14 33
52 80
6 88
58 88
4 92
24 43
52 56
86 33
21 89
61 83
21 50
93 62
23 15
61 4
94 52
1 43
62 72
59 6
45 16
36 12
30 34
66 31
85 72
4 50
92 34
75 24
18 76
1 11
59 78
86 70
86 28
61 40
39 69
94 86
9 26
29 80
52 96
81 78
55 83
93 63
95 28
38 31
86 44
71 7
57 61
99 52
55 37
46 55
4 1
96 35
20 17
26 95
59 19
86 34
30 60
50 12
27 52
16 46
67 39
53 71
58 71
80 61
87 64
94 55
32 66
74 5
45 67
13 4
62 94
28 80
93 33
31 86
7 10
90 80
80 40
14 96
35 5
20 6
67 78
52 44
13 53
48 65
7 90
17 47
53 43
65 8
88 8
18 58
43 58
30 14
79 67
92 50
81 10
44 20
49 80
29 88
20 14
48 82
10 85
60 97
85 99
53 95
32 98
3 90
4 68
95 41
29 61
62 46
37 38
52 7
96 45
41 6
11 60
94 82
74 41
54 16
45 40
75 67
4 41
71 57
41 64
2 57
45 77
74 65
62 28
70 10
32 27
79 25
11 36
1 91
1 64
43 12
59 89
77 58
90 16
78 29
66 41
24 74
67 14
49 22
48 98
60 70
40 32
87 77
63 41
52 30
99 63
84 47
24 69
89 86
71 30
98 26
73 52
12 68
96 24
15 84
3 69
11 7
87 12
8 39
93 95
91 12
11 93
76 86
10 31
71 46
83 98
24 26
35 46
79 50
87 44
82 60
49 35
33 28
91 85
11 71
51 47
92 94
37 19
1 56
8 43
19 79
17 99
30 25
21 99
13 60
63 75
76 10
6 76
56 50
13 36
2 37
28 83
64 93
71 51
63 42
93 54
90 29
96 1
92 13
75 65
57 69
93 20
3 96
71 45
29 26
59 77
54 82
84 51
27 20
8 18
62 3
53 59
92 90
42 7
5 16
55 45
26 2
13 27
51 37
1 5
3 58
68 34
99 38
72 18
92 56
65 57
45 25
37 5
67 77
38 43
93 6
40 62
85 55
28 76
30 82
28 6
15 10
95 99
27 7
15 4
48 58
38 62
36 20
11 40
5 48
12 94
29 95
94 65
28 89
72 96
76 67
84 1
17 15
56 25
87 14
63 20
63 68
15 87
26 63
68 10
79 68
27 24
5 77
7 55
78 84
56 60
25 64
70 81
16 96
27 33
1 71
51 21
65 83
38 52
83 67
87 9
67 54
16 62
50 53
24 40
50 81
23 36
34 72
22 60
78 46
65 24
95 38
93 86
28 30
61 44
63 89
73 8
93 26
98 80
70 57
22 91
39 27
76 36
60 86
56 17
37 48
1 59
85 69
58 11
29 81
98 3
54 91
18 25
91 41
49 5
14 94
36 5
96 94
98 64
95 77
93 29
69 42
93 9
35 40
8 58
2 69
61 87
16 33
89 18
15 38
22 7
97 59
8 3
10 39
47 72
74 84
73 78
21 58
76 94
88 53
60 42
82 24
77 46
66 1
87 99
60 21
50 22
31 93
67 13
97 87
17 8
15 64
87 57
51 48
92 54
44 9
24 18
45 86
9 96
6 30
54 95
61 6
50 35
39 47
49 66
89 90
10 95
24 34
43 5
18 34
5 98
42 24
91 96
67 15
70 21
11 30
27 99
83 20
61 58
77 61
92 67
34 85
1 54
18 35
58 68
18 32
26 48
70 45
91 76
83 99
26 12
38 59
50 85
13 87
6 85
69 53
67 74
8 82
22 27
2 43
71 4
26 41
64 29
89 83
54 27
35 44
25 61
29 89
38 47
25 58
25 70
51 56
64 75
5 84
2 60
39 86
77 47
97 98
78 28
18 96
40 6
91 67
37 31
41 11
90 25
98 14
27 43
3 49
8 38
58 20
99 15
56 12
39 26
22 94
36 51
83 32
53 72
57 53
23 22
45 4
42 20
56 74
88 73
73 20
66 29
71 80
85 62
69 31
33 10
76 55
44 94
56 81
30 17
46 66
52 98
67 95
41 18
80 9
90 87
92 70
40 81
62 48
90 69
14 36
2 81
34 22
31 34
90 24
57 66
49 18
72 90
13 14
68 2
97 72
28 38
4 18
35 83
95 98
2 3
24 28
41 85
61 98
61 79
49 46
65 25
37 77
37 24
14 29
54 61
59 35
40 66
56 46
31 1
37 57
55 68
32 55
52 77
94 89
82 37
55 82
94 75
96 77
93 87
6 89
12 13
75 92
38 71
88 84
90 18
23 82
84 6
17 96
5 3
99 53
3 36
70 27
83 94
44 80
2 40
46 57
13 9
24 1
20 61
29 49
69 73
20 64
53 30
72 64
31 15
99 26
18 92
92 35
39 21
30 84
57 32
73 75
9 23
37 90
18 23
16 89
14 32
24 60
34 8
51 86
58 26
91 59
45 50
93 21
20 69
76 56
45 83
38 42
19 89
14 73
27 47
81 87
5 2
39 65
84 52
65 67
41 70
10 13
45 33
62 66
77 23
31 94
68 13
38 36
10 49
7 37
28 18
7 47
77 13
63 53
21 54
66 94
60 1
26 19
11 69
10 5
4 85
38 18
54 35
51 94
62 58
53 85
90 53
76 50
15 6
38 35
72 43
26 36
99 16
86 87
19 12
9 89
53 74
89 85
16 98
43 33
12 58
56 3
55 44
67 18
78 62
8 44
22 17
75 69
91 95
29 24
73 23
46 12
80 73
45 27
57 13
47 74
79 64
56 99
26 17
68 86
49 36
56 72
99 47
4 88
93 58
57 31
5 45
56 33
65 17
42 91
27 46
70 4
99 67
50 68
80 78
72 23
65 43
46 3
44 22
14 4
97 16
79 95
85 73
29 50
35 71
14 95
83 22
68 6
38 4
4 74
9 81
13 3
36 62
27 10
90 66
8 67
35 7
63 50
42 57
94 29
40 69
85 24
14 71
97 61
25 16
4 82
43 75
58 67
51 92
17 81
74 50
38 40
58 54
66 71
59 81
68 24
44 21
25 76
78 6
64 40
81 79
66 50
9 88
28 32
1 22
82 79
14 46
35 79
12 22
37 56
86 65
81 23
36 28
36 29
51 60
55 59
77 2
97 65
44 32
83 46
4 75
75 85
52 90
26 65
25 50
51 72
11 28
75 83
10 97
29 63
3 97
49 42
80 72
58 96
4 80
62 51
49 43
39 46
17 21
91 78
14 88
9 20
97 5
83 47
42 59
1 8
7 97
58 78
74 88
49 74
16 47
81 91
90 31
2 34
6 96
77 4
43 18
1 20
79 7
32 19
97 9
16 9
65 31
65 12
6 98
28 27
64 23
49 44
34 37
68 8
57 12
26 81
12 59
17 94
65 93
49 89
54 36
73 40
65 16
42 64
14 81
13 28
51 27
38 53
16 83
81 65
58 52
61 55
92 14
89 65
33 70
80 43
7 94
55 52
85 22
79 5
43 81
38 60
16 73
3 32
89 36
34 50
10 41
43 60
91 62
18 68
89 72
1 32
4 3
98 73
7 99
63 4
59 15
55 4
60 3
13 21
32 88
74 36
15 26
95 15
17 5
66 97
70 34
72 37
46 99
3 76
15 80
99 19
15 39
18 97
61 21
73 11
66 77
45 88
88 67
94 40
17 33
87 22
17 87
17 78
21 24
92 80
19 83
31 87
33 44
60 88
24 83
78 39
12 95
64 33
24 86
84 13
81 4
53 77
8 91
82 85
10 57
68 92
79 15
60 9
30 81
34 64
74 40
56 61
47 50
21 69
75 66
64 56
73 31
52 46
90 78
79 26
12 31
92 96
27 93
49 19
84 49
43 52
66 44
41 97
3 26
6 2
16 75
14 25
65 29
85 76
54 52
95 24
31 72
79 45
42 88
26 18
91 47
71 59
34 49
31 99
66 6
31 2
69 87
87 59
3 80
83 93
23 2
83 43
70 77
92 87
83 68
85 18
72 30
43 22
78 89
7 14
20 22
28 56
39 55
26 91
78 7
79 94
37 22
77 82
5 66
85 83
76 58
57 56
17 52
49 75
68 27
79 72
63 76
94 64
13 73
6 79
17 12
88 11
6 95
93 57
36 93
53 80
94 34
25 8
51 93
40 29
6 99
71 91
28 17
9 86
78 31
94 91
33 29
54 14
99 4
61 66
69 67
39 19
13 94
57 68
89 47
72 10
14 24
83 15
93 49
55 36
90 30
17 24
26 43
80 13
32 89
39 38
66 56
49 64
99 37
21 34
49 33
56 69
79 4
60 34
22 74
11 59
5 34
2 50
70 46
3 41
54 22
27 77
59 44
29 77
19 84
63 17
92 33
95 5
12 15
75 50
40 41
96 73
89 41
78 3
43 17
34 14
52 72
17 84
5 23
70 94
79 21
58 32
96 88
68 14
94 23
36 2
51 67
90 13
76 47
20 94
24 77
77 57
88 43
70 72
58 79
80 11
10 53
39 74
97 42
93 68
97 54
79 22
89 14
65 15
13 34
46 73
59 40
14 37
9 59
13 98
82 43
17 89
65 54
76 73
65 46
22 92
69 99
14 16
57 26
93 97
50 99
86 43
73 67
73 56
39 63
92 16
74 23
82 42
61 60
30 68
97 79
2 51
2 29
34 42
11 81
93 50
39 3
44 60
19 5
27 69
24 49
14 57
12 88
88 86
44 12
11 9
38 58
51 24
9 52
34 93
73 29
2 9
23 75
91 40
24 61
12 48
92 95
27 17
66 27
2 46
96 25
41 81
48 59
86 27
56 94
58 73
82 99
47 90
71 44
86 66
76 19
77 73
17 62
59 68
94 1
94 72
21 20
74 19
82 39
5 9
20 87
16 17
70 88
45 1
95 76
51 45
8 2
47 6
58 65
78 8
34 11
37 76
23 40
7 89
11 75
25 77
43 66
53 52
89 58
35 42
71 32
78 70
37 68
59 90
80 74
42 44
19 22
85 78
22 30
21 65
34 43
71 56
16 34
30 13
51 9
91 63
64 63
52 12
63 82
20 19
19 48
18 54
46 36
10 59
74 8
34 91
20 68
99 20
56 79
66 68
21 4
52 63
75 98
46 64
98 19
3 9
83 4
29 76
10 45
98 46
57 54
51 68
8 46
18 37
28 65
45 12
42 47
58 92
93 61
98 77
85 93
86 67
82 19
13 25
38 26
62 96
78 50
15 24
74 10
10 36
99 86
64 73
21 91
82 14
69 74
48 13
65 82
82 88
56 42
40 60
68 99
45 85
28 71
27 55
31 56
65 95
97 80
16 28
21 35
66 85
36 99
87 39
8 60
39 13
14 45
72 12
20 16
63 97
4 34
5 61
89 25
58 80
69 10
98 57
21 63
42 71
30 61
97 6
64 69
49 85
92 57
3 67
19 95
94 84
43 15
8 37
16 21
42 3
46 6
90 76
30 91
31 79
13 61
87 41
20 40
40 31
41 35
57 18
53 5
30 32
5 51
57 95
9 50
38 5
74 44
2 88
10 80
96 80
24 53
29 74
65 91
9 65
63 61
3 74
97 8
57 35
77 44
8 16
25 68
73 87
90 1
6 5
39 37
11 31
91 17
74 55
85 61
13 71
10 64
52 5
61 47
45 29
4 87
42 61
89 26
29 43
97 21
34 71
60 79
3 66
99 98
42 84
17 68
42 12
89 64
32 26
78 54
56 70
93 66
60 77
91 77
78 38
65 77
66 89
67 53
21 15
76 49
90 75
95 62
91 2
22 42
14 44
70 31
6 63
52 16
26 51
17 2
98 71
92 46
71 41
48 20
66 54
72 26
5 25
36 6
57 34
99 94
82 72
49 78
69 15
82 10
26 27
58 24
63 16
26 53
49 11
58 51
1 13
36 47
26 13
15 34
90 58
39 17
17 88
62 65
56 38
9 95
92 77
36 9
27 94
17 76
23 60
38 91
46 67
99 92
7 98
68 26
64 77
83 10
13 56
74 32
30 35
70 90
94 98
36 79
47 69
73 84
41 36
40 14
8 85
28 10
99 80
63 8
28 47
22 41
33 53
29 70
18 84
5 67
53 96
70 51
21 86
12 89
28 49
31 81
58 7
31 49
17 64
11 95
83 58
15 46
81 64
31 64
92 23
70 98
45 43
71 26
92 93
31 92
16 6
67 11
67 60
49 16
82 53
98 85
58 95
58 53
89 99
53 32
18 6
2 66
26 90
2 72
3 64
81 55
93 43
27 62
99 81
17 14
56 11
9 22
86 83
94 26
40 37
51 97
85 80
14 3
12 81
54 56
17 11
44 58
5 41
49 17
39 68
80 35
47 19
21 59
37 63
31 82
61 9
41 59
82 69
46 81
68 49
82 49
13 50
99 22
54 46
63 49
80 82
54 89
5 40
47 15
57 40
56 44
23 38
8 51
1 62
38 41
90 96
72 20
22 32
53 47
87 3
38 27
10 94
45 60
40 25
14 28
2 55
70 96
24 59
26 76
40 4
87 60
31 25
24 78
89 2
59 72
14 62
87 50
73 66
34 75
75 39
83 69
48 74
18 87
28 98
84 57
31 89
31 36
73 57
83 59
30 33
79 38
97 31
7 4
57 76
65 73
56 91
52 36
41 67
13 59
73 41
75 18
66 81
56 15
28 59
9 25
93 17
45 26
5 63
29 22
27 23
92 30
39 28
50 42
81 39
59 43
23 51
80 27
95 40
49 83
16 80
28 40
24 70
60 26
76 62
5 80
12 71
65 38
21 88
37 86
94 15
24 73
86 77
83 8
2 76
2 11
10 71
80 6
87 8
10 43
77 6
27 29
25 75
32 60
43 35
22 88
58 63
27 59
39 48
37 94
56 98
87 83
27 96
54 43
36 86
88 30
9 38
66 19
58 2
86 56
55 79
92 12
10 17
46 90
22 25
32 12
15 74
4 26
39 58
99 66
59 22
2 21
67 35
68 32
78 25
30 94
72 35
28 48
96 26
7 5
48 91
89 22
49 37
11 23
7 23
52 78
33 12
94 80
54 77
96 23
35 47
54 5
36 63
35 76
92 89
91 5
11 12
66 95
33 71
89 30
63 46
81 35
68 56
63 11
2 30
12 55
20 82
36 98
85 28
35 34
95 75
6 10
25 10
21 83
91 64
75 14
2 64
62 99
18 29
87 2
69 79
35 37
50 16
25 63
13 85
61 88
53 34
72 77
36 32
15 16
82 95
41 61
69 17
52 39
57 48
81 1
88 31
41 13
45 57
75 54
33 36
21 30
16 41
22 53
93 91
26 35
8 14
16 74
70 13
34 89
96 41
60 37
32 21
63 51
21 5
28 37
89 74
71 96
74 11
1 46
70 14
48 71
91 46
28 75
41 86
93 40
70 17
90 81
96 64
86 17
46 22
99 30
83 36
35 73
1 58
86 57
63 74
5 30
47 85
52 21
62 98
17 13
3 48
94 21
18 65
61 48
51 43
60 68
98 87
1 83
37 52
23 41
70 85
13 23
95 3
83 92
45 76
45 66
16 66
49 26
69 59
77 14
39 43
57 88
91 70
67 16
73 15
10 90
21 64
78 61
63 23
35 3
63 12
67 23
53 27
35 62
6 45
85 20
69 77
71 5
71 73
29 3
10 86
31 16
4 76
94 41
9 94
81 25
61 74
81 18
58 14
52 41
38 46
1 86
37 11
51 3
72 55
56 26
96 10
95 64
32 2
24 44
77 32
3 85
66 23
4 6
62 29
89 46
49 94
10 9
80 21
33 99
91 27
94 69
81 52
41 48
51 65
32 29
37 50
7 33
41 20
90 33
38 73
45 56
59 47
90 9
69 91
82 6
44 4
24 30
68 36
1 36
10 22
64 36
59 70
97 73
88 50
92 7
20 62
9 66
92 5
10 87
3 30
36 78
14 38
29 21
37 26
52 29
55 16
8 53
42 32
62 39
39 80
11 19
21 12
12 23
37 58
33 54
19 23
57 21
17 53
86 18
54 25
76 16
10 4
41 51
62 53
73 51
61 8
8 50
4 59
47 31
57 79
92 88
12 6
46 21
12 49
44 88
98 8
46 86
90 42
66 14
93 80
70 19
72 11
43 76
27 6
56 39
82 34
72 65
22 65
84 26
28 84
47 94
44 70
42 55
73 82
32 6
48 70
71 18
9 32
22 75
60 33
9 64
32 50
44 34
91 45
95 94
33 1
44 36
10 1
86 78
34 66
73 47
62 34
77 3
19 60
69 55
56 55
4 69
36 58
62 47
93 12
61 35
16 12
84 21
29 48
9 75
7 26
98 11
76 70
71 70
37 41
32 96
27 67
44 89
19 40
83 48
46 31
21 71
94 77
74 54
98 49
9 1
9 98
34 69
97 58
40 22
64 48
3 37
88 76
41 12
94 46
56 67
76 93
23 47
77 17
8 30
99 29
73 39
27 83
95 61
15 85
41 1
98 82
22 2
63 31
95 86
6 3
51 98
31 39
90 15
45 98
74 81
47 46
73 7
9 18
92 6
24 12
37 84
93 82
11 83
96 59
52 67
32 16
92 74
3 44
7 40
37 70
76 52
43 96
33 25
77 78
67 61
11 65
78 66
1 80
34 65
4 48
4 30
14 42
29 67
73 92
5 82
89 61
34 32
14 55
97 46
1 42
79 92
45 41
83 52
97 27
88 62
4 66
64 53
78 63
75 2
50 71
53 9
24 76
58 17
7 54
54 44
41 9
32 76
32 23
30 19
65 63
34 12
99 39
86 4
2 73
88 54
55 95
10 99
4 16
68 90
17 40
6 75
5 20
55 17
45 49
87 24
21 68
86 23
15 5
70 15
41 79
44 82
26 87
19 62
92 1
44 96
45 78
26 50
38 92
16 57
88 65
11 44
24 35
90 27
1 47
11 15
80 20
53 39
82 35
30 41
86 2
61 73
53 11
62 42
38 13
23 49
23 54
60 15
14 85
7 70
23 30
49 81
89 96
73 95
17 71
35 65
96 84
73 9
33 76
76 83
57 90
79 83
96 28
88 72
29 9
8 49
73 26
25 47
80 76
75 68
29 5
73 94
12 39
7 66
35 52
10 26
79 54
20 51
64 12
72 83
22 63
23 83
2 80
44 50
93 18
46 23
27 5
32 51
1 79
10 40
71 2
11 66
99 64
57 96
28 87
7 69
64 45
20 30
66 70
32 11
34 51
37 10
42 5
10 54
19 78
38 12
77 34
57 47
55 71
16 40
79 18
3 21
69 32
13 89
14 53
33 46
27 3
12 8
37 80
42 11
21 10
8 11
8 90
20 52
81 28
31 4
83 7
85 60
73 72
9 72
64 70
56 9
15 40
99 90
69 8
75 53
60 7
97 43
25 7
35 93
77 35
92 20
44 26
71 52
41 34
80 48
25 53
91 10
76 51
65 71
42 33
16 3
86 30
40 21
96 29
81 13
98 44
9 15
15 89
25 49
85 56
96 99
79 13
81 38
19 25
14 61
8 41
80 77
46 11
77 51
42 26
25 41
23 58
82 51
35 95
26 21
91 28
92 47
14 86
90 49
58 56
2 95
35 89
88 13
50 28
60 80
24 84
71 93
63 35
29 46
48 8
31 50
51 88
99 51
37 33
33 62
61 92
43 74
1 7
38 50
34 6
3 73
26 66
93 55
25 71
21 72
62 13
89 62
58 13
56 4
50 60
43 90
32 87
4 42
53 31
84 25
51 78
82 71
4 84
3 15
87 72
39 70
80 24
14 49
52 86
95 87
97 67
81 82
92 43
62 82
38 45
35 32
76 92
8 36
15 30
28 42
34 38
45 17
62 84
28 51
57 44
95 52
51 91
47 82
25 92
92 66
69 5
22 68
63 87
13 6
4 53
57 52
21 47
1 85
93 94
58 70
62 10
32 99
32 97
28 74
86 58
49 71
97 14
28 20
77 63
72 27
16 10
47 52
38 30
84 90
82 9
15 33
72 36
61 52
58 27
82 26
41 99
19 6
90 74
13 5
53 1
79 80
11 33
25 12
18 69
67 48
14 35
76 5
91 50
75 72
35 90
18 48
68 91
89 70
46 84
92 48
97 48
21 27
30 74
21 14
6 25
51 19
14 72
3 71
98 31
48 99
18 15
85 30
28 15
26 5
98 60
98 18
58 35
70 53
11 57
52 85
84 10
34 61
74 96
69 70
19 35
21 36
9 21
29 19
82 66
1 39
8 81
73 81
83 74
23 17
79 27
55 48
39 41
70 6
88 36
58 66
60 25
84 56
75 17
43 99
82 70
91 57
16 26
88 39
46 50
76 23
68 47
27 85
16 93
22 84
69 12
29 54
39 14
2 90
85 40
38 89
69 45
37 25
84 61
6 42
40 63
91 90
16 79
78 23
64 85
26 33
76 71
35 84
45 24
55 11
35 45
90 40
25 21
6 65
84 16
10 93
98 79
36 87
75 52
56 97
85 95
3 25
3 45
40 27
87 70
83 37
80 18
46 18
52 66
72 92
47 22
60 31
89 39
35 36
96 95
64 5
98 81
53 2
44 15
3 83
13 69
56 78
92 2
2 14
96 46
96 85
96 19
6 83
60 41
8 10
79 42
41 21
91 14
67 93
83 53
83 39
42 16
77 11
77 41
98 24
64 58
22 31
60 64
56 88
59 39
67 55
25 74
45 65
84 8
24 56
24 47
8 35
87 78
84 41
29 11
78 43
79 76
88 94
86 13
27 73
55 63
48 9
21 31
1 88
63 88
60 76
97 40
61 22
54 69
69 49
30 76
34 95
1 61
62 67
29 51
42 19
7 53
41 24
94 81
24 32
86 62
15 61
38 80
3 94
51 39
48 15
60 52
10 3
42 83
35 17
52 6
23 93
37 96
90 93
63 70
28 29
72 91
14 15
16 71
32 38
91 6
50 86
57 58
20 18
55 90
34 23
40 87
48 40
3 28
6 24
48 89
22 86
83 97
15 45
44 28
77 12
7 91
20 56
86 19
47 26
76 53
40 89
89 23
78 64
96 12
24 71
70 16
45 9
70 73
90 82
91 75
46 40
47 10
46 60
92 55
83 81
12 75
67 82
49 30
84 93
55 24
39 76
8 21
69 44
82 1
17 61
62 77
10 88
86 96
73 28
74 17
47 14
8 66
23 24
73 48
80 89
23 16
53 16
55 54
4 60
6 64
3 88
81 95
87 46
8 7
44 38
39 36
18 17
53 94
14 5
42 80
75 84
64 88
20 95
87 47
55 91
61 86
59 33
87 74
84 80
25 99
35 22
13 74
23 28
23 85
75 41
23 53
39 77
42 70
85 88
48 31
96 39
97 74
7 87
21 28
73 54
75 15
11 79
38 57
98 38
50 62
90 71
15 82
59 95
86 32
69 46
6 56
79 93
80 83
6 86
10 75
85 19
59 98
90 60
60 89
49 6
87 76
30 73
82 84
96 4
4 73
4 32
4 24
69 30
62 32
20 91
66 84
32 56
11 4
24 11
28 97
27 50
36 48
12 54
63 27
62 49
87 71
25 72
75 62
64 97
34 58
96 15
3 61
31 42
40 86
29 41
93 42
8 27
44 41
17 59
33 50
55 19
86 12
98 29
79 71
43 31
41 28
43 55
3 18
88 59
3 52
33 41
75 97
37 6
70 2
92 15
66 20
61 43
60 20
63 67
90 61
13 22
60 65
73 36
62 61
37 88
72 40
23 91
52 89
71 68
74 71
49 50
45 81
40 76
49 1
38 76
33 87
54 49
39 45
92 44
10 89
38 49
57 29
74 78
32 63
1 37
26 59
80 30
35 9
93 60
2 93
69 58
85 46
41 78
20 50
75 80
69 50
51 35
39 7
13 63
63 28
62 64
86 3
28 8
81 86
95 7
87 88
18 64
76 68
8 86
21 81
93 15
56 8
64 35
16 13
11 25
67 9
80 86
33 98
71 64
87 30
48 95
69 33
65 68
69 71
76 78
31 30
50 39
10 11
76 11
60 12
22 14
20 54
24 36
37 79
96 38
81 58
68 23
45 59
68 94
57 9
30 36
68 98
90 11
49 55
88 15
32 91
15 20
25 2
34 84
67 34
66 33
75 26
56 89
41 54
97 38
56 41
89 67
85 84
77 40
51 55
30 10
17 60
35 1
27 84
41 72
89 69
83 84
82 92
50 1
72 4
56 40
83 14
48 25
65 23
83 56
87 58
45 94
25 42
62 63
87 55
8 19
29 56
83 54
75 21
17 57
72 68
85 87
27 4
56 10
29 35
13 55
14 93
23 20
91 4
91 24
11 92
81 89
58 41
43 67
53 42
49 47
45 58
98 69
74 31
94 57
72 1
11 87
79 17
18 21
81 68
49 32
86 75
7 45
80 55
45 47
77 20
13 45
68 11
78 68
38 64
55 38
39 33
42 76
81 16
7 93
10 32
62 21
3 22
2 59
99 75
9 28
93 53
65 1
38 7
7 36
18 44
3 65
63 79
54 11
96 5
44 48
45 46
98 72
90 4
45 37
54 59
25 38
47 3
32 85
35 97
12 28
36 25
87 94
93 52
96 63
53 89
29 68
68 69
92 71
74 42
92 49
7 49
98 40
31 29
23 21
57 99
3 91
97 26
66 35
40 88
18 13
46 7
97 82
79 23
17 90
69 37
39 35
9 71
59 75
85 54
28 82
56 95
36 45
50 82
75 93
18 82
15 8
54 9
94 39
85 21
46 72
68 85
36 92
22 15
80 47
29 12
88 46
58 40
96 56
42 48
83 25
67 12
14 19
48 14
99 34
44 45
95 74
49 15
83 96
28 92
15 54
51 49
95 27
4 9
23 29
90 48
41 92
6 72
67 50
1 14
8 70
82 64
6 23
28 7
43 94
1 68
57 85
25 51
3 40
97 11
55 75
91 9
9 33
25 91
82 29
57 60
30 18
96 97
80 17
71 27
73 6
33 84
67 32
20 34
8 22
47 12
4 43
48 49
47 4
85 67
70 36
91 79
73 12
76 27
39 79
69 6
78 65
89 8
80 91
44 7
63 38
24 54
30 83
41 62
48 22
70 9
9 63
29 4
32 72
2 96
86 84
46 82
97 49
7 24
4 93
42 77
97 91
21 48
79 59
16 68
45 20
65 32
74 60
89 3
52 45
65 55
9 31
41 32
2 39
35 2
75 87
55 8
85 36
98 88
84 71
26 86
73 79
47 40
14 51
64 54
71 62
64 55
93 13
2 94
2 15
95 84
81 93
11 51
51 89
18 10
84 7
11 50
52 48
1 57
70 97
30 46
83 71
96 76
74 18
12 37
66 83
49 72
24 20
44 31
23 31
87 37
47 54
57 8
29 37
51 1
77 85
85 90
84 79
65 10
22 36
76 74
65 99
64 13
16 2
18 1
77 49
39 61
24 66
36 94
72 48
91 18
4 17
58 5
83 2
19 41
62 37
56 7
77 68
32 48
11 39
91 82
81 97
23 56
97 85
42 21
17 67
35 60
66 96
74 52
37 71
47 97
96 82
2 28
50 43
86 59
6 62
78 21
98 92
67 22
60 10
27 87
4 52
55 28
65 36
9 74
46 28
15 41
54 40
87 25
96 81
46 59
85 92
5 65
45 42
61 46
53 81
36 95
36 37
73 55
23 25
57 7
70 84
51 22
82 3
19 87
28 79
63 83
8 79
53 28
62 23
89 95
7 64
48 88
48 93
84 50
47 93
12 18
72 15
32 13
46 20
3 99
51 30
57 41
54 30
40 43
37 42
3 38
76 84
64 4
42 36
47 95
18 36
30 95
92 63
87 79
15 42
27 44
32 20
88 55
42 89
43 73
14 50
23 14
83 29
47 29
53 51
25 35
93 89
98 15
15 91
27 19
68 43
29 84
62 73
59 25
60 54
3 54
44 76
97 45
30 44
65 20
44 79
2 63
64 11
27 35
17 92
28 99
78 95
76 98
72 5
30 43
65 87
93 25
71 97
6 43
9 43
84 36
52 1
74 94
95 17
99 23
35 75
38 87
81 3
46 4
67 57
1 26
72 50
77 36
8 71
55 98
38 11
32 39
36 91
72 93
20 89
36 90
77 16
55 89
45 23
22 73
13 7
61 23
27 36
95 42
62 45
19 52
48 30
87 80
35 98
19 53
18 99
26 52
85 48
23 88
15 53
75 51
42 9
75 58
52 62
49 95
2 56
37 64
1 12
50 23
97 22
69 97
28 93
1 15
78 33
28 68
84 64
79 47
39 44
83 82
85 74
61 96
10 44
46 68
76 69
75 1
90 73
64 90
89 71
51 57
96 67
64 86
35 55
82 52
71 29
62 57
85 43
50 54
52 87
14 18
75 88
94 8
99 97
4 57
35 48
22 57
2 84
51 4
6 29
54 62
26 80
92 42
31 96
48 75
6 53
11 99
68 73
81 24
55 26
60 53
34 52
16 24
60 95
43 42
17 73
46 43
35 23
98 23
55 41
99 42
82 58
84 54
19 21
95 97
72 44
59 74
59 80
42 30
75 3
28 26
72 13
87 53
60 47
26 22
39 72
68 74
86 91
37 67
37 61
3 1
75 77
54 98
9 30
17 19
68 45
13 46
25 85
36 97
94 85
50 41
61 11
29 85
24 72
52 79
78 27
29 91
35 15
3 24
34 7
64 39
58 85
64 19
19 2
72 8
84 65
62 60
57 24
7 86
59 52
74 62
27 98
63 10
38 48
28 94
28 45
59 57
72 71
81 54
99 44
97 77
71 6
78 55
21 76
58 55
77 31
51 33
38 84
86 48
1 97
22 6
25 69
37 73
80 25
90 98
73 99
70 32
35 68
7 41
57 82
23 55
7 68
95 23
18 50
60 28
44 51
98 86
73 21
73 1
68 96
9 76
65 53
19 93
68 54
18 78
65 41
22 69
44 40
58 9
96 40
97 19
5 11
57 80
79 70
31 26
85 16
77 22
92 86
77 10
78 94
91 84
33 88
99 13
42 10
26 70
17 54
9 99
63 15
59 60
44 13
78 35
18 95
78 16
24 88
1 17
39 23
49 13
58 33
20 26
27 74
58 10
67 20
3 93
74 57
55 62
3 17
34 55
57 6
4 62
54 37
48 69
32 93
25 27
59 67
23 8
33 24
11 3
98 58
6 48
31 14
13 40
39 66
68 87
21 1
44 43
69 66
62 79
18 59
45 80
43 77
55 86
80 46
9 19
64 14
96 30
72 3
69 88
28 61
45 74
23 44
48 46
27 14
51 15
86 69
56 65
68 33
62 18
36 81
90 95
90 83
43 63
85 79
67 80
81 61
77 74
12 90
12 61
53 86
46 9
76 66
10 2
30 65
9 83
81 48
1 95
94 16
30 58
93 38
61 75
59 8
94 97
92 53
38 33
76 13
92 39
66 88
60 16
48 96
74 46
17 32
50 73
80 23
67 87
51 13
76 72
53 29
65 69
73 34
57 64
26 88
16 11
77 76
85 31
95 69
94 38
46 10
63 7
70 5
4 28
80 12
77 21
39 18
65 49
87 84
1 34
97 88
25 43
31 20
82 41
94 35
82 25
11 48
72 61
92 81
3 33
32 81
75 70
40 79
75 19
48 87
15 71
24 8
49 86
16 22
38 83
98 42
91 16
90 63
18 11
27 30
69 51
69 19
63 33
20 47
78 10
76 31
97 34
43 84
37 97
81 51
19 10
17 82
43 28
76 22
86 71
45 34
91 31
32 5
89 27
57 19
4 89
15 19
33 47
70 28
84 55
66 38
35 86
5 39
61 16
80 33
8 40
34 19
99 8
72 17
84 9
71 36
99 55
32 79
52 10
90 28
42 27
43 20
54 90
4 98
74 34
20 76
8 42
34 3
72 58
90 65
55 50
52 70
50 15
13 91
71 94
99 78
1 63
74 86
80 32
79 89
6 90
98 65
31 24
65 4
80 36
19 54
56 63
58 60
11 26
86 29
85 35
62 31
17 6
67 2
86 38
5 22
27 65
84 31
63 81
9 69
47 55
89 91
40 18
10 73
18 5
28 1
5 75
39 4
81 60
40 71
72 38
52 11
19 50
72 86
73 32
18 53
33 52
13 31
2 4
45 18
49 21
20 7
71 61
35 91
59 92
90 21
7 50
15 68
26 25
86 5
30 77
33 85
21 96
73 49
30 93
34 87
24 62
41 46
3 19
30 47
21 55
92 19
79 46
17 48
89 68
98 84
58 15
32 33
57 25
84 89
32 64
88 27
94 59
85 86
71 67
26 77
22 80
23 71
34 36
10 92
7 67
20 12
1 40
74 73
44 68
88 38
67 64
88 90
66 79
61 27
96 98
25 88
14 60
66 15
7 15
35 12
53 45
61 49
41 80
63 59
7 16
20 55
95 71
97 29
36 40
78 12
22 33
72 54
48 68
45 61
60 69
49 39
63 98
67 25
33 73
26 74
1 29
82 45
28 35
47 5
31 95
78 1
43 62
51 52
18 94
68 9
91 73
86 54
96 7
98 17
2 79
28 52
99 35
78 44
75 79
57 28
81 27
56 93
43 13
71 54
38 61
70 83
85 5
12 7
54 42
38 29
71 47
49 27
13 33
43 16
58 50
98 50
27 16
45 32
11 20
70 20
66 59
81 62
48 33
49 67
48 54
43 14
10 51
77 71
88 47
16 56
57 50
20 78
8 29
38 20
42 58
7 2
56 48
49 58
1 16
97 92
33 8
98 2
70 30
19 63
8 32
7 82
27 9
96 13
23 97
83 5
34 29
7 65
24 79
57 3
6 21
63 85
7 72
65 47
27 57
97 52
14 6
68 62
48 60
59 16
6 51
90 34
89 5
79 77
38 24
59 76
10 12
76 34
61 2
50 70
44 53
5 60
94 63
81 44
39 29
87 5
4 97
43 47
47 78
82 56
9 17
29 44
17 85
98 1
77 15
61 32
43 32
36 19
80 70
18 70
33 19
88 93
67 44
57 39
20 57
17 31
7 30
59 56
54 6
59 61
82 68
69 93
28 69
11 21
67 36
47 67
94 11
85 39
60 39
44 84
78 42
52 25
53 49
57 78
3 53
57 97
18 47
78 48
37 78
56 19
92 84
56 47
32 25
72 19
69 78
83 17
50 89
40 34
15 29
93 73
33 75
77 7
6 55
31 71
61 91
70 38
78 13
48 63
84 40
80 69
39 42
56 34
105 3542
72 13 17 46 13 17 52 5 7 26 35 84 76 84 81 101 8 77 16 70 37 45 88 63 5 51 102 36 52 27 57 21 47 91 15 6 83 8 89 79 41 8 96 5 73 45 14 65 45 94 101 37 70 21 71 13 65 61 69 77 58 14 20 85 78 29 89 98 103 84 88 70 48 18 66 20 3 100 77 49 25 98 43 78 22 83 36 103 100 81 92 70 29 30 4 9 94 18 62 6 5 40 60 95 96
45 5 17 46 13 17 52 5 7 26 25 84 16 6 16 5 6 77 14 4 37 45 30 63 5 51 84 5 16 27 57 21 47 91 15 6 22 8 89 6 41 8 14 5 5 45 6 65 45 40 101 29 70 21 71 13 6 61 5 35 5 14 20 5 45 29 77 16 103 26 41 70 4 18 16 20 3 5 17 49 25 98 40 78 22 14 36 103 40 81 13 48 29 30 4 9 5 18 7 5 5 40 4 4 96
4 105
55 67
99 4
38 22
98 21
68 67
105 58
51 95
51 76
66 58
66 28
22 6
74 79
35 30
87 62
48 17
8 55
85 100
67 69
26 99
65 20
76 41
34 23
69 26
86 51
2 74
17 94
74 56
20 73
58 38
75 11
61 12
89 87
28 36
56 99
31 38
33 45
92 66
8 12
51 63
87 26
25 12
98 61
6 92
95 17
74 1
4 94
13 7
12 100
38 71
92 57
98 46
10 7
81 95
93 76
64 39
9 38
82 47
19 39
93 20
49 94
59 87
20 41
28 69
24 88
50 2
22 83
91 71
105 9
95 73
24 77
18 37
74 21
26 9
95 22
85 46
2 25
3 64
74 105
39 89
52 23
83 16
58 14
34 32
11 47
54 105
45 104
6 4
84 75
93 66
62 57
73 19
82 5
79 58
79 97
3 101
26 45
103 10
96 62
63 39
56 78
83 23
23 77
12 33
36 17
27 83
40 87
102 70
72 103
85 88
79 66
68 51
60 70
14 13
81 40
6 72
65 93
15 89
6 28
94 46
45 79
31 13
15 66
31 103
37 44
89 19
100 94
57 73
78 1
9 39
100 44
73 51
34 38
102 99
37 95
72 14
22 7
100 50
34 78
72 17
69 21
101 61
16 44
66 81
37 29
68 15
95 67
3 30
49 55
18 88
78 8
99 23
17 66
4 59
41 88
92 89
50 64
98 83
89 77
103 51
27 2
13 81
31 56
25 48
44 95
83 67
28 51
71 48
5 4
61 25
31 47
57 60
60 46
87 73
50 30
72 81
20 12
63 59
58 61
67 65
96 88
105 30
35 46
5 12
8 68
71 64
35 27
26 59
82 75
98 22
49 86
100 75
9 4
16 22
88 4
75 45
90 52
100 7
39 48
1 45
32 31
77 61
92 83
48 56
100 39
21 32
71 62
56 76
79 18
83 82
77 53
23 6
14 51
51 49
81 49
7 40
71 87
65 53
31 76
20 95
70 17
12 6
27 20
61 69
42 30
93 31
4 26
88 75
30 11
7 105
88 33
10 37
67 59
79 6
90 88
6 15
103 19
10 21
15 35
91 48
75 23
56 45
89 26
97 13
81 17
63 90
100 77
84 89
4 30
66 75
44 105
60 7
100 24
5 94
14 27
22 102
51 44
56 39
104 4
98 63
14 98
83 41
97 12
17 98
66 34
3 53
87 56
78 61
66 103
99 49
64 87
55 37
10 64
95 105
26 23
15 102
23 8
69 105
6 14
28 100
37 4
39 8
10 54
103 32
21 44
2 81
93 98
75 69
79 62
102 81
57 25
61 44
100 62
4 85
76 61
16 9
25 54
47 78
2 31
101 51
21 103
71 12
82 89
36 47
51 39
33 8
80 44
75 27
38 27
105 40
31 9
91 83
38 101
85 25
76 64
56 84
82 28
40 67
59 3
103 97
32 56
27 47
51 47
8 60
96 39
56 12
3 51
72 36
21 46
102 52
24 56
64 7
22 49
51 71
13 18
8 72
48 105
74 64
57 31
21 8
64 21
71 98
16 2
99 70
12 98
34 76
90 102
92 4
65 46
64 102
3 72
34 46
95 59
4 66
24 57
44 96
7 15
55 82
71 15
1 43
13 23
105 81
94 84
60 72
96 71
87 105
21 24
34 79
70 3
38 25
45 77
60 82
83 37
15 9
52 29
84 96
32 94
60 10
56 85
2 73
17 51
21 62
49 90
83 77
51 82
101 6
98 54
7 62
29 104
11 20
64 59
18 16
104 13
48 7
32 92
63 23
21 29
18 63
8 37
34 80
74 81
55 32
85 52
88 17
91 98
103 39
81 67
3 67
8 63
3 49
16 14
50 14
33 69
60 13
62 42
96 54
51 81
84 103
39 46
40 42
33 1
26 39
93 59
56 72
11 96
1 72
40 75
44 46
88 104
78 21
36 22
83 21
60 100
28 94
22 44
82 49
95 32
99 11
37 54
96 65
101 77
98 65
65 1
59 6
57 36
62 3
77 71
20 37
100 95
104 26
38 84
41 78
91 82
18 7
95 101
5 72
43 73
83 51
79 20
79 3
34 101
73 99
53 101
78 6
33 58
48 76
15 8
32 35
31 40
55 91
75 72
37 52
83 64
83 11
21 7
76 70
86 76
56 81
14 43
29 60
104 9
21 30
80 24
48 63
40 12
97 88
72 67
6 69
14 7
58 6
6 67
90 7
71 57
64 81
56 34
71 3
42 101
12 103
81 45
103 82
5 3
97 26
82 27
18 56
47 29
29 92
27 21
39 71
69 56
42 26
12 44
44 62
53 16
90 42
62 37
62 35
21 18
86 56
20 51
92 25
52 41
96 45
99 72
90 21
84 65
33 11
93 105
57 18
90 20
9 99
92 9
63 5
17 30
59 24
44 66
48 12
86 36
13 24
73 55
37 53
15 41
36 33
33 97
21 31
95 68
72 35
48 70
80 32
87 28
66 46
91 61
90 3
86 50
52 9
2 4
66 83
60 44
7 72
65 37
91 85
93 34
5 104
75 25
97 22
70 44
33 74
102 34
22 94
93 92
11 77
58 54
84 57
51 23
31 74
68 103
66 26
80 22
12 55
32 98
29 19
80 89
54 81
78 39
83 105
18 90
42 105
103 29
105 80
13 30
59 47
40 70
81 7
37 80
36 71
58 81
46 2
100 78
36 85
12 1
105 53
6 104
14 33
37 15
11 35
30 80
105 36
52 48
49 43
61 60
34 19
70 103
35 89
40 78
67 73
82 38
60 2
92 82
74 38
47 2
65 36
96 42
23 94
102 21
2 32
22 51
41 25
11 2
98 47
27 10
51 11
51 43
1 14
78 46
18 23
88 87
92 50
65 63
89 76
81 42
37 86
85 71
24 98
72 105
57 59
31 15
32 29
13 87
26 22
43 101
87 97
37 74
84 101
2 28
87 81
15 12
29 100
95 50
42 77
31 36
15 19
44 87
28 55
99 75
59 85
13 49
18 93
72 80
37 60
84 44
73 22
95 31
19 33
5 40
44 98
104 51
49 85
28 1
90 4
100 16
78 16
21 19
75 17
40 46
104 99
24 91
10 24
68 83
59 92
22 41
60 94
45 16
83 65
85 84
78 24
49 24
67 71
98 95
22 40
31 58
25 56
26 19
76 75
63 17
60 67
46 102
57 99
24 74
22 45
33 100
91 54
75 70
32 36
69 85
68 72
23 104
3 29
1 16
56 1
79 17
42 68
25 6
83 32
64 30
45 21
71 4
96 1
51 53
33 93
40 103
24 41
94 104
70 104
65 13
39 97
3 102
95 88
93 11
68 78
13 105
29 77
17 11
66 73
105 62
59 83
78 31
18 65
64 79
41 69
2 103
9 70
47 79
47 104
20 94
23 67
12 17
50 24
100 38
100 71
63 54
66 98
46 8
34 87
91 75
44 73
50 51
24 69
25 55
33 67
3 91
85 44
40 53
68 35
8 89
26 32
38 48
4 79
48 6
14 100
95 78
2 80
20 38
7 49
54 12
9 62
89 7
64 17
79 76
55 81
39 3
28 17
52 56
20 86
33 60
39 13
38 88
50 17
66 56
95 28
65 100
59 21
10 72
44 58
52 101
47 25
4 89
42 37
73 49
32 30
90 28
73 78
99 84
87 25
91 12
59 27
19 5
70 105
54 23
48 60
42 64
16 28
15 24
86 32
36 103
103 47
69 42
40 8
5 14
74 20
40 37
26 81
32 46
8 93
68 40
45 36
87 8
25 89
57 85
12 90
88 92
77 35
36 79
85 27
21 52
100 83
97 105
4 101
89 21
100 4
17 6
95 70
78 83
23 85
5 87
81 88
100 15
7 12
75 19
55 69
92 45
76 102
64 65
24 95
80 55
42 20
68 18
58 80
100 66
34 49
47 38
68 44
57 20
20 64
59 36
1 5
49 26
70 34
51 88
27 50
92 54
34 31
3 10
53 103
8 22
83 96
75 78
8 56
70 45
37 94
98 94
78 71
18 104
101 1
94 99
13 82
55 63
27 52
86 100
24 99
37 26
56 92
46 49
39 68
32 61
92 69
55 27
63 7
68 65
54 26
48 55
33 99
27 46
71 58
20 104
100 42
9 85
21 22
59 90
55 83
104 77
72 63
63 31
82 85
43 2
91 103
43 96
62 26
95 104
86 83
51 93
6 42
93 101
56 77
84 11
105 103
74 25
52 33
61 18
77 66
11 58
51 64
51 79
81 70
51 21
43 56
91 68
11 14
68 6
52 91
12 58
3 68
27 66
2 6
75 95
1 11
22 100
76 87
91 51
97 4
101 2
26 78
62 30
32 76
101 28
51 15
105 104
2 41
48 89
85 39
100 91
2 78
2 36
55 5
7 27
86 59
79 14
38 72
60 21
90 30
81 103
9 17
62 101
30 12
93 88
100 31
32 60
88 19
49 30
4 11
10 20
22 30
46 6
69 44
73 42
34 99
85 37
66 14
45 31
73 7
99 100
3 35
23 55
82 76
39 65
60 91
42 2
83 3
5 96
70 39
27 12
27 51
73 100
50 35
16 29
77 3
33 85
105 37
82 9
104 91
105 5
67 22
61 49
71 59
105 51
3 12
88 8
100 103
93 30
86 72
5 11
78 103
77 28
25 40
33 76
88 20
28 12
60 30
33 75
84 69
95 82
56 104
98 87
69 65
11 72
14 95
25 79
99 91
79 96
86 80
90 31
93 36
87 68
15 97
85 92
15 91
13 100
105 32
77 20
38 53
97 1
11 43
93 84
93 47
87 1
65 7
72 41
80 40
14 92
9 56
79 43
99 76
55 98
89 47
73 3
101 8
40 58
46 74
39 77
99 20
61 34
15 92
86 40
56 75
49 8
104 11
41 89
65 22
102 13
42 84
7 34
20 34
79 52
23 58
12 60
81 76
36 6
46 51
98 105
46 56
20 25
43 97
67 48
99 60
81 33
24 39
19 90
49 100
57 34
72 50
93 7
83 19
25 18
78 51
70 19
79 49
98 77
59 77
74 82
66 54
55 15
29 43
32 67
13 63
58 53
94 43
96 101
26 65
99 19
41 12
67 45
16 84
96 70
18 6
9 69
63 75
15 33
94 95
1 22
91 86
63 47
104 44
105 94
64 28
47 96
8 2
57 53
27 104
9 84
35 54
9 33
3 63
92 79
46 58
84 33
72 69
101 47
7 58
11 6
91 5
76 105
30 18
83 36
84 78
50 96
80 76
24 11
55 33
87 47
77 81
35 51
101 100
4 72
22 39
15 25
12 53
15 30
77 27
31 87
98 99
37 58
31 24
3 82
26 63
48 18
29 8
20 13
32 25
63 6
73 48
31 23
24 65
97 17
86 88
103 45
96 3
52 93
52 94
81 99
23 47
85 48
47 9
33 96
59 17
59 12
70 43
98 103
15 39
13 62
57 12
4 38
46 91
9 21
102 59
98 36
35 2
30 102
35 40
35 69
2 104
10 6
78 28
63 53
28 39
68 27
25 50
40 64
99 35
50 98
37 68
28 65
10 15
17 45
43 24
5 90
17 84
67 20
62 27
47 7
35 82
98 79
8 9
38 83
42 59
31 39
97 35
7 97
46 1
52 69
16 88
8 50
86 95
101 55
17 74
46 7
34 88
67 30
5 21
86 98
14 90
25 42
42 91
15 58
96 19
68 5
6 100
7 56
35 100
52 45
19 6
82 32
86 55
98 76
68 101
103 101
99 77
9 64
16 92
18 41
64 1
93 53
105 71
98 11
71 76
68 58
7 52
29 26
72 76
38 61
10 44
87 53
19 62
2 39
6 66
19 37
35 86
9 42
35 65
32 28
105 33
31 59
3 31
66 90
55 44
84 80
68 23
99 43
44 91
86 89
75 16
23 46
22 2
41 14
100 45
56 103
105 88
26 98
89 1
52 96
29 25
94 65
46 53
20 4
69 11
10 102
26 74
62 94
21 36
44 74
13 27
31 75
81 34
47 62
33 6
28 8
54 30
68 55
61 45
11 18
28 3
89 46
38 23
74 65
9 36
66 1
79 83
95 66
13 86
57 80
61 73
69 16
65 90
2 12
55 34
43 72
48 45
34 43
47 64
60 105
18 44
10 87
101 36
48 83
85 20
63 102
10 34
54 9
10 94
72 30
69 12
13 77
64 86
41 54
11 56
63 88
79 65
7 5
103 9
7 55
20 105
38 77
20 26
50 101
86 27
49 69
22 28
24 6
88 98
104 83
43 92
16 105
68 11
1 73
87 9
76 68
37 46
99 55
84 46
16 33
6 94
59 75
65 70
47 49
75 13
102 47
64 78
7 88
98 49
61 13
16 55
85 15
65 62
22 69
5 23
32 38
102 67
67 18
36 96
58 99
8 64
44 63
34 9
76 95
64 16
43 4
14 45
77 14
99 64
10 40
38 87
78 10
51 99
70 1
91 50
56 94
86 44
40 59
27 88
10 100
67 47
14 44
68 77
89 63
27 89
60 93
46 11
87 18
92 47
35 102
53 76
95 96
100 74
46 20
103 17
91 63
22 66
69 104
33 35
56 22
96 53
95 62
37 93
73 54
37 82
94 61
12 83
53 20
43 22
72 55
83 18
53 75
53 72
78 86
56 14
23 28
90 103
56 80
4 35
86 57
23 69
10 99
78 23
54 102
71 1
92 70
89 98
59 82
48 21
22 104
86 31
98 82
6 3
38 26
36 50
32 102
68 64
58 57
91 37
81 19
76 28
40 72
49 67
88 37
57 7
21 13
68 59
10 101
102 62
38 102
89 59
85 101
19 51
90 73
7 54
37 25
63 101
77 25
100 105
16 24
105 92
26 51
60 77
51 18
12 11
40 101
91 94
52 84
38 78
77 47
62 80
43 52
53 66
78 57
90 83
79 71
2 68
60 1
35 88
4 96
49 23
47 69
1 82
75 9
54 72
41 94
88 66
11 67
24 38
17 3
18 42
8 42
82 56
13 66
42 32
20 36
96 16
1 54
58 92
90 82
26 1
10 49
98 90
49 54
9 25
43 60
65 21
19 92
61 2
63 66
51 12
78 77
70 77
25 53
28 21
46 29
104 46
12 79
37 103
45 15
18 99
2 37
92 96
28 42
18 53
61 22
52 11
44 2
17 71
5 27
50 54
48 5
101 59
36 37
58 45
1 76
81 80
48 87
82 99
99 67
16 11
50 99
19 100
38 94
67 66
71 73
101 23
7 82
72 9
95 74
51 16
29 51
73 21
64 94
91 92
104 25
15 50
52 57
14 88
6 61
57 19
52 97
73 68
61 93
11 65
51 65
41 5
4 70
37 57
24 87
8 18
96 98
69 60
97 54
100 92
27 79
32 6
28 27
100 88
53 97
38 1
81 86
16 36
34 4
27 23
88 71
34 60
88 70
31 44
13 89
2 67
80 51
25 94
75 55
45 43
57 10
105 84
11 29
40 83
70 84
53 74
17 4
41 53
96 46
17 7
80 16
9 5
52 4
17 87
13 38
103 85
62 46
89 101
34 72
61 79
61 74
10 69
24 33
92 48
34 36
87 84
36 42
105 86
89 54
99 38
94 51
38 39
3 19
30 57
59 51
22 46
48 65
30 84
9 76
66 43
52 34
73 76
65 49
92 60
75 65
8 91
18 12
81 53
75 6
94 54
96 75
91 74
65 104
83 24
17 102
13 28
24 8
85 43
9 77
29 23
39 54
31 49
73 72
17 67
72 88
50 53
48 94
32 57
95 99
68 82
104 84
82 80
45 49
94 13
22 64
64 52
84 6
41 4
92 78
76 57
100 97
6 31
4 60
77 43
34 83
66 55
16 97
8 5
71 89
91 6
51 9
64 96
5 61
93 82
30 19
87 92
33 44
90 38
6 85
73 85
2 65
81 22
98 37
18 81
63 19
30 55
5 43
2 97
25 64
17 85
53 91
72 24
38 93
78 4
6 99
40 79
104 52
93 85
78 87
51 54
6 51
40 77
44 99
104 79
3 84
88 80
93 9
66 94
89 61
25 44
99 29
87 42
1 7
27 32
7 74
37 97
14 101
35 25
69 5
11 71
67 29
58 62
36 5
21 71
10 17
52 92
17 26
84 73
37 87
31 85
37 34
86 47
59 18
93 56
83 45
18 35
86 71
4 24
34 59
70 14
2 89
3 32
19 42
38 42
67 31
75 39
90 62
58 76
65 12
58 41
103 74
54 42
23 86
81 15
20 63
78 45
16 71
62 60
27 105
26 93
19 76
56 27
42 14
89 79
6 82
96 30
80 96
69 101
44 27
13 15
84 28
34 40
30 39
58 25
23 41
81 91
57 65
20 45
29 53
72 93
94 33
7 51
92 35
100 102
49 1
102 43
70 68
15 43
69 8
29 83
84 55
14 18
51 85
46 36
56 16
26 7
42 102
58 5
97 60
42 56
12 21
56 37
101 58
99 3
77 19
26 15
43 82
73 46
13 59
103 42
19 78
52 49
97 89
15 67
25 86
38 2
68 1
51 92
26 60
93 99
60 103
51 37
76 90
33 50
58 94
86 14
16 98
56 47
24 52
5 47
12 73
63 71
25 7
76 30
63 15
76 85
76 103
98 75
99 87
79 54
5 57
94 15
58 18
93 62
63 37
105 68
83 28
28 93
41 37
39 94
86 85
67 97
68 9
97 70
2 83
75 74
85 66
75 46
101 79
101 70
105 15
83 5
46 82
93 86
33 4
88 69
60 56
18 69
55 54
69 76
16 6
73 18
96 87
97 32
65 47
82 77
21 97
86 62
34 92
30 74
37 79
90 50
20 48
18 71
90 51
56 54
74 42
75 29
61 56
58 39
48 68
88 39
51 97
51 41
75 22
93 54
86 68
41 16
39 59
50 22
77 88
94 77
27 49
72 15
85 34
68 19
26 31
50 83
4 32
73 101
96 68
27 95
1 90
48 43
61 62
14 32
39 11
15 3
24 76
71 80
25 23
25 28
87 45
71 74
32 16
79 70
101 66
19 74
104 68
89 22
32 70
102 80
58 43
8 62
53 34
103 24
23 50
94 92
19 11
84 10
29 35
102 84
2 14
87 36
45 27
94 68
98 52
42 97
70 100
23 33
62 52
86 82
22 57
71 2
1 42
43 50
37 16
85 47
69 13
25 4
92 81
12 92
28 103
85 41
71 103
17 68
65 19
75 41
99 36
16 47
60 22
97 14
25 51
73 29
94 1
44 59
68 24
99 15
3 94
15 2
94 50
51 60
6 39
63 82
105 38
92 73
28 30
82 65
19 79
87 46
46 4
42 65
93 81
83 71
33 90
1 93
95 60
57 98
43 19
9 101
82 42
57 35
14 47
46 45
4 10
15 49
63 27
18 64
53 52
45 34
6 41
91 4
19 93
74 68
85 97
25 103
74 85
3 8
4 82
62 14
23 17
37 92
15 20
86 38
49 21
29 27
50 82
5 64
82 20
34 104
104 30
54 8
40 49
49 35
101 83
59 29
33 10
22 99
70 50
28 80
8 17
37 75
55 85
33 46
96 13
87 6
74 87
79 84
29 49
9 41
56 91
41 26
2 70
80 98
79 88
73 96
1 24
53 14
104 39
55 36
59 11
14 94
71 53
6 77
22 70
14 69
45 24
73 11
13 92
48 100
6 86
7 92
76 88
2 102
56 51
24 44
9 90
8 61
34 82
73 60
24 70
61 52
8 20
86 54
97 83
61 105
43 8
51 87
10 62
98 33
14 84
19 101
82 21
30 97
40 19
77 93
14 54
70 66
17 1
92 104
69 77
30 65
4 14
80 52
44 40
69 48
34 105
1 77
8 76
76 17
91 70
24 89
51 48
20 52
93 104
23 2
95 23
88 42
49 5
37 32
102 12
68 84
23 60
51 57
25 3
84 5
7 98
61 37
67 70
84 100
61 97
74 6
28 35
98 1
96 66
81 52
54 100
91 10
86 48
3 4
33 49
27 58
99 79
15 65
18 60
2 26
13 83
87 69
76 101
101 35
90 56
45 94
1 25
13 29
93 42
12 70
50 68
25 95
42 41
82 88
44 101
47 13
65 71
37 102
15 86
100 25
9 18
39 23
59 16
13 17
92 1
5 25
34 65
26 85
72 29
101 5
28 37
5 44
62 51
6 76
102 53
96 67
58 9
30 33
70 30
10 71
14 15
7 78
29 69
7 36
73 102
85 65
49 42
40 3
13 71
27 80
89 49
8 80
75 92
82 64
6 98
15 44
8 51
5 45
94 57
6 27
64 84
94 67
2 63
31 72
43 54
22 3
38 33
101 92
7 59
23 61
46 47
47 18
27 92
25 19
23 73
99 27
57 93
92 64
53 28
98 85
8 86
98 58
67 87
99 90
17 105
39 4
95 102
84 63
30 69
59 55
12 82
22 88
54 69
48 62
76 38
41 29
35 95
77 5
76 49
85 8
26 18
99 69
18 100
52 70
64 55
62 75
21 76
22 63
78 70
102 92
24 67
8 27
5 100
60 47
73 25
48 37
3 18
66 25
52 28
70 11
70 72
90 34
36 88
46 57
14 35
10 63
63 49
81 12
76 94
15 38
82 62
25 49
78 93
48 36
51 66
55 20
10 39
80 95
2 92
84 81
54 104
21 80
104 19
52 22
56 50
61 29
34 13
32 23
29 84
90 78
9 46
4 7
78 79
78 9
10 50
70 5
91 80
68 102
47 58
5 20
102 82
31 55
59 52
47 8
95 103
62 81
80 49
38 41
82 31
78 59
103 11
11 97
73 79
104 38
89 11
32 1
99 25
95 21
11 50
38 3
105 75
74 72
16 40
46 76
19 60
70 33
102 1
104 3
101 91
100 93
5 46
18 36
51 5
95 65
37 104
40 17
40 100
11 74
82 81
9 11
27 1
100 53
49 103
49 62
56 41
82 45
63 46
40 88
18 72
86 96
74 98
76 12
50 84
60 11
92 36
32 87
17 100
1 100
61 95
103 96
46 31
78 97
37 96
31 1
30 41
35 78
45 101
93 102
13 101
76 59
97 86
52 68
66 104
96 63
103 73
21 56
103 4
56 44
15 78
49 36
18 85
25 13
51 38
52 6
69 51
43 13
34 69
40 23
35 20
47 33
46 64
27 71
101 99
57 43
61 41
63 52
95 56
83 35
12 96
76 11
18 66
60 49
51 70
12 37
47 3
33 64
14 9
83 89
41 68
71 24
50 34
20 69
5 31
29 18
69 1
61 51
31 43
1 21
1 55
95 34
92 28
32 39
85 11
16 99
89 14
41 64
18 105
50 9
101 81
42 85
10 83
37 9
68 32
36 8
36 69
105 55
46 55
31 54
6 71
93 79
74 102
87 70
62 1
58 88
47 19
73 26
58 95
8 45
50 71
67 43
61 102
104 89
27 31
40 28
2 9
36 77
63 36
67 41
67 42
58 36
57 6
50 19
55 53
47 74
24 40
29 68
46 100
17 60
7 85
1 99
31 73
69 64
34 98
42 46
67 92
58 100
8 77
65 5
51 32
55 2
98 4
86 7
34 62
61 104
17 20
12 36
31 96
36 40
36 73
80 73
52 103
59 48
4 51
67 37
45 74
51 100
73 77
49 64
50 65
5 75
11 79
6 44
79 100
96 10
23 3
104 14
6 21
75 68
9 59
78 11
66 20
93 55
17 57
59 8
98 9
21 53
92 17
46 101
64 36
61 82
101 49
67 9
4 93
93 32
75 35
62 64
1 9
28 96
91 33
18 31
73 104
46 86
77 18
58 63
85 95
81 3
18 75
29 38
74 57
76 16
30 51
70 94
26 82
27 39
21 61
84 24
19 94
78 53
51 40
67 53
47 100
25 27
83 61
16 25
34 30
3 13
72 84
17 43
76 26
16 30
82 52
19 20
68 90
13 57
3 55
11 8
39 55
64 24
43 69
81 21
3 74
14 29
61 54
28 57
19 17
67 76
102 69
43 35
55 9
63 30
80 43
21 42
59 10
76 40
26 28
52 42
82 40
57 42
49 95
81 41
38 16
65 81
59 5
54 53
12 95
38 49
103 22
103 7
12 23
50 41
8 105
44 76
29 62
29 28
94 103
24 101
58 13
75 28
75 57
9 57
74 93
30 24
3 46
12 43
33 86
53 4
76 78
46 17
63 69
23 79
82 30
80 6
63 25
1 39
40 73
54 44
54 40
48 84
75 94
76 55
67 63
4 12
81 25
20 33
14 102
60 90
104 55
69 68
105 57
63 104
65 59
46 81
26 48
85 14
33 40
95 19
77 37
69 95
4 68
15 60
65 32
61 9
75 36
58 32
80 20
75 38
10 67
65 6
41 71
2 21
82 87
66 76
39 45
75 32
44 43
77 105
51 55
26 67
61 88
73 93
73 14
83 33
42 27
38 17
28 43
80 70
26 10
16 87
50 77
69 2
29 86
86 3
63 34
65 45
51 67
94 31
16 48
79 85
63 87
54 13
25 93
96 72
52 75
76 7
37 66
6 29
76 29
95 79
89 103
35 90
1 61
10 88
51 72
52 55
70 10
77 41
80 13
102 103
105 10
44 3
43 10
5 67
8 73
104 74
38 98
33 80
27 96
38 59
52 50
91 79
36 97
23 59
51 36
92 41
24 81
29 90
74 48
18 43
54 77
98 29
68 47
83 30
83 94
78 96
66 47
4 80
59 79
26 105
37 90
1 51
14 63
77 51
73 91
16 20
45 42
82 97
25 105
98 19
52 51
55 42
11 102
15 18
33 42
61 46
47 21
95 47
34 28
90 17
93 48
47 99
29 102
67 25
95 26
95 33
61 66
3 24
9 81
96 6
16 94
83 14
87 22
88 47
17 61
64 31
72 39
29 34
7 79
44 67
35 44
104 53
8 102
29 44
14 22
75 21
39 102
69 53
64 15
50 42
33 5
42 92
5 62
44 50
95 91
98 60
82 101
76 27
29 105
16 10
72 46
16 104
79 44
87 83
51 34
81 11
101 31
98 51
76 62
16 39
65 4
46 19
10 79
71 32
8 32
46 88
55 70
104 82
1 35
23 88
17 73
55 10
67 27
36 82
46 67
104 102
79 2
79 56
59 19
91 21
85 40
1 6
78 62
4 83
5 53
71 104
8 34
3 61
23 15
48 82
43 38
23 70
95 84
89 62
105 50
71 19
31 51
12 78
68 7
91 28
29 63
51 58
10 45
88 11
62 84
76 5
45 97
2 64
24 5
19 86
60 89
32 43
13 90
26 103
59 33
15 53
43 100
80 29
38 57
16 62
13 76
9 102
57 81
14 36
4 16
92 84
84 41
11 64
99 85
44 57
97 73
75 90
98 18
96 41
29 24
52 14
8 38
26 44
59 1
70 27
55 65
91 11
58 17
15 93
22 34
87 50
96 82
49 78
101 7
103 54
64 26
74 59
30 98
46 50
32 9
40 99
95 3
15 76
70 37
28 41
78 3
90 41
20 54
60 102
39 57
73 52
100 89
86 21
42 15
33 57
58 86
46 70
13 44
3 7
82 19
87 93
58 1
68 92
86 60
42 5
93 41
87 95
35 45
64 54
41 1
88 74
102 77
17 25
103 1
13 103
27 87
97 93
105 35
44 32
13 35
58 77
78 25
28 10
47 41
86 1
46 79
15 48
15 16
15 17
40 6
51 74
6 49
56 59
82 69
40 9
83 25
21 54
59 88
40 43
38 65
31 20
90 74
55 29
27 98
90 45
66 38
63 100
47 48
32 64
81 71
89 28
28 99
66 7
95 45
48 11
84 37
100 30
31 92
31 104
41 39
45 69
27 84
29 4
65 73
22 35
88 89
13 32
13 84
10 9
3 100
55 26
58 103
38 103
1 81
62 12
54 48
66 68
8 70
21 88
83 76
4 44
12 67
79 5
1 104
52 10
101 20
27 94
63 76
42 34
8 25
76 54
66 35
41 33
94 102
54 74
64 93
99 71
9 35
4 95
83 9
51 89
43 23
72 44
59 97
14 24
105 1
84 61
47 10
28 48
69 19
87 30
10 82
52 76
89 34
51 96
27 18
73 70
73 10
83 75
96 21
96 90
38 5
22 20
76 96
36 91
33 51
20 40
6 70
53 99
42 11
24 34
53 94
36 43
29 22
62 59
20 89
93 2
87 77
33 22
2 66
22 25
48 88
25 34
87 41
56 28
54 71
58 89
11 87
85 30
2 29
3 27
45 66
70 69
4 36
12 94
49 75
91 29
26 57
73 74
25 31
81 73
100 90
51 45
40 74
7 28
22 18
90 67
61 43
35 6
34 41
15 32
9 96
67 35
51 2
28 68
27 78
23 93
44 38
16 50
90 27
3 36
50 55
45 59
71 97
26 88
9 48
31 84
83 57
4 19
42 72
23 87
92 38
3 33
95 97
31 50
28 62
97 25
89 81
89 78
86 52
63 62
61 71
15 101
99 86
22 86
34 21
85 32
90 23
53 85
69 25
7 19
104 90
42 22
102 5
104 8
72 66
29 95
90 16
51 10
75 101
48 46
83 63
92 53
80 15
90 32
24 102
18 50
13 26
33 17
80 90
94 63
69 66
77 44
19 44
30 23
56 6
84 83
42 66
94 34
4 15
85 68
91 89
21 14
65 3
90 15
97 65
51 75
73 13
34 26
3 54
46 80
97 75
87 14
100 32
53 42
64 29
89 9
7 29
13 19
12 93
49 74
82 24
8 94
74 67
27 40
20 84
85 94
90 10
95 2
70 53
102 79
69 98
89 17
45 28
2 75
51 102
13 12
41 66
17 78
48 78
93 70
103 16
9 100
50 103
71 44
5 39
70 71
102 101
74 29
78 104
37 76
74 60
38 10
41 65
23 65
91 57
7 44
48 32
71 101
6 7
11 57
64 72
66 9
58 19
17 83
51 42
40 97
39 99
10 8
58 50
35 8
12 68
2 105
12 26
6 83
90 85
86 77
72 13
13 50
70 42
11 37
18 76
45 40
31 80
76 10
73 62
28 105
102 27
102 89
84 51
38 79
45 2
46 69
10 58
75 60
93 80
25 30
12 104
29 36
13 51
6 60
46 93
22 74
22 10
25 39
31 69
6 37
85 5
47 20
58 91
87 29
33 68
81 4
30 29
87 19
79 21
48 103
14 57
100 59
70 61
82 8
30 95
54 65
103 88
103 86
101 22
50 20
54 87
105 52
69 94
21 35
90 46
59 37
1 36
45 57
9 71
76 39
72 77
81 38
63 21
91 31
70 64
61 65
34 54
35 24
32 74
66 82
105 79
57 101
8 99
30 59
57 8
21 67
53 19
88 68
86 11
77 26
15 74
31 11
88 102
44 102
36 15
28 86
102 36
74 16
70 98
69 96
32 79
76 4
74 70
57 54
85 63
60 27
33 72
97 96
95 10
15 46
12 66
44 30
39 80
35 76
79 41
70 62
91 2
59 73
98 8
101 18
13 48
36 81
5 73
42 4
32 12
6 105
31 102
54 67
3 1
35 19
58 8
99 5
33 34
95 83
102 83
5 30
26 50
91 9
57 29
70 36
51 24
73 9
27 11
84 12
17 56
69 32
25 68
44 90
94 40
8 7
45 30
69 81
59 81
5 88
93 22
97 28
50 81
97 18
74 5
18 46
99 80
81 100
91 32
37 33
73 53
39 37
62 68
30 31
60 20
60 25
44 23
84 49
101 11
72 92
41 100
70 59
84 32
4 87
94 86
26 100
59 25
29 54
23 84
28 11
33 62
26 79
105 21
23 103
16 3
86 101
53 98
46 14
43 39
47 90
70 56
56 58
46 26
57 68
63 93
5 26
49 37
79 80
85 62
30 94
13 8
17 96
14 23
59 46
103 55
15 98
79 39
41 101
37 47
8 6
19 64
52 60
29 10
53 6
69 40
50 74
19 22
50 60
46 43
19 23
83 53
102 50
63 61
96 38
89 36
62 55
30 1
1 34
56 57
58 3
91 214
67 36 12 15 21 13 37 85 33 84 26 25 41 73 89 19 83 66 34 57 86 32 47 44 89 40 6 70 39 43 55 72 35 19 89 71 54 44 7 20 59 83 74 49 24 84 73 32 67 41 38 38 91 18 50 20 88 32 65 74 67 46 61 84 28 67 2 40 13 75 15 10 47 86 10 35 3 34 38 89 32 22 46 34 52 81 37 9 56 90 58
67 19 12 10 21 9 37 13 33 37 26 20 41 34 26 19 46 22 34 57 13 32 47 44 7 40 6 9 39 12 18 47 35 18 89 71 54 44 7 20 21 83 44 49 24 20 18 32 67 41 12 26 6 18 50 20 88 7 15 19 32 46 13 33 28 67 2 40 13 7 15 10 47 20 10 2 3 2 2 89 32 13 18 7 15 81 37 9 20 67 34
53 24
77 70
86 17
12 56
45 38
5 1
46 85
2 77
3 62
82 63
23 31
81 47
32 7
27 18
54 48
25 39
58 61
78 67
69 66
1 40
88 28
90 68
41 24
28 57
7 10
19 53
91 47
85 27
53 54
87 85
5 89
27 11
47 54
34 67
3 25
16 2
26 27
25 44
16 75
75 84
54 31
60 11
54 55
90 55
21 26
84 54
11 15
68 54
4 51
53 61
75 66
5 58
57 32
84 44
81 53
29 84
70 39
88 59
11 68
71 23
9 62
19 77
81 7
49 66
5 65
35 62
57 2
17 84
75 62
85 42
21 43
74 37
73 25
50 5
80 91
76 52
6 88
19 91
15 8
84 58
1 71
35 75
45 50
22 34
24 52
27 53
39 27
55 88
27 71
66 25
46 56
20 19
80 43
8 89
67 47
84 30
56 36
70 84
39 31
65 50
44 22
81 18
77 79
78 79
64 87
9 64
66 90
29 83
65 71
1 45
17 76
18 82
88 63
88 57
41 73
55 59
55 75
46 74
79 49
71 89
6 86
76 7
14 20
6 55
17 40
41 5
77 4
73 62
3 73
17 62
44 61
44 86
8 21
4 79
59 57
67 71
39 30
38 33
20 53
89 35
11 30
54 83
73 42
2 80
46 79
83 66
8 75
27 10
12 88
46 68
59 85
79 89
75 32
78 81
25 35
58 81
26 34
31 65
44 21
51 3
11 52
34 24
28 60
80 27
53 86
72 22
4 6
71 79
66 36
88 5
88 9
49 52
48 75
22 69
43 54
3 28
4 72
14 84
2 60
53 74
89 32
35 12
31 50
19 47
76 78
30 3
8 46
71 25
4 85
66 13
6 63
56 77
86 66
38 65
15 17
20 39
61 48
85 2
26 74
26 70
63 55
21 82
3 65
46 70
32 23
24 18
54 34
89 29
70 59
10 36
38 43
48 3
12 89
33 54
87 1175
1 2 3 4 5 6 7 8 9 10 11 12 13 14 15 16 17 18 19 20 21 22 23 24 25 26 27 28 29 30 31 32 33 34 35 36 37 38 39 40 41 42 43 44 45 46 47 48 49 50 51 52 53 54 55 56 57 58 59 60 61 62 63 64 65 66 67 68 69 70 71 72 73 74 75 76 77 78 79 80 81 82 83 84 85 86 87
1 1 1 1 1 1 1 1 1 1 1 1 1 1 1 1 1 1 1 1 1 1 1 1 1 1 1 1 1 1 1 1 1 1 1 1 1 1 1 1 1 1 1 1 1 1 1 1 1 1 1 1 1 1 1 1 1 1 1 1 1 1 1 1 1 1 1 1 1 70 1 1 1 1 1 1 1 1 1 1 1 1 1 1 1 1 1
23 39
15 7
71 60
31 14
22 75
52 63
4 22
34 66
81 23
61 69
30 49
39 51
17 75
76 73
4 73
24 84
8 53
58 39
58 33
82 21
7 40
86 2
15 2
2 44
73 9
33 5
79 85
10 57
76 7
46 55
83 46
70 50
69 28
12 54
2 56
75 26
68 42
18 76
12 46
38 10
19 28
60 20
36 48
41 74
13 24
15 6
59 1
66 44
36 74
41 85
68 70
57 45
72 5
26 44
14 34
29 71
3 37
19 4
17 59
30 72
18 77
37 70
34 61
8 61
55 71
53 14
77 86
1 19
22 84
11 34
9 47
66 56
32 50
78 61
30 84
46 3
35 54
63 40
9 37
25 22
32 18
22 60
46 13
3 53
70 85
31 9
84 69
31 7
22 12
55 56
45 36
63 3
80 25
54 82
27 14
65 10
31 6
53 67
70 74
4 32
29 28
59 63
82 46
83 60
2 68
43 3
24 5
86 64
26 58
28 64
54 87
17 42
22 69
40 51
77 61
35 78
69 74
64 1
34 24
36 67
49 7
38 56
60 7
53 25
80 27
69 42
46 66
41 13
57 60
10 78
86 44
52 57
59 67
21 29
59 50
52 73
9 27
44 36
49 80
15 47
3 18
69 9
70 63
43 1
8 32
83 58
39 18
35 81
33 6
31 43
78 77
84 1
82 6
53 87
69 7
60 76
54 22
73 23
24 66
76 42
51 15
13 45
38 21
44 82
48 11
69 16
64 20
73 47
12 85
47 19
72 2
60 65
68 33
48 59
71 85
7 56
58 41
50 51
70 53
45 84
19 75
12 39
13 50
45 3
25 86
68 36
33 40
68 43
20 45
52 44
48 23
85 51
10 51
83 31
50 14
83 4
71 21
85 52
46 67
38 68
37 78
66 48
49 75
50 17
13 12
87 31
80 14
79 25
2 53
46 16
57 41
73 56
12 41
8 56
20 83
80 87
16 30
80 64
53 15
64 8
57 77
58 60
43 55
27 32
46 50
76 41
23 44
52 48
80 59
14 65
24 14
20 6
81 30
27 71
59 44
77 39
6 29
67 22
37 87
85 5
83 36
17 13
72 26
77 16
53 20
14 26
2 22
86 76
47 63
11 45
78 70
52 11
69 35
41 81
24 22
63 75
32 34
15 68
36 26
58 73
52 20
82 86
33 80
66 51
22 31
77 23
52 25
8 82
38 48
10 86
75 46
14 87
50 44
21 64
40 79
1 51
35 56
10 59
49 29
55 33
6 34
2 48
63 16
48 42
69 44
75 7
7 2
80 29
23 17
13 9
12 5
54 69
28 72
59 46
37 73
44 78
45 49
69 53
87 59
22 57
83 62
15 4
66 33
54 21
40 3
37 77
77 54
12 78
7 52
28 60
41 47
74 39
30 51
66 21
53 44
49 18
58 40
1 48
36 30
16 27
1 85
18 75
80 52
32 80
46 15
52 81
42 21
81 61
32 65
78 66
59 34
82 5
22 50
55 86
51 26
57 3
14 47
44 28
68 75
19 27
60 42
52 76
47 81
15 35
53 73
38 46
24 20
13 72
14 48
12 35
10 33
6 17
20 25
40 56
22 49
70 36
64 56
38 67
8 74
70 20
85 27
77 11
56 87
66 76
56 58
72 61
8 60
85 9
62 64
15 52
69 4
61 71
43 61
69 55
68 23
40 82
62 35
72 73
16 64
86 23
75 10
77 81
33 3
16 74
31 68
52 75
8 66
21 45
70 27
33 11
61 56
9 77
15 49
46 29
24 48
59 3
74 49
31 15
18 37
9 86
78 39
9 34
29 5
9 70
16 15
76 30
1 37
68 67
65 62
82 28
31 39
52 16
11 46
24 60
64 31
62 75
43 51
85 74
83 6
39 19
51 76
41 64
41 59
84 34
34 72
57 16
69 17
9 17
26 54
32 14
67 10
87 58
75 73
34 18
13 64
51 58
71 63
19 25
8 55
86 4
48 39
84 35
36 25
54 27
9 68
38 60
4 81
82 59
84 50
32 21
45 17
32 75
84 66
47 79
42 47
7 59
59 56
28 61
4 45
57 47
25 29
55 9
30 13
5 57
45 60
39 56
42 30
12 7
43 87
38 61
4 16
81 29
11 81
13 14
13 73
3 36
31 44
23 47
78 21
71 83
25 21
12 81
44 35
44 76
48 55
51 25
1 18
57 64
16 36
48 63
6 12
46 34
22 62
44 1
72 7
55 72
62 17
66 4
21 16
9 65
3 24
82 65
64 5
20 74
65 1
66 87
81 71
42 37
71 26
41 84
77 80
71 75
6 63
34 26
12 83
77 7
41 22
35 8
9 74
63 17
70 69
2 63
57 31
46 17
41 24
40 25
4 24
1 87
40 65
51 55
29 84
21 79
33 63
16 53
9 28
12 37
50 64
3 56
46 86
33 37
8 45
59 54
85 37
73 83
35 23
30 9
86 20
3 13
47 66
36 13
38 52
76 11
5 81
5 23
63 46
63 62
4 51
62 48
40 30
41 71
9 4
81 2
67 27
71 3
11 61
74 22
22 61
3 64
28 68
65 7
49 81
40 69
69 50
50 36
68 8
32 83
36 59
10 40
66 41
1 52
84 46
85 44
55 11
67 75
82 71
24 64
32 11
42 54
57 66
63 57
2 58
57 85
37 54
37 24
17 78
61 60
12 66
48 4
34 45
45 62
63 23
59 2
76 47
51 13
28 3
83 17
77 79
35 5
51 27
71 77
41 29
87 65
64 49
78 76
33 64
26 83
34 21
78 57
49 57
29 15
17 77
49 39
59 19
82 24
43 25
55 2
81 58
61 58
21 47
72 79
87 77
8 75
75 2
69 38
24 39
59 5
81 62
26 23
36 40
77 64
23 2
18 69
27 56
62 19
28 18
24 56
68 52
35 45
30 48
11 59
66 64
78 36
34 50
54 75
83 78
83 85
25 38
42 6
41 20
23 20
38 50
35 43
45 6
27 60
52 79
22 33
18 60
52 83
21 51
73 24
71 11
81 78
46 32
42 25
65 43
64 68
56 31
66 3
59 12
7 4
9 66
38 17
13 16
3 47
25 2
31 20
12 42
70 48
32 85
52 86
64 84
57 17
70 10
62 24
37 79
85 34
8 28
60 52
75 56
69 48
33 77
75 79
69 49
83 3
22 47
76 61
2 69
13 6
20 40
25 56
81 69
26 13
61 64
74 24
54 13
34 13
16 8
78 32
77 56
26 70
51 70
79 71
46 30
8 77
61 20
51 61
33 81
53 77
11 22
1 53
28 41
84 38
86 54
65 77
78 87
34 70
25 82
68 26
15 42
5 77
32 13
10 43
57 73
28 50
5 9
19 66
6 32
51 36
72 22
1 54
57 82
87 7
39 68
54 15
20 58
62 2
17 25
47 24
59 53
85 77
10 61
30 12
38 82
60 23
60 82
52 17
59 72
32 60
24 80
16 60
25 7
87 12
45 12
31 2
66 17
80 35
28 31
73 60
17 72
52 59
54 66
87 29
8 86
33 28
47 67
53 6
35 63
23 87
73 8
67 13
85 33
15 8
4 30
17 12
29 31
46 19
39 40
64 15
27 83
59 69
50 76
12 62
83 22
12 79
56 80
72 24
74 58
66 18
87 69
4 39
77 48
2 33
36 33
6 8
36 46
69 36
75 84
41 70
73 30
35 51
48 16
78 60
5 27
57 46
81 83
58 69
31 4
51 6
32 72
3 54
39 85
77 50
29 38
69 10
69 3
71 39
82 69
6 26
60 17
70 1
67 40
5 76
27 25
1 10
18 53
65 23
87 11
55 75
76 25
3 23
69 68
39 43
41 56
17 67
80 72
52 28
32 74
23 25
69 52
73 14
69 27
58 77
1 2
33 35
79 86
56 46
81 72
38 81
11 73
81 36
84 9
8 57
55 63
20 9
48 49
15 45
47 83
78 7
87 6
11 14
36 1
86 60
25 31
35 79
51 24
82 58
41 61
6 41
70 80
42 61
2 51
66 6
54 74
80 67
65 75
47 45
81 28
73 21
47 75
10 71
31 58
21 22
24 21
32 71
58 66
62 69
40 70
5 51
47 16
43 69
32 81
27 43
36 20
76 54
18 27
44 83
62 20
52 31
62 57
47 6
45 2
52 40
9 29
37 46
87 16
20 4
81 59
82 64
16 38
4 72
17 1
71 23
49 73
12 70
32 40
65 13
6 58
84 67
13 44
81 20
51 53
12 77
10 76
47 25
82 48
77 20
49 66
40 72
74 26
53 39
61 26
52 62
22 76
82 36
75 83
85 64
27 2
49 17
38 70
33 8
81 3
57 27
44 5
35 47
83 16
21 44
63 86
67 19
44 77
7 51
37 52
23 46
2 71
66 2
55 52
17 87
68 37
87 47
24 26
68 79
79 82
68 11
54 49
63 68
70 87
19 79
73 17
39 54
65 47
13 5
28 76
41 18
38 31
48 27
39 6
45 61
79 6
37 36
79 63
23 51
78 30
44 51
60 34
60 79
3 55
59 73
61 85
25 64
80 15
38 7
9 8
29 7
86 41
14 44
63 69
39 84
36 27
73 71
25 60
39 69
47 31
21 80
76 2
44 62
58 5
85 69
83 63
79 42
77 49
84 8
70 47
43 57
25 81
76 38
63 72
77 43
59 42
10 41
81 85
18 43
36 34
62 7
86 28
3 65
70 75
44 63
4 59
49 59
75 69
32 22
51 81
29 66
69 86
38 57
84 55
31 74
23 56
26 66
66 20
66 80
18 73
60 49
34 2
30 15
68 18
54 41
20 19
63 84
42 57
44 15
80 31
9 1
10 63
37 38
65 55
65 27
78 5
61 62
52 24
70 52
72 85
27 84
16 37
85 53
17 14
33 60
11 41
1 32
82 74
72 87
62 30
47 49
14 39
55 7
75 85
50 16
19 6
2 73
13 62
86 34
21 46
13 37
60 46
37 7
68 57
67 14
33 31
29 64
61 49
83 9
68 60
27 12
35 11
73 5
46 43
21 41
19 83
43 28
59 79
12 4
6 68
43 8
87 83
33 52
1 11
55 17
66 10
22 79
86 27
16 73
43 34
62 29
2 24
39 47
17 29
2 38
55 27
53 54
29 69
57 11
58 47
26 41
22 26
19 64
14 4
76 58
66 72
65 20
46 58
58 67
42 18
22 73
47 29
5 43
43 74
60 31
59 39
13 80
52 78
44 17
40 11
17 80
14 64
67 32
12 28
23 85
44 58
73 81
58 43
41 34
65 73
6 78
7 86
57 7
78 38
85 253
26 42 61 21 29 35 1 69 6 40 9 7 81 7 84 44 45 8 26 56 19 69 7 41 45 56 59 31 14 62 12 40 71 1 65 26 54 67 15 17 78 29 67 52 46 84 61 17 62 53 59 59 79 41 66 3 20 66 67 24 64 3 12 51 79 70 67 19 14 29 78 38 78 64 57 42 85 27 31 21 12 66 52 40 32
1 1 1 1 1 1 1 1 1 1 1 1 1 1 1 1 1 1 1 1 1 1 1 1 1 1 1 1 1 1 1 1 1 1 1 1 1 1 1 1 1 1 1 1 1 1 1 1 1 1 1 1 1 1 1 1 1 1 1 1 1 1 1 1 1 1 1 1 1 1 1 1 1 1 1 1 1 1 1 1 1 1 1 1 1
11 77
33 37
59 6
29 68
38 78
53 66
26 16
36 50
40 85
10 34
69 6
59 61
1 77
9 11
48 49
64 25
37 70
79 11
83 57
57 80
52 53
24 15
1 8
32 10
24 55
16 31
13 48
34 5
15 53
13 71
28 76
45 38
52 11
26 9
18 40
50 39
2 50
35 3
48 46
21 80
71 44
50 58
11 66
49 70
22 41
52 37
25 10
10 67
32 39
14 62
23 19
34 26
23 52
60 61
66 15
60 28
29 18
3 15
17 23
51 21
77 84
67 71
20 16
68 3
5 29
66 43
24 78
22 70
22 6
12 31
63 67
60 31
60 83
64 42
32 31
51 48
74 3
56 2
26 74
80 31
74 81
7 11
40 7
6 13
29 37
5 66
11 76
57 20
85 51
28 15
78 51
75 72
2 36
16 54
26 17
64 16
23 5
74 28
9 30
58 40
12 27
8 23
11 32
47 49
9 14
7 48
16 72
46 41
29 38
47 50
46 34
62 18
70 9
83 72
47 82
58 5
84 12
40 63
37 4
75 85
64 8
29 73
47 3
84 73
67 55
60 46
33 30
31 29
10 80
24 1
49 61
55 79
5 28
63 11
69 23
58 69
15 61
64 27
58 8
24 53
44 33
55 38
41 15
1 19
71 85
4 50
16 73
56 36
38 85
53 33
5 19
39 19
73 57
35 79
66 67
54 61
61 7
45 6
74 84
30 39
26 14
7 81
14 75
7 1
24 70
26 48
54 56
34 37
53 50
28 30
32 84
18 21
63 4
1 84
85 11
65 19
35 62
74 13
18 38
19 24
67 76
81 27
39 72
68 39
49 21
45 14
79 48
13 32
20 60
54 32
71 40
66 44
63 30
65 79
71 58
26 36
56 60
6 54
85 56
67 11
13 62
80 81
1 40
66 57
42 61
29 82
2 75
78 43
31 38
72 15
47 61
56 59
55 19
52 26
65 85
40 14
6 76
85 54
10 1
21 73
21 32
82 85
31 35
43 57
29 2
34 64
37 8
3 51
45 53
64 30
9 45
52 45
63 82
20 14
43 33
2 6
68 60
52 13
67 36
51 11
27 11
42 71
77 48
41 7
27 55
72 57
69 43
19 18
67 70
43 24
41 80
39 42
45 71
114 445
108 41 21 114 34 9 113 60 92 110 25 75 66 110 44 48 51 59 101 104 73 10 49 29 78 85 13 15 95 35 80 7 90 76 87 38 9 11 81 58 97 59 65 75 44 50 67 16 51 62 19 59 85 26 95 6 21 59 53 101 92 18 60 82 21 17 82 25 3 78 3 40 59 4 28 82 31 59 41 17 76 2 72 93 6 15 49 34 31 99 46 17 99 53 75 34 10 95 12 71 23 59 17 18 51 113 94 60 82 89 114 106 79 35
2 2 2 2 2 2 2 2 2 2 2 2 2 2 2 2 2 2 2 2 2 2 2 2 2 2 2 2 2 2 2 2 2 2 2 2 2 2 2 2 2 2 2 2 2 2 2 2 2 2 2 2 2 2 2 2 2 2 2 2 2 2 2 2 2 2 2 2 2 2 2 2 2 2 2 2 2 2 2 2 2 2 2 2 2 2 2 2 2 2 2 2 2 2 2 2 10 2 2 2 2 2 2 2 2 2 2 2 2 2 2 2 2 2
32 20
114 8
22 74
12 59
81 91
48 1
42 112
31 19
55 47
98 58
40 25
53 94
63 13
65 90
50 92
76 18
98 20
26 27
107 17
114 20
21 53
84 4
81 57
107 3
27 22
38 20
61 34
42 6
31 9
77 50
15 22
77 40
43 63
14 103
26 93
57 52
15 81
24 56
107 67
87 97
60 95
24 8
55 110
42 5
60 112
3 62
16 114
70 57
60 7
61 23
49 109
42 98
48 94
39 21
106 34
95 19
72 71
114 81
19 53
24 60
77 107
90 101
73 54
14 23
63 2
38 57
74 11
6 53
15 94
56 62
15 56
48 42
17 78
93 95
14 7
81 80
41 51
108 65
93 64
89 71
69 87
100 18
30 102
95 88
105 107
40 63
14 39
8 3
31 34
20 95
53 65
83 96
65 64
9 3
55 44
13 86
77 91
33 2
14 52
26 78
93 74
61 96
36 95
59 65
42 45
103 62
73 114
23 41
28 113
12 96
77 58
81 48
75 93
76 75
63 22
5 112
72 27
67 33
71 16
48 87
76 20
85 43
42 7
95 31
102 67
42 101
60 78
57 74
56 27
100 28
64 76
70 39
95 71
25 54
49 10
78 93
23 111
88 103
103 54
62 91
36 70
109 14
106 109
88 73
28 4
50 63
48 90
71 4
111 17
32 99
42 13
67 5
66 5
63 60
17 60
28 99
76 63
86 46
2 59
70 3
21 56
60 73
103 100
106 14
91 13
16 61
113 27
25 55
100 95
5 25
45 26
10 74
76 41
75 99
36 87
75 100
102 83
18 102
43 78
54 63
23 100
82 40
30 108
95 86
13 4
38 10
53 57
108 81
36 93
73 33
8 23
1 4
46 26
88 16
92 42
2 96
84 50
113 23
13 57
54 105
113 22
111 90
85 75
67 92
110 97
32 96
51 64
37 18
29 9
77 70
7 111
18 85
74 45
53 63
83 86
87 4
96 39
49 5
87 93
97 40
2 84
9 91
15 96
109 103
92 8
29 103
101 2
6 17
71 29
112 20
10 24
58 74
30 25
88 62
5 44
10 3
14 88
99 94
34 114
96 13
60 84
53 47
108 86
51 59
105 60
21 32
5 38
8 100
15 40
39 110
5 69
64 5
43 32
7 15
53 81
31 12
77 97
57 29
12 20
4 5
53 66
86 22
34 84
113 107
33 87
55 3
38 104
19 81
78 7
105 82
50 21
97 69
43 72
67 53
73 21
1 52
81 102
66 3
2 55
34 57
106 22
60 71
63 25
94 103
80 72
101 110
73 113
6 9
112 66
70 81
9 24
27 77
43 27
53 80
69 78
4 107
44 89
53 101
67 31
81 17
36 26
96 24
31 35
68 41
50 81
24 49
16 12
112 37
57 61
66 105
74 65
75 92
42 29
65 37
3 112
105 100
80 45
81 7
26 52
74 49
94 88
13 98
38 64
110 15
31 99
51 48
31 109
9 94
46 54
60 46
72 98
111 29
66 35
99 86
25 99
110 64
21 90
86 28
64 107
85 105
24 113
63 37
76 32
33 103
93 107
60 41
95 6
82 30
36 81
6 106
51 28
11 36
13 31
45 44
81 100
87 3
84 20
17 26
44 85
110 19
84 42
102 96
48 8
108 74
72 40
83 56
4 17
79 32
112 57
60 31
67 70
9 41
60 45
58 6
34 27
70 113
93 89
40 104
100 64
23 76
46 9
7 62
110 23
67 52
48 21
15 24
88 26
74 70
69 105
37 3
3 53
72 29
29 20
30 83
39 111
58 92
87 19
48 113
54 90
37 44
16 107
27 31
53 12
37 102
114 62
74 81
27 96
21 52
41 71
52 82
68 35
26 72
16 104
61 80
113 72
100 29
89 48
69 51
76 22
31 70
16 98
48 84
61 85
99 12
103 41
12 61
90 105
91 63
52 65
32 73
58 31
95 57
59 56
114 22
21 79
16 19
99 22
101 95
31 41
72 88
10 100
35 16
43 88
52 22
99 3
98 526
36 55 41 9 70 96 87 12 91 59 88 24 31 33 3 77 83 90 95 86 73 40 36 56 70 5 19 57 11 62 88 39 8 7 71 82 4 71 13 92 36 53 62 68 39 81 93 86 88 84 28 82 78 11 16 76 60 25 44 60 58 23 72 12 12 88 37 46 4 12 66 1 44 38 16 65 22 91 90 46 63 51 58 12 53 19 10 13 64 64 39 82 36 53 35 24 65 92
1 1 1 1 1 1 1 1 1 1 1 1 1 1 1 1 1 1 1 1 1 1 1 1 1 1 1 1 1 1 1 1 1 1 1 1 1 1 1 1 1 1 62 1 1 1 1 1 1 1 1 1 1 1 1 1 1 1 1 1 1 1 1 1 1 1 1 1 1 1 1 1 1 1 1 1 1 1 1 1 1 1 1 1 1 1 1 1 1 1 1 1 1 1 1 1 1 1
25 32
93 46
43 40
22 97
38 39
52 34
94 75
24 86
48 8
83 10
68 91
14 31
26 97
85 35
4 49
19 64
56 71
8 79
42 77
38 78
32 72
44 68
27 60
67 55
55 5
5 90
66 34
4 65
62 42
19 76
79 80
96 82
64 17
67 26
71 3
54 55
62 41
8 93
60 76
84 60
71 65
62 78
19 14
1 33
52 21
72 96
14 27
9 75
13 49
79 44
22 95
15 77
97 33
28 23
10 29
98 17
39 83
68 9
13 23
59 34
18 3
14 47
26 43
11 60
18 68
92 47
77 52
5 84
94 12
7 69
10 51
23 84
57 3
19 10
23 51
10 23
90 47
14 48
48 24
17 84
80 36
10 90
77 56
75 62
26 80
53 55
47 95
75 98
84 22
40 49
79 69
6 12
12 11
80 73
18 48
56 48
29 87
54 33
87 71
36 51
38 67
48 21
82 47
97 24
8 15
77 63
88 70
28 85
89 1
77 26
35 51
78 6
2 17
28 10
66 8
18 56
31 85
45 53
11 62
64 12
19 28
44 24
95 17
79 6
97 1
21 98
56 86
32 5
94 41
74 3
54 11
23 80
90 2
89 54
25 88
61 7
83 80
80 69
61 76
93 23
12 74
79 98
32 4
6 44
59 2
43 5
1 26
59 77
26 84
53 10
67 25
36 56
73 68
16 40
50 85
56 58
3 80
6 96
85 65
49 95
76 77
6 56
53 60
72 64
94 34
40 85
19 49
12 22
11 67
55 2
60 75
19 51
34 3
16 29
8 19
53 31
1 7
52 53
2 67
64 83
75 41
14 76
62 46
38 91
12 82
60 14
25 31
11 53
75 89
63 84
61 11
62 52
47 85
2 63
11 35
85 56
36 95
12 85
74 6
61 35
35 13
9 57
2 68
11 89
68 28
94 2
97 4
12 32
91 49
89 21
2 92
93 1
52 43
98 13
28 16
5 3
60 42
48 38
20 78
47 65
91 19
88 6
35 64
89 14
70 76
70 93
3 45
82 10
23 95
53 94
35 44
81 3
15 66
47 78
83 43
97 13
43 68
12 78
67 7
68 74
20 19
94 16
37 10
19 21
52 5
54 22
56 41
78 51
7 35
72 51
88 12
38 84
26 46
48 62
67 13
67 22
83 12
80 94
52 11
39 56
86 42
73 11
62 27
26 23
39 86
74 94
82 38
11 58
10 39
81 52
54 79
87 11
95 86
27 80
52 68
36 81
47 76
43 85
21 80
43 47
56 11
11 18
12 80
40 19
14 9
66 93
4 83
68 58
78 57
32 2
83 20
74 96
15 32
94 17
44 55
59 88
94 61
77 55
46 54
65 27
87 9
41 60
78 13
63 91
41 81
1 22
63 3
16 57
83 1
71 45
75 31
35 52
22 25
73 40
58 78
49 84
89 49
71 50
20 37
19 47
55 46
10 60
93 72
66 95
57 10
7 44
68 4
36 74
92 43
17 39
38 61
22 43
42 63
92 95
64 96
9 10
26 8
30 3
29 81
23 97
41 3
18 6
12 67
92 91
12 44
1 37
43 81
35 76
37 16
66 4
55 60
17 96
23 3
78 9
3 33
82 20
8 10
38 40
58 29
98 41
56 22
17 56
15 70
56 52
53 92
56 3
63 57
50 33
29 71
78 89
2 44
20 6
96 50
83 41
31 18
26 68
94 3
26 16
31 70
24 53
80 62
79 26
30 29
90 82
78 90
39 41
17 44
18 46
47 54
6 66
21 15
69 24
31 56
91 87
45 97
71 98
70 5
66 24
64 22
47 44
8 69
63 33
24 13
78 17
72 33
59 19
92 70
17 9
41 77
63 5
7 10
29 9
46 43
91 29
37 29
54 1
53 58
27 3
35 67
62 15
67 24
71 78
25 71
2 6
79 83
34 14
85 17
85 88
90 26
40 20
98 3
16 44
42 48
35 9
8 45
52 44
45 78
18 92
77 44
33 35
19 38
35 34
5 88
53 96
81 59
92 65
42 13
64 82
31 26
18 61
9 54
80 18
33 42
67 23
9 4
7 51
75 84
51 62
31 55
92 20
11 93
94 29
82 69
60 48
95 30
83 89
34 77
72 53
1 11
8 3
22 83
40 27
79 23
66 78
23 21
85 23
87 72
67 50
33 41
15 3
61 82
85 11
48 4
24 89
12 70
58 20
40 82
69 57
87 42
86 20
43 60
86 69
16 76
25 66
93 49
34 26
19 48
44 56
29 82
92 59
83 54
82 52
58 75
43 57
50 24
38 87
69 22
15 59
88 64
81 98
76 98
54 30
81 83
13 61
23 47
46 39
44 58
59 98
30 4
77 60
57 35
71 81
22 21
43 95
54 87
63 18
101 3948
1 2 3 4 5 6 7 8 9 10 11 12 13 14 15 16 17 18 19 20 21 22 23 24 25 26 27 28 29 30 31 32 33 34 35 36 37 38 39 40 41 42 43 44 45 46 47 48 49 50 51 52 53 54 55 56 57 58 59 60 61 62 63 64 65 66 67 68 69 70 71 72 73 74 75 76 77 78 79 80 81 82 83 84 85 86 87 88 89 90 91 92 93 94 95 96 97 98 99 100 101
1 2 3 4 5 6 3 8 9 1 11 12 13 14 15 16 17 18 19 20 3 22 23 24 7 26 13 28 29 30 31 32 33 34 35 36 37 38 39 40 41 10 39 3 17 7 47 34 7 9 51 52 7 54 55 32 38 58 59 14 61 43 63 64 65 66 20 68 69 68 71 2 73 74 10 9 4 13 79 80 3 82 78 6 68 21 69 88 20 29 34 7 74 94 3 39 97 98 10 37 101
73 95
58 74
12 55
23 68
10 33
33 77
60 98
76 10
90 83
43 39
94 74
43 34
2 59
23 70
29 62
35 92
54 86
9 23
45 5
89 49
81 13
7 31
27 8
85 34
52 25
80 26
53 29
38 50
68 43
64 21
34 98
81 17
82 96
89 76
67 92
46 75
19 89
49 81
21 13
78 90
38 52
81 53
27 43
19 1
99 97
19 92
68 49
58 87
24 68
32 30
88 45
99 72
58 96
20 18
92 89
55 38
28 30
24 81
3 78
17 8
81 77
52 36
44 41
12 63
79 73
91 20
97 78
15 83
31 71
85 31
94 17
53 9
11 69
5 98
24 96
21 57
14 26
12 10
26 76
26 79
62 47
14 63
50 46
83 79
101 32
7 61
41 21
72 67
26 35
90 97
94 6
42 93
77 59
58 13
98 85
80 5
38 29
12 11
90 11
51 60
94 82
59 5
16 36
17 4
89 52
37 99
89 78
85 87
44 96
37 67
31 26
21 22
93 29
35 69
65 26
48 80
95 7
101 47
87 27
77 83
14 27
5 44
22 19
60 38
50 25
23 88
67 50
77 92
23 16
50 75
34 42
3 17
74 59
95 33
29 84
23 5
58 66
92 88
24 26
53 85
41 5
88 72
45 24
93 92
37 94
101 64
13 82
13 48
57 75
3 61
20 48
94 55
31 12
39 9
50 30
94 11
28 27
64 13
100 88
2 22
44 87
60 95
1 61
62 35
80 65
2 63
93 8
62 59
97 18
18 16
12 39
44 19
32 62
56 28
65 10
18 6
9 64
2 73
11 42
70 5
28 52
58 76
91 49
81 100
67 46
55 8
3 25
37 49
49 56
83 49
82 38
98 42
55 86
26 48
65 11
51 24
72 57
63 11
19 18
4 95
45 64
14 28
47 44
53 48
9 18
92 64
81 5
23 22
61 11
35 9
40 47
74 42
67 32
65 57
48 4
23 73
82 7
22 45
3 24
90 79
85 39
84 83
99 20
62 58
92 61
96 68
91 71
21 67
48 5
37 26
31 11
6 36
58 82
71 34
46 56
84 69
23 75
10 87
1 15
54 89
62 34
74 40
13 29
25 94
67 58
91 43
60 37
84 46
72 82
59 41
70 20
63 59
69 8
6 13
20 6
32 77
80 76
85 9
9 96
34 87
16 94
83 32
21 79
45 81
44 45
42 19
80 72
97 4
35 44
13 20
27 80
61 30
27 6
60 61
101 61
65 68
7 60
32 47
20 59
35 5
27 66
83 76
3 30
61 21
50 76
1 3
59 52
35 41
1 10
54 1
59 56
54 77
53 66
57 9
99 94
2 70
29 79
95 6
41 66
41 16
49 54
51 79
28 79
44 37
31 6
71 44
21 98
9 47
17 60
65 86
55 15
94 26
43 60
9 88
101 89
22 93
5 71
15 81
101 63
33 74
3 52
100 18
75 84
93 1
79 55
71 13
38 76
19 73
7 6
7 79
32 38
37 21
95 100
10 61
84 98
35 60
20 63
22 20
100 47
10 57
79 43
27 91
33 73
73 42
40 89
3 70
84 27
57 12
7 80
95 17
71 92
77 42
4 68
74 90
54 82
88 63
73 27
32 61
44 100
1 25
95 78
89 81
11 29
74 34
35 56
45 54
75 24
37 68
33 37
42 89
6 93
63 82
90 35
21 83
68 18
64 53
87 35
8 80
36 59
28 9
43 96
59 7
34 91
90 75
70 7
10 50
78 81
66 17
78 86
54 81
83 82
64 94
39 46
53 43
22 76
19 99
34 23
94 60
76 3
10 53
40 79
14 98
44 98
71 17
43 24
19 101
3 55
45 51
37 75
87 57
17 13
29 77
96 2
18 96
77 16
92 10
101 23
9 63
53 79
94 3
27 64
44 42
93 28
86 23
36 61
73 58
31 83
79 72
67 94
57 11
74 43
74 31
57 67
44 83
40 90
49 62
40 50
9 58
32 37
92 16
29 72
79 20
22 58
83 55
21 20
56 34
36 85
52 40
17 46
77 68
28 44
58 57
42 66
40 95
44 23
63 71
5 38
43 61
92 84
57 43
45 65
20 76
38 62
25 72
36 77
90 70
66 93
97 33
36 46
66 62
80 90
35 74
98 66
14 11
44 90
10 100
43 84
7 39
44 32
69 58
57 15
79 99
83 25
40 21
24 89
73 8
89 55
41 20
3 6
21 86
42 94
73 72
38 65
46 48
19 59
35 1
15 84
4 11
19 74
42 25
21 18
78 47
13 33
39 45
19 61
55 70
18 99
20 49
35 14
32 96
68 10
66 8
4 93
97 64
59 4
91 66
5 2
30 97
3 65
28 19
95 39
33 96
32 82
41 32
67 62
15 101
66 100
60 39
58 72
19 7
67 2
3 4
44 58
3 2
28 22
4 51
15 48
10 56
31 51
1 12
70 63
4 35
28 13
16 15
78 7
12 27
90 56
96 3
49 32
32 93
75 7
87 74
28 2
5 17
7 25
69 15
99 81
99 46
60 5
56 47
19 68
43 98
99 51
25 22
43 80
90 4
51 14
69 23
80 75
83 39
26 68
71 15
27 50
68 97
44 2
39 71
47 60
43 69
60 40
76 94
96 29
82 101
12 58
4 75
69 10
36 42
15 63
5 36
32 33
95 12
59 87
69 51
95 50
62 78
57 88
46 86
18 92
63 95
2 93
88 48
44 20
69 46
4 8
19 96
62 93
46 76
47 17
24 88
73 94
53 68
76 63
21 93
66 23
64 76
7 53
100 14
1 77
16 39
50 18
23 98
53 11
94 84
8 62
29 16
31 77
5 40
6 82
45 66
2 90
31 34
92 79
92 62
63 61
4 1
63 96
81 85
40 38
58 59
94 45
86 58
33 62
90 95
12 88
91 35
43 40
28 68
34 45
57 97
49 41
37 70
65 9
72 53
45 96
60 67
66 44
34 50
97 43
95 15
98 70
18 98
88 5
76 27
84 93
6 41
29 81
44 64
47 46
19 47
42 24
78 65
64 26
7 46
41 75
8 76
41 101
2 51
29 87
47 70
32 13
96 62
27 23
67 17
68 75
41 31
15 74
26 43
73 48
74 70
86 95
9 17
35 76
20 89
79 56
4 56
14 12
36 97
41 87
30 10
7 13
86 93
45 52
45 20
6 67
55 26
41 86
33 83
75 16
49 22
48 100
44 55
29 17
69 85
42 65
11 37
89 47
98 61
64 96
99 76
97 87
89 94
39 73
59 29
97 76
82 73
4 19
71 87
43 25
54 29
83 42
93 40
11 81
42 53
80 37
38 71
13 16
32 80
53 3
83 98
10 54
19 76
66 89
12 100
30 46
39 91
53 61
20 95
3 14
57 66
39 93
97 81
93 46
7 74
11 5
49 43
90 81
93 100
62 26
18 42
25 74
35 37
21 51
12 21
70 4
79 71
89 33
30 23
9 82
32 53
76 7
55 69
94 32
34 1
7 29
52 66
97 77
65 46
32 66
72 12
72 77
92 38
96 27
46 64
52 4
61 89
76 78
8 56
2 69
78 73
26 97
56 41
101 60
94 18
62 1
22 36
22 57
42 26
42 67
98 90
94 28
25 27
54 8
12 60
8 100
16 88
17 52
23 11
42 82
82 77
19 66
99 45
40 92
8 101
14 23
75 98
69 27
30 53
20 87
73 15
47 37
24 98
92 13
38 87
94 69
4 23
21 33
47 96
65 91
33 59
15 5
32 88
41 10
65 16
37 100
59 86
68 44
14 55
86 100
100 32
26 45
96 86
99 13
94 81
18 63
61 49
81 8
73 9
39 41
36 8
49 38
67 38
66 81
79 27
35 73
70 72
26 90
99 28
36 28
32 76
76 68
73 43
86 83
38 45
15 40
35 97
22 7
68 101
71 88
67 47
26 25
25 44
52 46
80 77
7 42
66 64
71 1
6 99
22 67
12 93
4 28
28 54
27 18
81 14
38 35
78 48
69 70
59 70
37 39
96 74
97 47
90 51
91 86
52 47
25 92
16 53
20 101
90 9
80 9
98 25
47 38
43 52
34 92
31 5
69 90
57 49
57 92
74 23
77 18
66 96
9 10
51 62
47 98
52 21
34 88
100 26
18 95
91 4
5 85
93 14
51 7
76 70
30 98
90 67
81 47
45 1
47 91
100 34
18 11
39 57
95 72
26 91
70 95
28 65
63 60
3 33
1 92
11 39
30 51
18 90
61 16
98 78
35 21
93 78
15 9
56 19
77 14
2 77
85 49
47 22
14 96
49 18
94 51
44 36
19 37
33 41
65 60
13 19
12 33
12 98
86 35
84 1
45 33
42 14
13 76
18 8
82 59
11 41
14 75
20 43
51 36
30 18
3 49
43 94
74 16
101 36
67 54
48 63
53 74
49 1
76 73
89 21
56 18
58 20
31 63
51 84
78 99
46 19
76 75
38 30
91 16
57 68
95 76
55 35
80 35
5 33
91 45
90 87
82 17
30 40
43 63
74 66
98 11
31 55
3 62
41 61
38 61
11 7
60 75
28 85
95 56
89 27
8 42
78 96
52 58
75 38
11 43
77 39
25 70
53 96
17 73
19 11
72 81
52 87
65 43
60 20
77 49
71 12
69 95
52 56
39 68
45 71
84 90
76 86
89 46
86 5
89 53
13 94
1 5
69 77
91 97
23 32
52 14
79 32
27 59
11 2
30 33
59 88
78 11
18 69
46 100
87 64
24 33
30 48
74 28
61 70
8 75
67 25
92 87
51 37
43 90
77 53
36 26
8 39
66 68
84 41
53 80
77 58
36 73
98 91
21 26
17 27
84 77
67 7
28 87
40 53
63 32
75 1
50 56
40 48
27 81
101 43
6 65
49 65
85 54
60 41
77 88
60 84
14 68
46 33
51 6
32 87
74 24
70 92
88 62
21 31
23 79
58 48
32 97
72 9
81 4
47 24
40 11
22 63
16 14
39 23
56 36
53 36
33 8
69 36
42 99
61 59
4 72
36 90
91 60
66 34
22 51
62 99
33 14
19 62
28 37
40 51
14 94
78 13
96 54
31 39
25 93
101 24
80 91
12 68
56 97
87 22
70 43
30 95
92 82
14 54
60 79
48 54
3 91
76 59
92 42
70 42
29 47
31 10
27 54
93 52
11 44
71 14
56 17
50 31
52 20
9 50
45 74
13 90
27 58
44 101
58 10
31 92
31 81
68 7
85 83
100 91
75 51
59 49
67 1
67 83
66 56
85 84
63 3
84 71
92 66
65 36
46 40
98 64
21 54
6 76
90 100
21 24
16 46
28 72
37 15
52 39
16 1
59 39
47 36
53 71
66 15
38 7
2 45
14 1
8 9
4 57
77 11
23 25
19 75
86 64
24 76
78 59
21 43
88 91
13 55
59 55
85 50
72 10
66 10
47 69
63 65
33 54
38 78
27 45
26 72
50 57
49 86
92 73
21 81
29 45
38 19
57 36
23 43
47 21
22 94
77 99
8 25
98 27
73 81
92 81
58 56
2 30
74 49
101 92
53 33
91 94
67 20
41 95
79 12
30 14
7 81
69 20
96 49
86 39
2 34
23 35
83 26
76 5
17 45
3 64
65 56
80 68
15 67
19 63
39 89
34 10
12 61
84 28
99 71
70 50
57 81
82 33
78 20
97 98
60 30
98 55
68 85
27 78
52 42
87 63
88 1
12 83
39 74
69 80
70 54
24 100
61 57
37 96
71 47
32 60
78 68
101 66
79 18
85 79
21 91
69 101
48 75
77 22
23 15
9 59
76 48
51 65
40 58
73 64
59 18
45 77
87 99
101 54
18 31
55 71
42 5
68 62
30 75
9 31
75 66
17 63
34 82
100 69
69 97
35 61
80 36
44 31
14 44
13 69
93 16
5 57
48 64
28 67
67 18
46 32
85 19
80 62
50 8
35 49
47 64
53 99
101 14
73 68
3 26
17 93
39 6
55 65
39 99
1 23
88 52
44 95
63 94
32 52
41 99
72 1
63 99
90 66
86 98
6 68
49 9
56 73
39 53
66 13
55 88
88 37
73 24
88 26
47 66
91 69
101 79
55 85
84 79
14 92
71 78
77 76
83 69
42 71
79 33
1 36
25 12
10 82
81 44
22 66
61 50
70 94
38 98
51 61
79 14
85 75
9 46
32 26
53 73
11 34
84 10
77 71
17 61
26 66
28 33
14 36
74 99
65 48
37 36
18 60
31 64
56 13
52 82
57 63
8 88
50 11
96 11
63 53
89 99
79 59
73 40
94 8
78 22
34 18
72 24
15 20
66 46
36 93
77 95
33 11
29 56
32 59
70 96
60 42
92 47
81 28
81 43
97 44
18 101
93 13
79 37
91 5
73 93
40 72
5 93
30 87
35 95
62 55
18 40
16 84
42 50
83 57
69 66
84 101
42 56
25 53
98 4
81 39
58 51
25 66
17 37
55 27
54 4
100 22
21 25
50 7
63 84
64 4
87 80
69 72
43 45
62 24
76 100
80 38
68 95
3 98
3 35
56 53
40 10
8 64
4 45
61 37
6 59
26 47
33 64
8 38
17 6
10 83
46 61
62 37
83 36
23 97
51 42
27 93
3 34
73 74
44 70
83 72
30 82
38 94
17 99
86 68
72 56
41 25
38 83
80 63
83 16
52 30
20 50
84 30
22 48
43 30
94 71
3 46
79 47
7 101
18 65
37 101
21 65
8 5
43 10
21 49
9 3
100 13
10 73
47 95
89 65
27 40
92 46
51 56
94 66
87 54
96 38
41 73
95 49
19 90
69 41
98 33
31 57
12 73
88 51
83 96
78 14
20 72
38 26
17 91
82 64
24 69
89 1
64 49
40 83
88 21
43 62
71 7
26 50
77 91
57 35
95 101
91 96
47 76
68 5
93 19
35 84
61 55
26 22
84 59
4 94
4 89
41 54
81 19
95 71
11 99
11 88
77 30
12 52
9 86
35 40
36 79
86 17
53 8
92 50
89 37
26 67
57 80
60 73
17 50
10 14
57 33
99 61
100 74
61 87
23 90
15 93
28 40
65 27
20 93
68 36
70 21
65 79
43 93
50 43
5 53
83 94
78 54
42 75
19 57
20 36
19 77
89 80
66 9
94 101
22 79
78 50
61 78
33 20
100 77
25 16
93 85
1 76
101 76
67 85
54 52
61 39
42 35
87 84
67 84
93 72
13 65
13 18
74 89
15 64
8 86
77 37
6 92
45 47
27 9
53 13
84 37
97 67
14 48
37 45
27 67
8 7
45 83
66 84
70 100
15 75
70 71
33 43
34 54
53 27
97 49
61 71
22 17
100 53
27 95
78 60
56 9
75 82
68 92
98 46
65 90
73 91
86 31
39 97
40 84
46 81
87 31
95 66
32 68
80 88
53 44
38 56
6 69
46 43
40 44
29 100
2 1
99 57
58 15
85 18
29 9
15 6
25 29
9 100
19 51
67 29
15 60
66 82
12 87
64 22
100 57
89 77
67 86
20 53
80 10
51 33
43 44
37 27
61 76
80 85
101 29
76 49
27 34
29 21
93 95
11 79
93 80
13 10
89 69
75 25
43 14
22 72
90 88
5 10
74 4
100 101
86 24
77 4
2 94
78 32
73 57
84 18
69 31
64 43
26 34
85 66
16 70
39 56
68 82
35 19
48 101
50 3
48 25
96 39
92 23
53 51
79 41
19 71
49 23
14 99
17 30
100 20
79 62
21 32
83 23
12 41
10 78
19 15
49 34
65 20
42 63
49 14
62 63
37 95
13 36
60 85
82 23
69 68
91 83
16 71
4 69
91 13
96 65
74 76
79 52
55 22
92 90
2 37
54 60
27 22
48 96
50 77
46 51
1 68
9 84
93 64
9 42
33 52
97 38
63 91
68 30
95 5
41 14
3 88
9 76
67 82
68 87
95 62
80 47
39 14
39 13
31 67
52 2
46 25
62 64
11 58
48 95
27 48
59 12
2 43
26 12
60 62
35 67
17 32
67 13
87 98
89 17
95 94
43 3
91 52
1 59
2 54
78 55
31 23
31 15
73 99
21 9
63 68
101 56
15 97
26 33
33 58
57 64
18 43
99 55
14 60
41 70
99 101
21 82
98 71
63 16
91 7
69 53
32 27
15 41
45 60
9 60
81 70
33 44
86 27
66 6
85 99
50 55
80 99
77 26
7 66
6 26
100 85
77 93
30 81
43 85
24 20
82 18
32 20
80 18
54 13
41 94
41 76
35 20
98 36
56 33
9 4
87 18
79 44
15 38
52 70
2 65
15 44
73 85
28 12
5 99
2 85
30 20
99 35
86 56
22 1
34 72
5 90
54 98
65 85
34 68
17 55
70 30
10 37
30 5
36 4
53 59
13 70
92 98
38 25
58 93
61 64
95 31
33 7
46 10
83 2
100 79
15 62
81 96
66 21
14 91
54 32
20 5
23 41
101 98
100 42
50 37
26 84
64 67
62 54
74 22
35 52
23 53
77 7
12 81
78 30
3 29
42 68
54 92
30 55
17 100
70 1
82 74
28 11
94 59
42 12
56 5
71 56
34 9
92 8
46 15
85 91
21 80
9 25
17 35
76 93
57 28
97 25
68 47
34 78
12 65
66 20
3 71
83 87
56 14
5 65
88 27
69 82
40 76
73 22
30 31
9 75
4 38
31 75
67 30
39 48
83 17
29 78
92 17
89 15
94 9
27 15
79 82
31 76
72 2
12 56
81 52
57 38
19 26
87 96
9 55
95 58
69 67
25 18
90 48
48 87
5 50
93 89
83 52
40 13
33 70
2 99
25 31
31 73
34 53
77 62
31 42
91 9
97 55
50 58
83 93
85 25
91 41
99 10
86 66
89 3
31 98
30 100
49 53
53 1
40 49
35 46
71 75
96 46
98 56
23 85
16 97
88 58
77 27
70 67
98 2
32 6
15 14
40 7
6 60
18 47
97 79
22 43
64 81
60 26
99 93
23 12
37 46
25 82
39 20
61 26
71 40
72 90
17 7
63 56
16 54
22 46
46 26
53 93
47 3
8 43
84 20
96 71
71 18
38 12
81 16
71 29
62 21
49 6
6 84
81 88
50 84
53 54
71 67
37 38
93 57
17 41
32 99
57 40
19 31
68 88
24 29
70 84
29 76
3 54
96 73
70 83
77 24
92 58
42 10
55 10
45 14
83 41
5 67
22 32
34 41
23 62
99 38
24 7
96 7
20 90
53 70
71 4
29 31
16 42
88 31
79 34
8 60
45 36
2 16
12 8
48 79
66 29
97 52
45 13
65 7
95 57
34 55
69 93
42 45
10 59
52 63
29 88
58 61
13 3
55 95
23 56
13 26
82 45
74 83
87 49
94 87
47 16
81 101
29 1
93 101
71 52
63 90
30 58
81 93
3 75
22 61
80 4
24 1
93 79
2 13
79 15
68 60
13 96
66 76
49 12
62 6
34 61
71 33
37 9
94 23
87 16
49 19
74 8
65 33
36 24
92 75
7 85
46 62
64 29
61 4
48 1
57 34
98 81
38 11
90 6
40 29
73 47
80 92
57 52
50 80
20 68
18 83
55 67
90 10
30 37
41 43
28 78
90 89
54 36
62 82
15 30
88 61
56 87
2 95
71 21
54 58
25 73
37 23
87 25
33 69
18 48
30 29
66 43
26 56
30 93
4 39
19 84
101 9
64 79
22 3
89 88
91 74
56 21
8 22
97 85
96 52
24 94
87 11
2 55
21 68
63 54
81 20
44 38
98 69
60 27
5 4
61 52
39 42
70 73
101 53
28 47
49 36
72 50
3 31
88 73
46 23
56 64
63 66
28 21
49 48
60 36
57 69
69 19
92 55
45 98
75 101
32 85
6 24
57 91
14 50
49 31
3 5
90 86
26 57
60 34
92 28
36 48
46 41
13 14
45 85
17 14
83 63
34 80
86 29
55 64
18 64
46 88
94 98
13 15
11 100
65 66
65 74
45 86
11 54
12 99
14 80
85 77
100 72
22 56
30 79
76 60
3 23
70 66
74 47
14 29
41 24
21 100
49 17
45 18
55 77
53 35
54 99
99 59
78 18
91 81
85 1
92 32
67 39
97 6
48 38
47 31
91 58
95 45
2 68
84 3
6 64
7 72
78 69
52 75
66 80
43 32
1 65
74 61
15 91
9 52
94 29
2 75
85 44
43 89
21 87
68 9
80 98
48 47
78 64
63 81
57 8
69 12
44 91
47 57
13 43
48 42
37 7
39 10
44 6
30 49
86 12
58 99
52 16
35 94
27 52
53 57
100 50
41 2
82 48
64 42
99 25
20 86
97 28
16 5
78 75
84 72
60 16
32 84
43 7
14 2
38 101
27 49
46 70
8 41
69 79
2 6
93 24
1 17
63 50
15 8
6 98
26 30
39 33
84 96
9 32
49 42
2 39
80 78
8 23
8 32
9 24
54 66
89 38
87 45
97 40
64 36
72 48
34 99
101 73
78 56
92 63
47 20
73 89
84 31
16 38
79 70
6 43
27 21
82 100
64 74
18 3
88 75
58 31
25 4
13 83
70 48
28 80
29 74
30 66
9 36
33 67
49 99
52 84
15 34
89 16
37 55
51 18
96 92
36 84
66 18
8 78
28 60
42 86
62 39
36 34
62 25
56 20
66 77
98 89
84 76
60 33
38 69
80 22
41 9
73 90
81 58
68 91
10 22
51 52
89 63
69 73
86 97
58 36
92 59
50 15
60 93
51 34
95 52
77 48
85 61
26 29
23 17
69 76
90 22
62 48
76 34
23 24
88 38
8 85
63 64
86 71
26 44
83 73
51 80
80 33
54 7
48 97
57 74
86 81
22 52
84 64
73 54
55 57
70 24
19 54
8 91
36 88
10 75
59 73
20 85
69 63
96 75
61 72
86 11
1 46
53 15
77 61
57 3
47 4
25 45
70 89
7 92
25 77
25 81
96 89
98 95
68 16
97 11
25 79
96 56
89 62
33 34
46 82
81 56
39 69
44 75
63 28
57 90
23 80
23 61
64 50
82 98
3 99
47 75
39 76
22 54
96 76
35 98
65 83
8 45
29 58
32 42
57 54
67 78
36 30
80 6
3 27
1 57
9 71
9 67
75 95
75 17
4 32
43 36
88 6
41 7
98 88
16 31
40 2
89 56
83 62
81 74
2 81
12 82
83 30
95 29
90 17
55 56
28 91
51 9
35 78
7 15
95 88
67 77
74 38
37 76
62 97
38 68
24 32
79 10
45 55
48 31
88 39
26 11
98 39
48 69
77 13
36 94
16 99
52 19
62 100
59 31
76 21
91 64
57 89
73 86
58 16
82 80
63 33
15 4
96 69
54 80
90 50
74 54
62 57
40 9
13 42
64 14
17 31
69 32
79 17
79 49
24 30
6 42
90 28
48 91
12 29
65 15
8 70
93 9
7 2
54 23
15 21
72 8
99 82
51 10
80 46
3 68
13 61
12 2
22 95
73 13
78 44
47 51
42 43
45 15
85 76
47 5
44 22
61 47
98 93
90 49
20 82
15 68
6 55
69 61
14 24
35 63
52 86
46 31
95 10
2 56
99 88
43 72
17 80
5 74
28 41
55 41
43 9
13 88
1 21
13 62
50 12
3 79
35 36
57 84
98 62
95 3
30 90
61 86
98 41
83 3
14 8
20 80
74 86
11 60
38 3
45 79
91 25
25 11
82 49
38 42
62 42
87 82
73 1
33 100
87 7
28 6
35 10
83 11
59 57
4 53
1 7
40 94
79 31
63 73
85 41
25 76
18 17
5 52
44 34
27 56
47 58
1 41
71 49
97 10
69 88
41 68
88 87
32 90
4 60
91 59
5 77
79 46
3 66
82 31
90 99
77 23
62 4
35 47
70 31
82 51
54 64
47 15
45 101
75 36
28 53
61 68
86 28
8 20
99 65
34 32
6 50
10 94
36 31
67 68
16 100
73 7
3 90
11 17
52 18
10 93
62 28
94 1
40 99
17 25
32 51
17 36
53 65
56 31
80 70
55 20
48 23
74 30
67 100
43 83
31 45
29 50
8 3
89 26
9 16
29 70
98 1
87 77
95 64
15 96
4 79
93 35
83 88
57 44
11 71
40 65
16 19
40 23
73 16
99 48
70 19
38 28
41 77
90 34
71 43
20 10
12 46
89 67
4 58
9 14
65 8
72 46
27 10
4 2
75 62
54 83
8 90
52 67
35 96
50 13
78 16
13 87
77 60
78 58
22 60
50 96
34 28
59 64
66 48
27 90
9 98
63 41
47 23
58 90
27 46
12 34
62 53
28 45
41 71
3 32
100 61
82 22
30 16
27 82
38 18
26 70
26 75
6 46
22 31
12 17
54 26
85 40
6 101
51 50
53 46
27 68
56 76
31 35
32 29
4 85
82 85
100 1
71 76
92 5
69 22
71 97
99 66
98 26
68 50
11 8
85 37
68 31
18 57
73 21
74 52
36 55
75 56
101 67
89 6
10 16
21 7
33 23
35 83
82 43
64 72
93 55
85 64
25 101
34 59
7 34
36 33
44 9
72 49
28 100
78 72
87 5
25 32
68 35
56 77
33 42
12 15
25 96
90 47
96 12
42 21
38 85
5 21
39 63
20 2
74 72
6 19
85 35
40 55
38 36
61 65
29 18
83 60
9 95
60 97
1 95
45 10
71 36
44 59
29 90
48 37
66 39
33 16
74 101
34 19
2 101
32 73
14 87
4 24
13 35
7 84
96 101
30 88
36 21
70 101
45 75
45 48
27 24
92 36
60 58
19 39
40 64
56 3
74 67
58 55
47 6
70 85
98 13
98 65
80 12
32 48
90 41
65 31
48 92
20 96
47 1
37 31
18 28
99 60
77 44
48 83
30 6
4 73
16 26
97 5
66 24
75 81
11 3
87 46
51 67
30 12
8 63
93 34
98 40
29 33
21 19
60 10
49 11
40 78
101 97
8 49
84 49
67 75
25 28
45 23
34 95
91 84
63 77
21 59
67 34
72 47
100 52
76 72
95 21
80 1
27 1
44 73
50 16
12 74
2 32
59 93
54 72
58 94
22 99
100 73
91 31
22 84
63 7
68 33
49 69
69 29
3 10
60 25
95 82
11 35
90 85
95 32
80 40
77 73
32 86
14 7
99 84
35 54
69 26
81 10
74 20
24 15
76 23
39 72
5 39
96 22
84 58
28 43
55 51
42 59
37 14
11 22
88 84
94 19
45 97
52 53
8 37
54 24
40 75
42 37
57 86
8 99
47 63
58 6
79 16
28 98
83 78
9 79
37 24
46 55
100 97
21 6
94 80
1 81
93 74
89 32
13 1
16 76
77 65
1 6
33 50
55 7
69 40
49 47
72 37
69 17
97 53
46 95
42 101
51 87
91 99
31 8
10 47
42 55
12 70
53 22
38 23
44 21
12 43
64 7
43 16
54 59
38 93
23 20
89 23
40 66
92 83
56 25
27 4
48 86
18 41
68 64
95 67
74 62
51 49
65 95
30 34
95 89
85 62
54 6
52 76
60 80
73 3
5 61
78 77
89 30
64 99
40 12
66 79
46 57
60 57
71 66
27 36
16 49
99 24
17 26
13 25
49 24
73 18
61 97
75 29
69 60
42 95
38 53
23 51
51 57
94 61
52 1
72 98
14 20
75 43
58 101
91 62
56 16
74 48
79 67
40 25
63 49
85 42
74 97
83 19
42 91
16 44
76 53
97 3
65 22
11 93
48 50
1 96
6 79
25 71
85 96
52 90
51 11
2 100
75 89
58 71
54 46
49 73
90 24
66 50
71 8
30 7
65 69
100 60
93 68
89 82
101 16
61 54
57 98
24 57
24 35
58 42
47 59
68 40
1 42
68 99
43 67
65 25
2 46
45 72
101 86
93 96
84 14
52 11
2 87
89 100
62 73
21 63
89 60
82 81
14 61
14 32
93 47
7 12
40 31
52 6
28 101
95 26
97 12
45 40
50 62
86 1
51 20
48 12
36 29
85 3
34 38
44 80
58 5
11 92
19 60
61 66
59 8
67 53
20 97
61 81
70 62
38 51
21 77
48 89
90 62
62 101
19 9
46 85
91 70
35 71
2 27
14 47
96 98
37 12
74 32
19 12
68 52
65 93
87 24
65 64
62 76
46 20
99 95
63 86
16 17
24 53
77 47
52 92
64 20
72 3
31 80
31 38
51 100
1 40
67 40
57 6
36 96
60 74
44 50
59 98
33 22
71 69
39 36
12 67
28 29
37 18
90 46
75 59
2 88
33 90
89 86
50 49
80 11
44 24
85 30
61 24
8 6
80 2
98 16
82 11
63 27
50 86
46 14
38 64
41 37
66 2
46 74
88 22
11 9
14 4
101 78
42 23
82 37
19 50
5 63
95 16
29 49
76 79
42 61
4 33
85 59
14 65
91 54
19 20
49 46
67 88
18 53
50 39
74 95
43 19
18 4
92 27
5 66
81 26
49 66
63 79
31 1
54 31
69 9
65 19
42 28
59 81
92 45
58 83
60 90
10 70
55 29
75 13
57 13
67 87
31 61
86 87
57 17
33 27
54 55
14 21
5 84
56 24
85 15
43 88
20 26
71 65
70 58
14 22
33 1
87 72
8 21
78 41
87 81
92 2
4 20
47 86
97 9
94 47
75 6
47 55
51 17
22 92
13 41
38 2
67 96
59 69
24 50
4 13
44 63
40 42
48 85
42 76
27 70
75 49
45 35
10 96
7 5
75 35
39 22
14 95
35 29
58 38
63 30
83 28
99 31
60 2
61 6
75 100
86 14
60 29
28 31
30 27
11 36
91 92
43 55
75 97
91 24
3 16
38 9
51 96
56 83
84 24
27 99
52 37
87 69
31 66
46 13
87 19
17 54
58 65
101 90
94 88
74 21
27 72
59 22
48 52
7 3
91 37
48 24
7 93
2 74
92 60
40 62
55 101
79 39
25 100
2 58
65 87
29 82
52 98
77 74
64 51
1 28
13 89
80 16
63 37
72 65
29 41
97 34
82 71
35 8
74 44
99 75
83 46
51 92
27 74
59 71
90 21
20 11
92 74
23 29
32 70
42 30
12 92
17 70
29 10
21 55
11 13
96 90
1 43
38 84
19 24
59 16
47 8
27 85
45 67
18 46
95 79
2 25
1 74
69 5
91 101
24 95
95 43
100 98
55 74
21 101
42 78
1 51
6 63
42 22
6 23
18 36
53 90
56 43
50 28
52 69
60 24
2 23
29 99
32 31
30 76
64 11
61 91
79 89
99 33
20 98
23 26
44 65
100 4
50 83
71 48
13 34
70 82
71 89
52 24
96 79
55 87
52 7
22 30
54 90
44 51
44 1
63 93
59 95
15 52
78 43
90 15
41 64
62 52
77 43
101 11
21 92
79 42
60 86
93 82
72 41
18 5
16 90
38 17
74 84
62 81
39 75
67 16
52 64
15 25
6 14
63 85
30 59
84 97
33 84
66 88
82 84
20 17
91 78
19 88
90 38
72 85
4 29
36 63
89 58
78 66
26 101
13 31
46 45
90 14
53 84
72 94
95 83
9 81
5 13
44 62
46 91
57 70
22 24
12 44
55 90
93 33
15 80
76 17
32 56
80 45
13 101
58 24
54 56
4 34
83 101
97 2
26 53
57 32
7 44
70 22
62 31
41 19
33 86
2 61
72 75
29 85
78 26
94 90
28 77
13 51
57 85
52 94
40 33
25 37
35 51
88 50
20 42
38 33
16 72
54 51
26 71
93 23
84 95
13 27
56 6
78 4
58 49
3 82
64 58
42 84
99 21
17 84
17 53
76 88
95 25
25 14
6 83
58 85
79 57
44 8
60 64
69 74
86 44
63 55
27 38
41 42
11 32
72 89
35 16
34 63
65 82
78 49
39 26
75 79
32 71
30 35
36 100
56 67
26 74
11 76
30 41
21 45
12 47
62 27
60 50
10 44
25 5
1 37
41 52
83 59
45 84
1 99
6 4
66 28
50 74
1 63
23 95
20 31
63 58
92 41
63 24
50 69
67 99
51 16
20 92
87 1
34 83
16 55
27 51
41 81
19 95
34 94
74 3
65 62
49 88
45 12
58 26
95 13
13 30
75 12
86 6
64 10
67 91
68 72
4 46
19 30
89 9
72 71
19 64
3 58
82 5
6 77
31 94
97 21
5 28
72 86
92 85
46 94
40 87
96 94
40 41
20 34
91 72
40 14
57 101
34 6
68 54
26 1
37 98
98 67
53 6
59 23
38 14
36 10
31 100
77 38
3 37
47 33
98 63
96 95
50 87
46 11
59 66
71 50
72 38
61 62
11 74
71 68
84 68
85 78
98 17
10 101
55 82
93 50
13 97
85 86
100 78
35 25
11 68
91 18
96 34
46 29
90 91
18 39
13 44
64 37
62 36
5 94
88 97
3 87
17 2
5 9
30 56
12 32
66 1
27 83
39 78
83 61
82 41
48 19
27 47
19 79
11 21
27 101
3 19
67 80
51 81
48 98
41 89
71 85
41 96
34 21
38 1
51 83
69 56
84 13
53 75
16 8
50 36
61 56
97 42
7 100
99 7
22 37
46 71
89 14
7 88
61 67
50 99
34 35
97 50
5 27
77 57
40 8
92 30
87 4
8 58
69 3
45 16
64 28
61 84
73 71
101 12
49 70
51 12
97 51
34 25
77 94
44 69
101 33
4 76
86 84
93 87
12 78
77 90
6 10
76 51
83 66
94 33
69 54
13 23
82 40
92 99
82 50
28 55
26 99
66 87
10 52
50 22
92 44
59 65
3 77
50 1
90 39
10 74
22 97
59 50
98 99
37 81
54 30
25 49
30 21
8 77
94 39
82 8
4 50
67 44
56 44
2 57
65 97
25 6
20 38
23 87
12 64
86 70
49 39
2 50
47 34
1 9
8 46
82 78
22 86
94 57
14 85
6 96
63 46
37 6
15 87
48 7
47 99
71 27
18 26
13 85
12 76
21 84
7 89
34 48
57 78
72 15
66 51
56 11
8 61
43 58
15 59
32 7
62 10
82 39
93 37
15 33
3 48
41 100
89 11
94 75
47 85
56 85
47 2
34 101
73 46
71 80
13 49
80 55
75 93
18 62
68 83
5 73
35 65
1 20
39 101
25 10
12 6
52 101
98 32
18 12
36 12
69 42
76 43
76 36
51 98
81 3
37 53
58 37
55 84
28 75
30 25
47 43
69 1
38 59
15 18
62 11
6 9
82 26
19 36
48 68
37 73
48 93
87 26
55 53
69 92
60 72
55 100
82 76
89 36
44 61
61 48
5 51
72 42
26 40
45 53
89 5
52 49
14 59
32 5
64 16
39 34
14 58
29 80
101 31
74 78
100 15
84 65
85 94
17 33
24 79
13 8
48 8
93 90
59 80
89 10
7 94
11 73
72 6
78 84
5 54
33 76
91 32
29 15
21 2
96 97
38 70
61 90
96 8
18 70
4 37
78 53
16 21
69 64
8 34
61 27
16 34
100 19
92 24
87 91
61 73
3 39
82 2
79 8
21 3
56 37
11 15
4 16
26 51
34 69
80 30
97 63
73 30
23 72
3 45
41 51
97 95
59 51
15 39
32 35
49 10
35 39
88 101
44 30
101 65
92 65
88 53
10 24
29 34
88 70
43 51
19 29
73 51
76 15
80 25
31 89
75 63
23 18
54 12
10 28
99 56
50 35
43 5
27 19
49 15
5 100
23 64
34 84
72 32
65 81
59 37
7 90
84 39
62 56
25 68
69 14
3 41
106 251
83 52 11 22 72 83 74 72 46 57 10 82 6 65 52 25 101 53 36 86 79 35 29 64 106 79 38 27 59 87 61 5 58 84 99 90 11 65 106 86 2 106 30 12 30 101 104 90 10 71 30 92 82 31 15 19 79 6 54 52 9 78 76 83 87 101 15 26 102 30 46 91 24 102 63 5 19 89 63 67 41 62 97 33 104 65 17 99 31 71 55 70 42 23 92 18 63 97 37 80 58 73 50 20 91 53
2 2 2 2 2 2 2 2 2 2 2 2 2 2 2 2 2 2 2 2 2 2 2 2 2 2 2 2 2 2 2 2 2 2 2 2 2 2 2 2 2 2 2 2 2 2 2 2 2 2 2 2 2 2 2 2 2 2 2 2 2 2 2 2 2 2 2 2 2 2 2 2 24 2 2 2 2 2 2 2 2 2 2 2 2 2 2 2 2 2 2 2 2 2 2 2 2 2 2 2 2 2 2 2 2 2
92 10
61 50
30 51
76 100
14 85
26 86
89 31
17 73
62 66
3 43
20 60
53 47
87 101
25 57
64 40
100 13
10 49
35 62
3 75
76 89
52 75
23 86
32 2
2 101
31 70
86 36
19 49
80 33
27 17
8 38
45 53
63 90
97 42
36 92
2 13
22 57
87 55
65 46
13 46
84 34
92 24
106 54
34 11
41 8
16 68
101 24
52 20
28 45
37 39
34 89
8 3
80 38
50 8
89 17
42 87
95 4
56 57
25 24
33 26
55 103
40 8
106 28
57 18
22 103
21 95
86 46
1 22
105 34
10 103
48 62
94 45
62 91
68 96
97 82
34 73
9 81
99 24
31 63
11 30
41 95
33 66
29 43
90 41
46 104
54 20
25 58
1 100
56 52
38 58
53 40
33 100
62 28
78 100
24 11
99 2
5 57
12 81
14 42
39 86
56 13
94 30
31 104
6 86
88 13
89 52
46 79
103 32
65 36
74 94
48 45
45 78
85 84
93 26
101 46
8 99
16 26
44 55
105 33
63 9
39 65
41 50
24 90
75 86
23 28
22 33
18 41
75 7
9 62
42 101
7 86
14 23
19 1
28 26
34 26
26 27
84 32
50 68
4 96
28 88
24 33
77 78
76 88
88 101
71 106
43 53
79 54
30 27
14 17
7 45
106 18
74 95
15 23
38 64
57 27
17 55
71 10
81 35
12 76
92 15
73 11
11 48
76 8
57 69
47 85
70 8
55 21
47 102
10 62
53 11
57 53
82 2
67 44
57 79
85 55
22 2
43 59
23 89
67 71
100 88
79 106
59 104
51 39
57 72
2 70
86 27
35 21
83 62
80 89
41 11
63 12
33 46
63 67
46 93
79 31
29 15
85 30
74 62
19 86
79 89
84 23
57 4
91 61
67 17
3 49
45 95
60 48
96 93
16 80
59 69
69 20
23 38
94 35
59 87
49 44
54 48
98 91
5 75
20 34
98 25
63 95
104 32
97 18
60 56
79 45
42 27
9 86
100 86
24 100
39 4
80 27
89 96
15 12
52 2
99 21
33 51
27 106
7 4
26 58
88 73
68 24
88 10
19 28
62 81
50 38
8 42
84 53
101 51
70 103
70 101
60 53
65 55
114 198
1 2 3 4 5 6 7 8 9 10 11 12 13 14 15 16 17 18 19 20 21 22 23 24 25 26 27 28 29 30 31 32 33 34 35 36 37 38 39 40 41 42 43 44 45 46 47 48 49 50 51 52 53 54 55 56 57 58 59 60 61 62 63 64 65 66 67 68 69 70 71 72 73 74 75 76 77 78 79 80 81 82 83 84 85 86 87 88 89 90 91 92 93 94 95 96 97 98 99 100 101 102 103 104 105 106 107 108 109 110 111 112 113 114
1 2 3 4 5 6 7 7 3 10 11 12 4 14 15 16 17 18 4 20 21 22 23 11 25 26 27 28 29 30 31 32 33 34 35 36 37 38 27 40 30 3 38 44 36 46 36 48 49 50 51 25 48 54 7 56 34 26 59 25 6 3 63 38 65 20 4 68 36 4 23 72 73 59 72 42 7 36 11 22 81 35 1 84 85 25 87 88 30 90 38 92 93 7 4 27 97 28 38 100 101 100 103 104 35 106 31 35 4 26 111 112 113 64
6 104
43 7
74 52
36 33
7 55
18 90
38 52
8 84
61 32
70 109
94 81
37 18
17 6
89 36
36 49
3 77
54 25
18 87
38 91
59 74
86 52
99 91
66 105
87 60
92 68
95 93
69 36
31 21
88 42
100 71
112 76
35 107
80 90
80 8
20 16
1 70
30 41
12 26
67 4
57 34
14 6
46 91
1 27
6 75
86 28
7 94
72 81
37 39
53 13
108 73
22 65
52 15
64 10
95 113
11 102
86 60
1 86
107 31
114 90
42 76
82 105
48 53
26 58
10 30
70 114
98 28
82 108
64 114
27 96
76 89
68 86
55 109
48 99
76 101
61 5
47 36
76 16
2 91
72 111
60 108
13 95
97 108
108 83
42 62
20 66
29 31
14 66
89 30
63 28
60 51
51 50
82 61
15 31
106 51
102 88
94 74
1 83
90 70
11 12
50 62
60 76
83 8
96 42
84 50
9 62
93 24
114 36
101 40
26 68
13 11
85 106
32 82
43 10
77 94
105 108
30 95
62 86
85 102
24 78
100 1
35 86
14 56
65 109
59 49
23 96
69 8
4 70
90 71
16 62
64 91
4 19
85 5
108 35
6 68
62 3
102 100
96 34
75 50
66 99
45 36
58 77
52 10
6 61
75 72
93 4
71 58
40 91
113 87
52 25
21 48
87 6
64 26
8 94
19 13
62 89
30 82
79 11
30 91
114 45
110 82
89 26
96 70
81 6
91 71
15 23
9 105
16 24
80 22
10 88
24 39
39 96
23 90
80 57
64 40
56 45
11 24
38 42
106 3
44 33
80 102
12 36
71 23
107 47
37 114
78 36
94 41
49 102
108 24
28 38
53 43
110 26
56 34
13 16
61 111
15 4
7 61
103 68
109 39
83 497
1 2 3 4 5 6 7 8 9 10 11 12 13 14 15 16 17 18 19 20 21 22 23 24 25 26 27 28 29 30 31 32 33 34 35 36 37 38 39 40 41 42 43 44 45 46 47 48 49 50 51 52 53 54 55 56 57 58 59 60 61 62 63 64 65 66 67 68 69 70 71 72 73 74 75 76 77 78 79 80 81 82 83
1 2 3 4 5 6 7 8 9 10 11 12 13 14 2 16 8 18 19 20 21 22 23 24 18 26 27 16 29 30 2 3 29 34 35 36 29 1 39 39 41 42 31 44 3 46 1 11 49 32 45 12 53 5 55 11 57 10 59 12 29 62 12 64 1 32 67 68 32 70 71 72 73 74 7 43 77 1 79 8 26 77 49
8 69
62 71
8 80
23 11
52 60
39 1
21 25
1 10
74 36
27 44
6 53
61 42
16 8
46 24
21 7
71 58
23 70
79 11
36 63
29 33
79 30
32 75
38 1
6 71
57 10
1 79
15 7
63 5
82 31
36 57
71 20
24 70
52 41
5 35
37 5
82 37
60 69
20 9
64 82
12 62
31 55
50 19
9 56
43 60
37 60
3 46
40 33
44 55
53 13
75 21
79 52
39 2
83 52
13 32
79 54
83 44
16 50
77 29
79 74
59 56
40 46
73 82
75 43
20 36
48 3
27 48
61 83
52 19
12 51
12 79
62 48
26 81
33 43
31 12
38 81
27 6
40 12
44 40
14 39
69 29
47 43
57 50
26 82
70 73
45 51
9 16
38 25
79 66
67 47
69 78
17 40
4 69
74 65
83 36
80 6
33 58
71 41
47 65
1 59
70 68
30 82
68 35
14 80
77 36
56 48
31 45
19 40
34 81
8 50
17 14
48 30
70 51
6 24
25 70
26 5
31 49
36 58
77 47
46 82
76 20
7 38
83 39
48 25
43 34
30 74
45 6
58 57
6 26
38 67
54 40
30 76
10 81
37 49
45 3
8 19
81 21
56 82
29 67
61 37
64 81
80 55
68 60
37 33
66 7
5 28
83 18
56 61
7 18
48 67
45 28
71 22
63 12
71 65
41 77
6 31
23 49
43 6
37 50
50 76
6 10
69 28
3 41
5 66
12 55
73 19
4 17
16 2
38 26
62 67
57 62
59 49
71 43
46 47
55 73
43 59
23 8
18 10
63 30
65 60
5 65
7 4
60 39
30 56
52 39
32 28
19 26
15 21
29 40
76 7
61 52
49 54
23 15
29 61
43 2
18 26
76 57
24 82
45 63
7 75
82 61
16 82
40 8
12 52
15 59
63 38
12 37
31 2
12 77
60 55
2 67
64 22
68 24
10 80
38 68
69 71
36 56
15 27
47 52
11 81
19 18
80 53
2 70
83 49
28 16
68 1
17 47
63 32
50 65
59 80
47 63
48 18
27 9
48 66
25 37
34 58
43 76
74 78
26 83
25 5
38 48
7 82
50 31
75 83
15 47
23 52
79 58
42 76
72 81
47 27
40 39
44 77
29 9
60 47
66 3
81 58
35 77
45 13
26 68
18 31
71 77
33 47
75 27
28 52
41 29
12 65
14 78
33 17
74 3
75 66
38 17
6 41
15 26
79 16
56 43
35 63
83 69
4 12
74 14
30 47
42 83
19 78
61 12
73 27
10 14
67 39
12 56
69 64
51 19
24 42
2 82
19 32
80 82
59 52
74 16
23 68
47 81
54 6
34 74
77 51
81 35
50 64
15 34
68 17
78 46
47 1
30 4
25 52
9 69
57 1
10 58
73 54
53 61
57 9
19 28
46 23
72 21
33 34
26 25
81 7
39 28
22 19
14 32
11 16
18 63
44 58
16 15
57 21
50 78
31 16
38 22
58 51
16 34
19 31
15 2
53 40
38 53
35 44
62 11
57 67
49 62
40 57
26 44
68 33
6 19
6 5
18 21
9 72
45 47
59 61
73 53
57 82
8 61
32 3
51 10
72 5
72 54
79 33
53 47
81 52
39 51
19 82
2 12
8 3
15 72
79 41
51 61
28 58
54 39
27 77
78 47
20 18
79 34
64 78
37 9
11 57
47 38
18 51
12 17
47 44
17 20
5 2
66 39
9 64
6 52
20 33
31 38
66 50
7 42
19 76
50 69
69 39
6 47
16 44
76 78
18 67
15 46
16 66
82 62
53 23
79 14
71 21
83 15
19 68
60 78
39 81
65 63
42 62
68 81
41 7
75 79
59 48
70 75
34 55
74 67
51 48
17 37
36 22
50 72
60 83
55 7
75 36
33 52
66 32
46 35
52 54
29 23
69 2
21 47
77 82
70 34
79 77
30 17
11 66
48 11
43 31
29 27
19 7
16 63
66 17
6 30
28 35
49 1
55 75
4 81
71 78
16 6
55 48
77 61
10 44
65 72
45 24
48 17
16 48
75 67
37 59
36 46
28 37
69 57
29 13
33 24
47 3
12 16
2 57
29 52
42 65
31 58
36 16
23 24
47 71
16 57
40 62
27 53
51 64
72 49
18 36
3 42
28 10
44 76
20 70
27 11
22 74
38 59
11 56
32 26
23 41
14 69
11 54
79 8
45 64
5 56
75 52
54 5
30 77
32 38
46 8
83 46
44 3
87 433
1 2 3 4 5 6 7 8 9 10 11 12 13 14 15 16 17 18 19 20 21 22 23 24 25 26 27 28 29 30 31 32 33 34 35 36 37 38 39 40 41 42 43 44 45 46 47 48 49 50 51 52 53 54 55 56 57 58 59 60 61 62 63 64 65 66 67 68 69 70 71 72 73 74 75 76 77 78 79 80 81 82 83 84 85 86 87
1 1 1 1 1 1 1 1 1 1 1 1 1 1 1 1 1 1 1 1 1 1 1 1 1 1 1 1 1 1 1 1 1 1 1 1 1 1 1 1 1 1 1 1 1 1 1 1 1 1 1 1 1 1 1 1 1 1 1 1 1 1 1 1 1 1 1 1 1 1 1 1 1 1 1 1 1 1 1 1 1 1 1 1 1 1 1
39 55
3 49
34 57
6 80
1 44
26 86
82 4
36 67
50 4
57 81
35 7
28 49
73 2
5 64
67 44
62 80
16 81
61 63
67 25
14 48
54 74
79 15
62 76
22 81
87 80
77 36
81 15
49 9
38 52
19 48
24 51
20 52
19 69
11 40
53 48
42 6
76 70
27 38
9 65
50 55
79 30
1 19
1 83
73 47
78 70
71 76
8 69
54 8
79 2
14 2
53 49
80 84
73 51
68 28
68 26
37 49
78 6
86 45
54 35
39 15
31 69
43 65
68 30
65 18
68 4
63 4
48 37
17 84
22 83
25 24
61 16
41 15
76 10
46 13
17 6
4 16
26 52
87 60
15 52
64 72
78 18
56 44
72 40
68 59
20 51
29 56
81 25
67 22
32 79
15 78
67 60
55 84
57 21
16 44
75 58
19 30
81 6
3 65
52 58
6 70
4 28
9 63
5 56
77 85
72 71
18 16
44 65
37 44
12 14
8 31
41 33
10 39
32 49
71 41
31 33
74 12
74 25
50 84
46 40
57 29
56 82
21 11
20 10
3 52
31 51
26 8
48 43
41 13
79 83
15 1
27 43
35 47
70 87
58 45
30 44
10 1
57 61
41 42
76 82
37 23
82 75
25 30
40 33
15 54
38 75
29 23
54 63
77 42
81 26
29 58
13 83
49 36
17 40
82 30
73 18
52 2
8 23
72 16
8 11
61 27
61 52
64 79
30 23
12 16
31 34
15 86
62 59
38 67
20 14
47 56
30 58
24 87
15 85
20 6
59 12
24 80
73 71
80 76
74 39
27 81
84 87
47 24
13 43
81 47
19 56
50 3
11 46
43 76
74 80
73 54
12 41
4 19
35 22
19 82
2 30
85 81
28 14
50 29
26 87
4 40
52 31
66 9
50 31
54 33
4 64
1 2
6 83
53 46
36 26
62 13
64 63
34 2
76 21
35 41
41 1
3 21
55 75
41 5
49 20
85 48
51 84
22 56
7 21
76 20
26 18
48 64
73 74
55 63
4 44
15 40
49 2
48 46
18 14
39 20
36 75
34 72
55 21
49 44
44 79
5 40
77 64
59 52
8 48
72 46
46 8
77 55
78 16
58 26
26 1
8 39
27 56
87 59
13 21
24 38
28 43
6 86
20 56
42 49
6 31
86 80
27 78
2 24
18 82
45 53
45 44
38 80
70 58
87 76
47 71
51 75
54 27
78 66
24 10
18 57
45 75
57 67
57 56
79 35
16 5
4 66
46 43
69 48
3 8
56 12
24 86
19 40
33 36
79 40
78 60
12 61
45 54
67 28
35 75
71 49
38 32
14 38
50 8
44 25
82 66
51 49
1 23
30 5
38 84
34 35
26 23
8 60
23 70
73 76
35 2
30 11
3 37
48 1
19 70
79 59
12 18
80 30
60 71
65 7
65 59
86 5
21 70
86 31
56 41
64 7
58 35
21 9
27 11
8 68
11 69
4 46
84 61
29 9
24 59
82 67
7 1
28 39
66 56
70 48
74 86
87 74
28 41
3 58
8 63
62 73
22 53
79 8
71 35
65 82
28 36
87 30
80 72
51 86
11 49
1 87
6 76
24 37
47 87
80 77
66 64
21 30
4 57
17 57
72 9
73 56
42 65
53 85
59 37
10 49
9 4
53 13
54 21
83 23
39 14
57 40
9 18
34 4
42 84
16 43
79 34
10 75
27 10
31 83
74 36
42 13
25 85
20 59
55 38
1 29
77 34
14 4
21 69
23 36
78 82
59 55
58 54
80 73
60 38
16 68
14 55
50 26
58 86
40 50
28 25
12 4
7 40
71 75
10 31
28 7
48 49
87 38
18 42
1 43
44 21
67 31
7 27
78 25
19 6
85 35
24 32
66 83
86 72
27 28
31 32
55 62
62 61
72 81
9 11
87 62
85 87
8 77
21 48
61 58
81 56
81 427
1 2 3 4 5 6 7 8 9 10 11 12 13 14 15 16 17 18 19 20 21 22 23 24 25 26 27 28 29 30 31 32 33 34 35 36 37 38 39 40 41 42 43 44 45 46 47 48 49 50 51 52 53 54 55 56 57 58 59 60 61 62 63 64 65 66 67 68 69 70 71 72 73 74 75 76 77 78 79 80 81
1 1 1 1 1 1 1 1 1 1 1 1 1 1 1 1 1 1 1 1 1 1 1 1 1 1 1 1 1 1 1 1 1 1 1 1 1 1 1 1 1 1 1 1 1 1 1 1 1 1 1 1 1 1 1 1 1 1 1 1 1 1 1 1 1 1 1 1 1 1 1 1 1 1 1 1 1 1 1 1 1
1 72
24 54
1 15
27 26
29 48
28 1
32 52
65 2
36 31
53 74
50 59
11 12
76 75
51 40
58 42
67 79
51 55
3 1
62 11
29 63
1 10
42 26
64 1
46 67
5 54
37 43
3 77
75 9
1 73
72 52
61 29
16 14
53 1
62 4
56 73
9 21
1 31
70 3
43 1
76 56
1 57
63 35
1 76
25 28
6 1
41 3
60 30
9 66
18 1
76 34
13 39
8 10
21 48
57 78
62 1
61 1
1 52
18 79
11 65
27 29
7 51
58 38
28 78
11 7
65 68
40 47
32 18
67 17
10 47
1 20
26 16
58 54
79 57
14 24
69 66
1 59
61 42
53 30
41 71
49 69
78 1
10 50
75 16
46 61
39 23
1 21
44 1
77 47
71 75
51 77
80 53
30 1
27 2
41 55
69 70
81 23
67 16
27 43
77 20
81 50
24 1
45 66
42 4
45 73
51 72
15 64
25 6
6 16
59 61
39 36
38 54
48 1
46 21
17 3
11 52
9 69
47 42
50 58
53 43
1 65
72 66
81 7
1 46
65 53
11 46
67 9
80 1
1 49
1 9
8 4
41 1
45 80
8 36
60 53
11 50
23 32
40 77
66 18
46 19
13 1
52 81
15 81
59 22
27 18
1 67
1 56
48 20
46 2
38 57
1 36
67 68
69 54
77 1
36 28
1 45
67 27
43 70
4 69
46 63
29 8
50 1
76 30
1 69
54 78
41 34
50 72
40 79
11 68
53 16
35 40
14 29
40 42
65 50
45 27
79 70
28 56
40 1
77 57
5 44
1 29
44 70
57 35
33 1
25 12
77 69
6 57
1 7
30 75
28 15
54 27
78 30
29 31
74 31
14 48
69 24
71 27
22 38
53 24
54 1
5 3
1 39
23 72
26 54
1 14
5 42
4 70
76 13
9 50
50 26
50 64
51 38
64 77
48 15
47 1
27 19
6 50
66 43
15 12
8 1
35 55
13 64
73 41
44 62
10 37
14 46
32 33
33 17
49 15
31 18
39 59
37 64
60 1
19 31
55 29
28 67
24 40
13 42
68 26
7 69
1 27
75 55
1 70
73 18
76 3
72 80
18 14
57 24
49 51
36 24
1 11
45 55
54 73
75 40
1 34
26 37
81 20
5 4
68 49
40 36
41 15
1 12
36 34
59 26
1 68
49 23
74 1
56 17
69 81
80 49
10 20
57 19
1 35
1 42
45 58
36 45
49 19
35 24
44 72
26 58
11 5
60 65
17 39
24 62
1 75
45 38
42 77
45 48
61 75
22 31
30 46
77 75
58 10
58 5
61 28
20 42
52 26
73 52
8 11
60 13
29 19
35 5
30 51
32 58
64 72
29 3
1 5
70 61
8 62
45 37
62 41
58 1
1 17
65 69
1 19
55 34
7 8
34 17
23 29
53 45
76 79
19 25
32 40
44 42
71 81
46 45
35 22
4 15
55 23
13 21
26 41
35 32
16 1
15 32
60 80
41 76
71 1
2 33
34 57
48 74
13 48
54 57
54 33
25 1
42 23
8 71
54 55
1 79
9 70
12 2
81 1
23 1
1 38
40 2
33 59
75 63
15 70
59 49
15 76
76 12
5 12
32 1
26 30
23 11
49 29
1 22
46 5
49 63
10 76
64 59
1 4
25 75
66 23
42 80
1 55
15 21
52 75
55 44
75 57
21 11
80 63
16 71
47 22
61 74
66 30
6 7
69 47
79 22
40 78
26 64
66 1
80 65
47 52
7 27
8 3
46 28
37 1
74 18
78 51
36 80
76 25
69 55
63 1
75 56
77 4
1 51
45 7
1 2
20 59
63 59
7 63
56 22
12 73
25 56
71 18
24 67
13 2
47 17
65 23
58 35
11 25
29 11
30 48
80 34
63 50
1 26
63 14
34 51
119 145
1 2 3 4 5 6 7 8 9 10 11 12 13 14 15 16 17 18 19 20 21 22 23 24 25 26 27 28 29 30 31 32 33 34 35 36 37 38 39 40 41 42 43 44 45 46 47 48 49 50 51 52 53 54 55 56 57 58 59 60 61 62 63 64 65 66 67 68 69 70 71 72 73 74 75 76 77 78 79 80 81 82 83 84 85 86 87 88 89 90 91 92 93 94 95 96 97 98 99 100 101 102 103 104 105 106 107 108 109 110 111 112 113 114 115 116 117 118 119
1 2 3 4 5 6 7 8 9 10 11 12 13 14 15 16 17 18 19 6 21 22 23 3 10 26 27 28 13 30 31 19 33 34 35 36 4 6 39 5 5 11 43 44 1 46 47 48 49 17 51 4 53 54 6 56 11 13 1 60 61 22 63 64 65 66 65 68 69 70 71 48 73 74 17 76 13 3 79 1 81 16 83 6 85 86 43 88 6 90 28 92 93 6 2 51 97 3 99 86 101 2 61 74 105 4 52 2 86 54 111 6 113 114 52 116 86 108 6
18 82
18 86
116 107
98 24
35 61
13 77
113 58
21 27
93 24
58 29
51 96
114 70
99 2
7 115
3 24
80 31
2 102
43 87
110 54
56 3
95 62
26 32
10 84
55 34
95 79
27 108
48 30
118 10
47 114
32 23
43 3
118 108
23 36
72 112
25 17
32 63
101 60
89 84
91 45
12 24
8 1
17 50
96 5
104 74
103 58
111 3
109 26
90 12
11 42
113 88
10 25
16 82
46 118
50 47
106 84
58 74
52 107
38 119
106 8
32 101
82 44
54 95
49 40
35 25
40 6
6 92
42 81
117 119
6 20
84 116
98 13
70 111
90 6
38 108
46 33
112 84
112 48
119 109
1 80
38 84
32 19
6 7
7 64
95 108
24 45
37 99
71 114
45 28
103 76
86 109
59 45
106 4
52 115
4 69
75 72
103 37
22 62
39 26
66 36
14 106
52 106
2 95
83 15
65 67
40 5
80 106
51 10
100 117
29 77
85 113
25 14
96 108
103 25
41 5
16 53
98 23
96 105
16 38
67 69
15 75
56 9
21 103
117 114
57 52
6 84
37 4
102 35
37 114
41 106
17 75
119 55
83 116
98 78
102 87
97 91
60 105
68 63
94 38
42 57
45 95
59 84
1 59
27 94
10 14
3 73
104 190
1 2 3 4 5 6 7 8 9 10 11 12 13 14 15 16 17 18 19 20 21 22 23 24 25 26 27 28 29 30 31 32 33 34 35 36 37 38 39 40 41 42 43 44 45 46 47 48 49 50 51 52 53 54 55 56 57 58 59 60 61 62 63 64 65 66 67 68 69 70 71 72 73 74 75 76 77 78 79 80 81 82 83 84 85 86 87 88 89 90 91 92 93 94 95 96 97 98 99 100 101 102 103 104
1 2 3 4 5 6 7 8 9 10 11 5 13 3 15 16 5 18 19 20 21 22 23 24 25 7 27 28 15 5 24 32 6 34 35 28 15 35 39 40 41 42 36 4 17 28 10 42 49 28 18 52 53 54 2 56 28 19 59 9 61 62 63 59 24 66 14 68 13 70 71 72 73 9 75 76 31 26 24 80 54 65 83 24 85 86 51 88 24 15 5 6 93 94 95 96 26 98 99 59 101 102 59 28
87 51
66 24
61 63
76 103
84 24
1 95
32 89
64 97
93 26
51 89
3 63
59 20
84 79
60 36
71 97
14 53
76 66
44 6
12 71
46 68
56 18
103 59
76 54
44 29
83 10
27 54
60 79
9 51
40 30
45 89
74 83
29 14
29 90
24 99
75 49
29 74
103 16
81 67
57 46
69 13
25 29
49 3
45 86
36 50
24 102
90 15
41 69
20 96
53 33
74 9
70 24
90 55
85 34
64 59
53 30
47 10
55 25
104 14
58 6
24 80
36 98
57 36
89 34
91 41
76 38
17 50
21 96
14 67
91 42
14 35
61 16
26 7
71 80
2 55
36 41
37 15
13 97
83 85
25 16
24 21
9 14
14 71
98 97
45 34
82 1
33 62
57 104
11 93
36 76
76 52
45 101
89 31
61 100
14 3
30 12
19 58
6 92
46 40
18 19
74 60
64 100
57 83
7 53
27 34
57 54
73 75
36 53
79 18
71 44
44 4
43 13
87 70
10 30
44 33
95 71
18 51
27 80
76 48
36 44
100 98
30 17
72 92
99 86
21 102
91 12
4 78
2 40
89 4
21 101
39 48
82 65
48 42
102 1
31 16
86 93
82 29
49 21
7 97
22 66
33 92
10 15
97 26
28 26
68 34
92 42
34 32
89 60
46 28
11 53
104 2
3 76
52 41
23 90
78 59
88 90
45 102
58 17
84 89
96 8
29 42
32 17
76 11
77 31
58 103
7 94
39 53
60 80
65 89
96 60
37 27
51 34
91 96
5 56
75 64
47 15
32 79
21 94
68 73
57 76
91 67
38 35
54 81
26 78
69 70
5 30
44 30
87 29
67 70
73 102
36 43
87 2079
32 37 2 76 1 54 61 86 64 80 77 44 27 87 11 68 70 64 60 83 2 18 41 10 6 37 70 21 20 66 69 18 52 64 61 43 22 9 32 82 18 63 82 78 27 68 11 40 51 5 50 66 79 32 31 75 63 55 67 29 83 16 86 86 20 8 29 84 52 65 85 66 51 13 16 45 30 59 84 61 36 25 23 29 19 1 82
1 1 1 1 1 1 1 1 1 1 1 1 1 1 1 1 1 1 1 1 1 1 1 1 1 1 1 1 1 1 1 1 1 1 1 1 1 1 1 1 1 1 1 1 1 1 1 1 1 1 1 1 1 1 1 1 1 1 1 1 1 1 1 1 1 1 1 1 1 1 1 1 1 1 1 1 1 1 1 1 1 1 1 1 1 1 1
7 79
34 79
28 79
3 10
61 22
17 83
2 12
85 71
69 1
13 33
1 43
77 63
81 85
19 22
36 10
43 20
45 61
46 52
87 20
37 78
48 14
20 21
87 42
66 28
81 69
75 9
49 30
18 8
71 72
78 9
65 69
5 41
51 77
62 73
23 45
9 21
5 33
25 6
78 31
67 7
13 64
85 3
22 36
77 66
26 25
27 68
33 73
31 38
24 71
32 47
67 83
45 74
1 37
61 82
33 48
30 44
74 58
39 74
67 10
81 14
18 85
43 62
27 53
38 71
34 9
54 32
37 69
64 18
70 31
58 27
23 10
56 74
77 58
14 11
34 69
15 77
68 29
82 28
78 39
35 36
60 29
78 18
11 65
4 20
61 56
29 36
77 18
72 74
26 27
83 10
5 27
53 67
81 45
53 34
58 1
42 28
68 76
47 49
10 84
69 84
49 54
4 73
6 5
37 54
45 57
19 3
31 52
34 70
46 23
71 28
4 86
66 53
1 82
11 9
19 43
41 36
23 37
20 15
39 9
51 63
14 51
3 59
60 20
43 45
11 4
54 62
29 58
87 27
81 30
69 19
54 55
70 1
27 36
24 48
78 22
11 34
55 85
13 9
43 39
41 13
84 63
1 60
57 16
19 44
22 62
77 44
33 84
25 7
18 58
3 1
48 20
39 14
5 72
66 48
58 30
82 15
27 67
76 41
20 63
20 74
63 58
47 52
1 76
85 19
67 68
2 3
33 68
7 8
29 56
3 70
78 29
50 75
28 40
29 17
70 72
71 53
30 84
50 65
28 37
37 62
5 30
31 53
37 34
75 51
76 36
58 49
43 65
34 36
2 11
42 80
55 3
31 41
62 67
54 35
43 40
82 8
26 82
36 11
45 20
16 30
51 74
24 45
14 83
36 24
45 58
38 25
53 55
62 55
76 83
31 79
36 23
61 58
86 45
20 44
62 53
59 61
33 70
16 24
8 17
71 37
33 2
12 10
38 80
73 56
54 34
71 13
64 84
9 8
70 74
71 84
15 42
83 56
8 20
63 34
34 77
37 66
6 40
6 27
65 28
47 35
9 28
57 66
51 29
70 23
27 56
68 63
13 24
2 70
57 18
15 35
84 4
29 12
70 68
37 53
6 83
28 38
37 52
4 14
1 78
75 20
56 63
5 81
44 27
27 59
7 56
77 46
78 33
72 31
22 15
2 54
77 22
18 9
58 31
1 48
63 10
36 68
11 22
1 75
39 41
75 2
11 49
2 20
30 14
58 17
62 47
20 38
44 47
55 11
59 43
27 64
44 58
8 75
85 61
5 73
40 47
21 80
20 33
21 76
86 80
71 63
1 14
10 59
81 6
26 74
43 50
41 2
37 3
80 29
69 62
26 87
31 87
20 17
20 70
26 17
30 73
70 41
48 36
84 87
77 40
1 64
50 35
46 69
64 47
64 70
18 51
77 16
2 49
65 22
52 82
15 64
53 81
13 73
58 80
66 40
76 20
87 24
1 30
70 42
32 53
18 56
79 1
49 86
34 49
34 25
19 84
15 48
6 71
82 80
65 7
38 36
4 21
41 65
8 57
79 73
15 66
4 68
25 63
71 62
67 87
50 15
56 21
54 22
29 31
38 49
25 4
81 70
51 72
77 39
38 72
9 17
74 75
13 22
59 6
42 3
8 54
2 9
21 15
31 26
34 80
34 1
51 40
3 29
32 25
21 7
42 35
26 57
27 50
79 27
71 29
25 73
79 70
87 35
60 80
33 29
20 11
50 40
60 71
78 11
70 56
35 44
86 64
47 63
29 79
60 64
45 5
29 27
19 41
84 85
23 83
78 82
10 79
5 57
34 14
73 12
13 76
62 85
28 52
71 86
2 15
86 12
21 13
40 86
64 53
60 79
8 60
44 43
39 79
58 59
70 48
26 72
31 74
3 13
73 37
53 14
51 7
28 83
43 84
35 12
68 82
84 48
20 82
59 33
56 8
79 45
16 87
12 18
51 35
78 44
56 4
31 75
38 48
21 60
32 10
63 57
36 84
14 75
75 22
19 40
65 29
45 38
57 81
76 78
79 87
8 44
75 53
83 37
54 75
3 9
18 44
7 49
54 80
68 25
71 73
85 14
24 44
78 69
32 72
66 74
49 69
34 5
53 18
9 62
34 41
42 60
47 2
43 87
45 48
61 15
11 37
46 12
24 25
59 32
59 31
81 27
1 45
18 30
61 84
5 29
77 85
44 15
81 83
19 60
46 33
6 41
78 79
27 66
60 63
59 44
42 37
21 62
76 16
72 83
26 79
1 4
51 55
58 81
51 30
71 54
15 62
27 69
51 3
59 54
55 4
77 38
9 6
48 9
20 85
85 9
79 72
59 35
36 67
7 53
1 72
19 26
64 61
14 80
52 9
47 8
53 43
37 55
56 32
8 30
13 28
87 13
67 5
49 42
58 4
85 23
63 3
44 26
26 28
83 12
53 69
87 72
74 10
12 71
33 55
14 3
87 56
61 62
80 18
6 66
15 76
52 7
49 80
70 14
77 28
74 34
84 16
68 62
32 27
79 8
59 36
15 18
44 22
62 4
74 8
58 79
37 6
35 24
72 53
84 32
20 52
4 61
60 59
34 45
26 45
3 16
62 74
74 41
6 50
45 21
19 9
2 59
17 13
84 77
17 74
3 6
45 72
4 8
38 16
13 43
66 76
79 17
10 8
31 48
65 26
83 54
86 34
34 31
30 75
40 30
75 10
83 22
10 61
68 42
62 24
23 69
62 80
46 87
43 32
36 28
66 72
11 53
35 3
51 32
33 66
46 30
26 71
37 2
1 66
17 49
61 7
39 65
57 41
52 76
86 33
33 82
40 12
87 78
17 84
53 45
85 67
25 56
33 42
56 34
51 8
55 34
15 86
3 33
86 73
21 6
66 64
41 80
38 32
44 31
3 28
6 86
5 20
56 35
66 47
61 28
85 48
59 77
62 5
41 62
75 19
31 81
25 46
52 1
64 16
64 45
66 51
65 36
54 52
55 43
55 30
40 83
46 58
45 13
35 46
12 48
51 38
40 38
6 45
7 18
43 56
38 8
25 81
79 77
52 6
61 21
54 82
44 74
58 35
35 49
22 87
38 12
77 64
43 83
50 14
85 31
55 60
66 87
74 22
14 73
34 2
17 46
18 52
74 49
73 19
6 72
60 78
46 60
46 51
65 16
29 77
22 41
52 80
23 30
10 7
5 74
8 85
47 67
85 44
62 86
50 42
84 34
6 43
64 87
65 66
38 75
45 67
22 49
19 55
62 35
72 78
43 72
76 54
31 45
63 14
38 53
49 28
84 40
50 76
37 40
42 55
28 56
48 86
15 36
46 18
75 65
80 26
18 6
19 1
78 61
86 54
48 68
77 80
80 53
44 73
73 82
77 21
83 27
80 22
44 11
1 73
84 25
80 57
86 69
62 1
35 10
69 28
4 74
54 15
58 40
69 73
10 69
48 72
71 66
14 13
33 62
37 80
73 68
82 37
56 50
60 62
9 43
58 20
42 30
7 69
46 83
62 34
26 23
25 28
83 55
54 1
9 55
20 36
48 79
84 83
12 30
58 67
79 19
11 69
57 78
80 40
62 64
2 63
35 30
72 3
47 12
45 65
47 31
64 71
56 71
47 30
47 27
40 49
24 75
50 51
68 32
67 76
38 85
52 87
64 57
17 65
3 49
80 7
38 1
61 35
17 37
35 16
67 52
54 11
69 13
57 24
41 46
41 32
22 86
86 51
27 18
7 74
20 67
74 48
10 29
60 69
58 5
86 29
63 13
54 84
4 39
76 84
23 50
35 13
70 50
75 62
64 54
65 42
62 72
67 25
60 67
65 67
86 28
21 71
37 10
71 11
14 19
12 61
75 28
9 64
6 35
38 68
17 60
2 85
26 15
2 77
37 13
84 53
20 61
71 3
6 36
58 33
72 16
71 69
22 50
49 71
22 45
11 70
18 73
24 23
25 87
45 56
87 47
86 75
2 57
85 1
19 36
1 20
69 6
47 72
4 33
12 9
39 25
60 30
1 22
27 19
54 39
30 70
52 29
6 55
78 70
60 36
65 15
70 44
30 28
31 62
71 70
19 71
61 41
64 83
11 80
10 24
17 21
4 40
80 70
82 14
50 20
21 39
46 2
21 27
83 87
41 69
43 54
74 80
47 15
65 56
50 60
55 66
3 4
10 21
77 72
56 49
81 61
83 66
69 57
30 87
19 76
41 58
25 45
69 79
63 48
43 33
37 63
19 77
77 57
1 61
65 8
51 53
9 5
17 4
7 23
33 49
14 10
74 85
75 66
81 68
4 28
29 11
9 14
35 22
78 40
34 23
22 64
33 52
57 60
22 39
76 80
55 76
20 41
38 10
81 43
17 39
42 14
52 23
42 45
42 47
11 33
55 59
3 79
29 81
8 45
20 83
2 55
66 58
8 23
65 83
20 6
20 9
10 33
81 73
5 69
30 62
69 45
31 40
1 28
41 8
7 20
6 4
47 70
17 50
68 65
65 86
43 58
68 7
6 80
12 4
17 77
57 49
20 3
5 37
64 4
34 42
38 82
87 49
43 24
83 34
52 86
64 74
40 9
67 70
52 34
35 5
10 20
23 78
74 33
11 86
77 76
78 59
63 78
45 51
38 11
16 32
42 82
33 1
13 26
56 54
40 70
84 35
24 2
77 65
12 34
46 50
16 28
28 24
12 33
76 71
42 79
84 74
75 17
82 24
64 79
48 3
36 58
70 32
87 81
43 14
71 59
17 47
44 7
25 58
37 38
46 42
30 83
54 73
25 36
82 43
86 44
82 11
2 82
24 83
79 85
14 47
24 9
21 86
22 46
82 34
78 21
23 68
36 55
35 7
39 85
24 8
34 75
15 13
72 73
56 68
47 84
32 46
20 79
80 67
69 63
18 14
32 75
42 2
62 17
21 31
2 13
50 44
37 18
77 73
35 17
4 60
73 24
20 72
34 46
63 52
2 23
36 64
41 17
10 76
15 4
37 56
61 13
2 83
33 75
52 45
68 87
65 13
75 81
73 65
17 38
13 36
60 14
45 15
13 67
57 54
39 69
9 53
35 14
38 79
40 36
12 39
17 80
75 76
32 67
28 39
55 18
84 65
13 50
78 7
38 23
40 56
81 38
10 45
61 18
14 29
16 50
19 49
30 61
56 11
77 36
10 87
42 11
38 43
46 28
66 45
50 31
50 24
11 21
73 23
18 60
1 6
36 43
83 29
16 5
67 24
58 15
83 59
8 68
81 22
11 5
52 48
54 70
77 43
72 7
30 82
29 6
15 6
14 24
42 32
6 24
56 81
2 72
34 19
25 80
24 30
67 14
73 6
56 1
70 60
36 71
12 50
70 46
41 75
23 44
44 17
42 61
25 62
21 50
45 28
84 57
11 57
87 82
37 64
28 63
14 45
40 76
54 48
30 71
78 5
47 9
6 12
38 22
84 1
27 54
44 65
56 30
37 86
2 51
49 70
16 74
7 84
14 54
29 39
62 19
25 14
21 54
43 30
67 30
64 46
87 58
22 12
48 42
69 29
33 9
52 61
76 33
53 58
8 87
49 61
67 64
32 35
8 16
53 40
69 83
46 47
37 57
83 7
22 16
38 15
24 79
75 27
58 51
63 73
78 36
75 45
27 2
27 51
30 57
58 54
61 67
71 82
23 59
69 56
54 45
70 82
2 29
39 58
3 44
40 18
32 86
55 1
86 61
86 31
27 55
23 27
10 27
17 11
54 69
6 22
39 67
55 75
53 25
4 66
70 53
15 56
67 9
11 16
20 28
70 75
12 41
72 50
46 81
54 46
59 24
6 46
14 56
68 77
71 4
2 6
29 64
52 84
65 61
67 56
81 34
41 11
11 12
86 63
35 76
70 10
55 8
60 35
47 38
8 14
60 32
64 43
52 41
7 77
57 53
24 5
28 53
4 77
56 39
72 57
73 28
70 85
52 35
21 40
57 13
1 44
65 82
47 78
66 36
16 81
82 57
50 82
82 25
5 60
36 39
28 74
86 43
16 10
21 36
36 61
47 86
19 38
52 60
55 5
34 51
77 78
81 60
73 43
54 51
13 54
26 34
75 37
53 42
60 48
21 34
52 17
82 79
66 41
26 47
46 79
2 16
45 85
13 30
47 81
78 56
87 9
65 71
15 16
19 25
6 33
78 67
58 68
12 54
16 68
23 63
57 74
4 37
17 7
10 15
45 32
50 71
51 76
41 48
39 53
50 39
32 79
3 21
48 35
44 4
14 32
8 34
70 21
20 29
32 57
78 43
12 25
13 44
63 61
86 1
83 51
77 45
60 41
7 45
38 59
5 52
6 42
34 85
49 79
73 55
87 34
53 23
16 26
23 29
44 14
60 73
65 35
37 51
66 54
3 76
17 40
69 70
63 62
70 38
54 26
62 66
53 79
36 56
69 21
34 66
32 36
18 63
35 74
69 61
72 56
75 71
69 75
83 49
33 37
23 65
25 69
8 78
18 10
18 29
58 73
68 19
39 34
32 3
52 57
32 64
87 12
35 57
39 1
27 85
18 72
61 53
57 56
8 70
61 50
79 23
46 85
24 18
61 24
46 10
84 67
78 81
41 84
19 23
29 40
32 26
58 16
43 46
59 30
12 8
4 23
59 62
41 30
33 80
61 9
72 15
58 6
56 33
24 38
5 13
17 59
9 80
48 10
30 80
74 67
60 51
1 10
79 21
19 53
49 51
39 19
51 79
70 6
83 15
49 73
14 41
38 83
8 37
2 53
1 9
66 82
63 59
38 34
11 31
51 82
11 24
55 78
41 44
71 22
84 79
26 40
55 41
38 50
13 31
47 45
19 67
32 28
66 19
51 23
86 25
12 57
30 79
55 82
26 37
2 56
61 2
63 6
44 61
38 54
37 81
64 2
22 57
13 12
69 15
55 64
49 53
34 40
44 56
18 42
50 78
67 82
85 10
18 33
12 42
57 38
39 27
40 60
77 52
18 45
27 74
13 84
43 34
37 84
2 74
13 38
19 72
68 24
41 25
86 16
25 1
56 22
70 19
36 50
49 20
79 13
77 9
34 61
49 48
84 6
76 72
46 5
62 87
49 72
19 57
68 44
75 25
34 18
55 24
82 48
75 35
24 53
15 59
24 64
80 66
12 27
71 43
1 35
75 63
31 55
1 13
44 64
3 7
15 32
32 71
38 66
45 49
18 1
7 33
76 57
50 3
23 84
43 67
78 74
71 2
55 86
73 9
12 85
82 39
66 35
41 53
22 8
33 8
36 81
62 56
62 28
84 8
41 26
35 8
61 5
78 80
64 52
86 59
58 21
17 24
59 52
78 49
50 5
38 29
17 51
48 51
63 29
50 85
1 46
58 34
33 64
22 51
63 33
20 78
73 20
7 29
74 68
42 21
71 17
76 30
48 73
52 71
84 15
72 17
62 27
13 51
59 42
30 20
69 51
49 14
22 34
8 27
33 67
16 69
44 75
43 79
22 20
50 83
3 77
24 51
48 25
24 7
80 4
87 45
26 60
69 44
55 70
76 53
85 30
23 42
34 13
50 84
47 11
43 10
63 66
54 67
85 6
76 49
81 82
15 5
58 83
17 68
20 68
17 82
35 34
29 42
21 75
56 55
46 62
71 31
57 28
51 64
71 77
21 51
10 86
85 4
24 33
54 20
51 4
24 46
61 8
63 1
59 41
28 11
33 50
87 33
77 70
48 34
20 40
9 38
1 87
36 44
78 10
63 72
54 77
66 84
65 19
19 58
68 3
28 29
55 50
21 48
16 23
51 16
13 7
63 82
21 37
32 61
30 77
16 52
74 77
75 11
61 70
18 79
25 83
51 28
87 53
21 14
79 52
53 5
19 86
76 2
27 9
79 68
2 60
63 38
11 26
35 73
41 38
13 75
59 84
87 61
29 74
36 17
53 46
86 60
5 42
10 62
60 61
8 58
54 74
3 53
9 44
18 22
43 22
24 78
50 47
50 57
37 67
76 82
40 10
27 40
87 85
82 53
12 66
14 28
82 58
33 25
3 65
69 72
24 66
57 61
11 74
42 77
69 82
66 10
46 48
11 8
45 36
85 75
5 86
39 70
23 6
9 51
24 3
32 5
40 15
12 28
6 54
36 70
15 7
50 79
44 87
20 16
43 23
24 74
57 29
82 36
18 65
85 42
32 65
23 28
87 50
53 73
87 39
5 56
77 20
35 69
29 15
26 86
36 5
3 8
16 78
52 69
11 87
27 73
7 16
20 42
21 35
34 30
32 63
77 11
83 60
32 85
83 70
37 36
15 57
61 46
13 16
19 13
10 11
39 15
34 64
23 58
17 19
65 21
82 27
8 67
16 40
70 51
46 76
62 7
3 60
46 68
32 55
24 1
19 7
84 78
6 77
86 39
75 60
3 73
84 22
66 86
27 15
14 66
67 42
39 11
37 65
5 87
43 74
11 84
8 1
50 53
30 2
16 63
63 42
9 63
76 22
14 61
44 83
64 14
49 4
34 29
80 64
87 57
78 27
31 54
55 16
30 15
23 47
3 23
17 55
67 31
74 63
69 22
59 16
45 46
63 7
37 45
50 34
66 21
66 42
76 45
30 54
17 64
47 57
1 65
55 39
46 59
26 5
54 65
61 27
3 62
9 4
22 25
17 43
80 85
12 74
3 84
37 70
73 51
31 73
46 56
2 73
30 50
77 14
48 58
45 17
83 71
13 49
7 4
78 41
36 14
11 13
56 17
52 21
30 66
7 76
35 78
54 29
10 4
47 36
48 76
77 32
14 71
38 56
63 30
6 65
57 67
1 21
24 54
40 62
76 70
37 41
54 60
31 10
35 70
12 16
47 16
81 67
81 50
81 76
85 43
81 21
56 59
10 57
5 54
66 13
36 7
84 31
31 27
17 6
74 60
36 33
49 16
52 22
14 69
70 86
77 69
73 74
9 31
2 22
15 63
54 17
17 61
32 30
84 24
7 73
75 26
83 33
48 13
46 39
74 1
14 2
44 46
9 66
23 48
76 42
79 36
50 69
69 32
2 38
77 27
32 48
68 13
67 34
84 2
42 24
75 23
60 72
38 35
46 8
84 51
54 10
28 87
19 47
17 34
73 22
78 83
73 46
42 8
14 38
76 69
19 48
32 1
70 15
34 16
2 50
62 84
59 81
43 31
3 43
57 4
41 68
53 16
57 40
3 15
49 23
56 75
10 22
73 38
79 81
25 40
51 42
25 71
23 11
32 20
60 6
81 77
11 64
43 70
13 83
48 16
14 74
28 19
57 44
87 1779
36 40 72 2 75 3 67 39 85 27 8 76 57 49 31 52 21 80 72 59 86 41 6 24 58 39 31 64 65 30 9 7 65 63 24 87 66 54 74 6 11 21 59 16 60 70 17 18 38 52 30 59 61 60 83 82 28 2 41 1 38 22 63 30 84 69 69 73 63 57 64 58 7 27 82 59 6 9 31 42 66 15 74 38 61 3 83
36 40 72 2 75 3 59 3 30 3 3 76 57 49 31 52 18 80 72 31 74 41 6 3 58 39 2 41 16 30 9 3 65 30 24 87 31 54 7 6 11 3 59 16 59 70 17 18 30 11 30 9 3 60 42 82 28 2 41 1 38 22 63 15 84 61 16 7 9 57 64 3 7 21 7 59 3 2 31 16 58 15 74 2 61 3 3
62 63
87 77
61 11
85 3
62 69
8 57
63 66
20 82
22 54
77 43
66 67
48 29
64 71
43 83
71 52
8 7
12 48
21 4
1 74
2 27
55 73
42 22
35 2
87 76
37 45
2 13
60 12
79 72
41 18
20 15
70 50
11 67
45 63
15 37
67 72
80 54
67 53
40 50
51 44
9 70
27 67
63 54
82 73
14 72
71 62
45 52
82 61
27 55
1 54
37 76
58 67
14 65
65 2
9 32
4 74
38 71
37 68
55 82
75 62
80 15
18 63
63 83
22 41
79 50
59 84
12 84
82 54
13 27
81 62
79 36
50 10
40 39
73 42
52 58
65 56
67 13
13 22
69 47
61 39
57 27
2 29
74 80
13 19
39 60
72 51
51 61
63 2
35 29
20 49
13 73
79 58
4 51
5 46
12 58
71 14
62 39
67 38
22 6
1 13
3 49
45 13
79 73
60 72
38 41
77 68
63 11
66 79
22 49
44 52
47 54
54 49
66 24
52 39
65 33
48 3
64 63
26 11
28 40
77 53
48 74
12 34
47 43
32 69
35 5
77 76
31 48
18 4
68 41
32 17
57 34
63 23
3 8
55 83
42 43
55 36
81 28
25 38
73 21
83 73
32 26
63 46
53 15
58 21
39 67
11 51
61 86
19 40
57 45
53 83
14 37
60 63
42 78
41 52
18 24
86 70
36 19
1 50
38 12
31 86
28 72
49 15
58 40
32 37
16 54
57 33
67 52
46 1
82 16
41 50
36 44
72 35
15 36
17 47
36 46
9 85
17 40
77 62
17 48
53 58
75 81
34 70
83 67
76 59
4 85
84 60
54 35
8 36
4 62
16 5
37 1
72 69
81 52
24 52
30 66
72 11
45 59
60 27
70 39
25 81
67 36
62 23
56 7
45 19
43 7
56 13
32 55
74 13
27 16
85 27
2 79
11 45
75 23
47 56
61 23
39 46
5 10
19 46
47 48
42 16
43 54
25 69
8 26
35 66
68 42
12 11
43 2
62 28
16 37
29 84
53 59
74 64
60 37
34 45
3 77
35 87
52 61
9 73
40 73
80 9
32 54
50 39
16 43
76 3
56 85
76 78
54 4
50 77
4 58
35 42
50 85
57 39
32 4
72 75
25 34
74 35
52 73
71 24
67 4
59 44
41 27
34 78
25 7
33 19
41 35
47 84
42 36
19 29
6 5
72 38
48 20
70 24
87 1
1 34
28 9
61 70
15 39
1 66
15 60
30 61
78 27
37 41
72 56
8 47
61 6
72 27
51 12
47 78
40 64
48 81
33 67
64 35
53 29
1 26
70 16
36 75
73 68
14 83
29 83
3 68
1 47
62 49
36 32
69 63
5 26
14 10
82 81
55 58
69 78
8 30
46 50
63 56
49 83
6 74
38 49
48 11
34 30
21 54
74 12
6 81
54 77
19 84
58 14
56 81
30 35
31 80
62 42
9 63
79 37
43 72
16 8
38 3
78 58
41 19
2 30
10 6
73 20
24 75
80 29
54 67
47 42
53 39
30 37
61 16
40 33
50 75
8 61
38 65
65 37
49 23
47 49
26 46
15 18
28 83
58 17
61 28
84 79
43 61
55 80
82 40
63 76
70 56
4 64
50 7
52 9
84 32
53 44
19 81
63 19
12 37
71 49
54 71
84 17
62 53
63 32
39 80
31 71
51 1
35 37
85 18
74 60
75 30
7 83
61 77
36 30
44 73
65 21
80 26
38 31
70 35
28 30
42 15
35 17
34 40
56 68
14 34
9 76
36 82
4 44
87 24
1 80
12 15
15 21
29 67
53 50
76 10
35 32
70 32
86 34
43 82
57 32
54 11
33 62
63 28
87 4
85 81
48 35
24 30
13 15
47 50
14 74
45 38
82 50
83 26
8 41
76 45
80 36
45 2
61 85
20 40
10 34
54 33
32 10
24 42
23 5
11 53
28 2
14 18
18 20
23 58
9 66
48 23
21 45
44 76
56 24
19 12
75 46
21 82
21 36
76 17
36 13
48 13
56 59
36 50
36 68
4 13
26 14
52 20
22 47
86 62
65 1
74 5
57 64
21 64
17 71
8 72
72 29
82 28
79 20
68 19
41 2
64 54
71 35
8 10
43 51
67 79
42 32
32 64
39 71
36 33
6 3
69 71
21 41
79 33
78 35
81 49
62 11
5 51
38 61
40 37
55 1
10 59
7 41
43 69
24 27
56 64
55 11
63 42
80 60
21 3
18 45
1 35
7 46
40 13
39 64
54 34
58 84
50 84
55 12
47 21
18 21
45 6
51 3
13 42
40 68
80 38
1 27
1 24
70 36
71 82
5 30
31 72
5 1
59 34
15 41
74 81
82 24
61 45
87 5
40 46
39 41
76 42
6 64
19 56
12 86
57 73
53 43
25 8
19 65
55 18
29 18
48 53
69 46
85 31
32 59
58 41
31 50
66 42
15 73
77 30
11 33
3 11
40 80
84 24
16 24
67 37
81 32
55 26
48 49
44 37
43 14
31 27
7 24
28 55
11 64
62 35
51 85
51 78
83 32
59 6
27 36
3 52
69 73
86 73
69 65
76 75
1 19
55 85
10 48
87 7
53 12
18 9
7 19
28 19
38 55
56 33
68 57
5 83
11 57
69 75
57 29
34 47
19 73
66 23
62 7
49 8
20 70
56 2
4 10
29 76
37 7
16 87
79 23
30 69
39 45
27 40
38 30
87 28
40 52
22 48
33 80
69 20
54 86
14 69
4 28
62 80
21 84
40 12
19 87
1 3
83 11
87 23
72 32
23 40
36 47
36 62
33 13
1 32
34 73
72 81
54 29
24 68
13 12
4 79
72 9
51 15
79 87
74 44
3 43
70 55
76 58
24 9
21 44
21 35
56 87
17 24
74 78
75 19
7 48
64 73
59 39
59 74
59 68
64 41
28 10
21 70
23 21
78 56
20 43
60 28
82 51
53 36
6 19
29 85
22 59
34 4
82 64
65 72
57 23
17 19
15 56
14 29
84 63
27 66
33 2
42 11
17 69
61 32
21 52
60 68
71 7
74 82
43 84
75 68
25 70
32 50
6 28
8 82
41 32
70 26
21 69
7 36
56 42
49 72
75 37
25 76
25 35
7 17
4 45
83 27
76 19
67 64
69 35
64 86
50 37
39 24
56 3
25 84
42 8
79 52
78 8
54 55
62 83
71 5
56 37
29 36
35 59
7 85
57 16
25 21
76 66
86 78
11 34
13 47
84 83
63 40
44 67
44 86
74 57
69 37
29 39
58 87
85 58
24 50
57 46
2 69
77 29
84 22
13 58
56 82
56 31
12 5
81 24
2 80
33 43
25 44
87 72
37 77
31 33
41 85
10 85
67 69
46 9
13 16
36 76
44 56
8 44
25 86
57 40
68 82
86 72
43 50
1 76
76 84
83 34
21 68
39 28
5 50
37 13
87 21
22 7
70 46
44 45
35 68
83 65
18 76
63 80
84 13
69 16
64 8
73 25
49 28
79 59
65 68
26 47
49 34
42 18
79 55
36 48
17 51
39 54
49 55
44 3
82 86
57 14
41 4
12 14
7 4
43 58
50 69
28 25
84 52
46 77
46 11
45 55
47 74
52 69
31 35
32 68
51 23
45 62
53 21
83 30
33 72
37 3
19 31
72 71
69 87
42 70
77 14
64 9
57 19
41 84
63 74
32 18
2 51
3 27
3 71
37 27
6 15
76 80
75 26
11 4
26 34
61 31
16 45
47 15
48 44
76 49
27 6
70 31
34 42
30 73
39 4
21 62
67 2
71 56
57 30
31 82
20 13
47 57
44 72
15 74
59 16
78 57
22 29
67 75
8 2
70 73
14 1
81 26
75 83
70 14
29 47
12 78
21 20
29 34
65 57
13 46
24 6
33 34
21 11
65 28
22 80
80 41
37 59
55 62
83 12
35 36
8 48
71 34
3 45
9 27
23 10
55 35
74 26
83 86
17 34
72 78
56 28
36 52
13 26
40 18
78 20
81 9
77 44
14 33
58 44
51 64
49 58
71 37
83 35
40 77
34 32
35 81
33 45
43 35
27 44
74 36
14 45
43 30
58 73
13 7
43 56
74 46
2 76
82 29
37 33
28 8
32 11
87 41
15 77
33 73
51 83
69 44
82 80
10 87
38 54
28 50
54 3
76 81
29 20
15 5
47 16
79 71
35 65
83 20
30 33
49 32
52 34
74 71
81 63
16 51
34 27
44 83
50 62
50 67
49 30
23 11
68 12
20 42
65 18
71 45
22 76
50 73
51 75
72 6
84 10
82 14
10 69
19 39
25 18
62 31
59 26
40 66
31 41
50 87
71 43
85 52
64 24
15 40
41 53
56 77
61 7
29 33
71 12
3 19
2 61
55 53
76 12
10 30
74 61
86 38
32 75
10 62
18 72
61 58
52 75
55 87
61 21
4 40
36 26
78 23
69 34
31 16
34 63
11 2
40 47
16 80
53 78
62 68
17 55
5 82
86 24
15 8
64 68
59 58
6 34
36 43
43 13
70 28
26 56
34 24
1 64
31 76
73 76
60 85
17 67
55 23
1 8
82 1
41 70
85 79
38 26
70 81
80 52
49 85
46 38
22 23
80 30
76 61
59 11
19 37
54 13
12 73
34 18
27 52
46 45
86 2
82 72
84 30
87 67
68 52
25 40
71 22
86 50
66 7
44 55
9 15
36 86
28 35
72 73
71 8
50 60
78 32
11 20
79 76
47 67
84 26
37 36
2 87
17 36
69 64
43 86
14 75
63 26
40 71
17 20
60 20
82 45
27 63
55 39
25 66
69 28
67 5
61 63
70 51
31 39
22 26
77 74
11 40
37 6
60 51
40 59
63 1
81 64
46 66
13 24
49 41
85 30
6 50
22 77
68 66
1 17
42 77
83 23
57 67
53 60
6 7
75 11
50 64
7 51
68 54
86 53
28 68
72 52
23 20
38 21
87 80
44 82
71 48
10 56
7 30
81 46
65 85
65 34
80 44
32 48
70 11
14 79
9 60
37 74
72 85
76 35
75 80
15 61
1 18
76 16
2 36
56 46
62 17
60 42
18 53
54 57
32 71
72 46
40 69
44 47
49 4
75 1
41 56
6 31
9 61
26 49
36 60
61 60
27 79
70 62
79 47
25 80
20 74
82 23
27 26
9 87
1 43
21 27
63 79
20 39
16 77
30 79
51 46
87 43
85 62
58 46
78 79
7 81
21 57
70 38
32 29
4 77
18 3
44 41
74 30
80 57
23 43
75 85
13 9
38 43
8 20
87 39
22 82
29 13
76 46
77 70
10 71
36 45
14 6
55 31
78 24
70 71
66 3
84 27
38 7
84 75
43 76
79 12
9 21
81 2
53 37
72 61
11 86
81 21
16 67
24 83
46 67
20 46
19 32
68 67
13 6
54 79
12 69
50 81
28 26
68 48
52 35
65 81
9 16
66 85
77 59
46 32
45 77
82 83
53 45
44 34
76 48
19 72
39 23
38 73
43 75
69 68
25 60
73 60
13 38
12 49
77 67
77 25
31 83
37 62
26 60
38 23
12 80
12 61
16 64
21 66
30 23
58 70
78 52
10 11
42 84
33 27
71 65
32 3
18 22
56 4
1 86
25 14
19 50
55 37
78 14
7 75
31 51
39 21
27 30
35 86
35 57
43 10
38 76
5 36
27 58
21 50
33 21
30 19
30 76
8 60
83 70
74 51
1 28
64 33
6 78
73 26
45 48
68 39
71 76
5 38
75 15
59 81
38 69
24 77
38 48
51 59
59 60
40 31
3 33
61 29
51 62
20 2
74 32
75 49
85 44
34 79
44 13
53 74
37 10
61 49
37 28
51 13
65 22
57 70
4 43
11 41
44 12
85 23
18 87
13 39
42 3
75 42
31 59
80 81
11 47
38 82
19 85
84 81
23 18
20 53
33 41
2 6
10 49
40 43
31 3
16 26
87 17
43 29
22 78
59 13
61 1
49 51
68 53
29 10
43 24
64 10
77 60
12 33
5 20
71 63
38 50
33 38
29 40
83 37
75 29
15 78
44 15
18 16
3 10
72 5
25 75
46 4
47 82
24 14
61 35
87 32
57 83
81 77
80 65
29 70
18 13
79 29
73 53
27 71
76 51
40 6
17 9
74 34
81 41
4 2
31 47
58 1
27 46
34 28
15 45
74 3
31 12
58 62
26 42
39 56
61 37
32 24
66 59
86 6
41 63
31 32
80 45
23 80
13 8
61 17
82 37
28 3
70 4
29 21
67 55
47 52
4 59
57 6
52 83
48 50
85 39
45 49
47 18
26 51
49 29
37 17
60 14
37 42
83 18
20 86
67 18
20 25
58 2
63 47
46 48
8 87
75 5
13 83
40 84
61 68
53 2
5 42
78 5
31 9
12 28
12 10
18 52
83 47
17 77
4 36
24 29
76 60
12 24
37 66
65 60
55 52
86 87
78 10
87 22
6 80
82 13
71 60
44 57
23 1
21 79
64 79
13 75
8 73
7 45
82 85
8 23
18 70
57 75
35 34
25 31
4 9
32 33
42 71
70 15
39 84
30 9
3 86
55 78
66 22
27 87
2 60
62 56
62 46
52 25
87 36
57 9
31 17
25 36
28 51
71 58
56 86
49 13
29 44
70 76
24 57
56 29
36 41
49 19
43 45
46 78
86 27
60 45
45 83
86 5
42 79
43 22
58 48
75 79
18 61
52 22
84 38
84 33
10 42
80 67
15 3
85 59
7 68
83 69
48 75
53 6
36 66
84 51
72 83
61 53
16 25
87 70
7 20
55 69
86 32
74 85
72 66
67 20
5 40
48 77
8 32
27 8
20 59
68 45
45 67
87 12
47 30
4 17
64 66
57 55
86 66
65 15
87 31
68 79
3 61
67 8
36 18
64 55
61 83
28 58
41 48
51 37
38 20
79 32
41 57
53 7
7 1
23 37
6 42
34 2
52 15
48 87
31 15
15 83
64 60
19 62
66 69
44 20
65 30
3 46
35 39
20 63
83 77
44 11
67 9
74 79
26 61
58 22
65 62
8 24
44 39
72 24
30 40
46 21
22 45
22 33
14 27
51 56
41 10
70 27
44 16
33 39
51 68
50 74
67 12
31 53
65 79
36 6
35 85
11 85
8 50
50 35
80 86
67 26
5 80
23 69
36 1
19 55
40 61
76 8
65 61
75 20
17 59
61 69
85 47
10 53
52 5
21 10
55 65
53 76
17 5
4 8
25 58
25 10
27 28
74 73
22 56
12 27
54 62
44 84
71 75
5 39
64 26
77 35
58 10
67 74
30 55
48 56
19 2
78 1
20 50
42 74
67 7
51 55
47 10
73 77
32 44
58 81
18 26
20 45
71 57
32 25
38 77
46 47
45 69
24 69
22 11
35 8
14 81
85 42
70 54
60 6
22 83
31 77
78 71
53 4
87 40
74 22
72 70
26 87
14 9
15 22
59 83
65 86
17 60
85 32
24 2
20 4
85 20
3 16
59 28
49 46
22 27
14 22
37 54
22 62
66 51
1 69
55 34
23 25
40 2
2 54
7 12
53 1
31 34
79 28
54 58
58 50
23 13
67 49
31 57
18 78
44 78
78 83
45 1
15 50
82 11
2 22
73 29
53 84
77 10
43 68
30 82
27 18
17 43
19 69
4 73
61 80
21 48
11 65
4 25
69 86
37 18
51 69
21 5
4 6
52 60
4 47
77 64
75 65
5 55
69 15
78 33
82 4
47 5
20 72
38 9
44 17
76 6
42 64
14 64
79 40
82 35
54 30
86 28
19 27
13 21
87 60
48 82
52 29
56 16
15 17
31 74
30 81
21 22
45 87
48 57
75 41
55 68
31 29
46 17
58 66
82 65
7 42
81 60
53 5
80 11
81 73
76 72
74 65
40 75
50 33
22 28
72 36
2 17
32 13
55 60
4 14
11 29
55 75
28 48
84 5
54 31
33 16
30 52
63 55
74 72
101 552
1 2 3 4 5 6 7 8 9 10 11 12 13 14 15 16 17 18 19 20 21 22 23 24 25 26 27 28 29 30 31 32 33 34 35 36 37 38 39 40 41 42 43 44 45 46 47 48 49 50 51 52 53 54 55 56 57 58 59 60 61 62 63 64 65 66 67 68 69 70 71 72 73 74 75 76 77 78 79 80 81 82 83 84 85 86 87 88 89 90 91 92 93 94 95 96 97 98 99 100 101
1 2 3 4 4 6 7 5 9 10 11 12 13 12 15 16 17 18 19 20 21 9 4 1 17 26 24 28 16 30 31 7 33 7 4 36 37 4 39 40 41 42 43 31 45 5 47 4 49 31 4 4 53 54 55 56 4 30 59 22 16 7 63 5 65 66 67 4 69 53 71 2 18 10 75 76 77 78 79 80 81 54 83 7 10 10 87 10 4 90 19 92 93 4 95 96 97 19 99 55 5
64 68
68 56
32 63
5 64
52 4
18 50
86 80
96 90
101 67
88 31
61 69
62 7
27 36
101 63
47 82
68 46
38 34
72 68
59 30
66 51
84 7
68 75
11 25
13 48
1 68
68 14
45 59
28 56
100 64
85 15
80 38
20 7
10 12
75 20
26 8
91 35
86 97
51 101
81 34
55 84
20 8
23 18
17 52
100 74
57 95
19 68
78 24
100 97
57 38
100 69
32 59
68 73
59 41
68 69
83 44
79 75
40 68
85 10
44 20
68 74
12 51
62 8
23 2
83 41
22 25
60 49
94 12
96 87
68 63
87 98
82 54
25 20
52 79
36 59
8 36
27 23
67 10
74 64
66 90
59 1
99 19
72 36
99 35
99 52
12 66
46 49
22 2
67 3
2 72
69 57
22 43
74 97
71 13
24 47
95 89
59 75
72 23
64 46
55 68
98 19
14 51
20 47
20 68
78 91
75 31
70 54
94 68
81 62
101 5
68 2
68 48
62 48
68 11
21 11
68 4
68 51
80 62
100 80
1 24
47 7
99 60
63 39
92 19
2 4
5 70
68 37
92 29
33 42
68 100
29 68
65 68
31 94
37 16
27 97
70 24
96 95
64 97
88 65
55 53
30 33
86 25
68 39
8 63
33 37
89 7
34 24
77 38
41 68
83 89
32 21
3 68
39 79
48 72
31 92
99 42
83 8
78 72
41 58
44 68
92 74
25 37
36 12
31 54
29 16
65 8
95 45
77 23
8 15
68 15
82 68
82 7
56 60
11 51
32 24
70 78
25 90
60 23
68 18
10 21
4 94
85 8
9 10
101 19
80 85
14 28
24 72
76 68
71 36
65 24
68 12
60 15
70 14
88 68
4 79
51 30
99 67
41 92
31 68
97 22
90 68
86 63
81 100
74 86
88 23
43 65
47 68
34 7
93 7
23 26
92 68
14 65
98 64
26 42
16 64
21 101
2 27
62 18
75 62
45 80
52 37
73 71
38 49
25 17
7 71
85 51
95 16
66 68
74 88
79 13
36 68
68 59
68 10
72 16
3 63
18 42
77 39
89 47
82 24
87 13
27 58
59 38
72 6
5 88
54 74
25 75
96 77
68 42
68 60
4 8
21 36
74 6
12 67
45 68
21 15
68 23
24 46
78 39
14 60
68 17
35 68
68 49
21 67
84 66
70 9
30 87
72 86
95 46
15 31
92 47
12 6
48 15
5 68
18 101
68 16
93 81
23 52
52 59
45 54
68 78
49 12
81 27
47 13
47 33
64 65
36 60
91 86
56 87
71 53
59 3
28 54
17 29
46 99
19 50
75 46
26 68
74 29
62 5
75 13
17 74
5 74
68 99
12 58
52 76
25 92
91 40
70 30
99 76
91 82
83 68
96 42
55 52
68 80
84 41
53 59
40 36
73 45
13 97
79 51
68 9
42 21
78 1
24 17
10 7
47 12
56 93
80 35
8 98
72 4
34 76
75 90
44 14
22 68
10 82
22 17
28 52
81 24
68 86
51 21
68 43
32 50
86 11
33 95
55 6
26 25
98 44
31 96
65 40
61 90
24 68
48 89
14 33
18 2
4 88
51 72
77 53
47 32
23 99
49 25
89 97
3 4
84 32
72 1
60 64
29 57
92 94
30 91
78 11
5 8
62 69
12 64
15 14
6 11
70 68
59 65
101 66
68 28
34 47
7 12
98 91
29 95
66 93
79 85
84 27
6 14
68 98
95 8
74 10
61 16
60 22
37 89
54 7
61 54
68 67
54 81
68 81
68 32
68 89
68 21
94 29
51 1
34 15
44 60
21 86
3 91
39 90
28 51
55 100
68 84
57 68
33 68
49 90
95 68
61 7
16 100
55 57
44 75
37 5
19 65
48 98
57 37
94 8
49 82
56 48
101 4
18 73
69 40
25 68
88 10
30 58
97 68
68 61
10 17
74 72
70 6
18 53
44 91
2 90
85 68
14 64
54 68
47 23
68 58
87 68
83 51
71 68
80 77
94 86
101 59
97 87
60 6
50 68
41 60
46 53
65 49
62 84
54 55
47 95
37 73
68 96
96 26
31 44
63 73
60 26
11 7
83 59
69 48
33 15
52 5
27 46
65 75
3 89
75 51
68 77
21 76
68 13
22 9
100 89
91 68
96 69
68 27
64 47
11 23
7 68
49 69
92 34
23 89
68 6
69 75
59 66
28 24
23 94
24 58
26 74
26 36
83 100
6 63
58 81
101 6
28 53
93 90
72 62
7 87
46 91
4 38
68 53
29 54
77 36
75 24
62 68
80 88
53 33
68 52
78 37
18 95
68 101
82 51
24 45
20 31
65 57
34 68
10 31
25 59
68 30
9 27
48 44
69 42
35 57
91 67
4 35
60 50
50 44
69 21
46 12
48 45
71 25
16 3
14 74
57 100
38 89
68 93
8 68
42 95
76 88
68 79
7 48
97 98
97 66
31 62
92 96
68 38
53 70
69 31
109 310
1 2 3 4 5 6 7 8 9 10 11 12 13 14 15 16 17 18 19 20 21 22 23 24 25 26 27 28 29 30 31 32 33 34 35 36 37 38 39 40 41 42 43 44 45 46 47 48 49 50 51 52 53 54 55 56 57 58 59 60 61 62 63 64 65 66 67 68 69 70 71 72 73 74 75 76 77 78 79 80 81 82 83 84 85 86 87 88 89 90 91 92 93 94 95 96 97 98 99 100 101 102 103 104 105 106 107 108 109
1 2 3 4 5 6 7 8 9 10 4 12 4 14 15 16 17 18 19 9 21 22 23 24 4 26 19 28 4 30 31 32 33 34 33 4 37 38 4 19 4 42 43 44 45 23 4 37 4 50 51 52 53 54 55 4 37 4 59 44 61 62 4 64 2 66 67 4 4 23 9 72 73 74 75 69 77 59 57 4 69 82 4 69 85 86 87 18 89 90 4 92 93 94 69 54 97 98 99 4 5 102 103 104 105 15 18 52 45
11 84
107 69
31 10
69 71
69 105
69 17
44 60
5 101
101 96
39 40
69 82
109 45
69 20
20 78
86 20
98 54
62 109
6 69
48 69
58 74
69 27
58 61
69 15
69 96
69 62
86 98
62 25
64 83
68 28
47 100
48 43
9 20
105 90
43 69
83 23
60 69
107 101
54 69
69 73
69 68
57 79
19 10
17 72
14 2
46 69
69 30
34 68
24 64
62 82
69 32
105 79
41 63
69 19
69 18
40 69
78 50
106 62
88 8
30 104
88 109
101 28
94 15
62 107
55 76
95 69
91 69
59 85
69 44
29 16
69 1
69 90
69 92
85 1
40 73
97 76
66 88
69 38
69 63
106 69
43 11
12 63
40 10
108 39
54 96
41 83
30 102
106 48
59 69
69 2
69 72
69 26
98 69
106 101
33 69
55 82
69 81
67 48
35 20
69 29
73 91
80 77
49 78
72 3
69 16
26 86
82 11
69 67
27 54
63 33
20 36
22 91
33 35
82 32
69 52
88 104
30 17
97 69
25 24
54 104
86 31
100 33
52 108
69 78
69 66
74 69
69 41
8 94
36 90
22 69
63 86
69 70
48 37
3 4
97 55
75 86
12 56
71 9
91 54
66 79
102 93
31 60
15 106
77 96
5 85
95 19
69 42
37 79
70 74
44 53
95 40
69 24
35 69
52 68
11 67
39 51
17 28
109 24
99 69
82 93
100 69
95 89
19 40
54 68
49 69
4 53
69 31
69 58
18 88
17 59
69 4
85 78
13 69
3 69
36 69
69 109
58 83
26 107
109 16
38 70
21 13
7 99
33 54
43 32
23 25
98 22
69 53
43 71
69 77
26 95
69 34
63 64
51 55
69 101
109 22
47 63
42 89
69 7
105 17
69 103
82 96
11 17
27 16
103 12
107 15
69 55
80 56
69 85
64 40
49 88
76 42
97 104
25 69
21 32
99 100
66 53
20 2
29 13
69 50
17 99
65 54
75 102
64 69
11 78
19 27
104 69
69 76
5 69
4 40
69 39
11 92
69 57
69 12
69 23
17 23
54 13
11 49
61 69
69 87
108 69
25 74
59 34
69 84
69 28
105 5
18 105
6 85
101 41
102 69
52 10
54 30
69 94
47 54
69 88
70 23
51 95
11 60
68 31
11 23
78 51
12 64
46 95
59 78
7 14
99 30
65 73
10 69
2 32
107 18
69 51
62 7
26 90
22 55
69 45
20 4
69 75
9 69
16 55
49 42
100 83
37 17
16 15
78 87
56 69
42 66
41 9
93 69
54 14
69 8
31 51
65 28
69 86
69 14
82 87
57 48
11 69
51 7
16 6
23 73
81 12
69 83
54 36
21 69
69 37
69 47
69 89
73 58
46 70
69 79
69 65
80 69
84 412
1 2 3 4 5 6 7 8 9 10 11 12 13 14 15 16 17 18 19 20 21 22 23 24 25 26 27 28 29 30 31 32 33 34 35 36 37 38 39 40 41 42 43 44 45 46 47 48 49 50 51 52 53 54 55 56 57 58 59 60 61 62 63 64 65 66 67 68 69 70 71 72 73 74 75 76 77 78 79 80 81 82 83 84
1 1 1 1 1 1 1 1 1 6 1 1 1 1 1 1 1 1 1 1 1 1 1 1 1 1 1 1 1 1 1 1 1 1 1 1 1 1 1 1 1 1 1 1 1 1 1 1 1 1 1 1 1 1 1 1 1 1 1 1 1 1 1 1 1 1 1 1 1 1 1 1 1 1 1 1 1 1 1 1 1 1 1 1
27 78
59 34
73 40
19 2
37 6
70 66
10 80
65 61
23 81
57 72
68 43
29 18
58 60
74 21
78 84
67 70
18 28
12 68
20 35
46 44
34 76
3 17
39 53
27 61
69 4
52 9
58 21
13 35
6 47
82 65
33 23
53 47
55 83
19 5
36 77
51 37
58 28
22 81
26 28
11 50
3 43
82 70
64 32
57 45
63 31
65 1
84 41
54 74
75 10
29 39
55 24
70 81
1 21
13 42
63 22
25 6
31 29
46 19
35 18
51 70
36 37
74 9
75 84
56 68
56 65
69 21
71 56
10 32
30 81
5 29
56 33
12 51
11 39
9 2
48 23
47 78
1 35
67 59
42 17
8 40
64 50
24 11
7 46
14 67
77 67
13 39
27 56
49 72
13 73
34 69
13 66
27 16
22 29
41 19
60 7
63 28
48 52
23 2
20 18
74 47
49 38
83 12
35 26
26 47
33 68
83 59
32 68
78 22
16 44
61 55
16 78
71 45
59 37
81 34
7 35
50 30
9 11
47 75
65 27
26 15
30 71
65 13
61 30
45 25
53 84
51 27
73 56
1 15
33 50
65 4
57 68
44 43
74 51
9 81
50 62
79 39
47 72
65 3
45 69
8 77
4 64
11 1
51 2
40 19
18 68
68 63
58 41
46 35
36 17
25 32
2 75
82 63
56 48
64 53
36 78
51 84
65 8
25 66
20 13
11 79
6 40
73 36
82 57
20 11
34 23
71 69
68 7
40 29
16 4
80 72
63 64
28 27
81 35
70 50
61 41
76 80
44 79
57 4
62 53
24 75
40 44
40 21
49 64
47 59
24 46
69 20
25 65
10 24
9 14
40 76
83 61
41 56
30 25
25 52
31 70
56 54
77 47
81 46
70 11
23 32
42 35
15 5
26 27
25 49
36 42
40 54
7 23
24 63
74 23
32 84
78 35
49 53
7 11
58 66
60 41
57 38
50 54
38 21
38 3
76 6
23 26
36 35
53 78
30 39
23 14
35 74
39 40
79 80
48 39
31 84
62 1
68 77
61 35
73 18
52 65
12 80
84 12
21 9
50 66
70 57
28 14
79 75
13 44
54 15
66 46
83 60
71 6
47 27
3 53
54 70
82 29
42 83
66 24
13 55
68 28
53 6
83 24
13 21
62 48
82 68
10 51
45 55
17 78
76 24
64 21
37 64
24 65
54 66
80 28
7 71
18 21
72 4
82 69
41 6
65 75
7 29
42 60
52 62
36 54
59 11
32 72
53 26
33 60
45 28
54 75
20 84
34 6
28 62
47 43
6 27
41 64
56 43
34 31
68 17
13 75
69 41
81 66
65 15
22 23
21 59
31 74
2 45
7 1
2 71
39 52
49 67
18 57
14 48
60 22
14 43
70 27
75 29
40 67
14 45
16 67
13 72
5 54
81 50
49 58
12 71
14 33
68 31
65 79
21 68
52 64
73 35
18 7
52 20
63 10
84 22
7 8
73 70
75 15
7 82
14 50
81 84
30 70
73 4
48 84
56 20
14 20
73 10
60 77
21 52
2 67
79 61
30 2
5 69
42 50
63 81
52 35
79 76
2 13
61 47
14 27
4 76
47 22
46 16
70 35
34 51
80 55
62 19
63 52
69 2
56 19
70 29
70 52
53 29
17 72
63 60
27 33
69 35
71 38
63 38
54 14
69 13
7 20
69 73
34 48
57 39
43 81
80 70
21 66
57 21
5 1
38 36
37 38
69 26
2 20
54 10
11 52
34 72
32 48
1 84
66 2
59 75
7 13
36 84
19 18
31 80
80 43
46 38
37 76
44 59
4 8
65 30
17 35
33 4
15 29
10 8
50 8
69 23
97 541
1 2 3 4 5 6 7 8 9 10 11 12 13 14 15 16 17 18 19 20 21 22 23 24 25 26 27 28 29 30 31 32 33 34 35 36 37 38 39 40 41 42 43 44 45 46 47 48 49 50 51 52 53 54 55 56 57 58 59 60 61 62 63 64 65 66 67 68 69 70 71 72 73 74 75 76 77 78 79 80 81 82 83 84 85 86 87 88 89 90 91 92 93 94 95 96 97
1 2 3 4 5 6 7 8 9 10 11 12 13 14 7 16 3 18 19 20 21 22 21 19 25 20 26 28 29 30 31 30 33 14 35 36 37 38 39 40 17 42 43 44 2 46 7 12 24 4 51 52 53 12 55 3 33 18 59 51 61 62 33 25 18 66 67 36 69 70 47 21 73 74 75 76 77 78 7 80 81 20 7 10 85 30 20 17 13 35 7 92 8 73 14 96 97
76 75
75 4
26 57
69 67
45 4
79 26
37 52
85 10
46 21
3 29
45 90
71 13
92 52
26 27
9 24
6 64
76 17
78 80
72 22
30 15
64 90
73 37
8 5
7 19
75 33
31 51
64 68
72 23
75 59
68 78
16 69
5 96
72 50
3 89
83 23
25 13
18 34
60 51
97 14
28 17
77 37
63 28
64 25
82 51
73 46
8 32
79 23
19 39
89 36
15 91
15 83
19 12
88 18
17 73
38 4
87 17
33 68
20 19
10 30
81 76
13 75
71 78
46 45
64 8
67 68
84 78
77 54
9 26
48 16
44 83
64 3
48 87
75 10
33 97
36 4
49 11
61 33
12 72
6 93
23 80
41 54
16 61
65 60
24 19
28 46
76 13
14 82
9 41
62 91
2 95
70 29
19 11
26 70
38 70
73 71
70 45
62 5
90 15
25 54
72 79
93 82
15 7
41 17
15 1
82 60
35 40
54 83
87 26
83 57
81 68
81 65
64 80
19 21
46 14
12 82
97 20
36 78
14 90
57 54
51 69
23 67
8 17
87 9
78 82
47 96
47 14
65 53
93 81
81 52
72 21
22 85
89 28
22 90
92 60
56 37
87 65
14 53
27 83
36 13
54 12
30 76
17 77
78 32
11 59
39 9
6 19
61 46
46 93
13 90
31 97
92 30
41 65
43 23
96 15
17 46
43 64
22 94
75 21
56 47
6 55
87 82
82 83
34 6
84 69
35 12
20 87
19 57
74 5
17 88
44 39
4 47
10 45
61 13
8 9
48 70
95 20
12 50
61 59
46 9
27 10
34 67
26 18
17 50
60 11
29 97
70 59
21 28
26 91
92 68
46 19
9 29
92 48
75 12
97 49
94 9
17 35
12 67
60 1
14 95
70 32
42 2
80 35
48 27
74 79
23 28
83 63
57 22
28 2
62 25
88 2
44 28
48 50
97 57
6 26
66 32
92 32
84 20
78 11
63 7
6 54
74 88
43 18
70 60
18 39
80 28
40 19
40 51
79 63
94 14
56 68
19 48
65 18
2 93
34 37
75 27
74 9
57 93
69 74
29 28
96 35
65 44
72 48
18 95
92 59
84 10
86 35
10 17
33 51
2 51
55 62
58 36
78 26
73 94
63 47
53 39
56 17
2 32
26 60
78 59
95 23
59 10
38 54
34 44
51 42
69 96
95 52
31 81
84 36
21 6
10 74
71 83
38 26
48 20
85 29
94 48
35 64
53 13
89 12
14 52
91 79
91 75
86 12
44 6
75 67
58 3
85 24
78 88
69 41
93 8
2 4
9 3
6 36
26 17
50 51
39 57
13 89
78 49
76 41
78 56
88 55
81 25
28 4
91 37
27 66
93 11
38 17
3 90
17 64
14 12
3 25
88 82
44 20
21 36
86 8
95 31
9 73
55 91
91 21
55 33
1 90
49 74
32 41
34 81
83 86
6 42
49 92
97 24
93 86
63 57
1 65
70 75
53 30
52 67
49 63
79 2
7 10
12 71
82 94
96 10
80 59
81 50
7 22
66 39
90 35
38 69
57 46
76 84
46 32
16 21
38 9
76 1
45 3
77 88
50 4
20 65
25 96
58 96
42 75
63 93
87 55
58 18
95 39
49 44
37 7
89 75
64 46
3 56
14 88
31 58
65 58
30 86
51 14
20 49
8 70
50 11
49 57
22 65
19 31
94 57
52 88
58 80
79 97
41 21
45 32
11 65
66 55
2 60
42 44
27 44
81 77
60 88
46 49
97 60
56 71
66 5
32 33
3 77
34 33
22 76
58 70
30 77
71 76
2 45
67 59
92 71
68 26
33 8
45 78
77 78
12 28
4 17
69 10
37 38
69 35
19 2
89 79
82 61
78 19
5 61
78 33
26 32
85 51
84 40
91 53
92 42
24 49
91 27
63 67
51 57
63 85
7 57
78 13
96 21
86 46
69 82
34 45
65 75
72 94
95 48
64 94
14 54
51 18
65 80
72 58
83 31
67 33
16 92
69 73
41 92
77 10
88 27
21 70
61 64
37 93
64 57
32 13
16 79
91 2
48 53
42 5
33 63
83 47
90 66
44 43
8 34
4 19
86 60
91 89
88 93
2 48
1 23
57 85
64 91
69 70
7 64
1 13
3 26
5 67
28 7
26 89
30 32
27 87
27 55
12 48
12 57
93 83
14 45
69 27
39 76
92 61
94 58
15 22
41 88
18 17
76 65
31 85
80 19
95 94
87 16
23 45
35 9
49 3
59 29
30 49
75 16
60 79
53 28
21 77
35 63
19 30
18 28
47 71
46 13
91 8
4 37
61 30
66 26
13 77
77 89
3 81
77 18
51 84
57 6
3 57
6 92
92 27
33 50
31 49
46 97
37 8
57 1
44 63
41 97
48 43
89 18
68 36
49 81
81 91
69 77
90 61
10 19
99 526
1 2 3 4 5 6 7 8 9 10 11 12 13 14 15 16 17 18 19 20 21 22 23 24 25 26 27 28 29 30 31 32 33 34 35 36 37 38 39 40 41 42 43 44 45 46 47 48 49 50 51 52 53 54 55 56 57 58 59 60 61 62 63 64 65 66 67 68 69 70 71 72 73 74 75 76 77 78 79 80 81 82 83 84 85 86 87 88 89 90 91 92 93 94 95 96 97 98 99
1 1 3 4 5 6 7 8 3 10 11 12 13 14 6 16 10 18 19 20 21 22 22 24 10 10 1 28 29 30 31 32 15 34 35 1 37 38 39 15 15 42 43 44 5 38 11 2 18 50 51 52 53 13 32 56 57 58 18 60 55 12 63 64 21 60 25 68 31 32 52 29 21 74 75 76 77 78 79 80 81 82 83 84 85 60 18 51 86 60 32 16 32 94 95 50 17 18 26
69 68
18 26
92 35
96 34
62 11
26 17
45 5
52 73
76 22
17 5
14 27
1 48
25 27
82 88
97 26
49 42
70 25
66 8
45 27
66 5
63 84
1 80
28 6
58 5
17 36
55 51
62 65
62 92
80 75
87 49
29 70
53 96
13 74
26 10
37 42
40 15
71 40
45 19
60 77
15 72
70 23
67 95
40 33
98 49
3 50
22 5
45 29
63 71
56 62
3 8
90 40
2 36
19 52
52 50
18 16
59 43
1 85
40 92
97 17
24 87
20 38
45 15
71 81
73 8
26 43
39 72
44 57
64 31
55 22
82 40
77 4
78 1
10 92
48 35
58 93
31 91
98 83
55 53
55 5
16 91
87 72
73 69
72 59
61 58
20 65
26 79
67 51
23 34
61 55
81 59
1 36
12 64
86 8
39 17
34 99
75 84
45 74
71 91
87 6
11 95
8 74
99 15
76 71
51 88
97 76
61 19
3 9
80 67
17 61
92 90
43 13
39 27
73 21
1 11
69 37
52 89
50 48
12 92
17 57
3 4
78 85
19 31
20 4
6 62
49 51
50 22
77 38
57 2
92 80
78 41
79 97
6 15
87 62
70 51
80 69
76 3
41 55
98 94
87 36
83 94
97 78
39 4
32 93
66 13
68 82
13 91
58 91
62 34
4 13
30 32
39 47
43 84
34 53
29 69
60 70
81 84
34 57
54 95
64 62
15 41
69 95
16 51
71 3
52 86
19 43
37 20
59 7
41 74
36 76
49 32
35 10
88 22
80 66
9 71
47 94
84 37
34 65
49 9
47 9
30 55
54 39
94 89
81 95
69 82
95 6
38 88
73 70
72 12
68 1
80 79
76 65
49 15
8 82
33 15
98 57
81 74
43 46
78 19
86 46
81 21
1 47
68 63
66 90
50 74
9 77
4 11
70 94
82 96
78 31
74 31
65 85
50 34
81 58
94 15
98 88
9 42
73 29
33 64
31 38
56 9
29 24
14 43
97 45
23 67
71 24
54 80
71 15
96 2
98 40
25 91
6 93
90 71
2 52
68 42
12 55
4 72
52 6
86 14
39 86
35 87
51 4
83 1
22 85
50 96
12 79
22 34
95 57
13 41
11 50
94 90
33 2
91 70
62 47
45 13
18 1
19 51
78 30
89 75
36 73
76 31
99 90
68 26
15 17
33 27
58 8
92 32
73 41
47 11
54 87
63 42
65 80
38 7
42 82
21 87
21 76
77 24
81 66
93 14
12 62
34 28
91 82
94 73
98 51
5 6
83 16
53 22
25 67
25 58
6 85
58 64
98 14
39 40
47 19
71 52
64 68
98 87
69 19
4 60
1 17
59 19
75 56
87 90
13 18
38 92
87 40
36 6
51 27
3 75
88 69
93 75
83 30
66 55
49 60
55 10
57 89
76 37
27 35
82 23
2 48
37 28
45 80
21 90
13 31
10 69
81 75
58 37
30 31
32 24
5 9
68 23
12 13
47 35
48 94
46 55
46 41
62 69
29 40
53 51
99 54
10 32
50 12
41 37
9 36
46 82
78 38
97 87
18 47
39 87
75 74
61 98
22 23
59 3
2 39
90 88
42 99
43 81
8 46
53 13
46 25
64 29
2 63
41 31
50 73
25 61
76 16
85 96
80 33
46 72
32 17
89 25
88 19
26 30
34 58
1 82
62 48
34 3
68 59
86 66
2 24
10 86
49 34
44 23
75 71
43 25
34 11
95 84
47 58
91 55
86 60
93 10
15 70
50 28
55 49
55 36
61 79
69 76
47 67
18 49
81 68
42 73
81 53
26 25
41 33
22 86
78 46
95 72
16 43
40 75
29 1
39 68
71 20
47 60
9 93
99 56
85 38
14 18
75 18
86 91
79 99
32 39
21 88
41 65
34 77
83 51
7 84
88 85
17 19
23 38
56 40
78 96
42 64
53 89
63 41
2 29
17 25
5 2
29 72
19 53
54 6
99 26
35 44
4 66
28 83
65 21
2 27
44 31
1 10
96 72
1 93
94 18
18 59
27 40
69 99
8 53
28 26
11 89
91 76
40 80
77 14
92 25
55 72
83 17
31 69
88 12
3 57
93 89
74 70
48 18
89 86
54 69
1 89
93 86
93 84
67 72
78 63
46 29
19 70
28 46
54 41
43 63
49 16
63 89
3 48
2 77
21 5
35 34
29 52
38 84
89 66
67 59
10 98
56 2
49 54
30 71
92 77
6 73
95 78
11 8
69 42
61 9
3 24
15 2
92 16
18 83
55 32
56 86
55 16
56 78
13 54
60 14
37 53
59 8
36 67
66 7
97 9
11 38
7 13
68 84
23 48
1 91
68 97
66 92
7 6
74 61
38 46
70 45
86 166
3 53 6 62 6 18 65 67 68 55 64 78 72 4 68 25 44 55 58 27 66 9 72 50 26 18 76 59 22 35 86 72 56 29 54 34 21 57 30 63 60 54 2 69 5 67 67 78 48 84 7 39 17 13 4 20 9 60 21 62 43 24 19 19 44 86 69 10 49 62 16 40 62 11 8 29 7 77 78 74 65 29 17 30 25 17
3 53 2 62 6 9 65 67 67 55 64 13 59 4 18 25 44 44 58 9 66 4 72 9 25 2 2 59 22 17 86 13 56 29 4 34 21 29 30 7 60 54 2 2 5 20 56 78 48 21 7 4 17 13 4 20 9 60 21 2 43 24 19 17 44 7 69 10 49 21 16 3 62 11 7 29 7 17 78 7 18 4 17 13 25 17
17 71
75 77
58 10
48 54
44 62
50 76
41 56
38 41
24 6
72 51
11 72
81 76
72 30
10 52
38 77
54 12
55 40
10 61
66 15
19 63
22 64
69 34
43 63
59 56
22 5
1 41
86 30
56 57
41 78
15 29
37 41
55 12
36 85
29 68
8 4
57 69
37 36
26 3
46 37
31 11
71 76
40 80
26 80
4 9
13 47
54 57
42 58
25 21
8 16
65 71
79 38
55 42
14 9
82 35
44 27
37 32
28 20
19 24
44 38
17 49
45 3
33 2
53 78
81 10
14 52
46 48
64 83
24 20
52 30
3 44
54 84
12 13
27 36
35 16
86 1
52 7
8 7
54 67
3 53
69 11
74 27
23 16
77 18
84 22
52 65
38 1
9 71
50 3
42 17
38 37
15 54
46 71
73 4
11 44
3 60
14 22
6 66
18 60
51 2
71 8
5 64
32 28
8 41
25 16
81 20
47 58
16 80
35 15
3 43
52 47
24 78
39 52
86 37
28 13
39 59
18 7
53 11
34 49
46 6
33 47
8 5
12 34
8 52
72 79
70 50
85 23
79 3
14 35
59 70
85 39
37 21
34 14
56 46
20 78
36 33
9 8
84 10
57 20
67 62
76 45
18 65
2 32
16 31
70 29
53 59
71 64
64 34
67 4
35 52
76 38
30 2
8 34
84 13
74 79
27 17
78 58
16 68
54 32
26 66
80 51
20 16
62 6
6 47
68 63
57 80
39 60
87 387
58 47 82 3 20 56 68 54 3 14 6 16 64 2 40 77 82 72 20 81 15 70 60 34 63 79 75 3 3 2 15 84 39 82 62 37 77 39 39 44 48 14 47 28 72 23 52 41 23 55 10 10 8 30 64 74 81 72 49 73 13 29 67 16 63 9 70 78 50 86 73 1 4 24 15 77 10 48 72 39 44 12 49 81 78 46 82
1 1 1 1 1 1 1 1 1 1 1 1 1 1 1 1 1 1 1 1 1 1 1 1 1 1 1 1 1 1 1 1 1 1 1 1 1 1 1 1 1 1 1 1 1 1 1 1 1 1 1 1 1 1 1 1 1 1 1 1 1 1 1 1 1 1 1 1 1 1 1 1 1 1 1 1 9 1 1 1 1 1 1 1 1 1 1
53 7
73 15
37 35
16 7
61 13
36 46
84 16
34 81
63 26
5 82
63 40
68 29
13 62
86 22
66 21
24 12
51 55
48 3
75 34
52 9
30 56
58 76
18 12
15 31
10 34
1 3
85 18
29 83
38 12
30 41
82 7
31 26
8 81
17 7
75 33
71 30
44 28
76 8
4 80
2 29
33 37
71 29
51 50
14 70
33 23
57 2
7 39
76 39
81 16
25 65
41 6
31 43
28 52
25 76
16 83
73 25
52 74
86 23
42 10
31 63
45 61
84 29
64 8
2 82
64 17
40 36
2 46
65 30
42 24
78 2
84 40
35 60
77 68
37 13
83 13
31 6
77 8
16 14
22 24
20 73
46 1
10 29
12 29
78 42
20 12
25 24
60 61
76 55
27 71
70 87
76 17
18 46
52 86
30 21
29 60
16 72
11 74
1 55
7 14
27 28
75 81
16 52
79 25
32 30
4 59
63 80
43 33
31 32
68 15
38 67
77 55
75 8
5 71
11 53
38 35
24 37
39 43
26 1
59 41
56 14
28 56
64 59
36 18
62 40
57 12
64 29
1 67
57 11
76 43
70 19
3 16
68 71
9 47
71 60
30 73
37 76
71 87
84 48
16 37
56 67
76 67
34 22
72 77
11 81
48 75
20 34
37 87
1 65
29 77
49 64
75 28
80 22
24 32
67 25
66 23
70 8
9 48
66 11
19 15
22 14
31 50
72 50
36 33
11 9
6 82
69 78
34 23
26 38
21 86
71 63
48 58
23 80
7 60
72 36
77 2
34 7
73 72
65 2
10 45
66 74
4 53
10 86
78 82
57 34
1 6
5 73
4 85
35 13
58 17
37 48
72 29
24 46
24 65
79 37
79 42
26 72
65 87
32 8
45 48
78 57
43 75
5 31
6 30
25 55
22 15
28 71
11 86
65 7
13 24
83 18
16 2
27 85
64 56
19 18
60 67
42 87
10 69
33 53
63 41
74 60
33 87
23 61
29 31
19 57
24 30
48 79
82 46
24 80
1 47
33 44
79 54
36 42
65 3
22 45
40 69
47 60
44 70
57 77
54 36
67 14
8 24
69 55
29 28
26 59
12 6
60 77
69 53
22 73
71 50
23 83
24 49
73 4
17 28
74 64
26 23
86 87
25 81
43 30
4 77
70 47
11 24
22 12
15 42
11 82
18 64
63 34
78 76
74 10
73 13
5 69
54 68
31 2
32 15
71 47
71 6
6 50
48 76
49 85
15 45
73 33
82 76
1 84
64 73
42 83
83 39
62 41
39 22
23 65
16 46
5 13
82 66
61 52
76 65
45 39
23 4
81 10
63 17
78 22
27 40
52 5
64 67
17 13
48 44
47 14
11 71
49 73
23 38
9 33
7 20
31 14
12 61
81 85
16 20
85 66
59 70
10 73
74 4
3 73
68 56
7 9
16 87
24 1
25 41
18 43
1 85
57 83
82 77
26 60
28 83
24 61
54 87
25 84
56 44
36 32
67 10
69 71
42 54
73 55
3 69
86 30
65 18
26 68
49 55
46 65
68 43
45 56
27 29
46 54
48 54
52 21
22 76
37 58
31 80
58 66
57 28
29 23
49 70
47 51
70 40
25 83
14 80
58 41
43 49
65 85
9 6
7 8
64 15
13 6
85 76
51 54
58 47
13 76
20 19
39 34
7 54
85 82
75 84
50 30
26 5
24 41
14 4
55 53
53 79
54 24
19 5
85 39
33 83
117 6171
50 111 43 40 30 3 111 74 69 107 55 10 62 62 96 105 62 102 103 37 24 69 106 30 39 87 91 52 110 102 106 78 100 55 51 57 46 35 108 33 15 38 31 112 44 17 17 13 33 16 24 58 32 78 111 104 35 61 85 108 53 86 11 61 65 62 83 39 62 21 37 19 98 79 68 18 107 111 114 63 102 3 113 20 43 96 105 85 108 38 28 66 12 57 116 33 54 96 52 55 97 87 27 114 46 91 20 101 1 107 41 50 12 94 37 12 104
1 1 1 1 1 1 1 1 1 1 1 1 1 1 1 1 1 1 1 1 1 1 1 1 1 1 1 1 1 1 1 1 1 1 1 1 1 1 27 1 1 1 1 1 1 1 1 1 1 1 1 1 1 1 1 1 1 1 1 1 1 1 1 1 1 1 1 1 1 1 1 1 1 1 1 1 1 1 1 1 1 1 1 1 1 1 1 1 1 1 1 1 1 1 1 1 1 1 1 1 1 1 1 1 1 1 1 1 1 1 1 1 1 1 1 1 1
115 41
78 116
23 56
103 39
106 44
87 54
22 83
81 58
82 38
55 51
34 39
68 85
67 20
88 110
98 43
42 55
12 67
1 100
91 88
25 117
31 113
53 86
21 32
5 8
35 4
80 60
102 93
25 114
68 29
19 55
1 56
53 25
2 108
47 79
71 23
70 3
7 40
29 87
26 56
89 21
112 23
4 111
49 10
43 41
43 112
29 34
61 11
51 7
96 11
43 1
40 107
64 91
69 46
43 90
88 56
64 44
17 14
98 117
90 113
50 16
50 19
40 5
92 113
3 69
110 29
107 22
55 67
63 67
37 16
68 54
115 59
55 52
45 12
86 21
46 36
117 7
20 56
91 20
36 116
77 29
58 50
39 51
83 55
29 99
43 15
78 26
87 2
77 113
82 64
73 30
88 115
70 62
98 42
85 82
43 57
11 39
53 115
104 9
102 101
82 66
14 84
34 47
8 23
50 86
87 19
75 8
115 54
55 110
40 86
25 43
97 50
82 59
30 50
114 88
73 91
104 14
76 1
19 59
43 81
114 49
45 39
74 32
47 97
6 84
92 6
48 36
32 80
25 33
38 61
77 3
103 98
116 38
92 99
40 18
47 17
111 45
68 97
72 12
107 13
15 52
43 26
2 95
61 74
94 40
6 19
73 114
29 107
28 111
28 48
40 90
65 72
61 91
5 39
116 41
111 113
71 83
87 44
22 76
95 35
46 5
93 57
48 79
17 24
28 117
2 91
87 30
17 67
105 73
97 6
98 33
44 35
82 36
31 60
54 23
115 75
29 5
58 36
48 109
57 108
53 108
38 33
92 63
85 75
116 14
72 44
27 40
5 88
105 68
80 79
6 114
90 12
44 20
99 104
102 105
26 98
53 46
97 80
45 5
109 20
111 36
70 54
9 54
27 72
71 113
18 116
90 76
105 97
17 108
79 85
39 29
31 63
93 25
70 38
1 102
73 97
116 10
95 117
22 49
19 62
37 76
98 92
2 84
57 39
36 50
80 21
78 81
43 60
82 72
112 87
9 41
18 102
91 17
53 69
7 105
52 12
78 24
117 1
36 64
16 10
53 45
8 7
81 84
42 104
53 28
58 24
72 20
78 98
6 81
81 7
39 46
102 103
3 92
99 21
36 39
31 82
76 85
3 51
85 34
84 28
64 92
112 37
64 5
30 103
67 38
52 95
88 84
115 48
75 94
29 24
21 105
102 108
87 56
61 49
78 92
88 43
94 68
31 50
88 36
65 34
29 74
64 10
32 72
100 115
99 93
100 112
46 29
36 3
50 96
80 114
16 68
31 27
94 97
6 85
52 43
97 3
67 33
8 90
11 106
21 23
77 2
88 79
50 76
101 71
11 94
52 80
18 17
27 108
111 59
24 7
68 114
65 3
108 29
62 104
46 116
17 7
85 31
37 39
19 99
25 54
107 51
115 110
40 99
65 102
34 89
54 71
111 30
17 75
3 33
95 57
2 41
66 58
97 44
9 62
116 64
112 89
36 61
49 47
105 8
18 108
117 27
31 71
96 76
83 67
29 14
64 62
15 44
83 115
17 34
49 77
17 2
105 56
100 48
7 101
90 82
41 65
12 1
60 37
96 72
76 94
62 46
115 50
86 108
16 89
21 115
65 11
58 115
43 100
47 88
109 93
7 56
86 115
21 94
100 54
57 102
11 90
72 2
56 41
33 55
103 85
34 45
65 117
97 93
13 109
20 46
84 115
39 77
76 44
66 46
67 37
3 10
117 106
35 40
30 46
90 60
70 96
69 109
79 99
19 13
33 91
51 18
115 40
111 69
12 33
80 88
76 34
110 9
12 44
83 105
23 14
117 78
117 60
37 23
1 4
8 34
70 40
79 81
27 13
4 5
55 27
28 46
117 115
4 98
100 34
42 54
47 112
15 28
35 3
78 99
67 89
95 8
38 64
47 61
58 47
95 92
29 16
105 63
71 56
21 6
111 66
82 62
55 62
3 17
80 48
65 32
20 105
111 11
45 21
14 77
112 53
20 87
64 103
55 109
27 22
48 26
29 65
39 72
8 116
22 78
111 19
21 19
102 11
45 31
93 64
97 102
2 107
114 3
60 85
52 103
65 106
90 36
66 92
13 99
18 82
26 9
21 58
89 20
61 99
21 57
8 21
73 109
29 9
7 84
51 65
31 81
25 44
110 112
87 100
97 58
81 57
30 2
17 105
64 27
12 89
11 46
9 83
90 117
116 51
82 13
86 101
30 93
73 25
4 3
59 98
37 81
75 14
109 58
94 51
89 63
24 76
47 18
57 83
61 51
11 69
47 59
51 17
83 110
11 15
8 85
59 114
47 116
17 46
61 33
99 18
66 22
29 115
30 10
75 106
78 11
87 39
12 53
74 72
95 114
6 39
97 39
87 28
75 96
86 68
74 82
32 35
18 66
95 12
92 30
108 91
117 102
109 46
21 106
32 38
19 20
43 11
66 107
40 63
96 65
117 9
18 100
114 86
84 33
53 21
89 105
101 96
48 107
3 109
93 11
65 78
35 107
58 83
66 17
12 43
68 11
43 33
96 110
14 117
113 54
94 92
76 72
69 24
23 47
69 5
111 67
67 27
6 31
56 77
65 90
41 55
4 15
34 27
86 28
71 52
32 84
93 10
65 85
89 36
56 15
41 37
19 28
92 8
110 116
107 11
99 59
70 94
40 6
99 30
43 69
81 28
115 57
70 50
22 75
75 32
28 66
97 17
74 90
98 91
76 32
45 8
103 4
113 110
102 73
95 71
87 32
107 88
26 81
84 16
64 73
16 62
39 81
5 68
31 7
108 12
67 79
80 91
23 101
21 35
64 20
59 3
16 46
14 22
35 100
87 45
47 12
1 105
18 48
26 30
71 104
25 3
14 81
99 25
90 37
60 16
38 45
68 107
61 90
2 43
58 13
81 75
113 14
33 29
1 29
98 51
117 96
103 21
50 100
52 99
25 102
98 47
15 88
103 20
70 16
60 49
117 16
101 114
78 107
68 31
97 27
55 104
47 63
48 22
29 44
9 70
43 103
2 110
62 109
4 39
12 79
82 77
50 56
29 30
112 69
62 60
80 117
60 7
16 97
51 74
55 76
114 62
73 74
8 68
42 14
76 60
65 15
109 103
75 73
96 38
103 14
101 4
14 1
95 113
87 68
12 31
27 111
70 17
7 47
101 17
45 116
74 67
11 36
94 27
42 94
73 36
73 92
23 104
80 2
23 15
27 66
35 25
80 55
78 73
72 14
40 25
103 68
9 2
4 99
80 86
33 5
88 4
100 84
50 13
106 85
109 86
15 116
70 78
59 104
1 79
25 12
12 32
89 76
35 16
45 9
117 112
97 46
81 59
54 103
1 23
66 6
30 57
90 84
99 117
100 98
27 75
64 32
103 2
17 95
74 47
31 16
68 18
83 54
61 111
114 2
62 108
92 85
33 45
68 66
34 2
72 88
1 61
104 115
27 54
91 38
52 101
115 25
61 39
107 9
30 66
81 97
78 110
4 97
56 8
115 45
61 53
44 93
59 2
71 26
79 93
59 100
108 20
99 115
57 14
81 83
80 105
25 79
96 14
77 69
41 103
19 27
36 76
78 36
56 110
77 32
86 61
93 117
47 104
107 110
27 91
33 93
80 116
3 19
113 56
42 9
2 52
89 70
111 37
31 62
73 58
76 25
37 27
40 65
59 75
30 78
71 66
35 28
65 66
59 107
27 100
4 18
82 112
17 15
11 115
9 22
93 46
60 102
35 71
95 91
31 36
103 60
89 26
116 75
68 90
80 54
111 95
51 54
69 116
23 57
47 103
11 86
24 36
42 108
5 7
109 112
107 106
7 109
85 62
93 107
13 67
105 25
39 64
95 58
15 16
71 51
88 111
72 101
109 25
71 110
19 94
57 88
99 112
110 60
61 18
7 115
56 40
35 64
68 74
10 86
76 104
49 81
76 23
61 62
106 25
50 12
64 17
82 11
109 19
64 16
66 60
101 68
97 65
34 37
27 74
1 34
41 78
62 10
62 101
22 11
23 116
50 65
68 111
82 98
64 97
78 44
2 24
100 93
97 61
59 78
4 32
9 114
67 23
52 18
8 101
104 26
17 98
45 91
21 116
86 39
68 24
98 107
82 109
101 53
46 35
5 71
99 33
91 81
39 48
84 60
15 54
94 80
59 117
34 14
38 3
98 101
42 21
95 110
51 21
91 74
61 19
88 51
113 64
73 55
35 79
12 15
38 63
22 58
80 18
69 98
93 12
4 89
116 60
36 47
77 17
86 77
20 73
17 113
54 77
107 117
56 68
98 8
15 2
105 12
1 27
75 60
72 94
115 111
116 94
77 84
10 108
19 54
29 21
55 102
28 61
43 71
13 85
75 1
72 52
20 115
12 21
31 77
93 6
116 40
18 62
12 20
94 18
38 46
39 35
103 80
18 98
104 56
85 104
24 40
82 67
73 81
110 69
81 88
58 108
12 114
19 47
62 65
71 24
27 50
112 77
38 19
89 96
17 102
15 51
110 18
45 108
3 81
65 61
20 66
7 70
80 110
104 64
13 1
79 11
10 69
52 59
39 85
112 36
105 38
3 87
31 94
54 98
49 33
116 81
36 74
21 83
98 84
91 92
62 112
12 64
116 2
108 81
37 38
47 5
117 67
109 1
3 61
66 114
60 69
50 55
82 73
72 111
42 71
10 61
33 46
5 84
114 82
25 22
100 78
66 50
66 109
40 34
37 89
68 17
65 2
28 40
113 8
112 34
83 78
83 86
101 9
112 38
14 68
99 106
47 11
111 102
9 69
108 28
110 103
79 68
94 106
38 17
77 30
93 65
74 11
29 85
85 113
12 68
84 39
112 30
10 100
27 59
35 106
64 81
96 81
9 10
54 88
81 99
20 90
36 35
17 49
1 37
25 20
21 2
20 97
30 95
16 102
45 6
34 44
59 10
72 80
111 60
68 34
8 46
36 43
117 108
81 8
46 102
59 9
114 20
108 95
77 46
28 102
3 76
3 93
84 50
55 113
89 88
17 78
45 52
96 18
3 16
80 22
5 38
7 78
44 2
89 94
23 44
97 103
20 76
38 48
83 27
75 65
7 114
47 14
99 80
92 50
103 7
71 79
95 77
115 15
111 92
18 1
3 2
50 41
51 35
106 82
16 81
98 62
117 40
79 56
19 48
91 40
81 101
84 92
58 44
89 49
108 76
74 96
55 66
104 2
43 115
41 49
61 22
6 10
104 43
115 46
20 50
76 52
98 19
65 82
61 35
44 14
20 69
97 62
105 103
95 1
58 92
54 4
115 90
92 37
110 54
73 15
2 112
30 11
79 13
109 78
38 27
115 71
90 96
29 111
81 102
94 64
41 53
38 80
53 85
59 64
114 100
49 67
3 112
94 93
97 32
15 90
19 115
63 82
44 85
47 83
98 68
63 94
113 43
75 111
5 24
54 33
111 44
57 35
15 86
59 90
101 80
60 81
6 22
62 115
26 38
90 42
103 48
51 33
37 14
18 8
101 61
91 69
108 1
111 94
20 28
75 23
31 5
17 107
36 69
114 43
13 51
83 13
82 34
55 111
36 72
39 74
68 102
67 93
37 48
77 16
82 71
70 44
64 76
24 117
95 75
101 59
36 26
14 52
70 8
21 70
94 101
64 106
99 103
38 21
99 12
10 14
12 3
39 70
58 28
84 94
107 111
57 58
83 36
61 17
74 41
100 91
112 48
68 20
52 106
111 2
117 52
31 21
108 87
55 40
49 51
55 30
23 100
79 98
93 54
69 101
108 41
34 43
69 100
7 89
53 55
99 72
36 77
87 48
102 4
65 74
83 100
78 9
69 25
105 117
7 102
56 84
34 96
80 57
48 70
72 54
101 56
58 17
99 7
8 73
8 76
65 98
83 92
12 107
72 31
39 93
111 117
37 77
37 5
6 90
112 73
99 98
111 89
49 100
1 101
5 41
26 1
41 72
55 47
45 57
99 67
47 8
100 62
61 30
81 90
22 45
38 58
72 86
59 108
72 17
87 59
41 110
79 84
117 84
13 17
33 18
58 106
14 93
110 43
24 80
79 73
50 18
51 86
12 14
19 112
64 53
41 80
71 76
41 6
116 76
109 14
78 69
2 6
44 67
35 116
38 43
47 9
65 64
17 104
1 25
80 108
20 29
116 74
58 15
54 50
112 102
89 117
50 42
72 49
98 16
21 22
53 77
6 61
93 78
46 64
96 48
76 80
61 58
43 21
59 85
62 57
87 53
71 19
63 108
47 16
104 117
84 19
97 75
23 72
12 94
95 65
63 13
54 76
53 10
102 114
37 70
95 26
76 93
116 58
93 61
102 38
55 16
13 90
49 15
88 3
107 4
76 67
55 54
103 24
57 96
12 22
83 74
75 74
82 4
1 69
51 26
76 51
26 16
75 45
52 100
38 73
84 43
30 96
24 31
56 99
16 92
63 26
48 32
90 49
105 58
103 89
18 76
77 88
22 110
12 60
95 31
29 86
36 100
92 46
25 101
75 25
1 68
67 26
42 67
105 76
113 34
30 97
90 1
10 98
53 33
40 84
11 113
8 13
33 96
52 62
87 14
39 96
92 38
86 116
71 1
47 65
2 62
15 89
106 6
74 62
95 38
88 23
73 107
1 39
56 112
34 101
115 96
101 13
102 53
100 74
66 10
34 57
102 99
23 24
109 21
108 6
1 60
9 38
82 42
41 59
31 73
94 102
108 50
77 22
67 75
79 91
57 56
79 57
63 68
16 40
77 19
104 60
15 103
105 87
115 9
44 104
60 8
24 1
36 28
107 112
47 93
45 95
101 83
98 15
56 2
78 96
84 12
88 34
111 91
51 102
49 78
99 46
73 90
105 57
56 42
60 87
19 117
57 76
45 71
42 7
51 27
67 92
37 115
87 98
32 3
10 47
78 77
35 58
37 86
22 85
54 21
8 80
33 63
80 17
43 47
69 35
67 52
102 67
96 66
15 42
6 91
27 81
45 32
38 62
20 18
12 109
53 105
117 47
6 94
33 94
40 111
37 52
6 12
90 24
17 9
64 79
42 18
16 34
67 16
9 86
19 39
20 78
13 93
6 9
45 28
81 45
13 54
11 54
117 6
65 10
8 106
51 5
105 37
64 75
59 36
100 105
105 66
9 80
59 71
50 81
69 75
105 88
65 89
66 90
16 80
89 90
89 14
34 110
91 101
117 114
17 37
17 69
74 54
7 55
47 107
81 38
89 61
43 44
22 87
71 49
64 90
31 43
20 45
45 84
2 83
11 35
63 46
39 42
34 117
93 101
11 20
62 90
18 37
113 67
2 5
8 104
3 104
1 97
3 116
3 71
53 68
87 71
47 60
105 52
86 82
88 13
71 64
93 23
31 104
67 3
34 107
12 16
35 43
109 72
92 9
53 100
78 55
47 115
2 98
66 35
49 46
63 3
48 104
74 17
21 28
36 98
4 40
37 44
49 32
104 67
85 9
105 3
36 45
82 2
86 35
50 33
18 25
11 45
54 73
70 64
34 53
28 49
8 38
35 2
96 98
80 14
22 56
45 67
95 107
45 89
51 50
71 46
75 42
91 66
50 29
3 5
63 34
55 74
102 61
22 73
87 16
10 11
54 112
6 69
107 109
38 36
7 49
22 97
97 28
58 48
49 104
97 23
52 9
109 2
79 28
57 60
36 65
2 37
22 94
60 13
79 18
37 78
70 88
18 104
54 78
8 17
58 20
21 79
100 15
103 76
84 72
94 39
93 45
78 45
4 41
95 7
6 36
90 86
72 48
34 15
24 73
62 44
70 108
53 62
43 82
59 33
31 103
100 77
77 75
71 102
100 76
53 110
64 45
60 93
97 52
48 23
67 107
101 85
45 24
28 3
52 77
62 81
31 102
23 10
14 27
69 104
113 107
35 7
116 117
85 81
77 26
89 107
110 51
8 48
89 48
21 10
83 117
100 80
11 6
38 76
79 3
57 33
35 53
114 63
1 33
56 103
7 108
42 115
51 48
60 40
17 53
91 50
37 84
78 115
21 3
35 6
117 94
24 74
32 55
103 19
46 108
23 110
55 38
41 77
36 79
27 93
4 106
114 84
44 26
1 42
41 102
79 26
86 24
47 67
85 18
1 99
46 103
35 23
18 29
114 34
94 45
26 115
106 31
77 97
81 69
27 18
74 105
13 31
33 117
18 56
109 35
12 80
64 83
75 5
24 57
6 59
29 114
58 113
9 67
11 55
95 9
34 116
65 105
43 107
51 20
80 35
46 54
108 37
13 56
67 48
49 80
91 7
3 43
34 70
55 5
7 100
19 75
14 39
38 100
5 11
22 57
15 74
107 62
47 64
23 32
11 62
73 117
42 32
98 6
10 94
97 109
5 79
63 18
60 105
78 48
79 31
33 26
41 98
45 100
113 36
104 34
88 69
4 27
49 64
63 96
44 100
67 101
96 41
32 104
88 52
8 69
14 25
91 51
59 57
12 24
52 78
10 76
28 27
32 114
102 113
87 83
74 113
101 45
14 48
88 12
33 68
39 75
20 8
100 64
55 13
48 33
40 50
51 6
71 91
22 52
35 98
64 50
36 81
111 73
44 114
42 26
51 2
14 76
5 19
60 50
82 110
34 10
81 74
48 46
51 81
83 43
1 107
67 14
52 35
4 56
28 54
4 42
25 82
53 13
63 70
55 59
23 96
34 31
69 114
15 97
12 100
85 86
111 62
54 117
80 81
76 19
103 11
26 50
13 45
33 81
29 28
70 80
114 10
92 69
27 17
83 26
5 27
54 114
100 41
27 46
48 3
39 58
98 85
75 15
8 16
20 71
89 23
60 36
24 3
55 86
69 99
30 22
62 37
26 22
9 113
51 89
50 15
49 42
77 114
77 89
15 7
57 13
19 70
79 106
104 61
68 70
81 87
97 112
11 37
43 32
86 6
111 79
99 107
117 50
73 3
97 114
15 57
54 39
9 20
58 88
55 10
44 46
93 75
89 27
76 2
71 67
72 73
46 70
14 99
15 14
91 9
62 117
11 41
106 101
114 28
41 71
105 51
25 10
116 53
32 116
56 75
68 40
72 45
9 28
66 57
59 8
97 82
95 99
89 68
68 41
64 63
75 43
95 47
16 63
79 38
69 55
113 86
33 35
85 36
14 88
16 17
63 36
4 11
62 86
45 106
60 9
4 38
32 108
114 91
96 95
36 53
5 53
74 13
24 6
36 22
85 96
16 79
19 25
16 36
48 11
56 28
30 19
117 51
59 105
95 23
96 19
80 33
87 50
30 18
57 26
40 78
27 76
106 72
104 83
1 17
15 104
35 96
81 111
106 53
7 45
24 47
117 88
107 79
24 95
67 61
89 87
25 113
109 36
13 72
84 54
108 97
112 116
19 34
4 17
23 13
111 53
25 80
86 32
104 79
39 49
89 71
88 1
52 31
65 46
20 111
29 81
10 106
108 30
107 96
11 63
101 108
112 113
85 25
97 24
85 56
1 20
20 3
85 50
17 31
43 8
60 65
112 46
70 76
61 7
18 86
22 33
12 87
21 16
38 54
61 57
48 29
17 62
49 13
53 50
95 51
63 78
104 50
112 101
15 71
30 42
57 48
81 15
109 16
2 19
75 112
93 87
74 14
84 46
72 100
14 45
33 64
63 62
96 6
80 30
6 37
87 67
78 114
95 18
74 26
25 111
51 42
21 59
76 92
100 19
96 32
27 104
78 1
8 86
15 35
75 3
55 2
106 9
115 112
100 28
95 54
98 75
23 2
102 76
15 64
49 23
77 76
40 45
33 56
20 117
40 9
15 22
21 20
116 16
104 78
106 30
21 60
59 89
70 18
53 92
41 83
92 13
55 46
59 76
1 10
30 74
81 71
108 98
57 72
109 98
41 101
34 25
110 24
87 6
113 116
97 7
36 80
71 27
54 101
8 110
72 42
28 91
43 89
12 63
31 14
58 32
29 80
23 80
106 13
62 78
105 79
18 55
1 36
34 51
91 35
66 85
53 8
54 29
10 29
110 101
45 23
80 15
66 19
10 91
23 25
29 51
112 88
65 108
93 72
45 79
47 73
38 97
56 90
46 40
62 49
25 28
3 91
115 12
35 9
84 25
93 15
48 6
44 7
10 39
79 92
28 31
31 23
42 58
61 46
15 21
59 5
63 19
35 1
41 97
108 54
96 100
16 100
110 58
98 102
31 3
27 65
27 42
44 16
3 58
49 58
40 53
109 71
88 59
112 67
79 46
27 70
21 100
108 9
18 45
92 18
7 19
112 63
103 104
86 49
35 117
88 63
43 67
83 91
58 11
106 83
113 10
82 53
3 27
63 91
44 66
103 16
43 77
26 69
42 37
62 56
25 61
4 61
30 88
93 116
85 16
33 115
30 3
55 37
52 38
51 84
42 3
24 42
83 93
40 23
63 61
27 41
30 63
105 9
99 64
38 101
66 116
91 25
110 76
19 14
44 89
31 59
51 113
9 33
4 81
6 26
81 23
51 52
33 70
35 104
18 77
110 32
68 93
83 16
97 51
85 24
31 98
27 105
58 6
28 101
35 10
61 107
83 90
22 101
99 109
54 104
99 45
59 44
44 36
86 59
71 84
44 81
53 9
71 106
93 59
76 114
70 53
20 49
111 90
43 101
42 113
32 5
77 4
59 43
90 47
38 74
100 65
85 57
54 20
104 33
97 85
99 82
68 81
69 52
35 65
21 82
66 3
108 68
97 54
95 66
8 67
68 3
33 14
55 81
45 29
1 7
11 100
61 105
1 70
106 109
66 67
40 37
37 88
108 35
112 96
77 99
84 18
103 58
107 37
25 71
22 93
49 82
11 110
84 78
100 40
7 113
106 114
65 112
57 47
75 57
107 103
14 101
107 83
86 26
10 85
22 114
95 80
34 111
17 5
115 49
101 64
20 31
83 85
91 117
36 103
84 42
55 99
108 77
34 35
78 32
40 109
49 45
26 7
37 51
98 60
109 67
56 51
82 60
63 28
11 7
56 86
105 114
72 75
4 93
115 2
110 79
37 47
74 98
91 72
56 12
7 116
43 106
93 62
54 18
104 11
110 37
92 72
2 117
16 54
78 60
105 19
32 62
25 30
16 24
13 66
25 78
99 39
68 19
32 69
41 69
24 39
49 12
89 50
57 90
45 112
20 10
101 26
114 45
37 25
88 53
9 36
45 26
6 23
67 86
10 83
35 77
93 115
24 19
4 75
87 90
109 83
3 40
80 106
43 40
31 37
21 97
19 35
60 44
71 100
86 46
79 112
70 116
76 28
101 97
76 97
67 64
15 61
38 104
49 52
4 45
9 49
75 84
70 113
77 96
89 64
108 64
83 113
44 83
72 64
113 47
68 25
79 63
50 9
109 102
87 26
80 42
33 60
27 99
75 18
14 46
70 114
14 92
45 17
29 11
36 7
53 42
56 59
92 87
31 18
49 93
37 100
112 33
4 31
6 105
97 35
66 75
33 101
70 11
103 87
30 60
3 50
35 63
35 26
41 26
72 70
92 32
112 55
33 71
98 72
38 1
65 43
99 73
53 37
20 92
104 41
92 109
72 43
52 93
63 24
42 96
85 116
2 12
32 40
108 116
5 73
25 110
87 91
75 20
15 3
80 102
98 29
38 84
105 72
6 55
76 109
112 84
17 63
33 36
26 76
37 73
48 65
37 87
44 17
37 28
96 40
101 11
86 63
14 18
105 67
29 100
48 66
95 69
42 78
61 31
63 45
109 17
71 39
100 30
30 21
13 80
52 53
70 28
28 77
71 32
14 98
6 115
10 58
63 69
106 111
40 71
67 84
89 99
15 8
85 61
43 108
111 98
115 107
61 29
108 3
82 19
110 42
3 34
26 99
38 109
98 20
53 94
89 18
108 19
33 28
114 83
88 46
95 5
58 67
2 48
76 87
4 85
103 32
64 34
51 46
31 55
32 8
70 25
108 112
72 18
98 97
15 25
36 32
98 22
66 80
76 82
111 56
25 32
75 86
18 115
11 99
87 116
72 33
1 110
74 112
101 32
44 71
83 80
7 98
42 22
33 31
25 42
79 94
103 72
63 93
25 55
30 12
30 109
32 30
76 75
86 12
115 1
92 100
102 6
32 16
44 92
65 31
109 68
10 117
33 83
28 72
37 61
22 109
67 29
20 35
52 32
88 45
64 13
21 91
68 117
94 86
15 69
102 35
35 12
4 29
117 43
86 111
56 6
108 72
59 24
60 64
89 83
65 76
43 6
83 56
58 72
92 34
116 88
66 101
70 82
16 45
42 28
88 19
42 62
34 12
1 16
26 72
37 75
63 32
82 23
57 2
24 67
16 107
49 97
11 77
26 94
73 6
36 34
84 104
33 2
27 113
108 60
65 45
17 99
25 100
104 97
58 56
73 61
55 98
81 86
28 74
2 60
51 45
88 87
46 78
88 11
89 39
11 51
53 72
53 60
40 110
50 88
97 66
39 102
19 49
21 72
16 93
86 47
70 110
50 103
108 40
7 86
54 1
90 23
47 80
39 17
8 51
74 63
55 26
46 82
93 74
24 60
65 38
29 88
59 102
2 29
22 117
96 92
60 112
90 27
20 48
103 74
20 94
75 7
6 20
54 106
113 16
100 14
57 67
47 78
42 107
105 49
15 6
78 101
100 90
35 78
77 27
101 51
41 60
24 50
71 108
116 52
56 24
40 76
71 62
73 108
23 42
37 32
9 51
95 19
48 84
77 45
12 96
3 90
56 17
70 31
91 84
5 70
5 87
64 84
61 34
74 87
24 96
66 77
87 78
79 22
77 92
39 12
71 92
77 8
42 20
20 79
75 35
112 114
58 53
73 100
6 8
24 54
38 114
68 88
109 6
22 111
106 63
61 75
10 19
106 78
81 117
7 25
6 78
63 85
78 76
83 98
58 86
48 34
90 75
44 41
83 38
78 16
17 10
43 39
31 46
79 8
33 90
33 110
114 81
29 17
73 14
7 76
5 23
79 33
68 28
21 77
43 19
70 2
57 117
74 52
68 72
1 5
72 5
100 6
53 78
63 80
25 46
61 20
28 10
27 25
57 36
64 109
29 23
23 66
82 81
99 108
79 82
10 75
99 88
107 56
46 59
10 15
90 52
84 66
59 40
69 103
50 116
39 59
105 31
111 104
29 7
61 66
102 107
98 52
3 18
101 19
65 104
99 47
43 51
51 100
33 92
97 59
54 45
13 30
62 12
23 83
91 86
116 62
71 18
95 28
101 111
80 64
31 78
46 98
8 49
65 14
30 76
67 40
68 35
6 47
17 42
12 23
80 27
33 114
39 80
19 93
31 44
102 30
94 8
31 51
24 79
95 22
83 52
22 82
31 30
33 37
8 115
40 75
62 66
38 57
92 2
66 100
114 113
9 72
71 75
37 22
92 97
11 76
76 48
86 54
58 37
67 59
60 34
9 74
62 73
43 96
14 32
37 68
15 29
38 29
18 44
82 93
47 101
101 63
79 27
54 79
51 62
95 25
14 5
48 41
77 111
89 91
109 28
17 100
5 67
52 29
95 83
36 18
66 117
75 101
99 74
112 21
29 56
33 11
60 48
15 19
38 49
89 92
20 7
21 68
24 100
6 77
64 25
41 58
17 19
36 42
86 13
89 11
45 73
81 72
6 101
88 6
78 27
54 99
72 104
93 114
62 83
34 91
83 68
68 60
22 40
50 7
28 65
18 114
82 68
1 6
14 108
24 13
73 49
89 22
82 80
13 95
25 9
41 79
12 55
75 51
105 18
22 103
106 60
87 41
53 1
14 105
88 104
28 60
105 46
13 6
94 83
7 107
11 8
32 81
60 51
30 53
31 56
109 65
107 32
107 85
51 112
96 94
63 23
23 16
26 66
45 59
109 33
49 65
74 46
106 26
50 72
61 94
33 77
35 93
94 62
82 32
58 65
29 25
96 82
38 16
79 53
30 35
16 52
117 71
11 92
55 23
84 4
1 80
55 20
50 68
24 62
3 46
2 32
24 89
75 80
11 85
74 6
19 16
5 96
67 94
89 42
117 113
10 67
56 116
4 109
5 85
42 73
78 103
28 67
18 113
87 51
84 8
93 50
24 107
95 84
2 66
31 38
90 31
111 15
14 21
86 1
40 13
2 18
3 110
63 111
28 93
57 84
51 115
11 19
9 30
100 58
11 66
106 108
91 57
106 100
21 102
115 64
68 52
25 96
82 57
24 77
24 106
58 52
64 111
47 92
79 103
88 8
73 13
40 83
13 65
98 34
26 21
110 48
52 4
73 110
8 12
38 75
70 6
116 97
68 76
11 108
64 22
10 95
17 89
51 67
81 18
100 111
42 83
18 28
84 89
85 89
93 24
4 70
8 71
15 85
59 112
114 107
107 23
73 18
104 87
99 53
75 36
84 34
112 13
50 67
9 48
34 20
86 74
74 70
88 38
25 62
49 95
11 52
46 41
97 117
61 80
5 112
26 29
102 40
87 55
31 76
27 114
41 10
79 19
115 13
52 5
75 91
105 82
62 30
75 54
84 61
115 82
82 29
106 20
2 63
20 107
27 36
12 98
18 111
74 1
96 58
8 107
68 73
54 57
14 114
81 40
62 105
83 111
41 15
38 110
100 60
70 111
88 21
112 83
113 46
115 80
14 107
63 84
76 47
58 79
6 110
81 48
35 50
110 102
59 13
25 50
58 74
28 30
56 35
90 44
64 30
107 10
107 105
39 90
77 116
73 4
55 57
100 103
111 13
85 78
3 111
89 40
73 27
51 25
39 109
10 78
89 46
20 14
13 76
51 93
44 75
22 39
112 86
65 30
16 86
1 87
100 63
52 60
14 11
24 22
61 24
59 77
107 60
9 71
30 34
57 46
27 20
32 34
81 53
61 88
38 117
75 105
65 99
109 47
39 38
113 75
65 69
34 67
28 5
11 18
112 31
109 117
50 45
69 19
89 47
90 67
60 46
80 20
74 78
102 70
44 95
82 83
85 69
97 19
40 93
4 22
81 105
31 96
37 57
90 16
94 115
44 9
69 34
81 113
61 8
94 65
54 116
27 68
84 86
91 102
67 35
94 77
1 55
85 32
23 87
30 6
116 89
55 56
18 87
36 97
74 79
7 79
53 90
26 82
41 84
10 57
21 87
79 32
79 83
63 83
104 25
74 19
67 65
80 68
100 5
84 65
45 58
35 87
5 66
71 14
6 116
108 4
91 107
21 18
23 99
5 56
65 79
46 32
22 88
109 74
18 22
24 49
101 10
60 58
37 101
57 18
56 109
64 40
63 22
89 31
77 12
11 83
105 23
111 65
96 111
111 9
69 22
60 86
27 116
65 12
34 71
57 70
96 67
1 77
95 48
17 117
114 99
28 94
115 65
26 24
1 21
45 69
74 57
95 27
4 55
60 4
65 77
74 106
43 23
58 19
34 62
76 12
95 11
95 67
107 108
73 115
5 77
85 99
31 25
51 64
26 90
29 79
14 69
68 67
41 13
73 85
84 62
105 93
60 26
41 12
65 114
25 66
19 23
83 60
62 3
61 106
47 1
117 75
18 5
89 10
23 18
100 85
101 18
117 61
47 82
67 1
49 40
82 102
83 73
67 81
41 114
108 21
52 108
92 4
112 12
81 76
49 35
39 117
82 61
45 85
22 81
100 81
62 76
80 74
79 115
74 94
37 8
16 112
78 113
112 90
22 19
1 41
74 3
95 70
55 95
68 113
81 95
27 60
66 33
105 95
52 7
4 7
20 23
22 51
75 26
40 105
24 111
19 57
48 5
20 41
109 49
6 42
39 95
102 48
65 55
71 90
68 32
52 20
86 106
37 3
47 51
28 6
41 51
45 76
71 36
58 69
24 14
19 36
67 31
112 70
25 47
69 66
90 2
44 33
39 88
113 32
89 80
31 10
102 83
12 70
39 31
31 114
30 89
100 55
53 43
49 57
97 89
12 58
113 94
55 106
13 114
16 27
114 42
111 47
66 29
51 38
110 12
21 73
43 63
59 103
13 94
27 30
26 52
48 63
86 25
39 107
104 102
72 51
59 80
1 85
48 61
16 110
47 81
23 53
114 109
14 62
9 89
72 117
111 52
33 85
111 114
97 60
20 43
35 94
60 32
19 52
16 11
1 84
80 98
110 21
101 55
94 38
44 63
87 43
106 73
17 57
93 20
104 116
48 27
5 98
78 95
67 39
42 60
4 9
98 9
7 62
62 29
24 113
29 12
76 53
116 102
52 30
11 21
91 8
27 57
92 52
93 96
77 13
115 61
66 4
78 33
29 60
33 103
88 7
15 67
14 2
36 86
17 48
1 22
101 103
112 80
71 21
49 37
9 87
37 79
116 92
83 29
55 15
16 48
60 89
68 30
73 53
54 60
14 30
52 1
55 9
90 51
10 92
75 52
21 84
55 117
36 108
11 56
35 48
55 88
104 51
75 53
3 85
1 81
79 39
48 111
117 77
30 115
106 42
36 25
25 5
64 107
36 52
71 28
10 84
26 15
83 108
44 11
92 24
35 17
15 48
105 41
28 98
64 61
24 46
62 1
57 94
7 64
61 112
89 104
88 44
14 4
45 19
42 61
66 108
108 39
79 108
72 97
36 95
110 85
103 95
10 7
58 33
33 15
26 92
43 58
105 34
25 17
94 114
49 108
116 29
13 29
28 112
14 51
18 53
8 100
27 96
32 115
107 44
23 30
50 22
51 32
50 82
56 30
51 1
79 17
26 8
92 23
41 7
9 63
113 53
92 115
88 42
23 98
54 52
44 39
46 81
11 26
15 66
43 42
16 61
15 13
34 109
58 93
82 45
115 103
8 96
103 34
9 84
54 105
80 73
34 18
93 112
101 24
96 29
92 74
114 24
10 50
43 56
90 79
89 62
4 94
84 85
88 26
42 34
4 115
49 88
42 16
67 100
43 95
20 33
86 88
56 3
28 57
69 4
34 108
41 95
10 26
7 94
74 33
68 62
50 37
15 63
82 3
99 58
32 83
24 88
57 97
61 110
47 96
108 8
45 56
113 69
46 114
29 19
25 67
103 116
58 29
61 78
63 102
93 8
45 107
11 71
46 117
64 57
106 104
102 8
60 55
5 42
87 65
66 42
117 69
28 44
44 3
50 73
114 21
65 44
49 48
5 89
6 79
36 30
75 30
42 45
36 15
99 35
59 38
109 59
68 65
61 109
105 13
98 45
29 71
36 92
80 6
93 86
75 31
57 107
4 53
33 4
39 2
110 90
38 85
65 4
22 104
116 26
15 5
99 86
17 115
15 38
15 112
85 49
21 7
18 107
3 101
56 44
30 58
42 8
112 66
115 31
68 13
101 99
44 45
113 50
107 28
9 23
32 20
45 2
40 61
34 72
105 77
57 65
89 54
107 33
6 54
1 48
59 20
73 89
7 83
57 50
10 36
26 112
13 71
88 71
55 115
62 48
88 32
29 59
17 111
43 70
43 85
4 28
87 31
54 22
82 30
50 77
49 50
113 76
99 31
22 32
58 2
8 62
23 39
73 65
52 86
98 95
84 109
6 27
54 90
9 39
60 67
93 48
26 49
34 58
45 86
62 99
82 1
53 32
16 41
34 24
96 28
61 41
42 97
64 105
105 94
76 111
12 51
61 43
99 28
41 62
10 5
80 46
26 2
52 42
90 32
109 116
34 73
11 60
62 45
69 82
106 18
103 38
27 35
37 4
96 53
107 58
98 67
72 11
98 81
84 99
105 48
1 113
48 64
18 64
23 68
1 15
64 87
115 23
73 17
60 10
22 108
10 72
113 98
8 9
89 109
9 37
60 63
24 28
34 115
58 68
25 48
57 68
29 76
108 96
47 53
22 60
27 45
76 35
20 85
98 38
32 1
54 3
41 42
50 98
78 14
52 89
10 2
114 50
50 48
100 101
54 92
38 35
5 62
96 102
115 87
8 65
86 117
29 101
72 62
26 58
49 76
95 34
38 90
95 116
99 20
91 22
36 104
5 115
48 21
40 17
94 17
37 56
4 48
20 70
47 70
20 53
85 111
41 111
24 4
18 58
53 16
77 58
99 96
106 19
52 34
41 107
28 116
14 97
86 34
116 73
22 99
74 53
1 65
104 29
57 4
50 39
117 36
34 38
104 5
80 85
74 76
66 83
17 92
101 65
117 4
14 13
67 88
87 80
50 6
97 106
113 106
114 108
56 96
42 102
107 69
114 11
18 109
49 68
43 80
59 11
54 26
113 115
93 36
69 30
72 71
78 51
6 18
85 115
20 113
87 66
8 50
94 69
84 110
63 95
86 79
14 36
117 26
112 1
88 65
41 17
38 12
29 49
92 101
4 95
26 19
51 24
107 36
105 5
56 89
106 92
26 100
88 78
76 79
42 19
2 89
41 93
73 63
70 91
110 99
70 109
52 10
99 66
28 80
82 10
96 83
70 35
94 29
11 109
11 25
67 103
71 4
89 79
31 88
78 75
112 95
106 102
43 50
73 39
62 87
74 71
28 38
8 97
102 37
50 34
72 1
84 70
60 72
40 73
105 90
42 95
112 50
23 27
59 66
88 64
101 74
87 77
64 41
2 68
94 82
85 95
37 63
27 49
5 111
82 95
31 84
49 117
60 59
66 7
24 91
55 96
2 47
95 106
45 61
46 94
25 88
55 97
33 106
91 12
71 17
47 20
85 91
54 31
116 49
42 38
54 109
32 54
72 110
100 32
20 84
47 69
79 78
116 19
100 117
81 54
14 94
62 13
80 40
63 27
58 76
71 65
44 53
13 96
24 18
29 8
58 40
23 106
105 78
67 110
104 73
74 44
23 60
49 54
105 113
113 73
16 39
23 22
62 58
78 111
27 24
10 81
55 92
61 13
26 59
19 85
106 116
98 88
27 88
104 77
14 43
21 36
59 7
65 53
11 116
22 105
83 45
114 64
88 95
77 47
58 80
87 101
16 71
51 10
57 69
91 56
38 7
89 95
98 63
67 19
83 34
101 36
67 114
73 7
75 79
10 77
115 81
3 45
2 97
102 24
51 58
64 6
33 87
102 44
87 36
34 9
113 48
29 41
7 80
19 33
61 5
37 21
5 9
106 87
14 6
82 51
99 113
31 41
6 63
51 59
53 57
37 35
2 11
115 56
71 68
91 31
82 101
102 89
72 87
53 49
13 113
87 73
33 23
2 67
23 94
16 95
36 110
69 40
47 72
91 90
116 63
65 33
6 99
49 113
80 44
35 105
64 28
66 70
41 81
87 79
103 9
71 98
41 23
69 29
64 52
90 98
112 27
101 5
58 5
65 80
39 106
90 92
74 7
25 16
66 31
70 104
50 69
21 64
64 29
65 7
103 55
43 45
63 58
48 44
102 45
51 96
115 63
30 116
103 13
62 50
56 98
59 116
14 110
92 114
74 97
44 54
29 73
48 43
105 104
30 94
101 107
69 106
52 8
103 42
105 42
94 99
9 16
70 29
89 100
88 94
51 114
27 32
110 117
16 105
117 48
40 95
20 83
115 22
74 23
105 2
13 100
68 45
47 108
49 21
115 89
99 68
112 40
66 64
71 60
73 32
13 44
81 65
8 44
57 87
72 85
2 22
108 24
33 17
28 113
37 91
41 21
30 4
79 116
98 1
84 97
90 108
99 91
102 14
62 92
114 35
85 93
105 109
84 83
109 44
21 13
93 42
103 23
113 44
22 16
54 66
89 25
56 100
30 24
51 23
15 83
30 40
67 32
93 108
48 88
59 37
108 78
7 72
71 111
56 54
21 67
6 60
68 95
113 40
10 68
115 116
10 87
74 114
117 76
42 92
84 11
75 21
99 83
61 21
82 37
35 8
105 11
76 16
31 53
112 24
92 51
59 54
21 104
6 107
79 34
62 69
38 60
19 114
25 41
91 67
24 55
9 90
92 27
103 65
115 105
70 24
36 20
108 100
70 32
70 106
42 70
75 11
8 19
13 32
43 46
97 12
80 62
89 32
70 36
32 99
99 70
94 44
106 90
59 94
88 100
18 9
69 21
19 18
44 84
71 38
22 31
22 13
7 77
16 101
103 93
15 117
80 113
104 20
83 46
84 53
2 93
18 91
115 101
27 9
63 107
61 70
56 106
3 78
67 78
77 107
42 44
92 61
42 81
26 110
45 66
9 24
43 99
15 87
5 83
39 112
59 70
10 37
24 98
5 63
25 38
68 48
29 103
55 61
96 17
12 26
23 58
50 52
38 69
7 106
98 70
30 85
8 82
22 102
28 103
14 85
10 63
79 52
18 15
63 29
69 67
113 101
35 112
21 107
113 84
41 47
69 74
93 88
55 84
56 46
53 63
111 58
74 102
44 21
34 46
19 46
18 41
64 19
39 25
73 77
12 61
17 59
68 4
109 108
106 29
85 7
16 49
27 52
40 52
90 5
42 63
75 114
71 57
1 19
66 72
8 72
7 34
67 41
113 39
18 112
7 58
23 38
91 4
110 108
61 23
35 74
82 116
58 98
82 20
108 69
27 86
113 52
108 89
46 68
97 100
95 115
108 15
24 41
6 103
85 67
102 50
30 38
16 75
24 37
115 108
25 74
103 5
41 19
113 38
112 29
69 16
112 9
33 8
41 40
32 17
27 44
109 45
77 62
71 116
97 11
10 90
98 93
64 9
13 3
95 87
55 94
112 106
58 46
113 104
2 75
78 102
60 91
61 2
22 74
104 28
43 13
80 107
28 82
91 62
98 44
29 37
116 98
19 32
89 1
102 33
65 91
104 95
109 8
60 3
49 11
35 55
32 117
46 47
41 82
90 107
46 12
52 28
51 108
109 110
63 41
66 53
91 115
71 112
91 29
4 51
46 9
74 64
97 26
4 100
99 75
111 31
13 20
73 33
5 76
13 26
15 78
96 97
57 110
65 113
74 4
58 8
4 62
95 64
90 97
18 93
97 43
24 105
102 19
102 62
7 96
85 23
64 31
4 13
49 59
1 63
85 46
94 43
23 65
52 57
23 26
92 86
11 13
39 55
38 50
25 8
100 110
109 29
44 105
24 84
70 97
105 4
27 26
74 16
53 11
93 92
22 35
106 57
37 66
114 71
59 18
47 4
25 26
49 30
77 23
110 30
109 26
7 112
44 32
37 12
66 49
43 28
84 30
104 4
22 72
94 104
92 102
40 1
56 78
93 104
49 3
47 105
58 75
29 32
75 70
105 116
14 115
64 98
33 13
39 47
105 45
45 48
17 90
112 92
116 1
25 107
113 109
73 35
30 81
12 82
82 108
38 6
116 67
59 58
109 31
87 7
44 10
114 23
10 88
67 6
105 50
2 85
93 43
39 69
70 90
12 103
25 21
69 73
86 66
83 76
17 103
34 26
93 90
83 53
38 115
48 90
54 85
26 28
13 108
69 97
91 43
3 100
9 65
11 67
96 116
104 80
41 38
17 55
82 48
102 66
60 74
36 67
45 37
69 59
24 25
117 3
103 51
94 32
110 97
9 109
24 21
57 99
10 24
63 113
25 65
44 5
39 115
49 79
62 33
114 40
110 65
16 99
112 68
47 62
24 38
29 43
85 102
63 56
21 65
29 47
34 80
79 102
92 104
64 42
57 86
81 24
53 109
35 59
2 102
85 37
69 76
4 87
2 73
25 2
35 5
36 105
73 76
107 54
95 32
57 25
5 86
70 55
36 12
104 108
88 73
37 74
7 2
82 89
117 103
11 91
21 27
26 62
59 14
105 29
88 97
69 61
83 18
93 111
63 54
92 56
49 1
96 86
48 56
93 9
112 94
104 66
12 19
102 26
56 81
57 89
110 92
34 28
69 84
41 36
113 6
79 40
77 9
7 28
102 77
55 58
69 18
34 106
108 5
95 37
67 22
91 14
87 24
22 55
62 35
105 108
7 9
75 63
58 25
74 108
4 49
80 77
61 87
68 36
34 75
105 91
80 3
47 56
47 100
2 20
19 73
15 77
26 17
99 41
64 56
77 93
113 57
43 79
73 28
71 70
116 68
3 107
116 57
97 83
45 1
91 30
113 35
68 115
8 117
26 4
117 5
86 105
58 16
101 50
91 55
39 91
7 90
24 53
56 72
107 74
2 53
35 72
70 60
62 39
5 22
86 87
92 68
6 53
37 69
37 98
59 4
2 94
13 70
95 46
101 117
80 93
20 112
20 38
105 43
2 88
54 94
44 4
49 18
62 59
103 27
112 104
88 16
23 117
33 82
32 112
55 93
42 116
89 74
63 49
25 60
93 66
44 6
39 111
5 30
88 74
62 23
27 107
19 4
21 92
89 113
8 2
87 97
11 1
94 108
32 24
38 14
63 66
101 60
101 109
38 89
43 66
53 114
60 73
38 10
40 19
10 99
22 34
58 85
40 38
110 47
92 70
13 5
12 42
48 116
96 49
47 38
12 113
50 11
28 2
75 6
21 111
36 106
8 87
108 61
94 90
105 55
99 111
52 82
57 98
110 5
113 93
13 104
3 94
94 78
37 103
49 84
112 57
27 43
111 84
31 69
72 15
3 1
110 4
26 111
79 9
57 114
107 26
103 75
63 21
89 72
89 19
92 45
49 34
15 101
47 22
88 85
17 116
65 86
39 20
30 70
92 105
46 96
70 73
8 57
91 53
3 6
112 11
44 117
101 46
112 111
98 110
32 28
81 66
107 97
73 26
48 94
15 40
42 68
11 34
95 29
2 42
13 18
30 104
56 82
112 52
116 107
6 16
7 14
25 98
62 21
17 28
108 25
54 2
12 104
40 31
109 75
83 25
57 9
56 53
113 72
66 113
67 80
86 104
54 12
91 47
7 82
81 20
51 36
79 62
83 75
102 87
78 71
103 84
104 114
38 56
34 78
111 38
88 9
53 89
39 32
9 97
114 1
43 37
97 115
56 74
3 115
5 49
36 56
43 16
73 101
13 35
110 105
115 76
31 117
66 51
38 78
115 67
52 104
42 74
85 87
96 91
92 41
72 90
50 94
84 101
31 35
79 60
45 15
57 51
116 22
85 26
115 44
9 3
7 111
28 90
19 113
93 56
60 114
110 93
19 56
4 12
42 29
45 10
82 111
100 102
40 101
74 66
45 104
32 7
26 3
7 57
111 87
54 17
30 41
86 30
93 95
59 48
52 110
15 110
73 84
23 113
4 50
68 9
89 58
8 4
58 102
85 52
8 114
95 109
83 8
107 53
42 11
108 92
50 110
38 44
95 72
83 6
70 56
81 110
5 92
110 28
107 38
6 72
31 92
15 79
111 110
59 65
91 77
52 21
55 108
75 82
110 27
26 18
69 96
52 109
79 61
29 31
117 82
39 101
110 17
88 40
110 66
40 48
117 53
30 45
4 83
16 20
68 15
52 3
93 106
37 83
78 66
52 39
115 77
6 111
85 77
35 88
97 79
76 63
21 40
75 89
30 113
79 70
48 73
32 6
33 100
3 14
114 96
3 39
46 21
94 41
48 42
56 65
61 96
39 41
84 107
21 34
111 8
78 112
81 12
46 22
42 112
66 12
85 70
34 6
88 76
117 85
20 86
62 15
56 25
108 31
78 5
36 91
102 13
64 8
108 56
35 29
115 72
88 33
44 110
66 21
57 63
106 77
25 94
62 22
95 62
11 40
71 30
28 22
61 44
76 91
63 8
19 60
28 89
109 96
32 41
52 24
75 88
34 97
78 19
30 17
113 97
95 74
13 52
44 77
22 38
99 100
24 15
104 1
102 3
108 113
97 37
3 29
27 61
48 91
34 77
113 33
16 65
81 9
24 99
7 69
41 35
4 90
21 85
88 17
77 61
24 75
11 9
10 13
106 105
3 89
1 31
91 116
53 39
39 92
46 6
84 80
27 62
11 38
57 109
53 19
92 75
106 50
56 114
50 2
103 77
49 92
4 96
51 99
54 65
6 57
58 78
59 83
28 12
45 103
109 51
3 96
6 5
103 49
4 63
99 5
110 31
71 48
55 28
47 31
98 89
33 34
77 109
1 92
54 67
10 22
17 43
47 94
64 26
72 25
113 103
10 112
85 55
68 104
88 103
112 4
64 43
57 20
50 95
23 52
103 35
22 96
49 102
3 41
44 52
55 68
26 5
4 6
57 31
67 30
49 106
23 111
10 40
103 3
37 94
105 71
15 105
105 32
47 42
55 64
70 23
44 96
33 6
15 46
29 6
27 98
34 66
62 106
57 100
102 54
20 77
67 4
86 102
41 33
2 74
44 22
65 92
25 77
90 25
64 78
77 71
61 116
67 106
52 41
18 103
28 105
18 32
99 37
46 4
30 48
98 40
63 65
53 103
1 58
71 53
48 106
60 35
91 32
87 82
48 55
67 56
103 63
4 36
89 41
56 69
43 22
111 33
22 70
3 98
61 59
75 68
90 77
84 17
64 77
32 56
1 44
78 28
115 102
93 91
80 10
117 70
86 71
89 110
29 117
6 104
90 34
15 99
111 1
113 5
10 104
115 60
46 110
20 5
16 33
70 52
28 41
114 26
48 101
111 116
21 55
27 102
73 57
72 78
102 75
109 32
51 69
41 57
20 63
112 41
67 77
113 29
16 73
43 30
14 56
50 21
77 68
85 27
97 48
47 87
89 78
81 19
90 114
32 47
86 19
74 115
70 58
52 48
16 115
72 24
5 65
31 74
70 41
36 114
53 98
33 47
100 107
9 43
7 63
98 13
7 104
56 9
84 26
33 76
65 22
82 104
25 52
56 27
8 89
8 10
106 47
42 77
15 91
4 113
83 65
45 60
71 107
106 98
40 62
78 21
98 112
88 18
27 101
3 64
83 72
82 5
97 71
33 39
106 59
112 76
76 84
117 37
93 1
79 10
87 42
105 39
39 21
89 66
62 54
72 30
116 5
33 108
42 35
49 110
68 110
109 37
71 94
114 39
88 82
28 92
9 75
96 68
54 111
20 17
94 9
109 15
97 31
95 15
59 72
82 107
67 73
54 34
12 85
60 61
14 28
97 18
39 65
58 31
28 39
73 10
103 1
56 10
103 25
81 107
21 33
25 81
82 113
10 46
90 104
52 6
59 12
9 100
95 53
61 56
2 99
38 66
107 46
17 52
95 73
54 53
49 36
49 75
12 116
37 46
19 110
24 66
45 35
106 37
117 74
83 28
113 100
42 101
85 17
64 4
50 74
80 50
88 62
84 108
10 96
16 82
99 3
5 43
88 109
43 55
73 86
87 96
107 19
67 62
22 71
21 4
27 10
99 105
90 19
46 42
110 106
78 90
90 35
11 81
108 67
25 97
56 80
71 85
50 75
42 86
101 20
110 10
103 10
44 19
96 62
15 53
36 2
26 65
5 60
102 29
13 12
22 3
60 39
61 68
22 84
56 97
17 112
78 13
59 15
13 69
76 86
77 57
66 106
93 34
52 47
94 15
114 55
52 63
58 94
55 63
101 49
20 30
67 18
54 14
23 34
101 116
81 17
13 117
88 28
5 74
37 19
73 23
107 49
99 60
28 75
45 74
15 27
16 96
59 28
37 26
115 98
15 31
12 111
49 112
66 47
106 40
61 71
35 24
13 9
29 36
107 52
107 50
17 36
48 83
70 65
8 66
15 76
97 67
68 59
4 20
69 72
58 82
5 80
110 63
22 17
74 18
72 40
58 91
47 54
52 94
103 108
74 34
116 39
33 7
114 61
54 35
16 14
7 37
16 104
75 12
33 32
59 84
114 37
60 15
46 91
90 41
66 40
4 86
40 87
56 49
83 31
14 9
96 15
4 79
69 89
8 103
93 5
5 16
59 22
73 56
109 60
103 86
96 79
93 69
79 69
25 4
60 113
101 89
68 91
3 47
69 86
17 50
34 87
14 55
95 79
21 98
19 83
90 45
4 10
92 117
25 92
55 49
35 101
8 27
42 13
117 56
104 75
89 13
26 91
8 112
7 39
85 74
42 33
20 88
71 6
70 45
56 21
50 32
2 49
3 84
25 13
53 22
26 93
83 1
102 20
102 12
51 63
95 94
67 72
69 33
71 50
38 68
48 92
63 97
87 52
15 20
86 33
59 92
57 11
55 75
101 57
74 77
62 103
93 21
21 76
102 88
79 23
117 64
50 79
106 88
23 50
112 103
56 66
50 47
73 11
79 100
39 68
112 58
8 36
98 73
114 15
58 4
92 82
107 5
43 76
16 56
8 31
114 103
28 51
14 86
41 8
72 29
83 88
7 53
90 101
7 18
49 69
96 60
8 22
55 107
39 40
110 114
13 28
7 67
44 112
48 74
8 99
47 84
91 41
70 115
43 62
101 21
72 4
52 61
69 102
109 27
75 107
91 54
105 84
19 80
39 78
113 22
46 2
91 52
17 21
83 14
93 29
28 1
104 110
78 80
15 84
93 84
27 7
29 53
13 48
51 80
8 3
78 50
52 102
91 16
43 54
24 11
31 107
111 35
87 17
31 9
30 47
61 14
7 12
82 100
30 98
10 105
38 106
71 69
116 13
25 116
101 76
68 64
68 51
39 27
91 103
71 58
101 2
99 44
112 105
93 38
111 103
39 30
1 57
103 92
99 9
66 32
5 81
9 102
4 2
48 85
10 33
71 55
96 36
17 86
112 91
100 116
88 41
7 16
57 40
72 63
116 43
43 73
113 91
110 77
104 19
76 99
64 86
79 113
13 84
85 90
112 6
27 58
108 44
20 110
98 61
25 49
99 63
32 26
86 98
35 89
103 44
6 76
66 1
85 28
28 11
114 17
40 12
71 47
44 49
79 42
33 105
107 104
34 59
103 106
40 44
87 38
32 111
8 78
83 17
115 52
14 112
113 41
12 73
30 37
76 56
75 13
62 28
91 13
12 83
55 72
86 41
14 41
81 92
117 30
45 55
116 55
113 26
20 40
93 53
109 79
90 58
36 62
50 61
84 116
75 100
97 86
102 23
10 111
97 91
34 5
42 85
30 107
87 107
14 63
30 44
71 99
30 90
16 13
94 73
97 95
48 53
63 87
60 20
83 61
96 37
18 65
41 117
82 54
24 8
31 49
86 78
5 36
106 46
108 16
49 111
86 43
35 18
103 82
76 4
39 82
18 60
5 106
37 71
104 100
87 99
5 97
83 116
58 9
76 9
41 73
2 106
70 67
101 30
80 71
31 116
104 81
65 37
13 39
9 21
78 57
41 106
84 82
69 105
41 45
38 86
56 95
9 19
85 51
55 79
18 10
30 33
32 61
55 3
104 63
59 32
40 77
109 43
87 11
2 86
10 97
7 54
90 95
75 48
4 80
92 35
66 103
76 95
117 18
63 59
64 37
88 101
32 93
8 39
107 92
5 54
23 7
2 31
51 77
6 95
40 36
92 19
69 83
95 102
37 104
95 14
81 35
44 82
78 82
70 87
98 105
97 53
103 57
40 92
94 109
20 26
4 23
38 53
41 109
81 21
74 12
117 87
52 66
114 4
1 94
104 53
98 49
6 82
82 17
49 70
14 35
55 90
40 14
90 116
1 59
88 90
116 9
12 48
96 20
27 2
20 22
85 105
27 47
5 102
86 95
28 16
114 48
33 97
37 13
77 98
87 58
1 50
111 97
66 79
75 29
44 116
87 94
90 50
39 15
42 31
59 30
85 40
72 38
18 16
10 102
106 3
55 82
26 61
68 6
53 80
109 10
110 62
17 11
16 111
80 92
108 507
1 2 3 4 5 6 7 8 9 10 11 12 13 14 15 16 17 18 19 20 21 22 23 24 25 26 27 28 29 30 31 32 33 34 35 36 37 38 39 40 41 42 43 44 45 46 47 48 49 50 51 52 53 54 55 56 57 58 59 60 61 62 63 64 65 66 67 68 69 70 71 72 73 74 75 76 77 78 79 80 81 82 83 84 85 86 87 88 89 90 91 92 93 94 95 96 97 98 99 100 101 102 103 104 105 106 107 108
1 2 3 4 5 6 3 8 9 10 11 12 13 14 15 16 3 18 4 19 21 22 23 24 3 26 1 28 29 3 22 32 28 34 35 36 19 19 39 3 25 42 43 33 45 1 47 3 44 50 51 52 53 54 39 56 57 58 12 60 26 62 63 64 34 66 67 68 69 4 53 72 73 1 75 72 77 1 3 80 81 39 56 84 25 86 87 88 89 21 91 86 93 94 95 84 25 16 99 28 3 102 53 41 17 106 72 4
96 62
24 33
74 2
12 78
64 27
78 55
36 29
70 47
11 69
60 85
60 97
39 97
59 12
15 62
35 16
95 64
102 75
16 6
38 81
96 54
42 45
40 10
98 78
34 43
100 97
65 52
70 19
18 64
27 94
81 32
25 45
16 38
105 22
41 104
22 99
96 91
101 42
78 85
21 44
21 90
102 106
42 75
41 97
29 56
51 22
25 97
107 40
3 48
15 75
79 25
84 12
78 27
47 32
59 14
84 17
37 13
73 34
67 91
71 12
73 36
26 44
25 101
7 72
49 94
29 88
100 71
96 56
93 55
13 54
24 34
79 80
68 36
98 11
44 67
77 61
55 6
82 53
20 32
50 39
32 31
64 21
63 67
52 16
48 104
70 9
94 91
83 103
27 46
37 67
108 89
15 92
103 69
40 77
49 19
98 104
67 82
49 13
64 80
90 40
74 32
108 90
88 37
8 107
86 37
76 72
94 103
33 102
68 93
5 107
46 80
69 9
20 54
108 36
93 49
39 65
35 5
68 96
36 58
30 108
27 34
35 3
70 108
59 67
48 88
82 88
22 31
72 81
23 107
77 8
92 86
48 102
104 9
40 38
30 29
40 41
82 37
85 97
14 49
75 40
50 53
9 10
34 65
72 57
47 74
33 45
17 105
7 95
86 2
39 67
79 49
49 74
91 106
102 77
22 53
16 61
34 64
78 39
51 10
1 11
91 47
74 82
11 74
60 101
34 79
44 97
56 83
3 103
33 44
9 3
27 18
7 47
1 50
61 6
68 5
70 93
90 24
51 62
87 47
62 1
15 89
21 88
90 53
3 98
81 105
74 50
9 17
82 107
16 92
56 59
92 45
46 74
32 65
43 47
100 56
1 74
15 93
67 33
105 75
104 37
74 19
89 68
13 74
93 62
70 40
52 92
19 30
75 58
46 73
84 67
83 50
57 1
76 30
98 83
76 21
64 105
66 46
103 71
100 70
55 79
35 31
61 71
22 29
88 15
36 22
3 101
76 104
97 36
70 48
12 40
38 68
82 28
83 70
23 15
76 90
51 92
85 101
39 5
20 28
57 22
73 65
81 101
63 17
31 50
57 106
36 98
101 5
64 35
76 71
55 82
30 106
60 21
23 36
31 17
30 64
16 44
78 86
38 29
106 98
26 61
32 11
97 42
91 100
33 65
56 19
46 18
54 32
9 93
41 43
71 106
97 49
19 62
21 2
59 22
86 75
68 62
6 68
38 87
84 23
12 93
103 86
1 52
84 60
4 94
63 82
5 55
91 42
91 61
12 26
76 18
28 66
37 96
83 2
64 14
72 54
97 19
104 93
29 43
12 77
34 90
58 52
8 91
32 41
90 17
54 30
64 92
74 15
12 75
38 96
28 41
16 105
67 74
74 4
69 17
50 20
1 108
83 26
89 24
32 76
79 48
102 95
4 108
15 95
74 26
54 52
34 39
47 57
17 7
42 107
60 39
20 45
24 88
108 27
1 10
34 26
89 67
83 64
32 36
108 17
64 24
60 38
94 76
6 33
96 69
8 81
5 33
31 36
108 84
104 17
19 40
108 63
65 50
11 2
78 36
67 94
71 53
10 76
92 17
95 78
64 26
58 17
20 47
34 93
54 33
96 87
29 55
55 86
65 89
9 46
40 99
84 9
98 89
47 94
52 61
11 38
64 84
84 96
16 98
17 53
108 53
15 61
98 52
7 37
33 107
60 2
15 27
89 41
100 60
79 71
3 40
33 46
48 61
40 66
29 18
17 78
84 10
23 49
87 6
15 67
74 51
19 37
85 108
43 105
27 74
100 33
30 70
20 23
4 84
18 1
21 16
57 7
91 59
104 99
95 75
105 33
20 31
80 68
103 31
35 70
25 40
12 60
28 76
95 59
64 37
14 3
85 95
2 52
17 55
101 73
20 73
96 76
91 11
34 70
95 104
89 102
26 7
79 95
62 64
59 29
79 46
40 79
101 16
96 88
7 89
45 38
62 34
17 48
30 48
44 7
17 3
23 58
64 39
7 29
96 99
54 51
36 13
78 100
54 71
72 73
3 80
96 15
70 36
8 24
71 3
57 25
68 99
93 83
1 15
76 25
84 40
84 45
83 5
107 72
6 13
65 8
39 85
62 102
18 21
104 20
101 95
49 37
40 20
8 49
8 14
37 35
11 99
100 28
10 35
1 104
39 82
92 53
75 94
49 44
20 22
8 32
16 28
103 16
52 6
100 68
55 77
76 48
86 19
55 10
24 46
37 95
88 102
17 52
20 107
