10
387 862
1 2 3 4 5 6 7 8 9 10 11 12 13 14 15 16 17 18 19 20 21 22 23 24 25 26 27 28 29 30 31 32 33 34 35 36 37 38 39 40 41 42 43 44 45 46 47 48 49 50 51 52 53 54 55 56 57 58 59 60 61 62 63 64 65 66 67 68 69 70 71 72 73 74 75 76 77 78 79 80 81 82 83 84 85 86 87 88 89 90 91 92 93 94 95 96 97 98 99 100 101 102 103 104 105 106 107 108 109 110 111 112 113 114 115 116 117 118 119 120 121 122 123 124 125 126 127 128 129 130 131 132 133 134 135 136 137 138 139 140 141 142 143 144 145 146 147 148 149 150 151 152 153 154 155 156 157 158 159 160 161 162 163 164 165 166 167 168 169 170 171 172 173 174 175 176 177 178 179 180 181 182 183 184 185 186 187 188 189 190 191 192 193 194 195 196 197 198 199 200 201 202 203 204 205 206 207 208 209 210 211 212 213 214 215 216 217 218 219 220 221 222 223 224 225 226 227 228 229 230 231 232 233 234 235 236 237 238 239 240 241 242 243 244 245 246 247 248 249 250 251 252 253 254 255 256 257 258 259 260 261 262 263 264 265 266 267 268 269 270 271 272 273 274 275 276 277 278 279 280 281 282 283 284 285 286 287 288 289 290 291 292 293 294 295 296 297 298 299 300 301 302 303 304 305 306 307 308 309 310 311 312 313 314 315 316 317 318 319 320 321 322 323 324 325 326 327 328 329 330 331 332 333 334 335 336 337 338 339 340 341 342 343 344 345 346 347 348 349 350 351 352 353 354 355 356 357 358 359 360 361 362 363 364 365 366 367 368 369 370 371 372 373 374 375 376 377 378 379 380 381 382 383 384 385 386 387
1 2 3 4 5 6 7 8 9 10 11 3 13 14 15 16 17 18 19 20 21 22 23 24 3 26 27 28 29 30 31 32 33 34 35 36 8 38 14 40 21 42 38 39 45 46 47 48 34 50 51 52 53 41 55 56 31 58 59 60 61 42 63 64 65 66 67 68 69 70 71 72 73 74 24 8 77 78 79 32 81 82 83 84 30 86 6 88 89 90 9 92 93 94 95 96 8 98 99 100 101 102 103 62 105 106 107 108 109 110 111 77 24 114 115 116 65 118 119 120 121 122 123 124 116 2 102 128 129 24 131 132 133 134 131 2 137 138 139 140 34 142 114 144 145 146 41 148 149 150 151 8 138 154 155 133 157 155 127 64 161 96 163 164 165 166 167 127 169 170 171 172 173 174 175 3 177 178 6 120 24 182 183 184 185 112 187 127 189 116 191 192 144 194 98 6 30 86 199 115 201 202 202 163 97 162 58 208 209 21 211 212 11 22 157 216 217 218 11 24 221 222 223 224 225 24 227 228 229 230 231 1 121 234 6 236 81 8 239 240 241 158 243 179 120 246 51 3 249 169 37 252 3 127 255 256 257 258 77 260 261 116 211 264 98 97 267 158 269 162 150 5 222 95 30 276 245 278 279 141 281 169 66 284 127 6 287 114 41 81 32 106 170 106 102 105 239 139 84 38 158 239 23 81 17 150 213 308 20 24 83 11 313 262 79 316 24 318 319 320 321 32 134 3 112 326 68 222 84 330 331 71 179 16 60 336 337 139 339 83 313 342 343 24 221 346 290 348 150 84 229 24 131 284 50 356 140 358 130 326 290 362 363 140 365 179 367 368 369 370 16 105 63 322 375 228 9 378 107 380 381 157 383 42 309 386 116
360 94
179 349
224 18
270 171
247 72
218 134
127 168
256 34
114 268
267 205
99 103
298 338
317 50
331 26
236 181
325 131
16 167
148 95
127 298
209 286
383 85
136 113
88 196
106 16
100 308
259 77
170 75
149 44
23 314
226 81
36 330
210 21
161 40
130 201
144 247
240 193
51 19
303 13
177 188
309 115
118 334
309 20
76 8
219 232
244 179
222 95
17 305
332 36
16 133
227 168
226 317
109 156
317 310
119 372
112 181
5 31
316 1
248 2
38 249
201 329
289 35
315 79
359 329
363 59
206 363
174 325
298 120
197 14
228 293
375 60
314 384
250 144
357 140
267 219
85 132
48 377
384 221
292 260
63 377
239 15
351 365
81 304
337 316
77 344
166 129
169 363
312 11
256 98
262 120
259 298
2 210
254 168
322 374
83 340
220 317
94 314
96 16
379 300
385 153
307 303
275 30
254 240
313 376
192 331
5 279
326 186
132 363
325 186
229 158
202 203
30 346
363 318
224 192
77 112
368 10
184 217
46 300
379 107
132 148
134 169
80 44
183 15
187 309
217 60
2 11
42 1
129 30
302 297
265 195
68 327
232 1
340 310
134 323
217 383
75 146
38 43
139 338
274 225
262 125
162 96
46 115
55 306
357 121
283 66
112 97
95 274
180 93
186 26
157 203
268 158
162 208
215 276
29 200
381 358
353 199
191 123
190 357
279 191
197 303
20 365
106 335
324 176
284 251
243 175
1 356
189 126
6 346
97 377
154 295
30 128
50 355
367 166
76 350
292 371
328 244
345 114
13 28
336 19
314 266
327 179
249 247
196 216
230 305
289 147
255 347
216 362
136 2
97 292
25 3
51 247
313 362
260 59
299 344
325 167
188 159
98 265
148 322
79 162
291 32
335 60
346 366
155 228
241 79
215 157
387 256
305 10
122 207
203 74
291 322
177 335
226 233
200 137
229 351
301 242
311 157
216 57
322 64
171 216
4 22
250 349
68 370
54 41
207 84
10 243
325 289
148 374
197 345
307 244
341 299
106 248
371 334
262 163
342 340
127 102
121 233
207 199
342 378
329 239
187 65
261 350
373 173
180 3
288 114
297 121
179 189
228 331
269 6
319 335
259 377
200 259
41 8
145 119
286 98
134 306
169 129
116 114
222 251
313 341
116 387
311 29
271 108
67 47
32 190
57 343
343 208
110 312
80 365
217 18
135 165
284 308
89 172
207 58
13 22
36 206
219 213
82 37
296 105
234 82
259 339
93 366
14 165
159 33
333 304
214 335
236 129
349 271
63 100
69 335
247 311
72 273
177 166
77 281
106 386
3 63
15 173
188 225
206 21
49 242
101 74
303 23
150 271
255 184
234 351
220 312
289 268
118 319
150 123
117 352
27 142
239 355
184 70
342 203
211 62
155 73
77 165
293 361
382 224
226 273
303 63
40 383
238 152
307 149
27 108
245 154
269 367
345 221
318 267
225 63
336 93
21 132
155 158
81 290
336 116
239 62
352 264
372 352
31 265
264 255
214 22
115 162
375 102
32 265
238 91
149 20
144 244
251 105
69 261
387 125
156 337
143 132
107 137
184 4
98 90
162 123
78 342
378 42
250 169
150 84
123 236
273 222
8 381
239 302
384 80
153 377
131 145
227 289
275 277
134 90
272 5
253 265
196 286
16 218
281 130
329 294
167 163
169 196
385 233
163 2
223 385
63 291
56 71
353 6
236 364
114 376
134 23
163 39
152 97
374 137
86 198
302 320
111 382
193 311
253 74
53 135
376 57
318 212
17 301
363 262
130 359
267 129
203 349
351 164
85 197
63 373
34 28
95 192
299 168
221 371
130 75
287 366
303 102
39 14
24 220
78 129
359 341
138 289
327 269
6 289
282 169
306 271
272 275
95 169
361 181
158 251
174 135
30 81
8 341
235 87
354 296
136 84
168 92
85 275
306 13
363 373
64 382
101 342
83 135
181 108
127 295
229 248
47 251
346 364
126 219
301 360
48 14
210 33
5 303
142 231
353 56
303 118
112 332
116 62
95 174
324 63
114 160
62 55
31 186
215 254
206 224
33 297
126 170
98 27
223 206
38 300
353 131
307 213
97 205
141 262
341 87
145 264
44 247
50 104
245 250
65 220
34 49
370 336
130 380
383 274
53 266
36 18
325 24
340 196
147 41
162 83
376 148
19 28
25 253
120 18
67 329
261 145
12 176
35 30
31 57
7 247
74 75
346 231
249 289
290 323
288 252
382 199
206 270
255 155
199 172
130 352
104 62
94 187
339 243
148 153
139 321
227 49
198 219
8 43
169 371
264 106
62 384
106 238
295 15
332 298
75 73
138 153
251 225
310 372
211 103
120 99
366 371
316 55
46 2
379 171
347 361
51 359
114 143
184 321
65 117
131 79
47 95
380 2
46 216
332 71
354 289
41 21
41 253
328 198
148 280
66 162
34 217
362 310
260 302
188 351
171 143
283 100
185 109
327 248
6 193
66 243
237 304
304 374
120 180
65 345
372 105
128 106
364 89
71 206
377 91
220 91
160 213
82 233
161 106
69 15
173 165
33 306
89 198
289 150
6 240
144 267
140 233
302 262
308 288
354 152
271 147
169 184
294 15
184 64
379 13
22 257
346 19
205 201
105 117
239 45
112 266
128 178
202 268
304 370
6 69
43 39
140 332
156 65
279 356
351 14
280 5
77 66
52 103
6 72
371 16
108 6
74 143
288 221
387 99
213 332
254 344
350 84
109 331
62 226
120 245
375 40
16 378
277 245
144 151
190 125
353 135
51 105
354 284
120 138
65 339
275 196
48 175
193 144
286 195
285 321
289 282
215 153
329 84
335 211
148 240
366 244
217 270
174 172
108 152
55 152
16 319
361 194
146 247
379 223
179 333
381 333
375 272
58 129
65 223
366 25
286 179
146 209
129 386
170 225
110 215
255 263
70 100
83 247
260 283
322 122
160 64
247 20
192 69
213 11
79 291
351 41
127 64
41 199
313 206
204 203
49 59
76 299
387 107
357 109
55 93
375 4
100 321
318 71
13 317
69 16
376 211
361 323
326 360
299 350
80 291
105 42
93 11
375 339
151 356
370 1
92 75
289 83
302 367
166 155
248 230
112 287
257 198
156 133
375 149
17 108
331 160
113 350
37 251
101 157
110 361
4 3
116 190
339 359
56 18
161 29
75 181
352 158
295 314
165 202
18 65
9 80
65 179
350 163
279 125
155 363
40 233
291 376
36 348
292 83
170 293
270 162
364 140
39 124
273 328
382 157
286 6
360 267
285 127
70 60
211 263
361 326
257 313
302 231
168 159
190 132
273 172
43 5
100 239
163 116
171 172
301 158
378 323
239 322
101 23
265 251
148 139
25 23
176 275
334 228
170 198
208 213
141 49
140 25
361 258
142 208
58 308
369 10
162 190
82 179
153 286
265 68
153 300
18 301
128 332
303 44
204 330
306 81
194 149
24 75
239 182
193 125
346 287
356 7
152 37
33 109
387 93
82 28
181 380
220 90
9 91
384 197
224 117
328 297
321 52
261 123
379 372
253 103
246 262
280 141
314 262
241 6
228 376
214 117
67 38
369 45
341 171
260 364
2 156
170 273
336 223
385 309
152 8
42 197
333 232
373 349
143 334
243 232
82 61
142 3
145 370
230 72
300 158
294 292
357 213
143 283
159 26
379 110
387 352
276 207
241 242
23 179
371 338
178 18
294 106
12 196
105 45
3 248
167 240
347 225
186 112
285 25
62 70
64 170
33 196
126 136
247 180
187 345
87 55
32 262
87 6
299 228
372 63
163 204
135 279
245 363
278 3
200 115
12 3
248 6
43 326
96 206
44 39
72 184
256 83
119 52
344 317
195 335
96 9
113 24
305 715
143 156 179 49 276 117 152 115 139 273 163 36 190 33 294 32 264 186 116 239 236 18 222 17 162 279 7 141 126 91 110 45 20 158 74 252 7 220 228 16 237 186 258 262 60 167 271 288 257 197 269 134 216 37 24 168 167 279 161 59 258 9 301 64 304 119 61 41 78 126 161 240 111 301 205 130 294 97 148 216 60 298 20 225 233 47 25 61 146 77 255 210 232 293 93 256 298 146 47 212 113 189 78 214 1 132 63 189 262 63 126 95 274 21 186 66 152 227 210 31 66 99 245 88 20 126 233 99 159 112 177 90 138 184 14 210 212 137 126 43 12 26 71 82 132 147 32 116 170 115 79 118 265 130 156 114 12 116 277 47 240 257 15 165 214 121 231 92 105 5 278 109 227 186 44 229 100 73 240 103 112 63 191 48 5 158 115 125 6 16 190 226 166 279 276 27 65 290 271 265 156 59 110 86 41 160 219 176 195 274 246 220 135 221 294 125 233 140 239 200 123 168 4 138 251 114 125 245 92 52 144 289 300 214 251 121 3 17 10 148 61 151 217 288 236 195 127 249 174 160 221 174 166 21 120 39 40 245 278 198 116 136 135 131 232 129 79 88 28 195 65 264 97 41 66 236 41 268 181 286 31 172 216 298 215 181 1 252 99 129 127 285 273 286 162 133 94 290 130 267 19 282 144 96 42
1 1 1 1 1 1 1 1 1 1 1 1 1 1 1 1 1 1 1 1 1 1 1 1 1 1 1 1 1 1 1 1 1 1 1 1 1 1 1 1 1 1 1 1 1 1 1 1 1 197 1 1 1 1 1 1 1 1 1 1 1 1 1 1 1 1 1 41 1 1 1 1 1 1 1 1 1 1 1 1 1 1 1 1 1 1 1 1 1 1 1 1 1 1 1 1 1 1 1 1 1 1 1 1 1 1 1 1 1 1 1 1 1 1 1 1 1 1 1 1 1 1 1 1 1 1 1 1 1 1 1 1 1 1 1 1 1 1 1 1 1 1 1 1 1 1 18 1 1 1 1 1 1 1 1 1 1 1 1 1 1 1 1 1 1 1 1 1 1 5 1 1 1 1 1 1 1 1 1 1 1 1 1 1 1 1 1 1 1 1 1 1 1 1 1 1 1 1 1 1 65 1 1 1 1 1 1 1 1 1 1 1 1 1 1 1 1 1 1 1 1 1 1 1 1 1 1 1 1 1 1 1 1 1 1 1 1 1 1 1 1 1 1 1 1 1 1 1 1 1 1 1 1 1 1 1 1 1 1 1 1 1 1 1 1 1 1 1 1 1 1 1 1 1 1 1 1 1 1 1 1 1 1 1 1 1 1 1 1 1 1 1 1 1 1 1 1 1 1 1 1 1 1 1 42
157 171
60 160
124 87
199 161
268 20
122 5
153 27
46 33
117 145
265 197
302 124
18 105
171 207
100 107
4 303
290 244
22 242
282 134
222 299
123 79
287 304
177 3
124 156
244 264
224 216
137 61
209 214
102 109
107 254
256 220
272 185
239 205
101 157
86 50
268 82
154 73
149 49
241 82
226 117
221 190
31 283
153 51
56 259
38 225
18 230
28 71
180 29
82 45
74 160
202 236
123 144
124 11
262 285
262 15
110 298
120 149
197 202
91 15
229 239
200 229
155 208
248 147
240 198
65 280
288 19
119 213
171 265
167 95
140 123
244 175
246 43
122 265
275 89
5 230
24 67
76 43
204 6
175 268
206 268
205 148
238 177
20 155
216 26
118 289
85 162
18 119
138 81
23 18
260 84
55 134
173 196
92 189
253 147
204 70
76 170
218 198
84 236
98 77
90 109
119 123
117 70
179 228
35 137
60 117
19 53
60 142
218 130
177 129
26 157
120 46
252 290
39 248
150 75
227 279
289 15
20 257
213 101
113 79
17 110
64 152
180 87
79 252
105 280
138 30
260 65
240 34
219 87
14 34
182 53
168 72
99 19
230 281
85 138
31 197
33 125
182 181
141 247
299 154
191 257
160 92
159 175
4 158
24 293
186 123
209 188
86 149
190 153
84 16
276 204
36 119
146 54
238 113
261 179
78 279
259 239
296 295
12 185
298 199
93 92
73 224
252 66
206 54
173 43
214 213
241 251
23 53
204 242
129 272
256 176
303 103
54 208
305 268
111 203
1 119
247 112
34 74
49 20
249 22
81 208
20 285
219 170
38 23
153 287
165 128
82 236
52 288
71 108
120 121
302 14
186 199
290 31
81 19
276 24
216 198
229 214
255 19
104 218
189 32
297 30
215 88
263 32
256 117
289 176
218 216
265 55
192 48
303 126
82 292
152 178
112 135
96 280
158 15
158 60
297 254
256 17
45 62
115 65
196 66
197 37
98 7
78 25
186 117
281 160
98 103
277 92
297 279
266 291
214 254
295 271
193 300
243 45
107 148
47 86
66 22
71 182
234 297
117 111
246 115
41 4
280 234
65 80
186 66
169 100
259 271
24 249
148 192
133 50
108 41
250 50
62 178
45 183
152 228
289 230
17 41
60 107
148 97
30 301
67 40
103 143
177 276
267 113
41 154
245 194
149 181
129 181
121 230
143 301
79 34
145 212
87 230
29 225
38 63
144 233
127 125
146 243
136 82
15 180
66 127
277 101
124 222
60 223
197 56
52 71
299 286
38 37
77 39
56 107
195 35
11 197
109 236
289 61
228 104
257 1
267 148
157 106
222 109
163 89
99 37
51 163
98 180
296 127
258 283
15 122
205 233
222 238
253 198
192 186
240 202
45 188
15 201
286 283
175 156
163 166
70 262
253 55
46 242
71 54
29 255
295 227
245 187
252 170
278 148
5 250
72 40
75 92
159 105
104 132
194 230
112 151
203 144
37 11
123 78
179 259
283 190
103 301
191 287
198 22
171 20
71 77
173 16
211 299
35 179
178 19
81 107
60 203
107 302
176 236
168 183
111 225
212 50
165 178
284 101
133 275
53 234
242 256
70 225
205 54
244 269
62 61
140 287
206 40
273 216
234 80
18 22
285 83
118 50
159 242
14 97
223 211
5 144
129 130
208 4
299 44
268 129
180 262
248 173
186 25
298 139
216 270
300 26
92 267
25 251
168 119
206 247
261 103
74 166
54 231
19 207
9 207
211 45
204 144
214 69
264 11
288 284
4 54
193 252
85 235
228 99
304 154
235 205
241 15
142 163
100 151
52 39
262 225
186 5
125 242
267 114
90 19
12 58
25 192
77 122
178 172
83 22
17 47
56 115
164 4
2 265
126 18
207 258
145 239
40 9
29 49
297 186
107 135
131 214
23 135
75 14
299 141
35 231
2 51
253 133
13 249
256 56
33 159
197 20
125 212
108 146
22 100
71 5
242 198
20 302
89 268
117 245
132 56
159 238
7 148
199 57
230 81
197 217
225 199
298 197
39 112
106 238
10 123
59 226
262 294
117 177
221 236
169 292
209 227
298 36
186 181
148 159
95 141
8 194
224 119
155 55
13 160
291 117
247 99
131 2
293 154
86 89
97 102
130 217
80 225
53 228
140 183
213 80
81 130
49 37
174 125
284 146
161 208
12 218
279 73
103 205
299 55
5 20
116 150
160 235
220 197
116 298
139 184
41 186
11 29
18 179
195 220
172 45
297 163
267 80
25 54
268 117
218 207
88 290
207 259
226 112
277 215
22 265
290 202
243 283
2 304
242 152
222 73
73 266
67 260
299 292
21 59
63 285
46 215
163 106
108 22
206 20
79 187
115 31
270 73
54 284
174 33
241 178
127 3
251 71
51 195
23 87
90 5
135 130
302 136
296 224
30 132
102 158
231 222
20 270
127 82
54 38
50 164
117 136
65 238
179 216
101 107
47 230
14 108
113 146
270 229
171 238
17 30
257 117
273 106
270 228
288 102
215 80
61 38
245 282
265 182
53 77
158 85
76 281
218 278
105 28
191 35
272 252
148 238
11 57
303 210
297 223
232 215
161 59
182 195
301 206
145 227
6 232
101 300
45 73
83 92
69 289
40 156
181 143
302 193
53 43
8 263
274 173
121 101
201 197
266 228
65 133
263 42
280 256
161 270
20 94
242 43
196 96
281 156
56 92
51 279
252 142
79 151
265 14
90 231
181 110
179 99
16 12
6 38
131 292
226 248
229 145
294 93
275 82
232 111
260 191
35 36
96 93
45 285
14 292
67 191
207 186
87 259
256 4
256 153
162 250
188 53
145 284
284 8
98 290
166 263
167 232
96 23
116 28
274 154
95 51
189 27
249 11
89 95
1 16
68 124
162 132
96 256
1 45
97 33
221 196
148 283
89 202
158 46
285 32
14 148
80 265
197 117
20 191
123 50
65 119
81 210
84 148
108 49
258 5
100 256
297 101
282 216
276 227
270 301
62 224
163 58
71 32
111 289
280 172
293 142
225 163
193 186
36 224
235 60
210 43
42 60
179 237
64 118
237 197
27 188
119 183
179 200
90 35
93 78
234 128
128 59
17 283
200 282
176 182
178 72
228 247
237 37
264 270
234 28
134 47
12 27
118 270
67 252
6 280
187 127
271 83
163 269
143 94
212 159
163 156
58 269
97 43
294 143
58 218
94 234
69 190
194 66
424 1155
1 2 3 4 5 6 7 8 9 10 11 12 13 14 15 16 17 18 19 20 21 22 23 24 25 26 27 28 29 30 31 32 33 34 35 36 37 38 39 40 41 42 43 44 45 46 47 48 49 50 51 52 53 54 55 56 57 58 59 60 61 62 63 64 65 66 67 68 69 70 71 72 73 74 75 76 77 78 79 80 81 82 83 84 85 86 87 88 89 90 91 92 93 94 95 96 97 98 99 100 101 102 103 104 105 106 107 108 109 110 111 112 113 114 115 116 117 118 119 120 121 122 123 124 125 126 127 128 129 130 131 132 133 134 135 136 137 138 139 140 141 142 143 144 145 146 147 148 149 150 151 152 153 154 155 156 157 158 159 160 161 162 163 164 165 166 167 168 169 170 171 172 173 174 175 176 177 178 179 180 181 182 183 184 185 186 187 188 189 190 191 192 193 194 195 196 197 198 199 200 201 202 203 204 205 206 207 208 209 210 211 212 213 214 215 216 217 218 219 220 221 222 223 224 225 226 227 228 229 230 231 232 233 234 235 236 237 238 239 240 241 242 243 244 245 246 247 248 249 250 251 252 253 254 255 256 257 258 259 260 261 262 263 264 265 266 267 268 269 270 271 272 273 274 275 276 277 278 279 280 281 282 283 284 285 286 287 288 289 290 291 292 293 294 295 296 297 298 299 300 301 302 303 304 305 306 307 308 309 310 311 312 313 314 315 316 317 318 319 320 321 322 323 324 325 326 327 328 329 330 331 332 333 334 335 336 337 338 339 340 341 342 343 344 345 346 347 348 349 350 351 352 353 354 355 356 357 358 359 360 361 362 363 364 365 366 367 368 369 370 371 372 373 374 375 376 377 378 379 380 381 382 383 384 385 386 387 388 389 390 391 392 393 394 395 396 397 398 399 400 401 402 403 404 405 406 407 408 409 410 411 412 413 414 415 416 417 418 419 420 421 422 423 424
1 1 1 1 1 1 1 1 1 1 1 1 1 1 1 1 1 1 1 1 1 1 1 1 1 1 1 1 1 1 1 1 1 1 1 1 1 1 1 1 1 1 1 1 1 1 1 1 1 1 1 1 1 1 1 1 1 1 1 1 1 1 1 1 1 1 1 1 1 1 1 1 1 1 1 1 1 1 1 1 1 1 1 1 1 1 1 1 1 1 1 1 1 1 1 1 1 1 1 1 1 1 1 1 1 1 1 1 1 1 1 1 1 1 1 1 1 1 1 1 1 1 1 1 1 1 1 1 1 1 1 1 1 1 1 1 1 1 1 1 1 1 1 1 1 1 1 1 1 1 1 1 1 1 1 1 1 1 1 1 1 1 1 1 1 1 1 1 1 1 1 1 1 1 1 1 1 1 1 1 1 1 1 1 1 1 1 1 1 1 1 1 1 1 1 1 1 1 1 1 1 1 1 1 1 1 1 1 1 1 1 1 1 1 1 1 1 1 1 1 1 1 1 1 1 1 1 1 1 1 1 1 1 1 1 1 1 1 1 1 1 1 1 1 1 1 1 1 1 1 1 1 1 1 1 1 1 1 1 1 1 1 1 1 1 1 1 1 1 1 1 1 1 1 1 1 1 1 1 1 1 1 1 5 1 1 1 1 1 1 1 1 1 1 1 1 1 1 1 1 1 1 1 1 1 1 1 1 1 240 1 1 1 1 1 1 1 1 1 1 1 1 1 1 1 1 1 1 1 1 1 1 1 1 1 1 1 1 1 1 1 1 1 1 1 1 1 1 1 1 1 1 1 1 1 1 1 1 1 1 1 1 1 1 1 1 1 1 1 1 1 1 1 1 1 1 1 1 1 1 1 1 1 1 1 1 1 1 1 1 1 1 1 1 1 1 1 1 1 1 1 1 1 1 1 1 1 1 1 1 1 1 1 1 1 1 1 1 1 1 1 1 1 1
117 264
318 355
168 275
78 324
317 385
367 192
107 353
285 138
161 326
116 72
220 418
194 96
3 252
86 408
276 400
61 164
226 90
254 149
215 283
23 145
66 347
39 307
81 6
5 52
197 303
28 197
75 244
333 61
118 195
241 338
159 330
154 247
393 218
18 116
76 116
281 14
325 354
27 31
401 71
254 313
195 284
392 4
192 245
144 424
366 52
335 137
377 223
34 177
271 110
56 263
416 78
189 208
242 189
402 241
335 182
354 115
248 306
293 154
130 308
357 308
228 119
116 14
33 397
235 379
161 332
271 404
20 126
241 197
386 93
58 401
405 43
204 148
42 342
220 335
367 211
105 86
255 348
339 363
224 370
44 65
389 338
333 139
405 49
226 265
361 25
333 188
409 304
258 2
20 412
86 241
54 334
404 274
394 113
324 180
182 368
264 34
1 322
213 34
235 164
14 161
289 33
31 174
94 110
296 107
330 105
336 60
68 411
347 147
379 294
48 166
295 61
105 188
59 109
300 75
310 26
108 299
280 136
326 152
97 295
58 94
378 271
406 114
213 50
360 263
379 3
261 392
243 235
416 393
411 144
406 213
243 374
118 113
189 190
395 409
370 146
47 126
28 167
364 281
285 5
162 19
174 246
399 22
156 108
330 392
357 294
227 52
5 211
269 76
213 112
340 293
306 185
12 156
78 321
229 170
42 405
82 335
409 10
201 347
405 35
280 67
323 319
161 128
110 339
115 398
414 220
294 226
302 423
130 176
51 58
295 349
312 18
293 187
288 321
168 69
355 87
250 213
130 91
321 85
362 179
97 10
6 357
167 174
367 271
403 376
390 397
13 349
231 160
396 22
154 273
283 11
222 257
354 203
183 395
8 146
1 204
11 269
70 423
21 313
38 400
297 266
263 298
10 375
55 121
119 248
246 114
81 386
212 216
237 335
150 306
17 364
166 337
206 116
29 147
315 357
332 220
68 337
71 178
136 203
337 346
313 174
189 328
246 63
380 224
35 126
339 254
58 189
361 124
142 247
187 383
358 298
238 211
384 31
154 189
201 401
159 383
304 87
348 337
280 25
86 336
181 208
131 339
175 199
175 90
157 410
195 62
274 56
278 138
283 218
277 338
162 374
397 208
254 411
259 111
151 255
232 307
221 194
349 314
228 353
144 423
45 52
64 336
202 375
309 384
413 386
315 225
167 332
418 142
398 165
99 204
213 424
262 172
288 361
153 331
118 172
93 249
125 93
381 292
30 177
310 210
181 382
201 364
18 408
23 327
415 155
15 137
43 151
197 116
89 190
176 241
111 140
135 117
409 327
21 210
61 74
274 256
395 304
337 200
379 165
160 84
54 301
264 282
202 178
340 236
22 20
36 133
32 119
78 394
4 168
22 128
165 327
356 415
126 152
127 175
263 251
272 145
58 206
5 76
301 217
359 145
388 14
199 216
190 261
171 116
129 308
166 150
399 72
196 249
18 165
295 253
376 399
50 104
19 260
389 59
163 348
355 332
375 186
226 340
15 330
392 383
167 77
137 405
298 71
301 267
117 327
62 166
348 288
404 4
135 221
157 339
46 27
96 403
303 2
386 405
119 200
292 295
148 106
136 392
236 292
73 229
372 415
219 245
341 133
101 96
225 96
254 208
174 118
66 203
111 369
203 277
403 408
379 75
28 97
377 254
98 322
369 409
38 327
393 323
252 152
322 310
328 379
40 356
70 330
300 327
369 319
137 92
32 379
226 250
20 113
411 39
209 211
303 58
137 288
206 279
400 27
136 288
45 41
339 167
220 290
369 146
160 24
224 75
54 114
64 92
292 339
69 198
11 420
368 64
99 228
233 46
354 147
295 66
13 168
68 396
8 260
130 165
214 167
378 162
382 279
351 176
412 57
311 23
168 319
424 369
197 335
323 397
61 423
151 33
313 352
263 34
421 247
62 208
172 157
176 150
10 233
94 367
83 161
325 254
283 9
255 350
410 283
239 422
116 274
362 262
373 10
52 359
387 70
32 219
381 324
83 350
70 5
244 301
360 420
312 247
42 48
287 13
75 101
155 214
306 294
11 346
257 6
321 414
214 207
60 326
87 333
259 89
194 162
163 353
216 215
218 222
336 88
316 318
236 193
341 211
102 328
329 164
279 394
199 290
412 304
304 176
286 178
291 390
187 82
57 364
278 408
314 102
110 230
328 362
191 416
193 30
57 54
423 362
361 99
49 70
7 226
283 160
67 224
19 305
201 45
214 91
279 166
234 347
154 374
327 397
383 416
223 389
90 370
398 218
20 222
299 374
304 4
56 226
316 208
74 231
21 30
100 300
46 167
300 339
70 139
221 282
6 82
136 193
183 69
11 335
258 38
72 351
117 132
82 134
290 200
52 374
171 376
165 249
216 39
191 421
78 98
300 276
148 80
150 422
322 351
147 215
99 17
360 391
184 185
199 409
336 315
288 345
294 241
332 260
155 376
257 9
108 46
58 126
420 353
115 56
208 196
293 328
159 103
69 193
161 382
207 50
110 188
327 346
399 135
64 378
332 303
52 1
45 283
93 104
404 356
131 176
97 78
279 126
67 12
348 124
102 377
391 193
393 180
70 411
116 249
349 73
399 245
137 68
351 242
163 370
229 54
351 29
69 88
334 313
106 160
172 14
105 283
130 117
178 182
74 154
333 303
359 70
393 345
135 208
318 322
70 418
203 367
364 349
302 12
219 37
72 368
300 297
75 208
406 111
351 238
268 356
360 296
331 89
142 62
326 288
168 362
66 271
94 189
267 9
138 100
305 170
68 253
253 423
71 55
36 85
332 150
312 258
322 23
152 117
262 264
239 358
45 355
241 198
234 225
183 275
131 158
366 344
387 365
416 54
166 144
311 419
181 298
330 382
2 141
48 257
169 348
303 182
330 123
70 290
354 255
332 208
401 27
150 118
174 308
349 351
332 3
269 169
48 310
357 87
284 348
265 53
277 388
66 259
87 283
395 402
167 401
342 74
383 215
388 76
148 171
255 47
74 196
401 241
102 105
31 282
295 250
251 192
240 72
345 19
309 62
238 335
273 49
72 127
249 54
198 236
181 199
410 352
403 421
315 127
95 222
152 334
155 267
305 225
277 308
412 157
235 63
271 382
381 31
27 218
411 264
364 290
417 304
89 297
285 32
370 270
68 397
154 181
27 277
374 16
263 101
111 315
143 185
347 71
328 131
186 72
352 38
302 333
320 95
144 383
397 407
379 100
244 280
197 392
34 309
325 182
246 296
111 401
320 162
288 423
130 179
422 254
254 253
321 28
191 130
123 301
204 297
203 55
107 280
252 65
234 202
234 330
212 258
5 231
297 198
194 419
54 303
206 407
181 180
361 244
219 280
2 14
248 137
244 420
42 379
28 125
95 28
3 189
398 233
391 414
15 185
304 223
275 180
42 309
105 205
134 235
255 95
132 153
320 69
420 249
398 52
328 19
311 4
40 190
101 106
215 9
340 194
93 167
59 199
237 50
29 314
236 77
124 282
108 346
16 23
147 224
395 80
327 272
2 407
78 270
262 227
41 325
356 58
272 112
272 204
245 48
287 311
250 406
12 338
182 419
215 165
47 52
15 47
113 108
137 322
339 78
260 170
69 80
300 179
50 398
311 217
168 315
335 342
392 360
260 256
225 249
173 123
117 319
255 253
41 295
26 41
317 24
380 121
315 125
227 420
215 46
386 209
71 304
206 327
69 58
160 17
249 32
27 137
353 254
26 277
423 74
217 173
52 217
76 40
311 214
319 210
389 142
173 263
188 168
118 397
275 101
326 180
245 376
78 75
227 322
317 392
14 24
249 34
413 179
190 120
299 411
64 188
397 69
175 329
256 245
137 78
308 169
81 129
351 312
294 343
330 44
345 116
259 100
350 378
155 81
417 296
353 287
87 15
372 104
323 340
324 75
417 405
67 274
146 298
234 342
83 98
280 58
18 309
304 123
226 404
229 58
70 403
367 256
411 224
101 413
100 310
111 158
214 227
176 164
277 344
302 406
321 282
204 94
283 274
147 218
419 274
300 263
194 385
312 143
49 104
152 119
266 224
257 177
71 82
314 160
136 51
173 8
399 283
288 280
80 10
171 2
314 386
49 325
361 52
170 416
230 350
411 377
372 316
143 135
303 243
24 265
32 338
41 232
119 59
379 50
168 301
213 371
385 217
96 295
398 401
263 422
275 136
235 115
333 258
365 157
422 106
317 258
286 304
71 260
138 156
324 232
352 208
211 45
217 56
76 399
108 178
183 228
236 145
289 346
321 153
262 395
59 216
115 294
368 316
413 124
19 387
290 297
83 306
56 141
313 387
209 17
349 166
226 325
369 309
173 317
84 131
184 359
399 113
204 222
247 283
231 238
251 256
5 194
373 379
371 177
53 146
114 271
69 42
67 369
361 275
134 178
123 83
112 362
41 146
155 89
278 423
129 103
23 262
277 54
359 361
131 14
366 335
389 81
102 396
217 54
41 134
188 201
49 329
283 175
153 312
103 377
2 91
272 17
373 405
244 264
423 368
10 300
286 376
369 62
291 403
37 76
112 297
122 43
129 283
166 404
212 15
239 363
8 220
77 259
93 105
119 120
211 20
234 109
82 170
277 281
171 82
291 372
325 105
337 304
174 411
410 122
240 210
378 26
200 369
50 182
16 207
18 371
185 111
316 341
419 152
320 392
207 111
208 399
51 334
137 368
19 291
193 216
298 190
365 132
1 10
210 303
333 239
208 198
355 207
72 59
267 303
299 2
149 412
240 270
300 265
415 347
185 79
68 233
188 392
248 148
216 3
291 59
78 15
296 74
398 17
68 281
120 135
14 308
158 275
224 194
71 326
43 164
39 78
128 158
327 101
414 381
422 131
323 51
179 56
296 356
420 385
132 78
310 133
253 140
185 88
259 107
139 335
8 150
248 179
410 268
413 341
257 43
209 28
379 407
283 158
16 31
359 133
383 242
352 347
381 128
409 111
391 150
122 371
267 224
303 335
169 412
194 123
244 218
305 40
115 259
42 356
253 362
370 106
291 289
385 302
320 280
422 250
120 357
383 36
300 16
28 365
361 13
171 410
301 71
247 252
6 322
423 19
97 269
195 208
165 231
31 424
379 175
347 176
370 32
159 385
17 282
352 202
69 189
278 364
113 290
227 380
350 234
407 411
261 321
190 393
423 56
244 254
155 389
425 2412
207 85 89 101 392 401 210 318 133 137 296 65 282 278 403 51 48 166 186 197 118 374 381 139 2 191 136 405 128 415 34 417 13 277 380 158 2 420 299 180 149 237 23 409 342 389 40 344 24 192 325 423 298 177 150 140 416 419 257 316 66 262 119 65 164 384 354 201 417 67 188 148 232 412 121 347 111 240 183 349 121 281 293 388 166 335 410 189 418 375 407 224 44 99 314 38 383 5 114 145 107 354 25 107 23 331 185 373 295 58 363 210 342 165 408 422 154 104 182 368 81 194 313 271 219 181 329 38 382 150 3 6 424 413 93 211 109 366 267 355 185 211 62 167 24 285 236 30 280 233 34 368 231 261 288 199 401 32 93 79 14 227 317 103 265 172 197 197 367 120 24 106 42 141 318 175 385 140 97 284 40 404 200 18 259 179 271 20 43 55 418 290 310 248 41 153 194 60 111 7 108 75 146 257 241 323 15 261 335 407 236 417 111 8 207 282 59 415 63 158 274 176 407 21 378 88 404 327 190 219 172 78 291 320 310 305 362 304 217 399 262 263 80 138 222 85 308 13 210 302 327 348 315 247 256 296 163 97 115 280 373 35 281 204 102 213 18 307 419 346 146 299 183 321 1 147 414 217 307 410 350 176 291 228 314 237 255 319 369 4 209 139 65 53 117 312 393 97 75 121 332 338 164 189 315 101 43 322 289 276 57 173 82 112 86 86 261 275 71 47 48 117 102 322 63 362 197 237 263 158 424 293 157 222 387 78 355 405 134 195 352 397 142 270 234 384 363 409 3 349 121 366 287 354 316 67 29 295 50 229 140 273 152 169 410 205 91 342 13 72 145 70 399 132 227 401 112 5 361 358 275 56 93 63 180 407 350 342 400 68 151 331 421 223 10 85 20 187 245 76 47 162 46 222 86 319 217 298 202 333 307 82 352 324 66 299 155 152 134 4 222 417 221 305 323
1 1 1 1 1 1 1 1 1 1 1 1 1 1 1 1 1 1 1 1 1 1 1 1 1 1 1 1 1 1 1 1 1 1 1 1 1 1 1 1 1 1 1 1 1 1 1 1 1 1 1 1 1 1 1 1 1 1 1 1 1 1 1 1 1 1 1 1 1 1 1 1 1 1 1 1 1 1 1 1 1 1 1 1 1 1 1 1 1 1 1 1 1 1 1 1 1 1 1 1 1 1 1 1 1 1 1 1 1 1 1 1 1 1 1 1 1 1 1 1 1 1 1 1 1 1 1 1 1 1 1 1 1 1 1 1 1 1 1 1 1 1 1 1 1 1 1 1 1 1 1 1 1 1 1 1 1 1 1 1 1 1 1 1 1 1 1 1 1 1 1 1 1 1 1 1 1 1 1 1 1 1 1 1 1 1 1 1 1 1 1 1 1 1 1 1 1 1 1 1 1 1 1 1 1 1 1 1 1 1 1 1 1 1 1 1 1 1 1 1 1 1 1 1 1 1 1 1 1 1 1 1 1 1 1 1 1 1 1 1 1 1 1 1 1 1 1 1 1 1 1 1 1 1 1 1 1 1 1 1 1 1 1 1 1 1 1 1 1 1 1 1 1 1 1 1 1 1 1 1 1 1 1 1 1 1 1 1 1 1 1 1 1 1 1 1 1 1 1 1 1 1 1 1 1 1 1 1 1 1 1 1 1 1 1 1 261 1 1 1 1 1 1 1 1 1 1 1 1 1 1 1 1 1 1 1 1 1 1 1 1 1 1 1 1 1 1 1 1 1 1 1 1 1 1 1 1 1 1 1 1 1 1 1 1 1 1 1 1 1 1 1 1 1 1 1 1 1 1 1 1 1 1 1 1 1 1 1 1 1 1 1 1 1 1 1 1 1 1 1 1 1 1 1 1 1 1 1 1 1 1 1 1 1 1 1 1 1 1 1 1 1 1 1 1
344 163
310 84
348 63
133 184
62 374
126 259
174 327
106 207
265 281
194 40
44 78
121 407
108 65
424 254
203 168
331 313
94 51
77 423
296 134
5 160
106 171
308 225
387 289
97 176
238 167
298 92
83 199
205 12
131 94
283 153
191 51
167 153
46 107
189 29
207 17
160 71
143 323
243 99
219 19
307 157
70 373
26 308
416 305
422 103
41 256
92 77
192 188
298 30
230 275
57 103
77 330
188 11
36 134
196 175
98 287
407 412
28 305
224 93
7 365
107 356
332 410
306 330
76 238
244 239
154 386
149 403
293 333
375 46
409 406
29 282
397 101
35 24
262 288
122 40
180 75
307 233
17 255
354 75
274 12
49 149
197 416
417 43
46 38
102 172
393 318
283 70
356 121
317 6
162 17
203 413
125 38
310 421
113 205
230 347
370 56
33 353
417 214
133 402
248 336
208 107
353 31
194 358
74 262
212 421
63 121
177 353
342 276
325 346
327 390
260 149
70 323
174 187
175 7
139 254
368 352
56 125
91 41
241 32
241 21
32 192
210 136
125 75
58 292
331 309
96 178
345 70
13 310
204 181
201 71
425 96
134 344
97 105
418 376
299 424
157 220
60 198
238 139
107 102
418 98
193 24
330 146
358 215
176 117
76 394
111 411
77 138
244 312
118 42
29 299
328 168
85 170
151 280
148 277
93 330
103 115
241 38
387 158
168 2
139 410
300 260
170 240
175 286
138 108
175 375
251 203
320 177
142 235
343 300
33 217
61 348
6 353
134 65
130 318
209 43
82 231
20 300
209 162
185 49
127 234
108 19
233 194
208 61
305 61
362 20
90 404
184 263
216 18
255 241
48 418
66 195
323 285
8 363
165 326
36 212
389 2
386 387
349 30
184 51
165 78
90 377
335 153
264 328
70 15
266 155
35 259
129 262
335 391
362 75
44 30
230 200
408 213
130 421
115 424
221 150
10 111
247 318
59 152
94 288
138 240
205 188
128 60
57 44
369 221
137 63
107 202
425 394
350 326
274 90
131 308
364 400
80 233
115 262
161 341
121 129
253 384
263 367
253 225
205 394
243 383
131 310
233 394
166 153
341 340
409 114
180 14
353 389
191 54
27 97
318 196
313 97
43 37
241 100
127 414
165 168
257 243
121 18
154 226
147 236
70 129
207 298
229 198
383 171
117 38
188 138
252 164
163 253
113 210
99 265
124 139
43 187
266 215
240 168
104 12
109 250
296 350
134 258
340 283
304 372
279 16
367 284
77 113
176 81
218 264
134 56
171 346
106 217
305 118
44 3
177 228
358 312
278 404
291 360
29 93
43 206
309 417
17 185
26 337
391 31
269 257
332 300
254 219
352 123
409 41
207 8
209 304
262 26
154 403
208 228
67 21
110 271
95 264
114 274
169 403
425 45
141 131
296 230
197 223
288 255
228 365
28 120
98 391
293 189
307 185
260 70
337 253
191 217
47 247
90 152
405 366
279 363
259 43
360 330
93 68
178 110
255 191
70 228
188 148
228 175
214 80
182 423
296 345
195 40
246 205
386 210
133 245
333 417
252 316
156 234
237 18
28 79
202 235
79 196
19 48
358 205
195 361
48 252
155 396
38 50
159 191
329 53
141 10
38 296
161 320
56 127
352 360
21 107
331 243
165 161
345 136
165 351
397 119
159 369
233 39
275 44
274 277
172 181
49 379
17 88
67 111
223 142
396 199
194 50
89 123
79 361
266 283
102 79
153 186
240 204
398 19
214 345
309 419
32 389
282 80
195 114
331 334
16 152
331 191
243 234
225 156
386 84
392 398
185 269
124 331
350 112
241 155
173 344
372 298
327 244
202 399
169 251
27 220
96 61
221 371
243 352
44 354
415 67
80 324
222 419
68 390
100 196
30 70
352 173
224 382
127 374
100 423
396 35
194 292
6 174
378 393
160 61
277 251
394 388
92 204
227 370
26 296
262 8
371 309
305 302
22 4
423 148
382 260
53 19
246 202
408 129
29 344
190 180
83 197
127 164
369 371
368 76
204 12
198 107
319 11
197 138
320 191
375 92
393 411
46 19
324 150
424 221
9 243
177 392
137 23
337 181
76 353
15 375
87 283
401 214
171 392
333 202
89 348
250 364
369 6
305 208
307 68
416 70
29 285
247 22
183 99
97 259
140 281
235 145
285 11
262 200
304 306
26 269
263 348
375 5
322 343
420 14
246 352
332 325
358 176
266 74
62 362
42 290
296 243
201 159
239 384
35 407
411 18
279 398
275 129
39 115
236 121
371 50
237 49
184 86
320 106
281 75
402 65
144 292
181 21
161 23
291 381
171 267
334 373
73 64
299 403
118 148
133 353
145 268
380 304
104 413
91 269
40 390
50 347
361 236
169 280
130 164
13 263
134 150
60 90
120 325
283 76
118 183
156 376
285 281
314 129
368 275
7 262
345 60
282 344
40 159
226 188
61 94
165 48
89 134
45 370
3 36
422 74
373 383
178 321
151 267
71 166
69 219
147 326
259 168
87 133
419 87
224 352
74 153
59 412
56 257
132 74
411 368
348 377
47 165
283 149
185 203
265 353
212 403
106 373
318 357
187 166
293 371
182 302
222 298
91 60
71 275
377 38
51 131
331 364
209 118
69 13
298 319
276 337
83 79
222 47
182 87
371 182
367 301
309 168
380 158
256 350
188 333
286 385
192 114
403 131
87 371
244 296
90 42
375 142
354 421
384 380
111 125
96 38
352 415
126 85
410 224
275 325
317 78
401 109
79 412
93 109
345 301
393 183
125 349
185 241
185 79
130 401
413 66
180 186
336 167
171 54
62 424
421 73
125 216
241 260
326 260
61 223
117 98
181 57
330 71
191 350
195 3
70 156
63 111
16 334
332 356
283 201
119 151
93 415
57 272
351 410
255 268
346 296
187 170
380 400
411 162
236 206
127 188
401 399
15 299
210 203
282 56
365 299
258 364
293 215
67 307
275 10
320 345
139 6
100 83
94 8
115 317
295 386
43 200
24 330
104 139
113 141
118 373
155 373
345 207
411 363
315 7
62 341
292 412
259 408
336 281
259 255
87 318
12 60
308 28
332 71
178 144
165 239
405 328
287 25
27 134
177 231
355 417
75 85
342 295
213 13
375 37
328 49
382 258
369 169
147 11
102 311
207 368
15 99
115 400
351 17
92 13
171 30
207 62
71 220
109 6
299 288
35 199
405 105
288 83
23 126
330 42
406 297
58 226
125 136
218 213
144 59
63 15
288 268
379 411
65 90
221 177
168 152
220 382
47 16
391 366
132 156
113 125
159 420
299 337
420 362
118 20
202 387
241 291
244 120
212 47
311 270
298 324
123 222
156 145
8 209
93 220
267 19
240 405
353 56
419 198
281 31
320 21
315 49
46 116
41 194
221 267
101 54
9 88
200 342
260 341
270 15
363 103
158 252
270 180
184 330
105 71
59 293
284 269
255 204
63 350
326 410
331 327
425 37
133 324
15 183
111 385
209 415
116 117
366 104
257 382
364 109
334 250
36 57
419 119
299 181
330 141
137 207
363 246
261 329
290 49
171 16
104 354
108 258
241 22
202 121
200 48
278 360
80 94
401 173
337 318
93 153
201 40
361 384
299 12
171 68
267 399
3 92
177 295
212 305
160 85
347 301
416 334
86 46
201 363
12 217
350 299
78 43
248 31
417 89
313 230
111 231
6 308
108 413
109 344
306 366
273 171
280 69
309 111
420 125
292 408
146 72
175 147
286 40
237 69
371 84
278 82
281 126
240 100
389 112
81 365
241 39
179 344
279 92
383 94
156 422
313 384
229 81
393 180
334 93
144 175
326 33
424 345
83 265
361 409
293 75
120 415
19 266
199 211
273 17
145 80
320 362
130 391
182 349
163 247
416 207
50 149
257 227
49 342
423 306
149 328
301 406
128 259
28 112
251 327
164 249
134 199
342 240
299 80
71 407
313 183
223 38
170 210
122 327
177 363
209 101
136 88
235 353
19 158
352 255
130 409
163 245
415 132
129 302
132 43
297 275
352 145
136 110
95 373
33 298
189 294
236 303
367 104
76 297
257 350
344 365
116 185
62 386
54 44
309 247
212 31
425 420
211 49
133 132
123 61
131 158
232 261
416 210
14 330
7 367
65 243
186 9
279 188
74 190
341 289
214 255
80 113
64 250
51 62
186 239
187 77
295 236
73 124
217 362
12 214
153 45
134 281
291 89
410 7
64 400
293 88
237 403
409 12
419 204
195 166
301 283
70 264
274 177
63 216
356 302
180 85
24 247
283 113
60 70
216 411
168 99
362 323
188 323
393 352
258 314
245 327
223 329
122 229
108 281
76 99
381 203
123 297
412 9
9 420
312 158
287 229
202 335
61 90
13 129
196 264
415 220
185 61
254 289
383 44
330 420
307 320
366 337
46 59
290 23
211 44
46 250
178 34
71 145
320 159
182 377
304 106
279 137
402 4
338 287
219 301
289 55
127 89
27 377
317 98
112 182
150 38
282 170
82 303
39 392
18 101
322 166
383 119
32 21
203 232
277 186
381 16
386 406
98 131
332 82
362 44
12 283
83 252
219 56
167 127
168 98
424 223
266 186
238 210
391 176
280 4
125 408
372 405
137 164
333 12
7 201
31 215
136 36
121 355
26 21
422 276
413 303
321 210
118 414
349 375
418 312
112 115
56 349
179 85
53 159
165 353
315 16
55 85
110 333
347 181
184 305
26 18
189 222
313 288
184 353
45 348
69 403
343 35
242 326
394 251
109 207
31 294
7 146
229 168
36 229
217 99
135 68
310 86
243 303
338 353
255 367
367 21
134 349
117 401
78 191
88 171
20 368
341 384
259 44
123 298
242 173
104 235
386 224
9 373
238 36
121 96
98 410
342 83
385 349
361 410
373 245
324 251
11 368
157 200
11 57
166 156
147 268
409 383
53 202
142 188
413 301
110 139
288 118
275 346
263 304
47 191
338 82
281 307
48 231
27 151
295 345
68 196
283 289
265 273
39 13
417 37
187 194
27 410
72 7
285 196
155 193
423 330
172 157
46 346
27 127
386 414
221 363
237 355
416 406
387 131
54 84
186 265
217 28
229 146
273 36
337 360
197 148
410 100
238 96
188 354
177 370
239 50
319 156
120 258
51 86
270 301
264 354
406 76
39 201
176 213
361 106
46 293
210 167
340 61
56 217
13 127
187 4
171 421
380 257
230 225
307 171
31 381
141 295
90 303
359 94
108 60
145 165
244 265
277 403
197 163
121 33
218 308
101 425
200 154
413 37
125 380
166 21
419 88
410 84
57 211
350 152
298 334
25 13
1 254
343 214
376 65
280 219
358 10
208 332
406 23
309 11
308 351
67 410
322 308
178 375
180 58
174 35
173 120
406 89
342 309
22 311
398 30
325 236
48 356
302 391
302 106
323 79
263 173
353 295
202 259
92 110
332 70
384 3
260 318
204 216
425 240
374 369
295 314
271 23
88 175
105 315
394 25
306 266
113 376
15 31
231 300
300 9
277 421
379 373
120 164
80 319
132 321
148 268
248 115
133 215
290 59
224 271
287 314
63 174
121 327
371 396
407 321
271 17
268 151
154 15
233 58
175 403
420 198
344 268
247 150
414 314
277 171
209 349
268 101
221 255
117 411
18 103
374 292
363 25
398 188
79 3
150 352
132 314
242 97
336 342
17 96
53 389
351 2
86 113
108 398
89 86
289 169
285 252
301 397
387 209
209 206
270 282
142 394
138 357
158 83
12 195
306 344
133 11
402 320
68 230
289 268
192 153
341 399
402 116
254 359
393 194
143 23
85 65
35 287
37 397
396 102
168 335
238 280
246 112
330 408
420 325
280 396
202 66
363 93
256 42
294 219
367 44
143 160
224 290
375 109
103 396
208 121
296 332
131 21
243 152
130 349
232 95
105 110
18 161
321 102
269 1
182 284
317 382
205 405
270 237
179 306
343 104
208 244
137 297
106 112
178 415
103 297
1 30
116 357
387 394
304 251
50 81
222 157
138 44
224 237
315 115
134 174
50 317
59 134
75 242
144 104
285 106
252 249
399 371
206 353
144 402
347 324
73 168
384 287
189 282
360 310
96 120
30 29
308 90
212 367
272 399
290 1
170 253
202 158
10 48
15 255
169 315
239 258
123 367
79 209
319 93
94 76
96 71
91 379
92 351
412 378
302 9
7 316
74 145
353 156
300 314
181 398
57 386
12 128
409 122
228 425
107 30
248 361
403 302
357 269
282 156
194 261
91 25
107 117
163 98
274 368
189 321
135 416
330 229
187 61
272 199
83 366
74 33
113 118
334 397
425 75
84 93
62 306
25 374
306 289
287 363
46 53
111 313
51 384
3 174
341 411
90 295
297 340
25 279
149 176
46 110
120 57
5 145
110 35
141 392
156 3
386 21
19 226
225 251
356 37
238 48
348 158
212 227
391 232
166 220
122 335
310 423
319 182
264 364
124 232
262 120
244 271
317 31
201 421
299 383
204 347
118 239
11 103
90 95
74 163
337 74
340 49
44 410
22 153
337 340
38 398
408 16
68 27
125 200
403 306
282 46
50 90
104 318
212 223
7 109
180 218
380 210
81 35
255 95
74 339
60 262
305 344
264 177
128 338
225 185
351 229
301 171
212 115
136 395
131 134
271 18
364 169
80 273
368 372
332 320
11 10
167 124
222 133
328 137
161 6
17 67
409 313
80 95
141 23
289 134
216 193
420 304
61 385
362 257
339 15
139 137
382 243
265 414
265 276
392 204
400 13
76 37
353 350
165 245
156 284
407 80
49 155
174 387
252 5
332 369
353 422
104 209
169 383
200 362
117 282
337 273
125 263
54 266
180 310
184 292
161 10
90 211
132 401
218 338
240 321
100 325
22 268
77 13
227 176
348 325
399 270
298 164
115 123
108 94
126 171
120 193
133 384
390 34
82 350
288 1
233 216
401 135
90 2
395 231
198 311
280 155
339 8
321 142
159 230
90 291
274 140
376 257
383 306
322 23
86 259
163 294
265 256
109 198
165 386
362 262
162 219
151 369
277 406
311 39
309 237
127 346
245 250
127 406
229 267
99 357
184 161
420 414
399 276
251 168
231 58
207 357
50 329
102 67
186 407
132 124
128 390
206 298
108 395
90 343
82 26
97 60
307 283
368 303
118 325
343 378
28 197
75 3
415 329
184 425
23 264
55 114
339 111
214 166
340 365
331 338
194 132
81 370
221 344
313 317
60 163
18 34
330 269
213 21
76 25
232 382
104 72
94 396
271 76
239 38
97 290
166 219
245 310
407 401
368 294
309 126
334 402
29 354
312 60
373 44
423 157
253 110
305 155
352 417
341 15
248 369
100 249
204 242
65 400
419 74
14 216
3 306
8 414
23 246
57 154
207 112
83 334
150 292
245 22
45 129
287 159
96 338
355 241
163 84
86 274
26 44
223 279
108 146
88 359
62 280
241 339
59 154
296 270
133 79
241 134
7 24
19 101
90 196
270 103
265 383
98 240
300 38
28 380
39 137
33 40
325 159
267 41
208 362
150 57
339 301
122 361
253 284
409 378
118 86
204 40
345 413
327 321
263 313
188 238
231 142
410 294
378 272
404 337
345 222
35 305
40 262
362 352
268 324
235 70
406 162
258 33
23 128
300 210
279 117
88 10
52 372
116 41
202 250
339 349
35 286
255 424
149 162
46 60
187 243
402 276
71 15
392 65
361 134
342 358
321 119
84 391
299 223
294 338
101 332
141 204
197 5
356 104
150 401
136 19
132 72
85 348
195 28
402 3
150 318
398 106
107 259
149 134
360 382
287 73
343 187
300 274
216 247
125 152
280 315
420 231
211 388
189 208
10 223
323 121
46 425
148 34
201 80
341 379
313 392
374 393
51 152
196 25
1 137
190 266
179 53
312 359
216 52
148 37
327 60
40 395
73 183
52 150
170 3
364 420
239 353
324 383
330 374
23 177
415 139
293 362
378 299
10 147
32 132
173 387
71 55
77 74
116 254
202 413
187 271
247 417
178 91
275 65
318 89
134 308
377 362
100 395
261 398
49 137
239 35
104 127
417 109
287 102
2 203
356 236
305 112
312 241
355 259
404 345
323 155
30 273
225 107
199 87
372 70
168 51
363 391
193 316
359 214
237 126
183 11
178 377
388 174
369 312
23 240
19 115
183 158
369 314
36 351
402 393
286 156
301 77
370 231
61 47
29 202
93 55
278 187
154 4
2 279
322 31
262 231
89 133
67 403
190 247
195 270
323 406
202 21
358 63
148 44
106 196
359 4
273 382
333 370
49 322
414 4
382 117
317 218
387 121
294 81
131 377
35 300
46 353
299 36
27 105
276 368
309 384
90 198
317 2
229 332
240 411
264 161
386 186
103 3
226 423
326 122
367 405
43 275
268 163
86 43
381 252
202 243
37 386
198 276
410 325
232 159
45 346
202 409
276 52
406 399
343 394
66 220
237 75
273 29
348 218
424 28
383 126
157 104
18 349
142 180
16 379
352 277
314 372
357 64
59 321
232 13
376 178
29 39
388 270
238 416
204 226
330 285
63 256
324 359
61 1
183 329
137 75
142 146
352 222
295 9
274 94
377 122
117 86
164 189
342 143
79 295
118 57
412 216
32 214
65 197
368 10
276 92
319 227
213 255
253 201
144 337
242 48
313 99
330 95
300 100
413 312
10 363
367 30
401 139
158 257
189 239
200 348
221 370
299 84
18 15
119 162
5 194
422 147
135 358
408 268
187 263
392 254
253 3
381 187
177 21
64 192
268 336
195 112
69 339
21 203
342 237
124 280
338 335
323 89
317 254
95 149
63 91
128 45
308 40
40 381
114 280
358 392
347 145
221 167
55 94
55 408
194 317
188 406
223 320
347 263
49 298
423 95
97 88
176 143
286 373
178 61
65 213
336 302
114 144
418 29
44 376
244 157
325 144
398 73
187 10
103 210
147 24
239 149
157 306
18 9
27 187
162 155
195 211
402 255
58 125
311 417
317 123
297 17
190 399
366 385
368 134
401 389
281 224
138 161
5 287
17 208
137 177
66 349
382 27
386 389
320 364
388 24
252 420
134 48
33 338
104 307
205 88
134 353
394 221
167 154
250 322
256 248
64 314
63 214
146 335
397 358
254 295
128 349
19 198
331 215
149 73
55 158
87 304
387 119
288 88
270 214
54 271
246 325
155 418
281 106
253 358
276 298
221 294
201 386
326 162
338 191
289 424
278 276
380 418
204 280
40 249
279 125
404 262
366 138
331 271
62 312
70 389
94 332
161 153
126 303
326 399
152 329
64 386
301 263
213 172
329 70
246 141
43 163
218 195
195 257
174 167
143 92
188 326
177 186
238 236
338 243
304 55
322 76
169 341
92 338
325 382
148 267
311 87
334 302
265 168
218 75
113 112
17 210
261 90
45 297
19 229
197 362
270 25
130 246
150 176
385 324
373 142
402 270
215 84
290 384
278 121
181 268
249 48
326 83
159 330
294 204
126 6
309 18
61 383
79 316
204 208
405 4
208 281
381 307
414 12
366 244
328 392
129 288
29 72
258 338
94 25
125 172
164 409
319 276
47 381
141 211
60 355
348 13
360 151
384 11
111 84
395 325
172 262
247 306
7 4
321 349
184 284
102 35
338 100
2 400
296 195
80 77
197 146
170 155
97 367
235 355
42 425
343 393
222 214
181 344
415 243
20 44
225 165
230 41
256 399
8 73
204 90
393 341
293 8
289 236
343 36
177 169
162 21
173 10
395 93
203 167
132 98
329 67
23 357
324 415
205 249
252 25
109 263
371 419
190 288
380 141
175 195
213 376
370 198
153 384
340 226
5 349
275 332
194 7
318 359
26 184
410 35
154 24
16 309
418 172
298 275
255 180
327 323
150 43
177 56
75 183
90 359
102 280
54 285
424 369
109 308
117 360
265 151
275 385
114 329
354 423
395 237
81 320
29 376
343 298
139 389
52 2
262 291
212 345
312 290
18 191
175 9
293 223
180 211
175 364
297 134
2 338
209 233
23 138
171 119
295 24
155 96
253 132
18 113
315 360
173 182
272 123
23 12
295 12
120 198
329 352
163 102
32 312
121 85
155 122
408 142
363 272
418 46
400 299
193 229
278 103
129 53
381 341
59 65
194 411
395 85
12 144
58 189
393 287
199 200
129 92
46 68
253 182
396 380
57 394
398 249
176 418
307 202
152 205
252 217
424 285
221 325
48 169
403 37
324 187
272 182
58 322
207 86
154 157
384 158
28 130
274 139
264 342
176 333
81 281
33 337
193 31
338 98
134 391
397 383
226 329
13 75
103 386
173 30
419 366
175 220
294 196
2 153
146 334
46 65
339 219
107 215
16 156
318 91
144 29
171 147
412 92
42 93
314 32
56 143
369 230
328 19
396 131
349 3
126 32
294 400
374 259
344 315
131 366
212 258
276 110
191 29
287 29
51 315
243 32
56 335
400 97
288 369
171 48
214 256
418 2
348 69
186 288
360 40
76 28
78 141
204 117
279 34
369 191
313 35
207 20
57 334
312 187
306 133
201 281
185 226
205 174
48 2
134 406
193 349
87 181
367 185
81 112
133 308
415 279
347 190
28 370
403 127
36 170
320 62
26 121
95 141
99 172
260 10
216 164
107 41
150 389
228 85
150 18
311 137
342 320
34 314
62 99
422 417
343 151
158 90
63 384
314 52
371 223
199 86
329 138
306 78
199 46
5 278
388 152
161 316
340 265
136 59
141 115
268 353
154 301
340 348
158 10
119 194
161 345
1 86
165 183
103 371
181 290
200 192
417 54
361 37
368 311
255 50
216 61
178 66
307 341
161 36
278 55
259 341
98 321
231 302
79 171
431 1822
1 2 3 4 5 6 7 8 9 10 11 12 13 14 15 16 17 18 19 20 21 22 23 24 25 26 27 28 29 30 31 32 33 34 35 36 37 38 39 40 41 42 43 44 45 46 47 48 49 50 51 52 53 54 55 56 57 58 59 60 61 62 63 64 65 66 67 68 69 70 71 72 73 74 75 76 77 78 79 80 81 82 83 84 85 86 87 88 89 90 91 92 93 94 95 96 97 98 99 100 101 102 103 104 105 106 107 108 109 110 111 112 113 114 115 116 117 118 119 120 121 122 123 124 125 126 127 128 129 130 131 132 133 134 135 136 137 138 139 140 141 142 143 144 145 146 147 148 149 150 151 152 153 154 155 156 157 158 159 160 161 162 163 164 165 166 167 168 169 170 171 172 173 174 175 176 177 178 179 180 181 182 183 184 185 186 187 188 189 190 191 192 193 194 195 196 197 198 199 200 201 202 203 204 205 206 207 208 209 210 211 212 213 214 215 216 217 218 219 220 221 222 223 224 225 226 227 228 229 230 231 232 233 234 235 236 237 238 239 240 241 242 243 244 245 246 247 248 249 250 251 252 253 254 255 256 257 258 259 260 261 262 263 264 265 266 267 268 269 270 271 272 273 274 275 276 277 278 279 280 281 282 283 284 285 286 287 288 289 290 291 292 293 294 295 296 297 298 299 300 301 302 303 304 305 306 307 308 309 310 311 312 313 314 315 316 317 318 319 320 321 322 323 324 325 326 327 328 329 330 331 332 333 334 335 336 337 338 339 340 341 342 343 344 345 346 347 348 349 350 351 352 353 354 355 356 357 358 359 360 361 362 363 364 365 366 367 368 369 370 371 372 373 374 375 376 377 378 379 380 381 382 383 384 385 386 387 388 389 390 391 392 393 394 395 396 397 398 399 400 401 402 403 404 405 406 407 408 409 410 411 412 413 414 415 416 417 418 419 420 421 422 423 424 425 426 427 428 429 430 431
1 1 1 1 1 1 1 1 1 1 1 1 1 1 1 1 1 1 1 1 1 1 1 1 1 1 1 28 1 1 1 1 1 1 1 1 1 1 1 1 1 1 1 1 1 1 1 1 1 1 1 1 1 1 1 1 1 1 1 1 1 1 1 1 1 1 1 1 1 1 1 1 1 1 1 1 1 1 1 1 1 1 1 1 1 1 1 1 1 1 1 1 1 1 1 1 1 1 1 1 1 1 1 1 1 1 1 1 1 1 1 1 1 1 1 1 1 1 1 1 1 1 1 1 1 1 1 1 1 1 1 1 1 1 1 1 1 1 1 1 1 1 1 1 1 1 1 1 1 1 1 1 1 1 1 1 1 1 1 1 1 1 1 1 1 1 1 1 1 1 1 1 1 1 1 1 1 1 1 1 1 1 1 1 1 1 1 1 1 1 1 1 1 1 1 1 1 1 1 1 1 1 1 1 1 1 1 1 1 1 1 1 1 1 1 1 1 1 1 1 1 1 1 1 1 1 1 1 1 1 1 1 1 1 1 1 1 1 1 1 1 1 1 1 1 1 1 1 1 1 1 1 1 1 1 1 1 1 1 1 1 1 1 1 1 1 1 1 1 1 1 1 1 1 1 1 1 1 1 1 1 1 1 1 1 1 1 1 1 1 1 1 1 1 1 1 1 1 1 1 1 1 1 1 1 1 1 1 1 1 1 1 1 1 1 1 1 1 1 1 1 1 1 1 1 1 1 1 1 1 1 1 1 1 1 1 1 1 1 1 1 1 1 1 1 1 1 1 1 1 1 1 1 1 1 1 1 1 1 1 1 1 1 1 1 1 1 1 1 1 1 1 1 1 1 1 1 1 1 1 1 1 1 1 1 1 1 1 1 1 1 1 1 1 1 1 1 1 1 1 1 1 1 1 1 1 1 1 1 1 1 1 1 1 1 1 1 1 1 1 1 1 1 1 1 1 1 1 1 1 1
60 361
88 163
325 210
315 179
119 169
69 97
191 358
139 145
390 169
110 261
16 27
354 249
66 36
206 141
99 71
32 195
202 312
38 347
200 301
126 245
301 170
182 288
199 369
279 103
35 65
315 376
40 141
148 244
150 105
408 98
220 148
47 192
417 203
86 170
181 81
115 181
60 184
264 152
75 425
88 281
135 124
134 21
321 270
428 374
142 186
370 228
265 172
17 99
216 142
52 384
278 208
348 230
78 97
431 304
232 79
64 167
339 104
178 128
213 14
229 133
382 290
260 281
406 124
66 304
353 284
349 134
257 225
153 25
246 170
59 41
238 69
46 343
344 331
121 399
199 332
130 167
405 372
281 49
146 178
43 413
65 230
319 190
86 6
346 414
312 353
97 334
134 92
66 97
342 103
157 14
62 233
402 127
27 260
388 350
222 98
33 385
73 21
108 105
312 122
251 164
349 406
353 135
416 21
283 269
62 156
40 370
63 236
132 301
142 73
83 266
425 426
89 184
144 42
170 345
214 191
239 76
179 369
230 233
156 65
178 423
170 213
315 13
347 364
7 241
156 192
182 253
356 309
274 401
102 298
181 153
34 252
22 127
334 410
247 219
384 322
103 229
21 279
269 112
119 60
201 220
378 121
38 268
274 307
418 226
406 113
206 202
272 394
285 211
102 385
333 128
152 162
309 135
106 410
56 51
316 89
214 64
404 289
206 251
168 174
84 243
26 125
78 15
35 426
150 141
36 194
124 277
270 397
373 166
238 61
229 215
179 377
107 309
253 262
89 326
249 102
365 388
348 212
267 244
12 366
431 282
99 230
426 93
51 109
81 186
84 232
253 243
417 298
236 125
181 328
284 121
416 183
50 313
181 289
357 159
192 114
305 30
123 261
52 391
124 256
68 96
381 340
102 398
369 111
232 257
274 101
382 344
385 265
312 57
96 167
84 387
250 398
407 228
403 169
322 344
206 215
277 372
156 273
119 286
97 74
361 68
16 339
257 288
335 323
102 170
191 196
174 50
9 361
74 121
230 142
52 25
247 257
209 232
67 237
333 1
91 401
338 296
328 377
360 280
268 139
160 211
269 129
423 130
114 116
131 66
208 241
184 26
224 150
294 138
420 294
271 128
399 67
379 60
404 53
404 241
365 63
81 87
338 34
286 65
379 268
110 94
72 116
318 176
301 267
416 338
4 126
98 349
77 160
248 187
409 140
428 381
67 141
372 185
109 30
198 309
72 79
314 330
278 173
263 27
228 376
285 183
97 295
8 357
191 373
201 356
373 224
344 325
182 156
15 26
257 27
276 175
337 121
247 334
354 279
163 305
24 369
303 265
56 399
296 182
268 168
51 295
88 399
134 337
10 210
368 358
390 338
280 197
97 407
6 19
312 213
299 196
167 48
267 251
198 296
292 236
342 2
336 73
314 312
153 76
8 9
73 252
83 345
121 160
171 431
70 128
91 187
227 23
231 362
330 322
254 147
9 84
331 108
219 270
296 403
425 66
122 326
103 243
189 422
321 102
22 367
73 30
164 304
144 97
134 115
411 22
348 149
241 24
193 258
250 336
91 382
325 193
275 264
413 101
131 421
313 127
173 208
220 14
260 155
104 283
192 413
159 142
216 367
342 245
148 409
226 334
178 387
37 253
311 318
259 36
208 191
309 376
379 211
30 393
113 68
150 407
36 252
303 44
357 365
356 129
333 89
4 96
133 181
45 32
213 26
62 256
397 114
130 225
236 419
311 418
310 399
391 268
56 123
162 356
324 344
174 388
425 191
363 332
55 350
380 255
307 321
143 4
278 375
384 173
415 4
13 177
83 5
352 20
253 220
353 52
303 225
28 268
415 61
42 408
386 348
197 194
224 362
175 376
105 31
113 52
428 396
336 357
31 140
70 306
242 248
388 290
38 431
384 409
228 167
388 396
336 264
32 421
214 88
279 280
400 252
103 81
177 249
161 9
218 325
183 419
219 381
296 235
59 283
127 306
271 110
80 7
112 271
297 205
408 177
216 214
10 8
293 9
170 70
138 261
133 287
56 26
247 227
159 259
106 116
221 283
52 29
13 204
159 418
364 236
221 244
42 192
374 287
290 255
257 421
231 366
147 369
152 202
284 69
104 300
13 110
185 42
226 326
262 37
118 299
426 106
308 256
365 140
145 345
312 373
164 133
247 111
119 337
178 176
2 82
381 22
259 192
131 322
400 167
277 140
258 167
354 109
246 19
259 312
77 62
366 296
422 83
355 218
292 384
212 16
195 96
365 69
88 184
297 222
42 376
18 395
36 206
311 147
10 125
243 115
369 170
405 406
280 68
36 55
324 315
190 327
352 325
347 81
199 206
340 337
29 175
303 426
13 261
97 386
330 62
160 305
207 17
423 126
234 327
309 152
382 381
6 314
278 336
309 208
314 170
300 77
133 6
303 416
411 147
409 171
289 197
136 79
91 147
50 32
367 424
425 126
43 425
425 106
110 109
58 349
327 308
99 238
296 329
128 400
200 361
74 423
284 28
427 247
9 222
107 101
268 365
109 66
124 333
34 327
304 287
179 258
354 162
167 273
321 122
81 162
259 311
84 57
30 32
2 375
214 263
411 360
267 154
64 363
97 351
418 189
340 131
132 151
39 408
255 236
410 258
230 40
217 362
259 335
402 355
258 95
239 130
403 74
410 44
356 338
87 371
199 204
315 201
167 330
374 88
423 313
362 387
397 241
122 327
330 267
106 221
428 14
249 390
403 332
200 426
323 412
431 177
333 299
121 395
216 222
238 429
410 241
132 268
54 342
203 208
129 121
66 163
359 62
65 324
157 119
295 344
304 343
64 392
420 202
62 154
43 399
74 205
197 65
310 106
410 11
285 224
212 30
164 359
272 123
10 402
238 345
318 106
395 286
90 405
258 116
394 343
216 26
152 193
428 13
356 168
351 29
328 300
100 281
386 300
229 190
145 55
430 176
188 161
69 225
354 357
374 162
61 68
5 148
186 180
316 78
98 1
183 252
43 289
281 192
99 294
200 329
226 300
92 14
41 128
392 312
68 49
128 275
10 386
123 257
402 268
128 383
378 293
391 404
3 404
166 387
380 134
326 96
318 431
61 277
393 323
273 276
22 146
22 412
89 258
109 179
129 224
391 10
68 73
232 201
353 189
192 346
302 8
148 158
252 97
185 84
150 156
81 396
252 190
99 353
303 388
34 279
404 381
5 162
130 94
404 196
311 77
238 171
311 110
422 337
237 211
15 352
335 175
12 294
93 415
27 194
431 53
399 103
23 275
140 7
54 296
302 16
315 337
257 55
387 382
193 219
7 416
135 170
193 27
47 149
44 23
119 129
214 297
298 119
74 16
248 265
294 240
76 50
181 76
175 134
94 255
226 253
206 247
36 153
403 171
387 216
277 225
152 387
150 278
373 362
313 11
161 169
309 145
97 75
216 63
69 15
325 261
381 28
245 370
342 344
417 254
23 61
117 329
43 317
199 205
285 85
312 393
194 400
53 199
248 204
235 332
217 28
202 305
184 14
31 94
148 420
194 330
155 392
213 127
35 43
172 220
268 68
283 303
416 389
404 15
28 157
7 233
273 64
17 347
222 351
361 167
75 280
335 270
296 382
427 269
84 53
230 333
7 71
1 211
180 425
73 144
15 235
291 85
196 396
151 144
162 201
324 380
303 428
369 53
62 161
240 342
398 16
348 275
409 261
21 380
285 147
359 22
303 68
416 409
338 195
126 118
409 72
141 399
225 36
206 308
162 203
397 191
235 73
98 393
302 260
199 43
325 416
61 260
412 307
220 50
165 256
206 135
219 393
161 321
67 9
370 385
386 321
24 14
386 428
173 179
403 139
309 50
113 349
372 212
245 280
428 420
297 285
391 72
15 416
23 207
93 242
404 253
310 400
219 170
321 75
90 419
294 279
286 368
299 387
71 382
371 337
138 147
230 145
157 18
143 307
178 314
206 422
209 195
204 65
374 85
69 350
408 302
227 402
378 428
2 118
238 194
75 44
17 120
54 268
220 180
368 248
396 361
213 357
278 18
144 361
330 232
393 134
359 198
297 186
381 272
429 392
225 301
99 65
273 386
293 60
19 266
376 96
265 301
19 341
159 175
78 373
34 326
256 26
402 312
286 37
336 161
277 398
16 347
256 48
405 400
1 299
29 112
161 101
279 273
390 106
156 414
245 334
74 76
12 144
314 111
90 413
247 285
377 120
383 415
177 422
133 326
221 12
247 208
314 56
99 316
168 378
15 146
326 247
341 329
393 206
306 41
53 348
162 214
272 417
124 392
72 123
271 90
131 423
351 24
415 233
402 47
185 109
27 119
223 315
14 104
287 25
127 201
149 139
374 72
70 222
410 427
195 204
113 23
86 283
323 99
373 105
408 389
300 280
180 221
160 141
358 9
350 397
36 141
357 130
309 124
262 420
293 214
67 87
247 184
159 205
176 294
28 168
302 283
35 408
227 176
16 363
430 6
52 260
126 251
143 211
372 417
199 314
169 317
267 363
55 247
141 281
423 59
290 118
141 239
32 55
86 29
386 368
136 39
391 32
375 337
168 412
174 345
296 252
169 52
12 332
426 387
18 88
259 291
411 281
200 189
85 283
331 186
87 62
127 350
119 388
248 311
417 289
198 175
311 156
233 144
190 32
322 73
40 218
76 10
307 125
14 111
149 404
337 66
320 335
238 304
33 224
413 247
16 195
426 10
25 265
299 264
234 26
92 73
367 161
299 49
132 99
8 326
279 45
4 254
381 304
224 217
150 23
307 115
113 120
283 227
400 180
134 14
201 376
290 356
418 428
378 25
319 76
275 372
192 7
329 198
66 393
391 343
12 402
64 126
101 372
270 183
350 398
220 28
187 137
65 58
258 304
33 256
19 159
14 421
53 93
350 166
164 177
287 233
201 381
256 113
1 202
347 102
198 135
282 241
80 10
426 131
108 67
314 89
414 198
95 331
247 357
315 184
176 151
391 321
354 136
177 419
356 132
318 348
39 14
248 127
175 351
267 339
290 105
12 368
185 11
212 44
54 66
198 193
60 138
275 257
208 102
282 261
367 431
344 69
59 34
313 320
420 238
260 93
204 54
33 396
330 88
355 199
311 382
303 341
207 327
106 66
72 340
115 125
152 130
194 147
63 320
407 340
115 56
246 310
176 131
378 202
214 240
7 112
157 398
41 266
379 236
209 2
208 277
335 292
196 214
266 354
198 381
153 419
136 192
162 310
190 199
150 412
178 116
160 232
374 65
173 329
206 144
159 7
177 170
276 200
237 204
321 196
422 158
251 382
68 363
285 351
173 166
161 152
199 26
42 98
250 206
414 239
321 272
372 116
370 121
26 245
399 49
350 134
352 63
150 179
103 50
286 172
389 152
160 82
212 224
273 80
222 410
268 82
415 418
31 336
66 250
124 312
252 47
74 10
166 182
336 338
148 42
329 130
43 249
336 358
293 117
152 236
372 305
280 1
198 350
257 162
271 6
150 205
356 23
132 372
140 105
105 144
48 241
167 15
184 31
365 133
107 140
356 88
21 49
53 318
142 266
167 405
402 360
352 298
296 152
210 229
361 44
417 386
127 372
39 380
372 38
282 314
129 176
162 291
56 156
30 336
54 378
162 241
16 146
424 199
382 126
90 202
347 321
283 189
427 390
242 50
342 373
27 9
386 301
306 153
378 140
182 406
104 116
255 85
356 176
328 429
112 306
301 342
205 82
387 148
21 192
403 384
345 300
35 251
331 202
52 293
350 427
351 202
248 292
176 241
83 326
295 117
105 237
419 209
372 140
343 36
1 385
423 207
415 79
138 162
190 90
119 308
312 200
298 271
337 34
397 232
25 329
59 343
263 377
41 87
249 276
204 412
202 315
16 159
56 124
298 73
98 284
249 382
350 233
160 97
51 188
396 289
206 318
303 269
5 146
186 77
314 245
349 54
182 3
331 62
278 255
155 317
96 38
100 56
330 165
262 370
239 265
160 425
114 376
353 391
333 116
363 187
3 332
131 382
138 51
372 308
292 150
175 237
224 260
246 80
83 194
10 162
272 1
173 417
134 84
33 148
132 48
192 66
141 170
375 207
95 238
285 328
112 244
389 370
358 295
27 428
289 300
358 403
49 158
35 158
369 301
413 233
167 310
10 410
331 349
155 254
379 322
180 299
383 68
28 192
321 180
111 339
261 319
290 328
2 87
24 156
290 368
3 308
267 153
192 23
143 111
318 321
429 134
207 316
390 92
19 97
95 29
287 210
233 229
152 155
143 41
153 100
181 284
27 206
194 75
277 409
222 254
260 128
204 393
195 275
304 214
336 221
333 145
101 354
366 302
216 411
430 246
319 192
107 306
353 380
265 297
4 266
356 314
241 161
58 19
302 23
296 400
208 312
333 211
354 32
25 4
327 304
419 240
392 208
314 311
232 422
235 362
39 35
133 364
336 241
310 373
56 121
255 111
59 177
182 146
24 364
98 351
318 335
366 311
262 75
72 146
357 215
309 219
318 399
386 7
213 201
300 220
359 194
391 364
147 74
360 78
369 56
382 99
92 49
369 60
284 138
143 210
15 14
4 181
85 359
366 203
267 160
131 143
287 128
54 30
362 284
69 92
228 211
127 360
188 138
40 385
215 356
428 383
37 149
359 336
47 367
394 194
158 257
124 413
320 222
380 325
396 166
269 94
230 30
49 119
325 46
164 313
41 236
77 48
230 231
307 148
427 135
118 291
86 422
409 141
218 36
135 10
147 353
240 89
398 274
289 376
150 218
157 358
289 111
314 43
328 385
372 427
76 26
325 220
25 350
299 92
154 347
164 326
9 258
106 230
120 167
200 160
312 409
1 287
350 138
400 362
384 334
92 145
24 418
377 261
317 314
400 14
217 245
61 7
213 381
58 241
427 286
257 124
339 356
215 18
120 253
268 331
195 431
413 402
99 22
184 316
215 164
316 256
327 370
399 398
423 29
255 176
11 83
204 331
113 266
134 67
87 223
150 338
426 368
381 157
237 69
412 237
375 120
58 330
423 372
393 370
392 194
44 92
183 168
211 101
379 46
203 276
428 66
156 173
294 208
195 311
174 390
318 229
154 259
284 349
122 209
93 27
111 155
72 7
336 214
159 276
23 419
194 84
332 275
121 127
221 263
288 424
205 407
176 192
9 384
364 111
209 197
133 265
116 11
310 239
95 342
150 200
212 13
412 293
332 365
29 308
100 87
85 386
288 263
137 151
171 129
320 102
142 242
398 334
2 84
322 264
167 165
197 127
246 356
70 418
370 98
17 187
3 37
352 348
169 379
92 370
74 51
388 312
134 109
109 1
289 349
166 278
239 53
56 59
41 359
268 159
285 12
172 234
395 142
238 228
209 34
288 48
416 61
291 393
127 64
49 168
308 239
6 231
292 73
313 355
280 341
50 320
277 180
350 95
361 171
422 78
238 123
265 238
22 115
11 174
336 380
99 411
115 411
86 147
99 385
335 339
119 242
121 325
192 272
86 36
117 178
264 317
106 415
322 82
34 253
194 185
374 365
335 165
410 56
150 343
416 404
26 308
214 201
372 309
61 403
323 282
56 62
403 43
118 128
401 302
78 126
212 145
328 324
344 171
201 263
377 59
330 239
45 410
12 224
349 224
11 138
105 187
259 96
324 142
137 286
23 245
157 128
26 222
404 421
293 210
17 377
230 309
357 55
204 424
67 249
83 371
197 81
266 159
301 29
84 172
416 127
141 262
26 238
137 17
113 350
41 323
108 12
21 230
69 196
242 335
59 92
416 232
303 109
80 184
101 143
99 43
80 87
164 100
409 269
241 330
406 364
195 171
56 32
217 47
137 58
274 419
209 249
89 108
300 317
238 197
248 378
337 110
367 248
12 239
273 226
143 308
122 331
122 276
429 321
7 75
268 267
70 44
162 357
239 176
229 29
90 237
129 340
305 132
159 133
80 89
379 281
54 239
383 204
28 2
300 324
378 352
14 100
422 7
46 146
130 183
5 67
282 169
324 118
320 306
174 37
401 134
347 187
158 292
74 301
286 20
40 307
422 264
189 134
93 380
97 347
307 61
275 51
133 139
203 186
162 38
187 361
161 29
397 287
222 96
174 16
250 169
258 346
171 93
37 86
61 251
395 160
204 269
315 218
62 426
116 154
212 309
107 330
237 50
127 85
332 384
396 179
324 245
483 884
1 2 3 4 5 6 7 8 9 10 11 12 13 14 15 16 17 18 19 20 21 22 23 24 25 26 27 28 29 30 31 32 33 34 35 36 37 38 39 40 41 42 43 44 45 46 47 48 49 50 51 52 53 54 55 56 57 58 59 60 61 62 63 64 65 66 67 68 69 70 71 72 73 74 75 76 77 78 79 80 81 82 83 84 85 86 87 88 89 90 91 92 93 94 95 96 97 98 99 100 101 102 103 104 105 106 107 108 109 110 111 112 113 114 115 116 117 118 119 120 121 122 123 124 125 126 127 128 129 130 131 132 133 134 135 136 137 138 139 140 141 142 143 144 145 146 147 148 149 150 151 152 153 154 155 156 157 158 159 160 161 162 163 164 165 166 167 168 169 170 171 172 173 174 175 176 177 178 179 180 181 182 183 184 185 186 187 188 189 190 191 192 193 194 195 196 197 198 199 200 201 202 203 204 205 206 207 208 209 210 211 212 213 214 215 216 217 218 219 220 221 222 223 224 225 226 227 228 229 230 231 232 233 234 235 236 237 238 239 240 241 242 243 244 245 246 247 248 249 250 251 252 253 254 255 256 257 258 259 260 261 262 263 264 265 266 267 268 269 270 271 272 273 274 275 276 277 278 279 280 281 282 283 284 285 286 287 288 289 290 291 292 293 294 295 296 297 298 299 300 301 302 303 304 305 306 307 308 309 310 311 312 313 314 315 316 317 318 319 320 321 322 323 324 325 326 327 328 329 330 331 332 333 334 335 336 337 338 339 340 341 342 343 344 345 346 347 348 349 350 351 352 353 354 355 356 357 358 359 360 361 362 363 364 365 366 367 368 369 370 371 372 373 374 375 376 377 378 379 380 381 382 383 384 385 386 387 388 389 390 391 392 393 394 395 396 397 398 399 400 401 402 403 404 405 406 407 408 409 410 411 412 413 414 415 416 417 418 419 420 421 422 423 424 425 426 427 428 429 430 431 432 433 434 435 436 437 438 439 440 441 442 443 444 445 446 447 448 449 450 451 452 453 454 455 456 457 458 459 460 461 462 463 464 465 466 467 468 469 470 471 472 473 474 475 476 477 478 479 480 481 482 483
1 1 1 1 1 1 1 1 1 1 1 1 1 1 1 1 1 1 1 1 1 2 1 1 1 1 1 1 1 1 1 1 1 1 1 1 1 1 1 1 1 1 1 1 1 1 1 1 1 1 1 1 1 1 1 1 1 2 1 1 1 1 1 1 1 1 1 1 1 1 1 1 1 1 1 1 1 1 1 1 1 1 1 1 1 1 1 1 1 1 1 1 1 1 1 1 1 1 1 1 1 1 1 1 1 1 1 1 1 1 1 1 1 1 1 1 1 1 1 1 1 1 18 1 1 1 1 1 1 1 1 1 1 1 1 1 1 1 1 1 1 1 1 3 1 1 1 1 1 7 1 1 1 1 1 1 1 1 1 1 1 1 1 1 1 1 1 1 1 1 1 1 1 1 1 1 1 1 1 1 1 1 1 1 1 1 6 1 1 1 1 1 1 1 1 1 1 1 2 2 1 1 1 1 1 1 1 1 1 1 1 1 1 1 1 1 1 1 1 1 1 196 1 1 1 1 1 1 1 1 1 1 1 1 1 1 1 1 1 1 1 1 1 1 1 1 1 1 1 1 1 1 1 1 1 1 1 1 1 1 1 1 1 1 1 1 1 1 1 1 1 1 1 1 1 1 1 1 1 1 1 1 1 1 1 1 1 1 1 1 1 1 1 1 1 1 1 1 1 1 1 1 1 1 1 1 1 1 1 1 1 1 1 1 1 1 1 1 1 1 1 7 1 1 1 1 1 1 1 1 1 1 1 1 1 1 1 1 1 1 1 1 1 1 1 1 1 1 1 1 1 1 1 1 1 1 1 1 1 1 1 189 1 1 1 1 1 1 1 1 1 1 1 1 1 1 1 1 1 1 1 1 1 1 1 1 1 1 1 1 1 1 1 1 1 1 1 1 1 1 1 1 1 1 1 1 1 1 1 1 1 1 1 1 1 1 1 1 1 1 1 1 1 1 1 7 1 1 1 1 1 1 1 1 1 1 1 1 1 1 1 46 1 1 1 1 1 1 1 1 1 1 1 1 1 1 1 1 1 1 1 1 1 1 1 1 1 1 1 2 1 1 1 1 1 1 1 1 1 1 1 1 1
278 255
96 98
459 143
90 405
466 448
368 280
264 379
7 80
46 9
434 266
19 269
297 395
215 369
263 1
446 308
107 104
449 296
317 366
265 118
170 119
228 33
319 128
79 335
211 48
167 58
393 32
460 213
414 441
410 32
428 82
201 229
340 464
261 275
377 219
427 385
268 320
416 308
245 254
79 393
284 280
361 302
244 191
421 88
212 357
110 85
466 182
196 139
192 318
180 442
394 41
226 308
168 291
152 104
36 24
264 36
223 249
214 420
311 317
79 155
276 70
222 157
425 163
107 37
171 53
404 410
422 294
383 423
97 423
296 252
369 200
95 169
374 476
347 363
456 454
323 338
391 218
318 357
305 106
144 156
24 86
405 233
476 314
244 60
33 17
464 386
401 302
277 308
456 391
224 247
62 410
468 297
374 142
293 74
91 336
33 90
195 246
377 105
211 318
75 412
140 157
117 283
421 469
382 419
351 125
14 364
180 162
184 25
482 392
477 165
479 93
345 43
112 124
15 355
282 259
94 408
427 180
439 412
70 356
238 9
291 333
396 180
238 210
101 158
122 34
220 176
81 167
300 294
284 411
131 8
197 481
284 176
325 463
68 16
157 189
350 148
324 42
110 412
347 326
444 221
90 458
235 11
162 20
339 431
224 294
14 270
248 79
402 444
339 20
101 201
249 319
152 432
481 286
118 215
183 296
392 370
359 324
51 374
474 283
99 226
349 369
62 303
212 387
264 320
401 6
445 266
1 251
258 345
260 424
189 483
445 364
408 329
215 112
380 103
244 214
364 315
116 189
63 208
6 148
165 134
190 209
213 43
387 188
154 462
78 70
66 389
452 248
149 110
364 137
159 337
47 343
265 102
180 416
13 93
338 254
218 20
279 249
384 66
439 413
27 141
349 111
104 119
393 193
428 263
480 381
439 52
92 387
305 193
110 381
122 42
24 481
230 158
423 372
31 334
19 239
357 114
443 146
68 27
159 68
35 144
26 3
65 303
290 415
294 410
118 78
104 329
327 308
435 205
126 117
344 214
398 145
471 409
100 478
43 401
74 314
413 120
199 51
15 280
138 158
208 6
351 451
146 259
105 274
389 259
115 425
212 12
369 228
274 452
13 228
425 66
346 276
191 461
165 41
241 39
265 159
170 228
456 69
198 327
468 256
474 319
15 151
237 184
422 272
87 474
353 378
419 352
77 312
164 358
418 292
340 428
345 183
364 332
257 394
183 4
324 166
254 411
376 374
314 400
89 32
30 16
80 446
332 75
136 478
185 42
250 23
55 177
252 21
202 106
475 37
406 214
440 82
229 381
222 174
247 360
125 252
167 155
252 54
166 179
116 18
372 410
256 114
478 304
42 342
438 300
469 167
426 417
364 331
356 72
257 245
452 76
224 232
449 451
45 284
141 295
194 263
43 105
158 277
36 109
128 352
450 94
238 271
412 464
281 471
471 40
104 336
48 75
12 316
306 105
66 232
355 283
209 94
27 428
235 283
397 229
319 40
478 341
345 340
107 365
397 12
311 169
57 154
177 79
168 374
212 172
202 48
131 101
306 400
28 201
441 471
137 190
131 324
238 177
69 158
424 435
106 52
218 79
394 242
2 463
179 317
15 74
243 216
140 452
446 259
430 272
62 334
357 12
96 389
154 83
455 79
350 189
189 18
398 69
273 189
136 391
416 395
82 234
176 444
226 47
84 414
81 258
462 383
97 176
384 60
372 395
161 219
427 166
46 28
236 416
364 145
98 198
425 91
319 280
433 316
19 203
95 143
162 388
212 37
284 63
285 218
225 310
414 262
236 170
181 122
216 296
11 239
291 272
345 74
255 121
79 329
365 101
184 338
116 90
379 391
447 20
30 414
95 65
167 417
245 54
280 436
208 112
202 371
260 19
63 86
374 237
457 210
181 7
432 113
329 466
390 104
379 5
108 145
133 5
251 92
187 390
303 117
161 3
240 253
10 361
97 185
235 362
98 1
269 293
475 258
232 36
280 357
203 471
380 381
225 127
297 342
50 74
368 21
195 117
482 364
453 9
479 239
61 106
316 270
267 148
381 105
7 337
479 309
431 301
88 53
147 386
67 283
474 110
349 32
128 390
202 361
90 267
21 463
337 286
267 343
41 453
231 453
206 444
57 263
119 56
439 79
104 1
123 462
218 183
74 386
162 146
337 260
312 269
153 143
284 211
16 331
386 469
14 211
177 41
309 159
127 196
5 145
230 466
406 124
211 62
205 180
66 399
230 421
360 453
342 47
46 465
103 122
234 386
77 290
369 452
33 246
128 176
237 35
239 121
218 311
463 10
451 357
127 230
11 360
424 179
85 210
247 340
371 2
12 451
210 118
450 142
222 387
67 230
272 98
478 108
74 221
400 18
482 333
95 170
317 124
95 471
214 41
373 78
271 192
365 202
265 210
288 186
213 444
164 227
364 113
9 473
477 1
378 293
405 341
149 72
177 179
254 67
338 339
50 108
132 23
136 93
433 52
276 243
358 346
60 474
182 364
41 175
90 156
176 189
473 241
301 344
230 391
104 310
439 173
301 364
415 168
251 152
465 380
68 346
291 246
170 414
235 273
135 355
171 172
305 274
167 431
284 397
430 336
114 283
111 373
213 234
329 29
184 29
198 2
182 101
35 268
118 41
309 328
351 170
435 206
176 275
445 321
59 210
156 304
438 366
287 457
428 195
97 482
414 274
439 416
192 98
337 357
87 345
350 23
349 376
207 236
218 364
341 163
15 293
360 34
4 100
457 92
354 352
356 179
261 294
479 161
300 472
148 352
185 173
429 275
149 242
470 375
35 33
292 212
138 163
444 46
404 168
360 26
394 253
423 252
410 174
14 339
243 456
425 39
383 192
307 95
7 47
309 223
363 114
264 284
140 382
284 145
196 85
446 170
123 49
313 170
285 56
284 348
98 233
190 467
349 444
359 327
377 348
85 223
326 71
376 260
176 475
71 107
182 121
157 375
201 263
333 262
346 77
96 106
417 60
393 36
179 323
298 284
361 461
181 8
190 447
422 300
363 244
132 289
453 250
53 58
63 102
154 274
34 193
179 258
113 109
220 479
190 120
434 161
29 352
224 93
237 396
229 184
477 62
230 340
446 207
170 354
448 316
277 205
303 72
197 437
390 284
1 446
19 403
296 5
85 127
184 178
403 447
323 96
153 460
72 170
409 74
185 360
240 454
206 322
323 266
135 335
263 79
217 109
10 373
167 428
308 414
453 13
337 374
428 223
305 150
143 26
51 295
174 467
151 482
221 84
371 299
219 237
354 414
343 269
307 370
466 240
329 158
131 274
255 164
324 425
155 82
126 66
233 156
1 191
411 195
418 171
35 397
47 292
464 245
267 361
49 400
61 370
111 309
328 169
85 481
295 261
416 101
226 127
380 172
205 46
330 143
409 338
303 168
16 212
467 22
429 453
167 440
160 84
51 302
140 253
171 472
471 1
115 154
106 185
349 252
166 3
32 355
286 300
179 357
282 477
172 79
274 73
308 458
104 227
85 64
354 482
70 304
176 329
52 135
46 125
387 332
264 389
76 340
3 378
448 86
353 107
181 190
352 132
105 348
389 76
304 261
255 97
388 92
44 296
464 208
70 443
225 382
251 174
318 251
254 158
375 318
307 383
182 75
327 25
64 267
426 150
74 291
459 417
133 185
210 49
340 130
455 234
373 58
403 339
366 481
152 155
263 394
177 226
134 15
481 190
170 458
204 100
457 52
97 129
347 85
155 288
31 461
107 434
102 344
163 73
155 323
367 300
51 378
454 116
356 384
25 338
60 164
147 178
21 81
382 110
39 340
188 450
151 300
239 280
367 265
85 315
95 428
405 407
238 38
289 76
148 374
177 208
64 178
155 114
312 308
211 404
284 204
4 151
76 186
393 464
304 343
416 447
361 360
34 155
446 11
389 94
185 163
175 446
198 192
438 334
110 360
101 388
231 7
166 256
219 173
9 242
387 1764
1 2 3 4 5 6 7 8 9 10 11 12 13 14 15 16 17 18 19 20 21 22 23 24 25 26 27 28 29 30 31 32 33 34 35 36 37 38 39 40 41 42 43 44 45 46 47 48 49 50 51 52 53 54 55 56 57 58 59 60 61 62 63 64 65 66 67 68 69 70 71 72 73 74 75 76 77 78 79 80 81 82 83 84 85 86 87 88 89 90 91 92 93 94 95 96 97 98 99 100 101 102 103 104 105 106 107 108 109 110 111 112 113 114 115 116 117 118 119 120 121 122 123 124 125 126 127 128 129 130 131 132 133 134 135 136 137 138 139 140 141 142 143 144 145 146 147 148 149 150 151 152 153 154 155 156 157 158 159 160 161 162 163 164 165 166 167 168 169 170 171 172 173 174 175 176 177 178 179 180 181 182 183 184 185 186 187 188 189 190 191 192 193 194 195 196 197 198 199 200 201 202 203 204 205 206 207 208 209 210 211 212 213 214 215 216 217 218 219 220 221 222 223 224 225 226 227 228 229 230 231 232 233 234 235 236 237 238 239 240 241 242 243 244 245 246 247 248 249 250 251 252 253 254 255 256 257 258 259 260 261 262 263 264 265 266 267 268 269 270 271 272 273 274 275 276 277 278 279 280 281 282 283 284 285 286 287 288 289 290 291 292 293 294 295 296 297 298 299 300 301 302 303 304 305 306 307 308 309 310 311 312 313 314 315 316 317 318 319 320 321 322 323 324 325 326 327 328 329 330 331 332 333 334 335 336 337 338 339 340 341 342 343 344 345 346 347 348 349 350 351 352 353 354 355 356 357 358 359 360 361 362 363 364 365 366 367 368 369 370 371 372 373 374 375 376 377 378 379 380 381 382 383 384 385 386 387
1 1 1 1 1 1 1 1 1 1 1 1 1 1 1 1 1 1 1 1 1 1 1 1 1 1 1 1 1 1 1 1 1 1 1 1 1 1 1 1 1 1 1 1 1 1 1 1 1 1 1 1 1 1 1 1 1 1 1 1 1 1 1 1 1 1 1 1 1 1 1 1 1 1 1 1 1 1 1 1 1 1 1 1 1 1 1 1 1 1 1 1 1 1 1 1 1 1 1 1 1 1 1 1 1 1 1 1 1 1 1 1 113 1 1 1 1 1 1 1 1 1 1 1 1 1 1 1 1 1 1 1 1 4 1 1 1 1 1 1 1 1 1 1 1 1 1 1 1 1 1 1 1 1 1 1 1 1 1 1 1 1 1 1 1 1 1 1 1 1 1 1 1 1 1 1 1 1 1 1 1 1 1 1 1 1 1 1 1 1 1 1 1 1 1 1 1 1 1 1 1 1 1 1 1 1 1 1 1 1 1 1 1 1 1 1 1 1 1 1 1 1 1 1 1 1 1 1 1 1 1 1 1 1 1 1 1 1 1 1 1 1 1 1 1 1 1 1 1 1 1 1 1 1 1 1 1 1 1 1 1 1 1 1 1 1 1 1 1 1 1 1 1 1 1 1 1 1 1 1 1 1 1 1 1 1 1 1 1 1 1 1 1 1 1 1 1 1 1 1 1 1 1 142 1 1 1 1 1 1 1 1 1 1 1 1 1 1 1 1 1 1 1 1 1 1 1 1 1 1 1 1 1 1 1 1 1 1 1 1 1 1 1 1 1 1 1 1 1 1 1 1 1 1 1 1 1 1 1 1 1 1 1 1 1 1 1 1 1 1 1 1 1 1 1 1 1 1 1 1 1 1 1 1 1 1 1
64 27
114 353
16 172
80 57
292 222
124 130
366 295
335 312
312 186
283 223
57 135
251 199
76 206
286 33
268 366
217 8
40 88
343 120
363 296
108 264
240 121
188 34
94 369
324 41
169 67
321 46
305 362
353 145
56 102
69 146
237 209
294 343
154 175
333 15
197 342
58 159
381 283
218 54
63 300
343 53
357 340
348 327
277 144
340 384
4 144
353 113
115 198
39 12
193 299
359 302
202 251
302 90
140 356
261 324
147 155
145 360
56 272
148 259
342 108
65 368
319 310
124 49
37 382
72 81
229 149
120 64
298 173
288 377
214 241
1 289
263 314
311 170
276 245
73 169
177 362
302 84
23 323
10 124
198 267
351 111
214 82
8 138
346 280
354 214
184 282
324 63
149 294
232 296
211 249
247 217
369 161
232 168
198 66
386 369
96 182
48 23
225 13
215 94
77 179
167 58
82 41
65 50
179 299
17 165
297 33
322 233
36 99
103 64
332 149
260 108
241 288
16 273
121 10
62 331
355 48
26 232
218 45
167 308
278 227
44 140
385 357
224 8
238 224
167 337
168 241
101 204
216 172
315 57
328 288
295 172
140 293
255 258
205 186
189 38
145 121
168 289
194 88
202 111
187 258
93 30
357 144
380 104
7 358
323 220
131 258
46 272
161 287
44 163
328 106
344 315
209 341
105 192
208 188
250 175
105 201
38 37
184 295
80 125
104 375
129 386
334 306
117 124
121 306
68 369
231 73
14 160
375 303
69 140
72 172
152 64
262 18
173 203
362 342
114 365
110 107
190 239
328 266
176 369
364 359
54 100
199 115
5 343
79 108
55 69
13 26
305 69
116 369
216 331
210 79
33 360
355 307
224 171
141 313
100 69
84 158
370 364
169 124
318 328
351 360
13 356
271 385
105 284
333 118
372 257
213 214
220 364
378 348
371 78
244 294
301 125
255 181
221 225
10 169
49 23
225 203
281 155
120 27
42 125
18 151
137 383
60 237
197 253
171 26
45 77
176 193
376 15
260 329
14 305
19 71
335 95
108 311
216 118
114 185
128 353
31 45
72 328
245 76
164 1
77 88
303 293
13 206
169 11
63 374
33 271
205 267
54 348
387 108
186 258
231 284
197 301
177 23
269 43
32 259
300 333
284 235
259 310
75 88
133 205
281 299
181 128
211 308
40 65
7 20
327 369
369 177
30 23
244 301
45 79
256 84
29 93
223 191
150 130
32 215
381 99
6 209
207 141
30 107
107 158
16 240
17 214
276 265
3 192
106 240
249 127
172 211
102 33
65 167
153 325
260 379
266 372
49 57
348 288
286 150
110 120
240 32
51 204
51 110
355 297
213 226
383 44
2 9
188 386
232 222
339 159
241 257
201 358
240 41
303 150
85 328
30 155
258 116
23 54
50 295
383 212
160 69
237 342
19 322
109 182
61 276
96 105
254 322
384 198
35 312
382 383
349 173
273 364
46 85
234 54
21 107
249 19
76 197
357 264
227 376
215 127
144 3
299 188
311 111
49 29
198 209
184 14
119 323
196 275
124 26
40 128
150 125
105 276
242 233
270 79
386 94
82 109
43 208
116 225
236 379
87 317
244 59
65 202
106 18
353 5
3 136
253 173
249 227
372 174
273 349
195 74
154 69
113 59
341 84
10 159
72 128
97 54
330 257
358 244
306 175
364 136
49 311
254 355
207 355
21 211
143 188
117 57
322 24
331 25
330 319
66 364
55 92
379 183
329 238
53 25
155 103
259 286
172 294
359 212
372 316
310 380
258 325
385 48
192 169
109 35
183 238
252 276
168 72
223 383
378 227
137 43
61 118
96 270
117 316
386 126
59 318
259 172
154 29
328 224
107 301
21 238
121 113
239 353
182 112
118 179
315 74
249 355
40 191
198 373
223 293
367 306
261 127
311 240
142 317
178 209
93 133
126 346
46 227
59 19
143 296
156 268
323 160
318 320
223 268
175 69
27 311
339 274
247 129
359 36
371 174
268 42
343 64
341 159
380 106
83 112
365 24
312 214
296 246
95 374
356 315
126 170
97 354
211 354
317 365
220 194
166 70
339 327
227 55
85 12
278 306
73 247
41 387
281 304
24 31
154 357
346 169
232 269
238 216
301 1
355 357
286 29
18 66
8 316
127 186
64 311
97 71
100 50
288 24
109 12
114 62
110 373
314 217
206 56
133 285
206 271
297 148
379 338
353 33
36 197
308 323
27 163
105 15
16 378
199 345
295 120
158 332
331 258
70 352
310 181
33 233
124 262
140 364
369 124
131 69
126 156
198 95
235 15
231 310
360 195
53 340
114 344
80 247
328 10
188 264
136 319
192 261
290 56
268 171
247 39
90 38
292 265
202 198
227 135
74 252
6 235
52 255
359 211
374 308
258 376
199 16
49 246
148 368
37 67
219 268
171 252
229 322
211 194
204 19
268 137
25 381
326 156
95 214
367 117
332 112
329 61
385 232
146 57
342 155
111 130
304 60
202 329
237 336
189 18
193 30
374 80
170 295
43 248
16 13
163 59
107 179
94 7
112 57
378 210
356 10
91 132
378 370
228 48
253 35
136 352
37 368
4 199
328 30
29 239
76 25
11 204
121 233
125 348
46 311
263 156
271 25
86 166
278 350
47 89
73 193
352 97
128 139
207 264
380 359
273 164
117 259
272 52
149 324
6 341
329 79
156 40
332 84
266 327
55 365
1 245
278 139
352 333
86 147
340 44
243 28
375 169
179 381
333 313
63 15
57 36
258 79
159 314
193 183
361 265
241 104
205 374
48 363
387 128
192 269
58 370
46 33
326 257
302 290
354 11
38 326
272 125
26 295
323 299
234 318
100 202
237 15
307 376
57 349
41 61
93 50
68 96
122 273
101 280
292 204
331 256
114 229
101 57
298 81
73 113
188 332
80 133
271 277
270 150
130 61
268 265
339 197
230 182
72 182
319 302
75 361
375 7
58 298
147 70
364 78
128 358
369 139
314 359
339 277
331 329
219 285
98 143
298 259
157 334
65 31
236 110
362 202
46 9
255 126
361 81
43 42
78 14
113 18
258 16
56 225
157 234
311 13
382 249
204 151
56 345
33 6
48 38
354 19
311 222
363 303
384 336
362 40
106 264
41 273
257 262
383 252
323 84
110 367
57 295
222 36
95 101
313 110
269 32
153 272
147 187
153 200
52 95
177 70
317 199
14 114
196 15
313 174
338 130
131 244
146 183
356 32
271 360
12 86
354 58
54 259
321 197
38 284
189 7
125 112
277 159
21 266
259 272
92 353
6 236
221 269
145 385
86 239
224 373
223 139
383 193
288 303
198 75
336 310
222 114
232 167
180 211
184 129
212 150
29 138
252 327
339 260
201 67
114 167
282 21
16 30
223 292
72 360
2 153
310 176
283 290
35 241
99 210
126 38
136 294
383 104
196 165
318 45
8 30
23 294
92 79
44 356
236 342
161 381
386 71
175 199
109 337
155 322
100 170
347 14
265 44
316 322
385 79
244 257
329 231
357 358
190 338
157 233
91 207
220 253
95 340
330 317
83 17
327 296
177 340
364 88
101 333
348 357
73 192
238 285
287 262
276 207
59 341
88 339
312 22
354 283
231 15
124 332
256 169
84 190
228 119
129 106
360 343
96 333
324 204
69 139
111 267
40 259
88 37
93 288
386 374
385 181
246 95
200 122
20 114
187 31
190 302
143 370
49 135
311 70
226 38
115 276
10 196
226 159
180 250
41 89
299 64
277 325
62 294
333 192
208 263
359 360
17 278
387 115
187 281
9 148
275 53
71 193
39 273
104 291
129 381
215 205
115 83
263 125
186 349
310 114
273 381
360 303
222 240
274 83
363 140
319 267
375 327
53 243
203 30
178 80
151 273
84 131
173 268
302 370
122 207
112 66
120 215
107 61
145 167
336 325
177 161
248 110
210 327
349 302
258 339
311 276
255 91
24 191
184 232
207 24
199 87
283 365
329 197
351 144
330 372
30 308
273 376
362 369
29 257
78 170
28 55
72 348
238 239
82 89
140 202
336 373
351 244
238 363
4 51
9 350
165 20
203 78
29 335
236 129
116 267
58 333
229 193
48 365
235 226
2 294
121 343
310 272
384 12
241 80
102 362
316 263
158 23
145 239
40 329
246 348
187 333
34 81
166 211
163 306
139 238
168 158
334 71
38 70
250 279
137 364
3 301
99 280
311 364
308 209
178 226
110 338
80 18
203 348
213 273
189 310
331 294
120 132
338 20
167 133
54 295
105 325
4 299
196 39
161 262
386 146
371 190
170 113
85 196
3 98
81 244
280 272
118 95
74 221
221 198
7 53
207 125
275 179
175 105
142 281
294 131
138 86
152 358
315 110
32 56
374 185
364 374
279 164
9 159
173 290
65 256
82 49
53 196
33 244
295 246
163 45
93 113
76 153
5 352
258 45
25 37
81 217
183 331
243 59
105 154
384 381
15 362
208 47
381 136
145 225
207 89
302 25
40 35
216 36
62 179
154 159
332 151
222 266
346 85
350 69
125 69
355 188
126 64
325 68
318 18
282 247
240 56
183 120
323 291
179 334
307 357
40 146
352 266
74 205
170 26
125 355
142 262
126 310
149 304
169 259
216 136
334 369
138 357
194 305
79 309
64 239
64 271
13 79
302 202
334 124
89 20
182 186
58 174
134 325
55 220
142 330
329 149
162 76
58 177
9 108
112 197
111 249
46 386
228 219
85 305
274 71
282 39
144 125
81 278
168 220
117 165
343 7
170 20
259 27
347 96
12 348
272 17
214 157
54 328
373 387
202 265
20 209
173 146
52 337
156 147
325 41
205 213
356 232
70 42
51 61
211 31
345 147
155 150
235 58
118 361
30 78
13 43
245 39
210 311
96 216
271 177
54 121
167 17
218 367
26 34
378 44
140 112
186 153
250 148
271 95
159 22
377 113
279 310
164 169
8 65
153 366
246 245
26 293
24 108
71 330
82 157
218 108
97 169
299 227
64 363
127 117
112 200
321 9
221 371
307 152
263 338
261 255
91 82
285 46
70 50
163 189
79 313
360 366
26 109
79 12
90 306
72 120
228 14
270 370
116 197
198 323
152 129
366 210
380 70
37 162
31 35
272 31
335 241
356 302
86 180
322 340
294 217
116 349
194 280
154 280
102 104
323 268
135 162
375 312
261 373
229 54
2 166
235 97
38 206
202 141
368 232
152 224
243 374
59 143
251 357
385 12
278 44
226 260
254 289
314 46
307 315
285 247
63 334
3 346
258 356
274 17
79 333
379 119
28 207
38 97
229 51
274 176
355 277
20 369
156 17
216 103
84 34
43 30
118 113
73 327
251 277
344 263
22 153
387 85
11 268
96 165
327 212
363 338
301 305
85 256
302 149
137 235
69 243
332 40
326 386
337 220
59 331
229 168
317 329
195 142
367 188
198 335
52 23
56 27
374 61
164 171
109 338
234 335
153 185
305 196
380 314
131 313
283 349
71 321
172 379
111 99
369 232
186 4
366 228
196 267
344 309
63 320
376 329
193 275
174 17
250 116
175 287
287 306
253 10
326 188
296 171
351 232
264 181
80 334
372 295
169 53
38 47
314 221
116 35
202 124
361 114
319 52
60 267
116 230
212 372
208 160
87 161
288 11
284 89
373 371
337 2
292 246
366 189
27 105
72 359
275 107
245 51
60 57
162 334
172 270
335 296
253 375
137 20
39 43
42 137
73 284
50 208
220 302
57 242
62 10
270 244
28 276
317 201
216 217
25 190
86 228
328 102
200 96
113 156
81 222
219 97
87 242
315 26
211 7
178 117
340 278
36 123
26 285
350 321
227 274
307 255
365 374
80 365
342 248
5 291
384 354
117 369
384 142
209 347
123 281
241 229
224 312
111 314
116 301
200 56
226 80
320 24
298 131
72 124
130 250
349 29
324 384
35 43
37 292
139 74
161 8
17 233
261 248
257 42
81 63
139 366
71 215
385 32
164 354
150 272
362 371
363 198
29 243
224 135
324 298
196 386
355 237
376 29
40 277
363 95
227 145
136 318
150 256
5 66
261 334
6 27
355 74
68 125
51 317
207 69
379 371
376 96
269 160
42 150
344 376
161 24
172 302
168 50
284 261
213 55
79 85
313 222
373 141
366 320
192 326
255 274
85 48
264 47
231 219
71 104
316 161
128 356
191 85
189 117
115 101
134 357
105 202
17 52
9 311
261 238
332 147
140 4
231 345
207 151
249 346
94 144
251 36
238 272
272 2
59 345
62 380
374 165
68 117
111 141
283 62
72 54
236 312
18 332
99 213
10 367
150 384
4 180
113 355
364 99
173 214
300 207
361 136
206 176
370 89
208 351
140 12
387 209
141 30
216 355
295 381
95 191
112 342
94 315
334 170
164 355
264 116
51 30
45 360
28 374
370 387
211 366
215 28
192 327
198 282
79 212
265 47
227 182
172 123
307 199
193 296
231 353
52 109
159 115
236 55
241 324
208 127
192 274
180 115
105 283
81 296
188 168
251 54
212 280
30 359
135 155
365 90
191 361
316 136
280 53
59 180
140 174
217 267
15 277
106 356
316 104
99 125
230 171
282 310
113 195
142 255
194 100
83 336
148 13
43 241
361 219
222 41
321 336
276 16
253 316
305 292
57 108
288 147
118 276
383 95
367 324
126 224
349 106
39 103
265 43
334 68
4 361
237 160
180 91
306 4
12 57
25 292
215 109
213 80
53 288
121 141
239 149
104 41
20 307
175 40
9 205
291 43
100 292
115 73
227 140
103 288
114 295
284 124
22 251
47 300
386 200
11 260
105 233
355 322
21 37
12 45
115 224
313 29
122 58
321 12
274 240
381 86
320 203
34 362
324 337
283 234
132 257
248 182
320 326
204 242
98 49
19 112
38 190
31 16
164 120
19 142
330 68
33 5
223 291
21 237
34 42
292 300
46 287
321 287
23 372
110 144
316 9
105 345
242 27
325 281
3 85
354 333
66 189
356 60
185 10
192 298
138 379
229 5
317 150
190 170
62 343
207 238
326 313
363 154
261 170
28 317
105 299
360 28
355 86
377 291
146 162
225 377
351 17
139 381
358 341
106 372
283 209
237 140
117 197
84 227
154 27
62 355
61 83
285 289
177 258
54 337
51 261
98 12
9 102
250 236
310 353
281 15
113 271
201 381
332 224
339 242
360 363
302 343
216 48
180 371
163 183
228 216
335 331
160 349
380 220
329 172
181 387
335 98
305 342
376 267
186 23
309 348
264 129
159 47
201 342
126 176
27 241
380 117
60 9
62 123
249 195
349 153
143 179
237 78
154 281
81 132
325 5
161 198
193 300
96 269
151 140
237 360
313 236
350 144
105 351
136 303
43 213
48 292
125 378
60 89
46 163
382 175
347 2
342 318
315 205
208 170
21 143
346 287
110 100
279 208
33 184
258 369
53 186
297 87
275 81
293 124
343 286
73 88
73 175
192 111
83 134
321 241
215 200
365 303
66 305
59 300
177 232
382 79
144 18
159 268
32 43
344 37
59 353
332 258
130 217
287 128
241 113
182 24
35 84
198 332
268 339
79 37
247 341
253 63
134 44
349 49
152 226
258 112
66 39
282 291
202 248
87 243
181 316
250 89
86 129
178 322
49 369
87 308
181 353
362 281
377 269
1 214
245 208
165 207
338 154
140 28
141 375
152 223
193 313
194 119
49 208
346 162
303 204
279 185
83 166
278 261
225 187
214 321
93 60
271 315
48 62
325 327
109 220
67 105
127 69
87 330
178 363
216 280
42 193
203 142
222 241
144 288
140 353
263 305
219 307
93 321
222 56
325 222
324 214
160 341
324 87
244 74
157 148
235 261
343 31
202 30
179 370
112 319
38 197
346 71
15 106
256 261
178 244
77 327
321 179
291 366
30 85
108 308
191 260
132 249
313 1
283 148
376 53
174 33
365 359
357 406
1 2 3 4 5 6 7 8 9 10 11 12 13 14 15 16 17 18 19 20 21 22 23 24 25 26 27 28 29 30 31 32 33 34 35 36 37 38 39 40 41 42 43 44 45 46 47 48 49 50 51 52 53 54 55 56 57 58 59 60 61 62 63 64 65 66 67 68 69 70 71 72 73 74 75 76 77 78 79 80 81 82 83 84 85 86 87 88 89 90 91 92 93 94 95 96 97 98 99 100 101 102 103 104 105 106 107 108 109 110 111 112 113 114 115 116 117 118 119 120 121 122 123 124 125 126 127 128 129 130 131 132 133 134 135 136 137 138 139 140 141 142 143 144 145 146 147 148 149 150 151 152 153 154 155 156 157 158 159 160 161 162 163 164 165 166 167 168 169 170 171 172 173 174 175 176 177 178 179 180 181 182 183 184 185 186 187 188 189 190 191 192 193 194 195 196 197 198 199 200 201 202 203 204 205 206 207 208 209 210 211 212 213 214 215 216 217 218 219 220 221 222 223 224 225 226 227 228 229 230 231 232 233 234 235 236 237 238 239 240 241 242 243 244 245 246 247 248 249 250 251 252 253 254 255 256 257 258 259 260 261 262 263 264 265 266 267 268 269 270 271 272 273 274 275 276 277 278 279 280 281 282 283 284 285 286 287 288 289 290 291 292 293 294 295 296 297 298 299 300 301 302 303 304 305 306 307 308 309 310 311 312 313 314 315 316 317 318 319 320 321 322 323 324 325 326 327 328 329 330 331 332 333 334 335 336 337 338 339 340 341 342 343 344 345 346 347 348 349 350 351 352 353 354 355 356 357
1 2 3 4 5 6 7 8 9 10 11 12 13 14 15 16 17 18 19 20 21 22 2 24 25 26 27 28 29 30 31 32 14 34 35 36 11 3 39 40 41 42 43 44 45 46 47 48 49 50 51 9 53 54 55 8 57 58 59 60 61 62 63 64 65 66 67 68 69 70 35 72 73 74 63 76 77 78 20 57 81 18 83 84 85 86 87 88 19 90 91 92 93 94 95 20 97 98 83 100 101 102 103 100 105 106 107 9 96 110 111 112 27 114 34 72 83 66 119 120 121 122 123 124 125 126 51 128 129 100 131 19 9 103 135 3 137 1 139 140 141 70 143 144 145 25 147 148 91 150 95 21 145 76 103 27 157 158 159 160 84 162 163 164 165 78 167 168 156 170 114 172 164 24 53 72 88 111 179 180 181 182 183 91 94 103 53 9 189 190 191 110 182 49 195 12 114 198 199 83 201 202 203 204 205 114 207 208 209 210 211 212 77 72 215 196 217 218 219 220 217 222 205 224 225 163 95 53 229 230 231 64 47 70 235 148 78 238 163 240 3 242 243 244 72 246 247 51 102 202 163 252 180 254 88 212 252 100 15 9 199 6 209 91 265 72 100 268 268 265 271 272 273 143 64 276 64 159 279 280 205 3 183 53 3 70 104 288 92 219 291 292 223 44 72 83 69 9 19 202 301 302 72 304 305 306 307 25 103 2 137 312 96 314 315 65 274 98 319 91 212 3 323 324 57 120 327 150 306 180 246 170 333 96 335 150 337 209 339 340 341 144 15 296 29 70 83 135 76 150 19 67 327 354 355 13 51
89 215
235 55
168 237
170 332
105 66
49 304
61 283
331 277
188 237
258 326
242 356
229 293
96 109
38 39
116 211
324 329
279 234
337 276
296 99
280 245
352 67
217 303
294 44
311 148
181 83
255 316
89 188
115 223
224 149
220 258
243 145
91 184
53 220
241 56
233 47
185 314
182 245
344 33
213 18
177 122
258 59
99 282
258 163
38 136
274 144
123 50
145 226
156 144
151 121
104 287
70 286
153 145
260 298
42 347
220 244
26 214
25 105
314 262
72 303
196 216
353 109
129 269
317 274
161 234
163 239
152 83
345 29
74 314
172 14
191 334
84 306
73 85
277 142
92 289
184 320
109 7
189 309
261 199
148 236
214 171
13 4
247 294
304 186
265 270
62 233
71 35
76 349
182 155
233 328
269 268
310 136
147 194
322 216
210 25
214 245
342 144
179 256
25 308
310 97
60 274
158 213
351 188
69 195
149 264
193 182
289 319
348 235
357 127
238 153
325 80
223 234
345 294
76 44
63 75
173 164
65 316
11 228
94 185
49 194
18 82
283 350
222 351
278 159
104 327
146 353
321 212
95 155
296 344
132 87
175 284
111 178
214 303
164 18
329 306
71 258
259 246
208 155
271 42
330 292
114 171
127 334
290 219
253 203
109 334
188 328
128 315
127 249
47 157
113 27
11 267
328 137
145 24
59 254
283 183
37 11
143 185
300 8
12 241
336 350
324 311
54 340
309 112
91 149
41 147
283 32
326 120
54 148
187 228
346 139
38 282
50 120
5 90
260 340
140 122
290 201
116 176
326 198
305 354
268 334
221 168
353 157
28 92
303 295
273 339
6 15
180 330
112 11
204 15
258 214
288 22
231 9
300 178
113 156
170 351
23 21
205 235
254 40
68 43
160 290
96 20
107 23
246 331
258 270
134 58
117 99
268 141
70 234
183 201
274 83
285 241
321 256
133 298
45 271
178 356
240 335
276 3
321 161
311 58
209 338
138 1
323 175
235 171
354 261
293 223
83 200
274 143
291 182
66 118
322 341
192 164
182 214
227 95
353 327
248 9
175 259
188 9
14 215
171 168
83 347
43 198
127 110
226 163
241 3
273 3
310 23
88 255
197 206
257 255
75 99
25 146
155 103
257 252
174 24
250 202
351 302
333 260
59 337
133 9
38 322
101 220
116 266
331 258
133 75
125 189
166 237
262 325
69 297
303 282
332 81
309 103
209 300
325 57
21 152
76 154
321 48
102 249
311 262
89 132
8 56
84 30
98 318
18 301
98 349
299 132
120 17
353 289
234 346
134 103
103 132
225 336
13 356
307 177
350 330
220 31
297 18
196 251
208 85
250 300
171 247
12 196
59 230
98 218
149 16
156 312
258 22
155 186
323 335
67 310
283 245
310 2
36 134
78 166
79 20
351 19
53 187
214 184
311 154
175 99
297 177
15 259
277 275
213 77
332 342
309 214
275 126
119 313
124 99
110 192
109 148
5 86
271 24
224 93
348 135
38 3
137 311
165 315
309 178
217 221
259 190
308 32
278 250
281 205
104 100
99 83
207 18
350 328
277 194
218 205
258 130
262 6
214 70
14 33
232 277
51 248
272 76
123 327
205 223
108 188
116 303
197 114
177 255
285 27
350 150
245 270
343 259
151 95
220 106
10 233
263 209
64 275
225 165
313 96
121 222
14 88
327 162
122 214
267 258
161 84
247 167
83 125
161 86
224 60
239 138
9 44
175 53
348 294
115 34
355 247
304 174
122 316
127 51
163 251
214 100
131 357
44 102
283 345
100 77
250 260
133 52
330 253
46 145
58 195
169 156
199 223
305 257
109 309
453 686
271 333 264 390 151 381 36 267 207 262 228 222 51 110 282 63 246 167 142 263 382 348 332 380 96 360 23 118 74 84 57 247 152 234 339 120 77 86 360 13 251 31 305 390 9 439 275 239 389 353 120 339 379 63 398 310 372 165 318 298 443 444 285 360 400 372 69 117 421 320 225 325 107 170 169 36 257 310 295 59 192 15 119 42 342 323 21 350 265 388 66 432 252 423 8 17 169 392 453 273 238 23 378 252 98 133 173 379 421 289 293 344 396 226 153 399 309 302 23 376 324 255 302 153 263 54 8 417 428 84 218 34 253 256 59 345 98 427 67 367 279 337 229 252 233 101 238 327 24 221 24 263 43 49 94 300 327 434 171 191 178 144 209 197 283 259 319 258 279 54 357 15 62 265 60 303 289 260 385 400 132 6 395 342 125 51 327 354 301 240 75 235 387 366 213 209 290 334 101 96 61 275 336 383 453 337 347 412 401 115 305 437 220 32 298 188 65 394 369 97 33 114 357 387 361 89 168 114 244 29 147 109 222 93 58 426 323 60 442 341 403 141 316 108 332 225 109 131 266 301 349 367 286 91 443 32 161 8 163 110 110 97 306 251 31 11 328 152 205 1 2 4 279 205 430 442 358 357 200 197 66 57 242 42 6 212 219 221 147 220 287 397 155 387 420 22 115 89 292 174 329 121 38 223 166 325 59 51 340 202 33 113 21 245 176 262 254 60 15 34 233 213 176 113 46 145 179 430 343 384 152 48 323 384 359 5 49 64 118 112 320 287 136 59 77 394 276 56 429 273 169 218 174 234 220 210 352 424 339 71 288 44 260 387 266 446 164 23 368 48 171 446 38 82 123 210 30 334 369 262 84 439 258 158 336 372 360 132 435 320 286 402 426 31 368 142 87 119 166 35 47 140 81 271 139 419 217 446 282 195 127 209 128 140 12 448 173 424 231 379 413 135 317 172 173 401 375 228 318 272 172 261 283 60 160 7 61 314 185 190 23 411 433 286 112 168 222 175 352 180 374 394 404
1 1 1 1 1 1 1 1 1 1 1 1 1 1 1 1 1 1 1 1 1 1 1 1 1 1 1 1 1 1 1 1 1 1 1 1 1 1 1 1 1 1 1 1 1 1 1 1 1 1 1 1 1 1 1 1 1 1 1 1 1 1 1 1 1 1 1 1 1 1 1 1 1 1 1 1 1 1 1 1 1 1 1 1 1 1 1 1 1 1 1 1 1 1 1 1 1 1 1 1 1 1 1 1 1 1 1 1 1 1 1 1 1 1 1 1 1 1 1 1 1 1 1 1 1 1 1 1 1 1 1 1 1 1 1 1 1 1 1 1 1 1 1 1 1 1 1 1 1 1 1 1 1 1 1 1 1 1 1 1 1 1 1 1 1 1 1 1 1 1 1 1 1 1 1 1 1 1 1 1 1 1 1 1 1 1 1 1 1 1 1 1 1 1 1 1 1 1 1 1 1 1 1 1 1 1 1 1 1 1 1 1 1 1 1 1 1 1 1 1 1 1 1 1 1 1 1 1 1 1 1 1 1 1 1 1 1 1 1 1 1 1 1 1 1 1 1 1 1 1 1 1 1 1 1 1 1 1 1 1 1 1 1 1 1 1 1 1 1 1 1 1 1 1 1 1 1 1 1 1 1 1 1 1 1 1 1 1 1 1 1 1 1 1 1 1 1 1 1 1 1 1 1 1 1 1 1 1 1 1 1 1 1 1 1 1 1 1 1 1 1 1 1 1 1 1 1 1 1 1 1 1 1 1 1 1 1 1 1 1 1 1 1 1 1 1 1 1 1 1 1 1 1 1 1 1 1 1 1 1 1 1 1 1 1 1 1 1 1 1 1 1 1 1 1 1 1 1 1 1 1 1 1 1 1 1 1 1 1 1 1 1 1 1 1 1 1 1 1 1 1 1 1 1 1 1 1 1 1 1 1 1 1 1 1 1 1 1 1 1 1 1 1 1 1 1 1 1 1 1 1 1 1 1 1 1 1 1 1 1 1 1 1 1 1 1 1 1 1 1 1 1 1
35 13
39 355
227 124
172 419
157 85
380 444
215 35
202 168
444 324
306 134
444 96
417 157
340 168
123 444
444 359
318 332
157 335
444 446
46 212
62 157
444 251
266 393
444 159
157 265
444 44
71 168
318 399
153 157
303 168
226 157
157 112
438 168
249 5
157 421
294 329
82 353
396 444
168 52
394 318
235 296
116 157
168 141
349 168
157 171
151 318
157 77
451 415
204 157
296 349
318 368
444 104
27 157
168 240
318 117
301 157
273 168
168 310
23 168
194 444
230 283
168 245
444 95
51 62
392 40
318 50
316 86
12 168
361 133
390 279
81 168
14 160
292 281
117 363
443 28
168 1
444 287
318 264
218 194
157 155
259 168
265 398
143 277
274 185
318 100
183 269
271 168
444 316
216 22
203 318
249 227
373 310
342 415
157 244
396 151
107 157
445 157
327 370
168 58
49 189
176 292
331 62
318 263
269 51
19 168
157 20
127 183
444 274
255 19
444 113
151 349
275 157
424 328
157 393
247 168
366 168
157 170
444 136
318 197
444 437
321 157
168 38
234 318
200 168
157 387
157 236
376 423
84 82
78 367
190 168
168 253
444 328
148 109
318 11
349 357
18 345
183 211
71 23
269 157
197 327
423 208
343 320
157 239
318 243
388 157
398 318
318 135
444 378
176 318
60 318
270 159
354 318
180 444
175 93
364 150
395 300
8 318
53 168
168 83
31 157
168 280
161 168
157 410
73 119
279 157
168 189
195 168
162 372
432 157
318 111
168 46
318 4
229 168
318 448
232 318
43 168
444 156
318 334
88 226
308 318
261 145
157 132
124 232
322 318
125 2
318 430
77 150
150 55
103 122
415 388
356 157
168 296
168 205
282 318
444 311
318 401
444 331
327 168
374 168
318 17
61 345
56 168
157 69
137 318
157 411
192 168
320 157
406 168
283 168
270 168
318 392
444 290
306 276
412 444
375 444
318 261
325 422
66 444
93 318
233 168
449 321
157 191
255 157
265 28
420 318
218 318
318 188
249 263
444 67
21 318
209 168
6 318
157 453
157 140
311 364
444 428
202 283
318 87
18 19
318 231
408 359
305 270
444 272
291 43
318 429
403 11
238 184
405 157
228 350
54 168
128 318
157 25
410 147
350 168
375 189
10 54
157 268
326 376
452 289
157 440
187 358
284 168
224 241
123 90
321 372
444 252
444 65
44 115
318 187
30 444
182 168
412 382
58 440
262 447
217 139
318 374
318 103
392 157
318 250
434 444
4 196
344 157
219 168
147 444
154 444
229 154
444 109
294 307
318 35
436 157
444 134
168 41
58 179
352 318
442 427
147 127
343 365
168 295
365 157
302 157
318 228
419 252
187 291
39 318
392 186
182 265
138 168
115 168
352 174
220 252
168 121
289 168
444 337
157 13
157 242
114 56
124 444
237 313
318 256
318 230
59 168
177 168
304 444
211 157
435 105
40 157
157 315
327 282
125 311
426 99
435 168
110 44
157 164
157 10
62 105
73 444
168 225
206 444
444 376
288 157
33 444
22 157
157 319
193 444
168 120
168 347
3 444
157 235
379 444
419 104
157 260
210 156
444 72
318 216
220 360
444 99
94 157
418 304
318 342
291 157
187 63
90 444
413 375
399 299
318 237
18 441
98 157
437 107
318 227
338 157
444 377
276 444
107 320
318 162
150 157
250 14
157 86
88 157
157 49
318 108
444 362
444 318
113 291
444 208
444 409
318 267
26 168
444 14
64 381
101 452
224 157
168 277
306 118
42 168
346 168
367 415
168 381
315 444
254 318
444 149
444 422
269 105
305 444
145 106
177 115
286 362
109 246
157 425
352 93
345 168
181 318
381 427
131 275
77 26
444 126
249 318
168 63
318 84
443 157
157 391
444 64
80 307
157 238
223 157
157 18
336 168
299 168
168 139
440 444
222 157
318 24
168 329
157 168
444 383
154 185
245 405
414 444
340 62
419 176
130 318
313 168
318 423
444 450
98 210
266 420
351 191
269 390
444 32
157 61
417 279
7 157
318 34
80 444
157 449
259 109
132 15
146 168
444 424
114 27
183 444
285 318
318 76
348 157
318 339
318 217
444 101
395 157
333 318
318 360
444 307
167 157
168 386
333 422
444 361
444 258
317 157
444 152
369 318
413 56
201 157
415 205
157 220
357 444
300 112
157 160
317 27
174 444
157 306
415 108
158 383
318 353
168 210
295 385
402 157
363 168
145 168
318 358
349 200
3 133
192 396
186 444
130 239
312 444
318 122
168 144
39 175
48 318
190 418
408 168
337 352
418 318
314 444
168 286
421 296
232 267
403 168
320 125
262 157
314 333
89 444
241 168
51 444
444 68
318 70
281 157
259 258
318 431
293 157
357 235
168 351
297 318
143 168
199 157
318 384
334 381
318 157
119 157
140 239
283 133
76 397
419 444
318 214
128 74
105 157
285 236
444 185
60 379
309 444
374 9
207 157
157 79
157 266
92 318
364 157
318 118
444 385
175 168
192 156
244 444
2 168
292 318
433 168
157 439
318 184
444 221
82 328
226 355
4 326
168 325
444 47
413 318
318 125
168 97
444 110
326 444
212 168
157 16
451 318
157 198
334 22
38 212
14 319
168 82
400 168
157 370
2 21
215 168
168 441
57 157
73 316
416 318
139 380
356 342
318 131
127 168
104 79
444 278
23 228
45 318
129 157
318 382
248 168
442 318
15 157
98 121
42 108
447 168
452 94
50 298
178 157
28 168
196 444
373 93
318 426
341 168
110 14
163 318
318 372
74 339
404 444
158 157
226 221
355 444
246 168
410 101
444 75
36 318
32 423
55 444
202 71
179 318
444 300
65 312
446 31
133 444
157 148
249 303
102 318
157 5
157 165
29 436
444 106
69 147
169 318
166 168
11 428
369 253
442 130
168 213
168 367
3 164
173 444
444 427
142 157
294 157
373 157
97 92
390 444
157 29
168 9
16 365
207 90
444 114
207 143
323 444
37 168
256 171
415 168
74 444
444 298
168 78
67 159
91 157
425 264
318 389
371 168
415 398
318 407
61 3
41 387
397 157
257 444
157 452
168 330
444 172
343 318
249 345
499 1074
1 2 3 4 5 6 7 8 9 10 11 12 13 14 15 16 17 18 19 20 21 22 23 24 25 26 27 28 29 30 31 32 33 34 35 36 37 38 39 40 41 42 43 44 45 46 47 48 49 50 51 52 53 54 55 56 57 58 59 60 61 62 63 64 65 66 67 68 69 70 71 72 73 74 75 76 77 78 79 80 81 82 83 84 85 86 87 88 89 90 91 92 93 94 95 96 97 98 99 100 101 102 103 104 105 106 107 108 109 110 111 112 113 114 115 116 117 118 119 120 121 122 123 124 125 126 127 128 129 130 131 132 133 134 135 136 137 138 139 140 141 142 143 144 145 146 147 148 149 150 151 152 153 154 155 156 157 158 159 160 161 162 163 164 165 166 167 168 169 170 171 172 173 174 175 176 177 178 179 180 181 182 183 184 185 186 187 188 189 190 191 192 193 194 195 196 197 198 199 200 201 202 203 204 205 206 207 208 209 210 211 212 213 214 215 216 217 218 219 220 221 222 223 224 225 226 227 228 229 230 231 232 233 234 235 236 237 238 239 240 241 242 243 244 245 246 247 248 249 250 251 252 253 254 255 256 257 258 259 260 261 262 263 264 265 266 267 268 269 270 271 272 273 274 275 276 277 278 279 280 281 282 283 284 285 286 287 288 289 290 291 292 293 294 295 296 297 298 299 300 301 302 303 304 305 306 307 308 309 310 311 312 313 314 315 316 317 318 319 320 321 322 323 324 325 326 327 328 329 330 331 332 333 334 335 336 337 338 339 340 341 342 343 344 345 346 347 348 349 350 351 352 353 354 355 356 357 358 359 360 361 362 363 364 365 366 367 368 369 370 371 372 373 374 375 376 377 378 379 380 381 382 383 384 385 386 387 388 389 390 391 392 393 394 395 396 397 398 399 400 401 402 403 404 405 406 407 408 409 410 411 412 413 414 415 416 417 418 419 420 421 422 423 424 425 426 427 428 429 430 431 432 433 434 435 436 437 438 439 440 441 442 443 444 445 446 447 448 449 450 451 452 453 454 455 456 457 458 459 460 461 462 463 464 465 466 467 468 469 470 471 472 473 474 475 476 477 478 479 480 481 482 483 484 485 486 487 488 489 490 491 492 493 494 495 496 497 498 499
1 1 1 1 1 1 1 1 1 1 1 1 1 1 1 1 1 1 1 1 1 1 1 1 1 1 1 1 1 1 1 1 1 1 1 1 1 1 1 1 1 1 1 1 1 1 1 1 1 1 1 1 1 1 1 1 1 1 1 1 1 1 1 1 1 1 1 1 1 1 1 1 1 1 1 1 1 1 1 1 1 1 1 1 1 1 1 1 1 1 1 1 1 1 1 1 1 1 1 1 1 1 1 1 1 1 1 1 1 1 1 1 1 1 1 1 1 1 1 1 1 1 1 1 1 1 1 1 1 1 1 1 1 1 1 1 1 1 1 1 1 1 1 1 1 1 1 1 1 1 1 1 1 1 1 1 1 1 1 1 1 1 1 1 1 1 1 1 1 1 1 1 1 1 1 1 1 1 1 1 1 1 1 1 1 1 1 1 1 1 1 1 1 1 1 1 1 1 1 1 1 1 1 1 1 1 1 1 1 1 1 1 1 1 1 1 1 1 1 1 1 1 1 1 1 1 1 1 1 1 1 1 1 1 1 1 1 1 1 1 1 1 1 1 1 1 1 1 1 1 1 1 1 1 1 1 1 1 1 1 1 1 1 1 1 1 1 1 1 1 1 1 1 1 1 1 1 1 1 1 1 1 1 1 1 1 1 1 1 1 1 1 1 1 1 1 1 1 1 1 1 1 1 1 1 1 1 1 1 1 1 1 1 1 1 1 1 1 1 1 1 1 1 1 1 1 1 1 1 1 1 1 1 1 1 1 1 1 1 1 1 1 1 1 1 1 1 1 1 1 1 1 1 1 1 1 1 1 1 1 1 1 1 1 1 1 1 1 1 1 1 1 1 1 1 1 1 1 1 1 1 1 1 1 1 1 1 1 1 1 1 1 1 1 1 1 1 1 1 1 1 1 1 1 1 1 1 1 1 1 1 1 1 1 1 1 1 1 1 1 1 1 1 1 1 1 1 1 1 1 1 1 1 1 1 1 1 1 1 1 1 1 1 1 1 1 1 1 1 1 1 1 1 1 305 1 1 1 1 1 1 1 1 1 1 1 1 1 1 1 1 1 1 1 1 1 1 1 1 1 1 1 1 1 1 1 1 1 1 1 1 1 1 1 1 1 1 1 1
242 350
274 177
240 376
233 363
234 180
15 331
234 53
301 78
234 488
209 465
331 444
314 10
88 10
128 10
120 344
115 70
211 240
79 123
113 311
173 354
70 413
350 90
384 350
240 485
234 206
106 254
350 215
245 90
39 234
488 435
26 240
110 234
336 240
73 386
7 420
382 350
223 10
417 247
263 334
10 54
11 313
237 234
134 359
96 141
333 330
101 384
30 10
204 234
240 195
262 375
361 175
10 224
483 171
435 341
234 102
218 350
38 389
234 352
240 21
186 240
101 451
147 329
10 40
291 10
404 10
366 59
265 350
10 327
359 105
495 234
460 10
350 117
350 163
350 463
431 240
259 350
390 240
54 198
25 458
13 160
234 458
143 433
293 350
473 234
109 490
350 234
240 224
236 240
350 245
249 10
350 430
433 456
330 350
12 470
132 10
370 434
377 76
350 277
62 97
333 360
202 411
383 135
403 211
372 374
465 10
305 350
443 326
32 21
445 339
208 441
203 300
350 248
293 403
207 251
409 221
209 82
234 156
10 246
54 154
459 240
73 240
10 71
263 240
318 487
403 234
133 36
234 452
345 234
188 332
240 108
10 356
92 262
102 247
464 234
329 361
234 349
410 445
291 339
234 386
384 226
234 127
350 178
91 350
95 367
394 442
235 234
36 177
489 234
64 50
136 188
410 317
442 234
332 10
173 499
426 234
350 58
230 45
22 175
270 288
335 240
189 234
301 437
27 36
227 296
328 240
10 425
366 407
10 16
498 10
488 117
234 46
429 326
415 308
160 350
202 33
234 475
350 439
119 17
346 252
67 380
240 144
400 8
326 10
362 234
209 253
190 336
289 234
228 10
157 442
350 433
164 76
36 219
108 401
10 96
3 350
159 65
85 480
407 350
240 383
80 10
350 494
457 433
264 283
147 191
10 396
424 283
240 199
464 153
102 412
430 420
390 371
10 225
486 350
433 326
340 402
121 234
123 415
234 214
396 411
234 244
176 240
175 463
307 240
56 235
129 359
298 368
385 10
453 387
325 423
152 322
83 240
103 240
395 127
44 344
350 251
45 357
352 418
190 350
411 258
281 240
175 356
34 480
323 10
60 204
389 10
229 461
234 284
350 97
231 240
350 240
305 297
68 15
350 451
350 175
438 487
449 400
238 246
350 192
125 39
10 424
334 188
250 242
311 74
459 57
428 66
377 350
137 10
131 109
234 78
65 350
105 88
65 419
33 157
423 24
292 450
218 381
391 131
240 400
234 416
234 365
350 105
292 248
187 212
391 240
480 470
114 229
106 240
44 256
10 141
240 466
10 233
344 240
135 460
422 55
41 247
408 10
276 466
106 476
197 349
453 7
365 229
291 471
318 10
234 104
290 339
13 10
31 422
188 240
476 10
350 304
222 408
252 490
340 234
169 122
428 164
350 316
75 380
76 172
261 10
303 234
16 347
420 234
240 457
234 286
240 86
52 490
10 17
234 429
461 242
366 234
64 297
152 205
106 38
177 284
66 240
343 212
20 350
15 481
34 234
278 296
240 2
393 485
194 257
334 80
329 383
130 10
335 362
245 398
38 122
350 112
372 234
159 254
170 350
194 160
248 245
478 10
425 373
226 288
165 234
50 429
50 350
349 81
126 10
364 234
126 88
82 461
350 129
34 218
327 208
234 319
79 465
34 186
323 376
131 126
219 392
137 436
302 10
350 279
334 38
430 293
278 234
85 459
10 402
350 359
406 240
313 166
234 22
387 352
236 257
196 124
350 187
91 221
184 96
423 234
355 234
119 297
410 337
408 354
350 48
350 181
309 10
234 182
481 76
321 238
284 387
142 154
147 28
157 234
379 165
10 371
276 350
60 351
309 393
184 437
479 350
22 391
135 350
22 443
150 234
60 240
48 307
184 240
264 487
350 154
240 14
419 350
5 476
10 208
186 108
240 87
40 83
181 220
231 175
164 8
375 240
240 448
82 424
489 85
301 350
325 10
234 1
234 285
240 497
233 198
113 234
19 257
24 467
10 370
394 182
322 456
240 434
234 440
145 240
234 99
393 240
424 146
235 473
368 234
234 5
346 294
457 65
223 13
332 404
284 204
92 234
23 21
238 361
39 242
195 245
365 42
470 240
344 498
10 7
353 350
200 10
213 350
110 215
212 240
10 69
379 350
273 234
213 33
354 10
73 448
260 247
421 343
226 152
240 143
240 449
167 487
493 10
240 239
234 31
234 196
252 375
352 303
35 234
297 76
415 350
124 415
320 10
146 10
131 176
129 368
234 44
184 433
445 8
472 240
350 462
89 56
350 342
154 187
311 13
350 216
255 365
240 394
234 267
209 432
22 195
174 10
404 55
10 491
205 240
85 10
437 236
456 252
250 215
189 434
248 431
238 240
234 331
489 427
10 164
45 240
142 497
29 350
450 317
280 417
394 242
234 436
386 178
230 350
72 78
350 374
11 234
317 434
369 204
96 9
240 77
494 466
420 351
165 212
68 268
472 307
120 127
68 316
10 207
463 322
240 477
35 448
4 10
394 122
52 420
10 308
334 213
247 40
325 188
410 3
388 234
386 325
482 470
106 435
408 350
17 21
321 66
171 350
56 51
240 227
350 63
184 452
260 47
350 120
134 234
110 372
405 234
373 76
240 409
264 365
244 35
282 237
453 174
121 466
20 234
312 10
71 275
355 289
350 62
126 450
326 249
381 274
165 318
421 294
490 453
490 56
240 72
155 448
263 330
238 379
432 350
488 208
161 350
224 496
455 234
321 87
240 373
240 461
10 380
137 35
465 292
10 131
280 240
181 141
231 441
315 343
403 310
16 23
97 471
49 123
269 234
482 240
369 147
361 234
477 85
294 382
234 101
163 346
109 432
59 398
234 120
455 279
10 329
155 53
220 245
450 350
428 10
350 447
200 383
445 350
155 240
209 234
190 163
264 240
341 171
410 294
490 234
300 146
33 234
102 252
350 202
234 118
464 169
111 350
198 10
152 10
438 267
3 422
125 234
191 350
203 10
385 348
446 234
240 56
311 276
450 112
137 70
82 230
411 10
234 32
116 420
37 10
248 436
319 130
193 53
257 25
73 184
262 240
280 434
196 63
429 466
115 203
16 308
275 350
11 89
326 127
234 437
160 388
198 310
165 368
9 189
234 299
346 350
129 248
396 295
240 68
8 234
374 137
70 442
227 110
350 250
197 412
496 274
339 430
438 10
258 240
306 417
57 199
292 187
143 264
100 105
367 104
84 234
270 350
277 127
438 289
10 94
138 240
483 373
234 254
350 290
410 213
42 350
231 494
245 72
76 441
240 41
284 28
90 372
227 192
80 269
269 350
421 10
413 28
59 234
173 350
222 234
149 475
231 73
240 483
240 52
272 240
389 75
492 10
344 310
396 195
240 343
9 234
268 350
357 385
424 458
177 384
241 226
240 480
167 240
391 213
234 60
55 33
240 229
395 100
57 350
257 10
10 116
123 157
360 343
371 15
124 332
263 92
447 26
443 234
276 141
158 196
350 177
172 80
194 350
435 144
127 107
99 462
219 234
124 33
10 232
350 467
403 350
295 373
270 200
206 401
220 456
41 322
352 290
296 102
399 303
368 429
174 76
48 471
252 17
151 419
295 234
214 356
23 120
350 168
104 423
371 17
38 240
17 77
163 123
317 350
396 169
452 136
248 93
139 10
240 427
268 293
26 274
352 364
10 333
170 74
344 126
213 389
451 37
471 234
240 151
499 240
10 95
298 240
234 115
247 240
350 81
296 234
445 39
370 117
397 10
240 367
55 476
145 294
288 240
125 291
350 292
234 142
226 10
322 240
104 218
311 10
339 350
4 177
351 350
433 464
124 240
234 61
310 350
240 468
379 203
297 240
347 240
421 108
186 481
10 348
240 417
112 218
463 119
67 276
380 282
240 435
157 76
107 350
93 238
444 234
324 234
240 398
240 193
193 248
27 54
339 437
75 167
299 171
337 350
27 252
267 410
53 298
450 284
210 10
240 334
89 10
445 66
46 319
76 358
388 71
57 353
350 115
205 431
412 234
10 484
10 315
487 213
351 237
47 193
59 361
350 410
470 436
113 251
201 10
70 240
387 234
350 100
240 282
421 226
249 234
234 456
321 411
196 167
422 234
359 163
21 1
234 109
234 481
350 18
178 168
133 350
240 149
274 240
34 47
395 234
183 234
234 313
442 447
240 159
227 303
340 330
350 51
18 461
240 179
495 132
172 306
10 23
350 338
350 19
239 201
217 234
454 146
436 373
491 227
266 350
93 234
246 368
499 20
10 49
10 153
50 361
360 234
350 25
350 401
261 243
10 283
240 147
271 10
144 491
240 413
10 166
471 43
307 379
74 240
357 316
15 234
469 149
350 241
10 253
240 43
350 392
326 31
23 172
144 10
350 114
169 10
260 234
75 10
341 240
134 337
306 350
381 234
10 148
251 346
234 140
404 178
258 320
204 105
487 350
255 240
10 453
240 407
463 217
234 67
399 234
111 191
337 121
148 118
136 350
426 112
350 243
350 55
350 474
28 447
350 79
350 252
234 10
185 240
10 28
240 24
454 240
475 52
418 328
380 150
234 221
496 10
234 64
234 98
135 28
350 162
123 350
104 477
10 122
480 287
197 350
10 441
10 172
339 14
36 234
350 76
27 10
93 108
157 289
158 350
469 201
69 304
409 234
220 234
300 240
469 234
411 160
484 189
37 199
414 234
369 240
119 240
384 121
357 10
47 350
378 234
471 159
358 240
346 420
350 287
10 82
341 144
4 234
6 350
12 234
363 447
234 363
493 220
243 340
297 196
10 294
256 234
240 418
220 272
346 399
350 321
