27353 19172
10221 15589
22363 49
22587 26064
10284 9458
10924 1682
19752 983
4955 8113
7153 23225
1672 4039
9196 1539
22430 13056
9385 5639
15840 15168
17155 2377
24342 21129
16626 2750
5837 24716
5789 19535
22618 2904
21778 10097
1817 11489
15151 18743
6022 6682
5517 26697
18778 13730
23189 15444
12270 19587
23604 3608
22801 26410
21041 21323
13825 19546
15236 18063
9145 16890
16767 10724
17293 16432
1159 20793
7962 18725
5765 19070
15314 14950
22401 17808
9239 7628
21000 19750
26000 19644
4266 16239
3061 17827
15737 10357
16928 2455
5523 18719
9777 8206
15916 4172
160 16558
9881 19146
16497 16232
14838 24820
1607 14015
13810 25546
6513 20626
16253 12839
10771 23818
6275 22969
18115 446
6769 7491
6260 5399
10980 2758
14165 15800
26215 1223
8117 24153
25877 15228
7197 10412
24383 24112
17466 27061
25718 188
14316 26586
716 24774
25919 20823
2532 8064
13719 9068
5707 22633
13935 5660
19296 15884
9953 22553
3119 9258
10161 25471
6630 25762
3483 7734
18329 26914
2936 3431
12991 3118
10444 3808
23781 25131
26328 11838
23422 5536
24629 20502
27124 17407
2809 13418
3215 5704
23894 22793
8509 11966
12093 15968
5465 14590
16028 4921
25751 10514
23897 20058
24223 4538
5647 20488
3966 13745
26929 5302
4224 14040
23398 4132
22277 23124
12893 21390
15760 9536
20663 24544
26650 27286
5592 21986
13748 6894
4458 25992
5272 20318
24345 13805
21058 16671
22748 7433
2359 2457
25551 2239
18605 4487
19160 11162
7708 2239
19187 22370
4882 14885
4148 7750
17096 26080
13951 21482
1408 21631
25640 25851
13873 26258
8035 27251
26818 748
26808 3965
15311 6182
20859 3895
26054 26888
12624 9309
15679 23547
21042 21278
6127 9168
2679 2583
18620 42
25480 2709
4579 20216
21384 15794
10701 12337
22769 19277
26845 10384
20680 2617
17114 23855
19067 19686
19562 969
7376 3836
15710 13219
16581 3878
15113 6813
6959 17319
8598 26546
22702 13036
26912 18961
7774 12284
6841 14560
8311 8022
21102 25880
12947 20700
4167 15963
17393 6422
2278 4575
3300 3280
15591 14924
10144 7208
13648 24948
14431 22176
26324 711
12871 25522
1444 4120
22357 16421
21240 20862
18899 9148
24136 10904
20182 15293
3603 8458
18454 16840
22180 1741
144 16990
4505 23542
4232 13584
23560 3389
8701 3225
4034 4709
15703 5716
19118 9946
16886 15895
2151 9351
1122 13639
13076 23675
12027 9332
25332 4285
3172 19202
20060 3932
1348 16611
737 12256
1329 3500
14248 20900
18341 22039
11762 12969
26060 6909
13001 3795
24034 21594
10704 2970
8616 23947
14433 17913
927 753
18263 13717
7322 4781
12654 8154
15940 9722
22285 18359
15086 11567
21031 22980
20505 4440
14443 21260
369 7780
5561 18690
24407 8751
2394 3716
4434 6871
6280 361
10462 23974
10610 16490
27033 15184
3668 7368
23321 25751
24550 7753
25682 21902
20547 1138
6926 15290
17074 16188
6014 5611
24728 20591
8064 24989
18412 19596
3453 17508
15851 22337
23172 10581
19674 19185
503 18747
15333 12319
16843 14225
3052 26734
1746 17128
23009 12280
13883 19472
2980 13797
23539 6847
17459 1662
18605 891
4590 20108
23480 15837
8750 19988
349 5219
9203 1769
6708 3174
23263 5222
1251 13887
24023 10868
10327 8860
7600 6990
8687 9022
18396 12310
583 2353
10466 3505
6197 8068
16964 12650
2427 10551
8930 20040
4279 25026
21766 1979
14828 6266
20254 21315
10318 16624
24919 4186
25296 12309
8107 22218
21188 20432
5194 4128
1178 6885
13329 3731
25470 17306
27175 18219
3312 22241
15049 5218
7997 16839
790 10415
4346 18785
18969 20429
3662 25737
8970 19331
5534 20411
15370 17287
20534 3060
992 952
13304 6532
2438 18186
4403 14071
16346 2815
1987 18250
25034 25491
13885 3545
25189 8103
24321 23340
2097 11477
8876 25065
24463 829
22888 12003
19340 14828
9834 9987
24263 246
9801 7824
3855 1178
12932 14244
17948 2068
13395 4849
9976 6135
2955 15379
17853 21429
26726 17992
3155 686
19804 18611
12246 5056
6636 21714
1249 14241
23231 15496
11160 4609
26768 20916
18412 5851
3114 2311
12468 18166
8590 14737
7615 4507
7059 6504
18435 14614
7523 11563
12212 3193
11320 11657
66 7216
26838 2597
5958 7920
19549 1998
22971 229
4398 24852
19570 27196
1166 327
4438 4737
24959 7654
21151 13329
3737 8073
19613 7123
1985 19614
13742 10154
1041 6977
20635 1398
25292 6780
8802 5881
21784 27205
141 12584
14124 15854
8883 14851
11089 15817
12801 9307
14713 936
19175 18911
16697 23407
23415 2084
6074 15800
16417 5862
8246 2401
708 5757
21310 7845
1616 1179
838 4820
8637 10853
15777 8885
19013 17048
10907 22872
17411 8871
18041 2659
136 20763
3379 16070
19724 24724
11801 20345
13782 10347
14089 21350
12636 9361
19005 12205
17931 16491
3806 2322
24557 16776
24936 8959
18464 23895
22193 12743
1150 18826
21436 4170
25693 307
7483 20027
22558 5028
1440 24523
23885 16612
22180 13447
7125 11651
7063 10773
2672 9977
11741 12602
20511 6300
6715 7323
8524 251
12642 21863
22813 824
13525 5214
165 1694
7950 659
4550 6388
15935 1486
19990 8520
4310 13088
6170 12892
4517 1781
26606 24073
22993 18138
23592 8109
23729 24622
3204 20768
17729 19137
13369 11238
17154 10046
8914 8929
15399 1102
1857 27147
12979 19391
3467 1930
1029 26470
24104 6456
25570 479
7431 12229
5305 1423
1512 18518
9582 2908
16464 6566
4008 18240
23910 15221
17766 10509
13962 7029
16300 3425
20577 15527
17304 18328
11712 18559
6972 7221
982 15256
7525 23649
14015 16166
11239 3063
9122 9753
4780 26569
24517 16838
19089 962
4400 9840
6676 11545
10691 21890
18083 16982
25179 4879
17887 8705
14060 12381
26380 3852
4869 8598
3714 15928
6257 15991
27102 804
3127 7995
3148 4671
9970 8278
12820 26285
6936 15562
862 24909
8644 9576
24261 21692
25755 9132
16778 22540
27005 19301
2203 12979
16126 9028
14343 24225
10341 20464
18383 19122
7172 11308
27163 13242
21876 7693
16077 21446
12164 23621
3952 24323
27286 26410
9342 24143
17071 24748
19005 21091
14872 22768
14017 20039
14055 5742
12697 17439
24686 10729
11527 11400
6614 24263
12562 25653
9111 15350
26800 12372
9491 12602
19658 15499
6852 2214
23606 17452
21244 3666
12969 23496
7583 972
8625 7203
9685 13370
18224 17264
14877 19850
870 11793
27178 691
8905 16413
2289 3755
24940 21872
13200 24597
8840 25329
18854 27230
13143 937
17012 6798
9331 14535
21299 23752
18443 4964
11561 8954
1629 7388
20259 12346
9257 6369
24424 4959
3680 22938
1371 25257
26471 15472
17462 4230
14481 26387
17436 9196
23964 9175
24990 24066
7912 19991
22356 24373
4294 5081
4676 5183
11143 22148
12410 13073
417 6721
20728 10286
18253 23684
7419 6997
14427 3412
17318 25392
27349 24493
19973 23481
20693 5340
26314 8025
15857 22853
18814 73
1581 26420
15167 14004
8615 9009
11473 1499
22118 234
22045 9555
4905 3141
19467 26238
3367 1136
9586 17282
8275 10072
24378 948
15523 20240
26492 9236
23114 25341
10674 20744
23284 25752
8216 16847
23090 13872
17555 2300
910 1756
17923 252
12818 6318
1215 22808
11155 22380
11200 2545
1812 1335
15154 25217
6107 26515
18210 15248
6756 11914
19748 11591
3632 27081
11441 2082
479 9827
26811 5461
14114 18241
15649 1481
14415 2368
9928 3813
26974 27036
7603 5599
27225 22188
5486 12060
1288 11393
19770 22246
1745 17496
19562 4904
25129 19892
8677 14559
6141 18407
19965 22556
2403 25309
1343 19142
19026 6358
23187 20463
17654 5288
2184 10898
24027 4639
12972 7955
7730 26995
22702 3681
2324 23444
14962 17934
26953 8375
24007 26389
625 19801
7827 25615
18655 8293
19587 19836
16960 14935
6439 3175
16128 19249
4981 10733
17280 3542
16090 16513
25956 9619
24937 13841
23538 23551
4579 18566
1109 10236
25314 7937
15214 12412
20169 11072
11664 6799
6074 4888
6557 9997
18424 14388
16818 16693
2335 21216
17707 14088
12453 314
13812 8238
19866 16669
13581 12772
2514 7632
13866 19320
7168 8838
19063 21943
20010 6999
550 13103
19597 11556
23542 9562
1826 20026
25033 9994
13057 25274
26475 7861
5959 858
9160 23027
6628 22804
8713 13707
9588 19798
13893 21116
25405 23866
11378 6297
12775 715
10120 10762
13113 25620
23365 14424
12860 16772
24894 1699
3818 18939
13439 22343
1793 16358
2701 22397
6383 24719
14014 7527
19849 27174
11347 16288
13325 10163
21067 26050
17950 8682
12375 18945
26964 10654
10441 15957
22572 25663
5656 11787
15600 3830
12112 5245
1638 3359
12174 11721
10797 18221
22327 3120
26590 13301
25602 24043
3818 23032
5143 11158
2766 23630
1656 26273
4465 1380
17971 13356
3826 22627
17279 12311
23341 10568
1840 11572
19846 1885
17660 15157
11420 4321
9040 12358
1452 13153
26156 17920
9282 18307
4034 16362
6909 25300
15421 12058
16186 20492
6673 18119
25550 3063
8813 20946
11654 9103
20730 8735
7997 21592
24883 23016
15984 13632
1271 24368
18246 24033
2061 11167
21102 18177
3329 4909
17805 24556
10271 24419
17663 2515
25732 14596
20463 20930
25031 24577
11857 8644
10301 22083
12373 5528
11920 19546
12276 22857
26895 2394
17472 26598
10578 5853
1083 25714
6462 13361
17172 19661
11089 4342
4347 20915
22000 7663
10011 20523
23244 7989
16052 19630
25878 7187
179 16155
12767 8047
10662 24691
10755 25407
27294 1847
14415 8463
6232 5436
26914 24257
10350 21386
2530 18677
8237 27323
13686 24303
22984 14185
7589 684
17265 7959
22694 24703
11299 16351
19422 10467
2565 18634
1502 6571
27338 8454
23416 23641
7264 8737
1933 19626
5235 9124
24005 15405
7621 21843
730 15625
23892 25327
16613 6986
26215 8125
8715 4852
979 11899
14084 23531
2686 7031
11039 16656
11409 7070
11397 5784
15299 11556
23786 21410
4560 25466
26157 12321
16589 10012
1221 2801
9781 1873
15711 13944
15860 24132
25000 16609
23224 23592
24028 13066
17865 6126
10555 25588
690 10978
3432 14176
13526 15777
19434 23659
4668 23952
26504 12550
17179 1368
19325 26870
15143 11164
3214 9752
25399 7431
7319 13934
17343 3691
16412 149
10471 4427
24021 27292
17304 727
9878 19603
12769 12307
17546 26910
18431 4672
20664 11403
9125 23274
26286 26098
22477 7685
21755 27177
24732 25317
8144 12704
23736 1644
21313 15232
21370 948
12962 23669
1793 2037
15906 19646
20523 9185
2558 12457
18243 1359
505 10043
5120 1724
24438 11486
13175 13116
9887 15114
147 14499
2874 5523
14438 2838
4695 24849
19381 212
12777 7593
16142 16395
20356 4992
25875 5451
574 10816
10389 21633
17948 5319
10579 2280
15862 23925
3030 17821
18417 16909
6707 13649
11811 1320
25229 6996
24945 7237
15304 16464
6823 23394
23141 18588
13976 7624
9270 7948
20224 25454
10994 2724
10772 12245
26627 2053
10367 20827
6144 22022
9106 4578
18863 6823
23739 2938
563 1474
2222 13568
6067 23007
10616 25180
6544 5899
12440 18911
24987 5369
24362 11733
13170 3215
21551 70
1815 6239
19827 23724
9036 10117
26947 9992
10281 17727
9834 5667
224 23363
6380 14543
6185 24167
26858 19039
3353 16582
16675 23782
180 22768
938 6905
9594 1484
2997 3886
18293 146
7986 16682
25057 25211
3430 7151
639 1590
26301 3586
4137 3108
22660 14585
21 265
8945 10874
18649 13781
15574 12100
23791 18683
8391 2623
12764 10461
21375 20610
8526 17077
15828 13673
10252 26192
11254 11184
22839 5175
10258 5032
12393 11228
22525 15565
23446 18419
5335 11020
8036 9979
18744 26032
1456 18966
14283 8925
22287 10031
19603 3842
4632 16232
15282 19283
5495 25009
17995 26439
2367 19826
18640 22713
1438 8480
9820 18806
11382 21168
22755 12765
21955 16122
1501 8536
17396 1449
18794 15946
7058 15932
10485 21411
11333 25184
9414 627
19343 2161
14561 14275
23718 6396
19973 27174
5072 1642
22377 15293
3803 23705
354 451
18889 15954
11898 18991
13202 25747
8959 25078
22028 26665
12702 10643
1136 13255
17873 20218
25599 2095
23571 18656
23911 25406
23719 10189
20569 1275
8099 21416
13040 26099
11808 25598
14666 18354
7906 15359
16457 13894
15166 18411
12435 23481
1450 8611
16309 3113
12208 22270
11840 15458
18068 25237
18811 20851
11568 14218
1183 9435
6343 3131
12949 24641
10424 4970
1181 960
5756 3334
3474 12697
13493 4325
6595 11717
13126 17592
15297 21496
8775 7298
9439 8510
22341 21540
3828 2312
2737 14124
3039 26769
324 13582
15293 5283
7352 17294
26774 10440
5179 10348
17175 416
21362 5354
7876 2698
3453 24773
13803 11576
4315 22028
13185 12695
13188 22829
16093 6275
22932 10051
506 11788
25304 11464
23527 583
19466 4809
19278 15375
455 10022
11740 24918
22005 13569
5659 15802
14293 19024
12553 17070
3739 11022
26605 13758
2495 79
19031 20867
8814 7532
18750 5807
18631 10545
17347 20242
6700 24844
21526 22616
7655 9761
20427 6429
24525 14853
688 13118
20519 20247
6808 8805
9271 21219
21568 21566
12404 24265
19693 5158
16322 13803
13276 15829
6092 25604
25626 17234
25623 2936
15494 5249
14256 21478
6009 25606
2947 10160
24081 7642
760 12176
22081 7040
9159 17221
21604 7344
14282 24096
13023 3490
613 26651
21346 25021
20015 7545
541 17915
11212 14424
20063 11228
2552 16168
22324 5226
25472 9075
22790 266
21683 11545
17008 13205
13009 11176
23747 19258
25252 18871
4118 22143
8325 15948
8172 10522
14992 14285
4732 15132
17242 23171
18904 18301
24715 6588
6462 25443
6522 24262
1276 22915
11003 1603
22265 21211
8602 13489
12575 482
14528 24394
8924 25554
22646 10996
23093 18626
9348 4153
26335 1428
12198 10560
6546 12726
13184 1206
3806 24621
14500 15435
17960 8525
13633 3018
24398 15404
26061 27203
1382 4773
9639 12438
22445 1557
16361 4066
23298 5674
2077 3608
17589 9521
19490 18519
3691 16683
12303 6826
10198 9140
27099 12828
7661 22855
13882 460
2316 857
16357 14160
1967 27276
20088 22494
19772 7507
2648 22012
10662 23015
27251 4968
3064 26091
4572 4310
6688 4794
25789 22206
2312 8965
6278 2415
4244 6659
24149 9573
10754 19076
3954 13013
14396 20050
3228 6722
9509 26486
24176 13382
25833 9188
12920 1927
12123 829
26831 23980
2690 9527
14272 1032
9207 23115
17408 3824
11352 3197
10606 24547
18313 1715
3009 25522
6334 3929
13072 712
13157 19775
13507 9271
13498 11437
17472 13150
17441 15786
24302 24983
22884 26049
1391 14405
20440 2701
16418 23272
1979 8159
7218 8527
13309 1335
27263 3113
20912 7493
26151 12099
8574 21374
22449 16443
9767 5668
3036 3411
1449 11313
2392 3309
11230 9714
18410 17984
4439 11607
9652 23128
8444 12633
25436 20869
6232 1558
15529 19094
17910 25282
17759 5865
11688 19914
21635 14654
4556 20530
167 788
3128 7551
19865 19173
4002 10293
20478 7093
15593 2756
2522 1325
5457 1912
5320 26524
25977 7573
26881 22767
19855 13008
21593 26378
5805 23011
7005 9479
22384 27173
4472 241
9333 26098
22582 3515
21565 13255
19239 5542
12198 6735
360 23440
5024 21399
16978 27005
22216 9509
10678 6770
19590 16093
9886 17121
303 9845
10829 4953
17187 19945
24228 5920
2027 16635
15810 27199
2831 1154
19716 19615
11498 22458
12866 16175
22701 3027
15398 26171
20885 18047
2578 21353
1045 21449
26351 14213
21549 10399
17810 13693
22844 23751
25743 18494
26145 25893
18659 16873
22907 18852
5170 2097
7317 5378
9975 15779
541 14453
6487 23610
14122 23570
26160 3506
23284 16560
21249 4364
24592 3056
161 14168
15632 26230
15499 26869
6269 12541
24703 12457
14986 25072
2354 15875
3921 10179
15992 19339
2676 25954
21272 23717
9375 3598
20585 14119
3130 7879
14718 1579
18964 3751
9356 8688
10315 24572
8039 20423
9115 3378
18450 17759
1589 5805
12564 13342
16118 20094
8351 21412
22617 1585
14592 12959
11383 15287
20438 16028
11314 13201
26873 10595
17311 2173
13547 25153
9838 5695
20315 23276
27176 1736
8487 6963
18262 27278
21303 12305
8220 8834
1512 27206
18266 11707
12977 5523
1556 4352
18443 15504
22015 17466
23745 19412
3850 16957
23427 6005
14645 11021
23179 10104
19948 4271
2011 2946
10785 22427
11666 4914
821 8040
10363 10131
26354 7936
5767 10852
10773 7491
13089 10315
3352 11203
2149 13618
22775 14602
16267 27104
13150 11759
23633 21012
6014 22743
20618 24337
22465 7206
23261 10789
18517 23195
20398 15703
22055 13458
19610 11981
9694 19542
21752 20102
7968 13551
8503 16864
7464 13523
23310 19312
5817 10794
1739 18823
18200 18792
22667 7606
22353 19982
17857 17672
24204 20986
4460 25345
568 24196
3323 23684
18872 11759
13649 1499
14546 15485
26378 22414
26838 2922
11825 23983
18009 14242
19630 3938
4237 22563
6252 9675
22004 8430
17332 25105
7195 7858
14507 7128
23254 13903
20117 25933
5767 21940
12037 22590
5427 5805
15853 18725
16693 18473
3324 8229
15170 10855
22706 11590
2700 24580
14638 12980
17798 20596
2306 27164
1350 4610
6541 1820
7731 19357
24310 25963
6648 27058
13269 20058
535 13294
25497 22786
26540 11980
2333 14206
15697 169
17440 1374
14496 9598
4748 21439
3448 3276
15482 7185
26345 7311
24500 12245
20773 14839
9538 289
21087 23108
16337 4178
5516 13848
22556 20812
26952 15573
23946 18489
13807 15159
4689 20980
4495 9329
11592 17113
2032 21798
24728 25843
6162 3113
4559 20870
15748 18308
4121 4200
18995 12071
21780 22513
13833 17777
14274 258
1496 25201
22483 22670
15396 21532
6470 13028
18989 3137
310 18171
16223 24199
9382 20313
19945 8658
25147 23962
5008 12479
1656 16973
18234 7139
21809 13536
10775 16975
15006 7727
13547 1851
14617 5700
20129 15834
6743 15294
7605 8385
18962 16216
21101 2869
23164 490
755 2693
27005 24861
23530 7031
19972 7219
12153 22899
5572 13231
2028 751
6353 5165
17835 18626
11144 11301
8103 21807
5212 26925
22413 19056
26284 23529
14846 12326
8984 19112
7350 2093
7625 1803
18652 9759
25677 7804
18473 3112
21977 21643
11673 1213
5630 12125
14549 14025
20320 9070
26221 22951
11535 1508
25096 16160
22730 15730
20682 26455
24428 17687
4913 18900
19130 13935
17487 11648
24271 15000
14375 3026
1272 12903
20804 8136
21563 540
9235 6801
21647 7364
18843 8243
20828 7032
10181 13361
19898 25592
23427 14086
17861 11337
3166 1711
3524 26265
21562 2826
25879 25816
27131 891
26788 12566
1502 18963
26363 11636
16420 8218
21128 22196
24000 14658
20048 6288
25887 17305
15667 2467
17547 16021
22557 15105
3989 1374
25294 19420
21639 22119
21132 16195
2735 21796
5669 3728
2898 17064
4176 21882
21601 4336
22750 13470
17227 9334
14638 4954
22751 15092
16703 22691
7546 15981
4998 15574
5451 9921
20260 11018
15359 19505
1298 25212
16066 21316
6333 6862
14652 4071
22755 25599
6088 14908
4258 2703
16177 26782
969 21775
7502 21078
19061 14077
16783 9330
10756 9633
11366 23148
12147 20744
8548 6342
13993 19418
19697 13012
11083 24257
1558 21352
19556 5425
24322 5344
13145 598
3854 1078
15009 26976
21009 15428
2249 24387
27232 20204
262 25296
2021 3097
18368 10592
6974 5094
333 101
20332 16906
20272 14640
10552 17158
16210 19
6108 8622
7276 5395
3769 14445
12429 8500
25638 776
5720 8217
7712 14593
12795 5625
10322 9004
754 2494
8274 6897
26396 24254
23649 2484
10292 8078
21178 1506
26011 3209
16907 8174
15567 1495
13504 837
12139 11592
4480 24521
23236 20287
15757 12172
10225 18870
25561 1697
22756 15183
1006 9067
18303 5107
3836 10126
26604 9092
26 16923
25935 1349
4068 2067
14759 24855
4696 4110
8494 20119
23338 2218
6702 8664
6221 19651
5737 23968
22207 10925
16999 1468
8217 68
19944 8930
26840 7090
577 17965
9656 21278
11260 10805
1002 6100
11416 17734
19664 17971
617 19993
16787 23462
25430 11686
26693 3135
11669 7068
19703 20360
14182 12658
13587 8311
5656 19549
4793 4164
15296 25181
26114 9349
16218 16071
6105 4365
14267 10221
11349 4848
15265 8340
4369 3836
15141 6584
14046 16409
16419 785
15388 2260
12947 25068
26243 4511
23489 20709
5518 12152
20669 9455
26231 26085
15390 17087
9493 25084
9865 9909
3913 18236
9329 24424
14061 10503
18366 17483
13386 23425
19971 14782
1060 160
17746 2691
7892 7195
17258 24336
22169 14847
20050 6444
20853 6539
6259 18953
15486 17734
8739 24329
3814 4378
21163 17547
11492 14359
11807 11216
26990 26524
13417 17527
6866 23014
12820 4705
12073 5185
23373 23099
11904 20948
26916 13477
10515 21961
7074 17301
4732 19443
4635 3066
14503 19371
23327 1291
1222 18130
23620 16331
23233 15885
17801 14119
15581 25592
10858 20085
5952 5331
19675 1026
9621 6408
25144 4108
14731 10109
20698 3110
23526 7772
3264 12434
12806 11078
8748 26670
21834 2331
25615 15478
16498 2488
3597 12085
10817 1738
9146 4085
25510 2364
15394 21649
12394 3671
17412 20844
24265 22340
3004 9999
3573 7941
15870 6302
16328 1555
8421 18812
15207 14360
7107 5706
8077 8422
24737 18134
12530 9867
23269 16868
935 3147
1089 22044
26599 3755
1393 27114
25499 14256
22395 9430
16466 2428
1517 15809
233 19090
20053 726
15216 6488
1506 11715
16070 25059
3262 25728
11107 4816
1083 12844
19928 3929
12990 18604
24943 8790
26216 17465
27336 463
18984 7278
18378 13884
16379 6337
7570 2848
22130 20880
6468 5840
2466 2079
5243 2080
14676 22429
20695 10931
3133 11698
5927 14561
21238 12607
23197 21021
23751 26562
23688 9244
17569 13193
17299 15318
25590 19110
9549 22467
18978 23449
3986 25614
7754 25007
11390 17828
7578 3611
19186 12781
3311 25970
3399 17452
6274 17759
14935 25285
9926 25837
25592 25306
25946 21374
3467 15371
1529 24544
9848 23702
829 12267
9087 23052
17368 26156
9955 645
759 18853
6631 25617
24246 24676
19971 10957
4702 16786
15387 12210
18116 4852
25080 19883
17069 22561
8630 13687
6968 4971
11335 2966
20220 5282
16790 16730
21828 6528
24450 15057
711 14382
13183 15979
6900 3524
18587 15697
10095 3284
20389 7454
24177 23529
13916 3964
7511 26309
5569 19525
16149 7056
3304 5406
24421 13538
8612 17430
9497 5809
21719 19080
21359 3575
1611 6947
10212 6020
4745 13076
3031 13097
27105 11510
2607 21400
20511 20333
24404 24107
11373 6991
23974 14660
11798 3491
26944 3456
21716 26366
5348 22387
1143 26965
17425 16086
23610 22785
2915 12104
8890 25409
21084 14489
16063 21891
22496 13874
11913 3185
14352 16437
5393 16387
2277 12490
25185 176
25444 25542
19180 2978
10364 533
1554 9917
11985 16536
3107 13213
11751 11939
7014 2067
8533 12949
3557 11463
5630 16744
14654 20158
10318 15060
20478 17015
6481 13618
16430 4278
12541 7076
1120 7854
22571 21753
25295 15475
24802 23456
24047 26815
10940 8169
22494 2056
9697 17867
8782 8671
22428 12319
16050 7440
10239 15706
1395 8998
6864 24646
25042 18449
26265 19359
15333 10768
24404 5101
1976 14376
5398 15576
10778 16923
18628 1081
24663 15420
6199 25424
10981 9109
282 17493
506 12771
15306 11308
2890 7334
5359 17570
26718 12696
18993 7595
13883 659
5286 24676
1623 13965
19179 22243
20934 20570
16652 10110
1154 27221
9783 12807
18518 24483
27207 19505
15576 14323
12726 1500
548 25196
11803 8170
27346 20337
15006 21111
2465 11507
7570 4513
1054 14976
14092 21185
23507 11652
5932 23215
164 589
20638 10076
16777 18857
6259 17948
23400 4844
19314 22818
27331 11583
5183 23622
2637 13425
11820 2337
21649 13089
26458 16384
18407 10773
3915 3721
2375 3104
5312 354
14829 20108
925 25304
17780 19242
23759 14990
19165 13569
26347 3721
17735 11363
15896 3014
23045 5555
22730 6483
8648 26131
19586 13599
333 15566
5124 12317
13028 13448
24571 26690
17541 19899
2262 16638
12601 15855
7610 9136
19009 2183
26512 4202
14030 27258
1517 13286
19187 10820
4715 19962
26800 23853
1216 1280
3011 23852
25988 11372
6976 633
22740 1428
26492 288
24423 22739
17925 4963
20550 17439
17047 11147
15792 25709
13458 7555
4698 14316
16210 22021
15187 231
11222 18983
22273 19160
12154 21178
8765 8343
4262 8501
16722 21149
155 7464
20623 5085
3174 11428
17770 8997
2858 5035
15567 20516
9722 14503
817 1921
9289 2341
23006 21411
4176 21266
9229 20232
4481 6855
22929 6669
19159 6678
6633 12429
14797 10747
21873 27039
616 11730
153 8522
24492 6223
5999 11096
10506 26104
300 11201
813 3384
22389 6166
18353 24486
1392 13348
6067 2340
19542 21907
22784 8422
25418 12804
15638 12531
21397 2385
26894 5300
17429 8825
14837 20655
20599 18849
16133 7814
15746 7405
8354 12047
4634 9433
19509 27099
25480 8434
18682 983
25103 8447
16422 19702
25712 9760
21363 24614
11905 24917
22797 1652
11805 23518
7568 1918
25331 3881
21420 6425
17825 19792
1228 20228
10937 20261
6007 25041
8513 8778
13602 12393
7298 5477
8448 22649
18322 26196
26001 24765
5161 25515
23465 11092
21727 18367
9542 12828
7623 23209
4488 15852
11661 16010
23189 6727
21265 7167
14066 16139
13639 15843
7545 6522
4505 4192
4970 27152
2360 19680
14608 7828
11292 13440
11571 8654
17350 6034
14484 3066
25058 14689
15483 11209
23669 19903
10235 11250
25324 8429
21806 1105
26685 2399
17389 1303
2875 16827
16538 19890
14962 11214
19746 26759
25629 8018
18720 22162
2894 20489
19514 1792
20657 23418
16882 25823
23282 26260
9336 11568
881 10563
3743 15042
15796 22407
17052 14863
21312 14718
15243 18259
23789 25044
24355 21520
20738 18095
9100 14186
20445 24932
975 17745
14826 12228
27341 7291
11783 26337
21439 20128
10516 1935
348 18815
25044 804
27189 11623
12300 25809
22884 2428
10341 2577
22739 5228
18776 16213
22844 7459
3845 7771
21983 17259
10438 12309
23098 4343
27258 23242
13261 20828
18826 758
14046 9269
12457 24975
18297 15949
2230 15382
12394 5967
5601 11426
24847 2101
5808 25231
18950 17268
5638 13974
9196 16755
2302 8576
12041 24767
19292 9569
9938 7943
15963 21594
12100 25347
13125 25784
23083 5647
17126 7443
14165 6867
24177 10644
17031 20940
3456 12806
20025 12308
23534 26228
15028 9945
6938 7375
14730 25069
26931 3757
15208 21432
27207 22351
18761 18685
14065 19697
9641 28
19977 22854
27042 4985
14731 10890
20317 23942
26352 8739
26541 9429
3872 15838
6303 12233
24450 6723
5905 15607
13439 22160
13422 20530
21297 12558
19386 9059
6658 20274
21598 7302
16911 11840
9946 9645
6304 794
17088 627
21466 21146
16717 10025
7546 17969
7151 2127
16421 8943
25004 23144
23510 2085
23945 8658
14860 15622
12087 2265
20751 9537
18357 26041
10878 17963
15814 20545
9847 20899
7681 19325
3169 27099
19873 6824
15426 26327
26557 17142
26566 4130
17657 5658
5144 21228
14247 26884
18898 24638
18981 11346
18604 13611
12004 3664
4793 999
22607 24390
27118 23302
6478 24894
17858 17662
2091 6770
15379 2079
18806 11759
17045 19774
15234 3647
26844 11924
8172 14580
12862 19910
7904 7181
16262 12720
18485 14562
8065 26791
12989 25872
12380 22381
11754 15274
26362 809
26777 1317
20694 6643
5901 26990
21086 3720
21954 21243
5863 22268
19660 24328
22564 3459
8846 26309
7432 7078
6007 16799
19818 12607
27230 16016
22679 19432
26593 21094
6664 9192
20347 16334
19801 25206
7183 7542
20431 20943
16288 7380
26024 21351
18932 13682
7039 24301
9741 1497
17147 16910
7707 3755
2073 25223
25045 10184
27257 17058
10017 6505
15100 1738
24972 6902
2694 4602
185 25320
22561 25977
6869 23072
10882 5263
11049 4208
23406 6821
5642 20700
19194 12635
9681 8276
15105 7680
1512 17693
8675 24333
13744 649
25884 9118
8000 18273
11164 17929
13242 24345
23396 1114
17165 22592
22787 1824
8715 21931
15846 4416
17730 1167
5625 18023
21905 8495
17607 25906
20861 1400
9048 26012
14784 12728
6827 13397
19392 21143
25357 13775
171 17141
22434 7829
15899 18013
17509 15168
3782 22737
16946 18734
20270 20594
17137 10866
6505 20701
17768 12655
3836 22973
22971 1766
25544 22942
20073 10631
7333 24761
17841 12379
3441 19411
12954 18815
11638 17677
18517 13453
15163 21513
26261 12380
17490 9412
6726 4835
23694 17144
13213 22947
18382 12999
7604 12163
5133 10219
16642 13260
446 14757
6784 26882
13770 17122
18380 3504
17211 22536
24936 23436
16846 16702
26628 244
5671 10568
10876 7676
25280 14615
976 2908
4749 4365
3993 12424
25799 19381
4007 7929
14189 7657
10574 4342
22 7784
3225 25384
22173 24767
8913 14015
3214 22522
6945 1617
20945 2050
21315 23955
2574 4405
17626 23165
16007 19286
1731 23607
9004 10383
5741 24977
2341 23536
11519 12104
20349 1881
20351 4465
2245 4580
21615 3952
7857 15618
338 15052
23632 22170
1804 673
22221 22192
22739 10518
16787 27210
21361 4301
7819 27340
27160 26011
23010 26324
16709 24109
9382 8235
14043 261
24373 5679
26832 1299
4116 22451
24761 25138
4875 13872
25176 12585
16601 11249
23268 9586
23163 5103
11002 8323
12397 23340
16260 17601
175 15933
13565 9267
16317 21518
24561 877
22590 24654
19614 6279
4736 8317
15532 17801
2127 14279
17678 966
11472 26150
7035 16799
13296 20635
11742 19329
20314 15486
3134 13615
10644 17596
24786 4378
20425 20198
12327 1000
23994 7596
16239 20817
23348 20253
7233 26879
20631 24467
2013 16365
1168 18259
16881 3022
22684 9427
20437 6962
12462 8543
7689 7645
9340 13957
5226 18128
7303 8104
20747 17216
8968 18286
10947 11891
16985 7337
15181 11986
11698 22376
4960 25593
22813 11234
16175 5196
22449 26233
3302 21722
12740 1290
10035 1394
13631 1498
18090 19727
19173 7825
14885 14324
16427 987
9479 947
2593 6215
1502 11086
9880 24151
16011 5475
12996 19417
2530 7327
14979 25973
12381 23988
16565 25245
8952 9768
242 13906
7690 23388
13000 11430
6915 946
3996 15350
9684 15581
14908 1368
17884 15313
5628 18939
13207 20539
5716 2019
4716 15410
21377 26256
25340 18011
22432 25663
1805 4563
14462 13561
17187 22969
5609 26510
2910 7440
23700 2143
22178 19596
9704 17401
26767 9302
4422 6009
16785 23154
7152 9870
11023 16329
22238 8801
9577 14556
2235 21759
8782 8431
5274 1795
1419 24391
3996 23055
5574 13347
239 2617
27291 4734
7666 9044
25919 16496
17944 16882
4969 21575
401 21375
14926 26877
27196 5399
20604 8899
55 14285
8381 6057
18432 19854
3090 4230
6402 10991
4994 16155
26748 4980
23724 17116
14662 11003
8700 18605
8607 11998
6724 21070
20117 24501
2084 10902
25039 25724
16359 19905
25564 14992
1122 5566
23518 17950
20771 152
894 19443
21950 21435
13253 3635
13506 5801
14999 7097
723 12916
10320 22076
19375 20602
16937 14405
11264 21881
2860 25766
16981 26260
17296 18953
1859 19270
18755 10048
19188 21944
8456 1104
24834 1533
26170 23325
22222 3814
23090 26255
4773 22989
11220 10440
20784 25876
12021 26704
25411 14642
6480 5289
24393 1561
20015 9564
11149 5541
12587 8133
11103 23855
210 27004
6706 4060
5618 19782
10943 13020
14279 20892
22385 2236
22992 9101
6858 15677
689 24235
17468 22793
7353 24516
9355 577
1608 26491
6091 2969
463 25649
16831 16988
19463 26205
13519 14199
4527 15470
14056 589
19233 2065
12686 2598
7168 2778
24263 14670
26273 5602
4497 10868
19633 723
21915 23642
3406 4893
26163 25887
19692 20780
25494 11499
13303 26854
8350 11271
17560 5241
19001 26561
4540 12672
19853 19193
11908 5421
23821 10501
6733 20987
13139 14099
6352 21561
11001 20437
24678 8846
22952 11257
6433 9620
9235 23678
20353 24848
16814 23063
12321 24434
3429 19227
6760 21800
16631 4633
1181 26925
2371 368
16682 13495
10903 1068
6205 18774
4445 17888
6914 12818
890 11406
10553 7371
7005 10196
18851 8658
20646 1688
14103 23803
17701 14117
19964 1065
2130 2871
25752 4452
24387 14453
20741 10556
16937 4861
10093 23830
17742 12199
8886 8635
6485 19996
15325 24784
17880 19717
23574 4487
6566 8055
18414 4375
12513 26711
131 2642
22040 17419
25410 24579
15168 10019
18161 25594
9498 23391
9653 18081
3440 15750
16996 23871
4058 6229
20814 22856
7206 12064
67 14937
4551 1143
12648 6641
19800 19279
15873 23542
20610 18330
15896 11660
10271 11714
3364 22292
13491 24299
10559 27164
2545 17005
9329 14695
25117 8906
8758 5272
105 7995
906 20287
21884 8396
4604 18941
13074 20749
2577 24393
22278 12982
6567 18200
12255 9046
21649 4823
9966 19187
6213 27013
11945 1421
11588 11212
12653 13522
24093 14706
5936 17579
20364 23643
13343 5109
6654 2812
2184 1952
22323 2781
1020 19076
6072 178
16191 24238
17896 24922
5181 15431
1785 5818
6082 23231
14384 18810
15983 3792
6700 4850
3474 1347
14345 20545
3010 21363
7416 24948
22674 25117
18712 9909
15064 21952
19856 6096
1391 2437
2974 4407
20188 6340
27312 25561
22722 2419
18201 23168
19630 4063
7792 10417
3258 17412
19824 7083
10876 25356
23205 3061
25855 26110
512 253
23739 9347
12809 23689
13511 20992
2696 6799
13958 24192
19020 20763
4466 6417
12708 26303
14312 16547
9692 18143
7518 1402
23994 6375
15079 10044
14769 26097
927 11957
26366 4341
13246 12063
2753 4071
13737 3026
24657 3915
16790 12465
8955 8724
18300 25025
193 18822
23245 12114
22284 20744
26023 25586
4834 26182
14600 13200
21534 15816
22478 25713
4307 22235
24037 9576
1998 16677
2514 8606
1018 25028
20970 21601
19216 1053
6716 1838
22935 8138
12752 17799
26431 6806
13234 4253
1472 9168
4247 12772
2112 6347
575 13612
15361 27032
18345 7361
11462 22726
19351 14689
18415 17219
8140 13062
14432 11522
6674 7964
9208 6258
4306 8922
10879 26054
13693 9907
21986 8864
25898 19525
25086 11245
10571 23457
7673 23920
19574 17097
27119 5086
10672 7001
2112 8454
1960 14705
15549 14372
4960 20642
6984 9294
4883 16746
13683 26831
22010 3973
9544 3588
2205 22911
24879 12608
26311 7801
18038 14909
13163 21877
23392 21451
17989 22601
14899 22140
13913 16447
19503 11151
19090 5091
9124 8371
20764 6462
12744 16002
21813 15887
26298 26706
4870 20604
1274 16107
3193 2491
19634 18023
3708 12211
11796 20104
14614 26293
4733 23524
1609 5214
27282 27307
6790 26848
9463 4575
14683 6687
24619 15313
16352 5728
10670 18080
24626 1474
6542 15900
25201 24794
9677 11179
19936 20990
20323 21399
8712 15866
9251 10024
25537 21747
15443 3113
10580 24687
4543 11965
17635 8611
19169 17290
17650 6933
23487 27178
9944 8268
11680 17835
18663 193
24655 13142
17852 9548
6028 13814
19063 8943
17848 5871
26833 3658
19840 20649
13021 17983
1006 15366
26446 23665
14754 43
9860 11687
2343 4778
24519 17418
23292 17261
1213 1844
4459 19851
16031 12035
2093 12739
3351 3844
16949 23451
21884 13565
1633 1649
25044 21706
14654 8443
1290 16064
7733 25502
12652 17823
9954 18869
19086 151
13295 26331
25990 4551
16028 891
15940 13610
22313 1112
1609 13040
16762 26779
25235 25852
26235 22812
3663 17856
23117 20828
3363 22513
19284 23032
13488 21478
9318 5072
18130 21627
10590 25388
12294 12638
12375 11543
14414 3213
23018 13652
13534 17164
748 22547
12266 21170
18343 17719
8233 15881
13677 8582
7905 17742
11915 3156
15615 20579
25947 23055
2044 1075
3842 22898
3256 10494
18837 16012
20893 17714
18333 7619
23336 22565
9513 7913
5034 19799
17478 423
23955 24263
17670 9224
3433 25588
23128 2348
16624 3517
4700 14032
20899 19185
23833 3369
21182 22920
8352 15465
6145 533
4276 1138
1477 4118
13606 12206
8529 4215
15635 3188
2120 2238
6330 4716
23435 5659
14956 8232
264 6488
9522 12055
24991 393
10162 21275
13055 4189
2147 20313
16371 22669
15229 10084
3059 8758
4682 1267
24456 13295
18687 6511
2185 3535
15049 23214
9361 12595
19257 26289
3834 3129
7554 2774
26911 21095
10198 12045
10277 14553
23960 25896
3699 24138
21780 18008
6444 18185
7349 20277
3050 2000
12894 24135
1703 23655
18266 223
23141 25978
6896 10092
12874 23897
5086 1249
25595 3109
9042 4628
6408 23106
22836 22898
20627 12323
23055 1065
2356 16077
13664 4576
7497 14927
22244 10191
17639 26139
12156 8341
1073 24656
27255 9409
53 21594
24540 20176
9127 22119
976 4078
23315 27299
2441 13677
9325 9797
10878 21724
12383 21300
21010 18662
11745 10692
9336 15813
9727 11497
26156 18344
23785 11154
21340 6230
6115 3757
3395 25430
9898 14533
4629 22099
4644 23656
20157 11512
19825 10773
18653 10323
26022 17297
20351 12280
22376 14632
26639 22864
13649 15908
12908 6111
13207 12823
14334 20212
16073 9375
16173 4129
9963 9680
2957 1297
15540 15
23341 496
18001 24397
26103 2589
11182 5223
23424 3685
21271 12896
1895 21623
15299 74
16162 15984
787 9817
20355 7676
3736 6138
1284 8637
2299 15556
17588 6673
6092 22590
9983 3852
22814 20614
13467 3486
10800 12247
13091 23615
20742 22351
9508 590
3272 15537
113 7365
18714 13837
15338 7586
9737 20829
23404 10765
17219 1851
3586 19376
1824 17663
7951 16544
16912 4818
179 17518
3850 25084
7560 20823
1206 8165
11634 17519
4186 12201
26350 17634
22385 465
13177 21588
18773 3800
8649 4279
3379 360
17436 802
11246 21086
3374 22351
14951 7325
10666 20511
8105 12263
25873 11818
14931 18458
22100 24132
3075 97
851 17278
24746 22630
16551 16331
13533 15975
1962 13288
11164 4428
16299 20991
4720 14996
21821 7189
13883 22918
18618 22063
7581 9218
7196 2237
15291 4922
299 13503
4950 17673
24642 2278
25326 22158
21779 20024
16343 12366
16968 3558
26162 16014
21171 4340
4802 20175
553 3476
20788 13435
25533 27066
26643 13843
14566 21901
1995 24432
2457 3552
11325 26869
9133 22125
7887 25890
4574 6661
26762 16652
13496 20644
17349 3371
20385 23783
4394 19562
299 15610
4260 4781
10348 26594
19294 20252
24635 1228
2026 5702
19233 18027
10180 1117
1829 21632
1958 20056
24331 16766
11286 984
14074 21294
9499 13736
6476 4634
3652 11462
22778 10208
11937 1210
22420 8514
11921 6864
465 15498
27187 21675
4451 22698
371 1607
14234 22680
13451 17087
5175 18262
459 11748
22211 1466
16534 16111
2647 15555
16023 2575
13514 4311
17213 9495
12887 12026
568 5275
9482 14442
10337 4339
22436 5196
23083 4778
13093 5449
26346 10829
27162 1552
12850 5499
8304 7990
11802 5573
19206 4203
6376 23772
20242 25666
25139 16279
2808 10669
23396 14808
20450 7387
25489 26191
23311 18413
25121 12438
2136 14477
16280 24458
22329 9456
4023 16370
18860 2482
7376 19685
18873 15253
2548 14916
11382 3149
24716 5973
19894 23384
8759 18369
2282 3160
8642 11139
4993 2578
18 23682
2503 4556
19712 6145
353 17485
13469 18918
25801 304
17089 15215
10430 21657
22598 21365
25692 5730
26005 1760
22391 15639
18530 19236
15997 18629
20325 26990
6588 22729
11022 23932
9981 14368
7751 10564
24852 11913
6020 19535
20792 26870
3174 21915
23842 5072
7514 34
369 22569
6536 2833
12089 26288
23270 11262
4066 12862
17187 11670
22753 14190
12362 27120
825 26232
7347 7212
16361 3751
9674 16022
17269 9753
24020 17129
4631 6898
15296 24301
1985 1718
6573 19869
21523 13735
3412 19693
12782 17062
11512 21702
17792 19593
1535 2421
17032 11274
8472 6540
20522 26901
3219 2036
18325 9247
4862 2071
8399 9179
15454 22379
2879 10747
16516 7422
15187 26236
2206 12159
20115 14176
15541 22038
22147 6624
26436 12842
302 15466
21162 18832
19445 12395
13249 24297
17733 16690
15969 20795
4894 15817
12160 2602
13976 21593
13489 21246
25753 23631
13661 26456
19541 1257
7948 22196
17192 27074
6348 3778
23594 25894
16919 12915
17115 14547
12240 20283
22237 4982
21736 9655
14127 22176
11147 24290
1121 23089
6434 21228
19900 7727
4793 14143
12883 11758
17736 22744
7091 19808
21160 13925
22323 16541
1934 12797
13218 7806
23111 13847
7174 25175
11553 22241
16617 657
6751 5070
8697 713
11823 2854
8994 10799
14882 2982
20454 18085
17209 10102
8644 6485
18752 16386
4505 23660
21974 16249
14905 3868
22102 9604
16841 23181
22536 26340
21101 18835
9856 2843
16400 23438
18085 12661
16176 24484
5422 26220
25263 2317
3880 26991
11796 27193
3343 26786
18524 12708
3596 18601
2651 21540
15719 17829
24571 17487
20407 20080
21775 12777
22694 4416
18411 13999
20648 12558
5823 16886
11059 6928
11601 832
18843 3564
17028 27329
5011 2715
12097 14245
16512 4818
5400 14016
3188 955
6300 15764
6857 21051
4633 6704
16281 4885
3332 8813
22686 26405
15405 7466
19038 21452
21700 16511
16735 6812
16478 11357
22109 12249
173 18280
22252 8622
4779 12356
24118 18794
19894 7787
7976 1380
11148 23602
11207 7967
7778 8040
18897 20695
23223 4100
15982 23958
21547 10038
208 18274
4757 19693
158 16467
5213 20461
25258 15276
27176 13072
21268 1992
16435 5244
4794 26930
7229 18829
8819 6206
23762 11733
22408 10074
25722 858
25787 5454
23090 4473
22184 16745
1735 21581
13009 21278
16946 18228
10048 15040
8456 22598
113 24807
7414 21992
7769 11603
6643 11794
26104 14960
23639 26794
7430 19721
17380 17702
23095 19756
2164 22862
20123 19516
17513 14259
27090 6774
19162 819
26402 5168
25240 9378
12651 11626
12941 15108
13020 13186
22659 1146
4580 24318
12703 2633
6925 15011
14208 17781
2439 17590
5139 4539
5194 2260
2975 23720
3750 3337
25828 15671
1609 15820
18316 6891
18745 652
25296 11609
3932 604
15707 17579
4981 8568
9302 19922
7779 20935
2868 16131
13217 18022
25123 27115
23776 25873
10644 26418
26536 11412
27336 885
11789 2599
16270 22802
9257 19627
4340 8656
25023 52
7579 25721
14248 20455
8494 20099
15024 15721
1404 19215
18180 1489
18902 14491
21759 18622
8678 7384
19614 404
25183 17451
20546 11755
26525 7732
1487 9801
13582 21008
18267 25994
7252 15648
2739 6753
26789 4809
20412 20800
9920 18106
25909 20916
24617 11563
21315 13663
25615 8221
16972 8148
23918 7095
26562 14978
22892 23732
21010 8368
13904 11381
11188 24424
16315 21353
7639 10580
12296 22149
26303 17603
15537 27209
12280 24356
17176 744
2944 12985
15341 8315
20026 6885
12620 2998
25004 14833
3705 10602
25528 24144
22072 11282
2333 11555
6712 4649
15355 25633
3922 25125
14185 19594
19822 16396
26341 18016
12148 11526
13685 26892
5731 21931
17641 21115
5367 1238
17954 10958
6965 6263
25791 8918
22390 4394
15296 6744
4772 18327
20324 25130
7448 8891
9693 14959
13170 13614
6081 20243
19298 24734
2797 6936
5282 25259
25700 23325
10041 24007
17343 22855
9747 11223
13188 8006
20964 27153
26001 11616
23967 18075
5220 2918
23812 5635
5397 10687
879 1677
16391 9347
1619 25101
14596 18037
6532 4839
7029 7860
15988 24354
1794 7611
16160 16998
23457 11301
5649 14062
20203 16330
12139 8565
18883 14962
17839 7867
22350 12966
22610 9887
17548 4951
21297 10481
6797 21739
5555 15595
15349 6876
5968 5413
12278 23892
26101 27136
1049 1980
16086 15773
58 24960
26451 3608
17011 25620
20138 5503
15581 26632
5742 411
7036 11175
2833 21653
6956 6456
17805 23680
22618 8930
8238 20778
18346 22314
23207 16643
6378 14292
22114 25871
21772 6923
11336 24806
9827 25488
8053 16302
403 18434
7204 23941
20858 25198
6565 17538
3585 17437
14474 25200
18430 19423
9289 11031
4006 20877
26377 23176
24367 22610
26494 22529
7015 26405
25645 23227
25622 7553
3108 6437
19946 27267
17558 24863
17094 7201
18446 8558
9641 22450
2446 11687
359 2270
4240 15567
14319 13433
7240 23490
5896 25966
9548 4731
19950 12864
26202 23525
8498 5964
12083 16459
15376 17545
1328 7272
24915 20348
13394 15563
2134 21894
22268 20164
24340 4841
3644 21585
8964 21420
8242 5220
18470 19882
25937 21012
9464 21706
7862 23658
16590 25990
13851 22834
2699 11234
9961 18082
1122 24550
16329 10902
14561 24916
19171 11298
8128 15900
22727 14447
4730 8907
14599 5960
16262 21960
25843 3068
10412 21401
10211 13046
21116 71
14660 4398
22947 26501
20313 22607
25881 6972
4757 16365
21409 11435
20584 21646
21581 4079
12100 15473
26583 26906
5537 25861
13034 7915
2869 3401
16514 22854
14616 26730
2862 6394
17976 24046
20284 10242
2328 8904
8474 5583
13914 3009
12972 25201
3322 10287
22582 5061
22984 9242
20117 25297
26544 3236
6518 4499
15339 13475
25306 15264
18367 15007
2548 10112
10853 15788
3874 22814
26358 22479
22685 11834
15917 20770
14288 3600
18938 10780
10344 2032
18666 12307
4600 21871
9105 10940
10245 22469
24878 19368
21304 18565
6240 23594
15325 13432
21805 5261
2957 23004
24554 14060
26106 3131
15020 6380
9749 26668
25994 4647
12910 14766
17588 14609
708 4399
21851 26776
8660 10711
9685 18281
17481 7084
23345 2845
10282 3261
2030 858
13363 14519
21093 24394
9382 3233
10319 21573
7362 5426
13408 11781
16897 18138
19548 8386
15840 13999
8579 10722
9190 2245
3987 1534
18807 18968
21543 9812
19371 27183
9649 6731
9258 11276
25837 12927
7012 21528
27179 19975
15869 26714
16931 26538
8278 21576
10116 15242
19271 25784
9066 18919
19935 25535
3994 6088
3830 26662
23876 26051
23187 165
27352 4856
10691 17136
5105 1869
165 11182
16076 22991
23093 6394
26787 7787
17902 2768
7143 11330
3222 95
21754 13903
9035 22494
3355 15671
691 22717
19642 12077
10645 8803
3768 4994
26131 24371
2965 23595
16654 19477
11907 17548
2155 3081
20926 10001
26839 18456
10150 7777
18987 6898
6048 11019
6745 330
20172 5597
11650 1384
11224 19706
12100 19111
18051 23428
17998 5337
5219 4721
20405 3324
12671 618
1843 10807
9824 27205
12392 3189
315 4831
12238 15554
22035 6315
7574 25674
20964 8428
27087 22614
20694 2380
8426 6706
22704 26826
10449 15630
14064 929
5868 26485
25465 23096
19122 8641
17361 23331
4292 9178
1002 10578
26939 23884
5830 566
9472 14106
14215 19528
25153 19562
25234 7887
547 10708
18436 2422
3024 10417
15639 21956
11184 26063
26458 16377
19314 20367
23585 3836
5959 14976
8233 26663
3593 18710
9560 13172
17232 10799
25719 25608
12720 14372
20881 19360
16767 12951
7192 11878
27305 17710
9494 24832
9472 18657
22141 6081
15224 11999
27159 15377
11133 20998
22842 10329
3331 401
26228 11606
9137 19872
23261 18126
10321 10762
5496 13121
8536 18191
20053 21056
3727 13169
9966 4118
17946 3847
7171 26465
2481 3614
2999 3311
23315 16147
21744 19856
15322 2893
11549 23801
12867 21373
2537 17280
2098 22831
4563 26916
8926 5544
16125 4937
11324 1991
11799 7239
2917 11085
10444 9526
17470 9516
11299 14241
2333 10805
24578 21330
13535 21014
3478 26879
19192 26096
7858 2936
20938 24832
16880 5486
24633 10420
12432 18937
169 19369
4022 4348
24029 5058
9446 18762
5354 24907
20464 10683
26876 5532
10604 21034
14059 15766
13295 3999
25963 15630
4893 11222
8406 20188
7505 6726
4307 25125
20490 4441
24324 27048
25589 19095
9501 15436
11366 20539
9854 8384
17011 21137
5249 19902
13979 18631
18110 11431
3451 1462
22516 15016
11245 772
15341 20410
20110 21832
11176 13733
27321 25480
14602 23454
25041 15439
25697 6210
26281 24920
11328 12555
12587 12930
10092 18765
13016 25350
8230 9466
6179 10094
10585 22081
13442 383
3144 938
17452 5954
9115 19951
4153 22335
4571 18876
24137 20109
7320 20276
8544 3920
20767 2332
3223 18200
15161 6600
7138 6006
18050 655
25589 11753
15497 25474
23713 19552
23925 224
475 8808
3716 17315
17530 22762
24134 1795
9915 12837
25282 24519
8999 14528
18772 20009
13006 18367
6828 44
22134 13759
4015 6765
5836 21890
1761 25235
14321 26221
26868 6300
26718 6770
23841 8339
5762 27081
10367 6932
1610 26759
25604 14626
12096 6253
6657 9732
12626 2806
7235 11429
2546 6738
9501 20000
11936 11633
4172 23085
17939 8529
25918 24063
26581 7411
8886 20895
20418 4406
25114 17364
3284 2651
21812 216
148 1256
17613 9941
16797 26122
15433 8698
14261 8248
24037 10506
13223 19132
8378 13928
26082 25110
3896 1165
4502 23606
27210 24736
1334 25669
14092 25179
6140 13683
24527 21889
12205 3055
24064 24868
5210 15964
2074 6985
27175 12620
18897 13463
23768 13206
20256 15725
11289 17312
17478 12870
13823 559
22632 12413
20465 19282
2512 24594
1523 12480
7104 24434
10883 11413
13823 25176
12058 9128
4950 17730
699 4634
15510 20070
26529 11398
20202 19811
579 9413
2784 23252
26626 18915
1244 14233
26743 17514
21550 19440
119 9428
19530 24373
25578 24422
11595 16951
17412 10422
13310 11678
27085 5614
25934 10205
8399 21692
6479 14438
18434 3236
931 23572
18967 1750
6702 12726
5654 14032
26114 2673
15203 18048
11708 19982
9064 9250
15528 13149
23637 3166
337 3356
6758 15021
4519 12417
25919 25065
4838 119
15260 17764
2302 21872
10832 17315
3533 22939
27216 4757
2436 2624
5419 13347
16050 16348
10550 892
14230 2616
22356 8815
1621 4168
4509 12079
4151 16572
7145 10155
22496 8337
10901 11443
26981 10229
23793 4995
13707 7944
7091 8872
3366 3699
2423 15638
16313 9524
10150 8771
601 3294
12278 10578
22501 20695
18775 4037
9422 10247
12801 14783
13511 18097
11228 21866
10154 20261
10272 19588
3803 18454
541 10302
15348 23138
6273 24640
22855 3665
14040 19646
20692 8024
3670 13909
19549 25796
17448 27098
3720 9825
9644 12053
5575 920
23267 12240
23295 5657
25158 16578
21683 3474
16778 23331
6834 5688
3499 5396
18346 6785
8249 19896
9407 14032
16711 6308
17096 11074
18063 12058
9978 16773
17941 8685
4771 12614
24742 835
3613 9847
6299 3085
13710 25783
3578 11812
5162 26536
18150 6055
26766 10132
5195 7465
26165 18839
5096 26670
20516 14335
21762 6369
26449 9967
19391 3343
19668 6132
10110 8712
13468 22988
25602 13478
5371 11828
11468 26816
587 27279
24501 25511
14753 6053
18894 14322
1504 9460
4386 6508
23395 5901
23952 9956
20099 16383
12114 14095
20622 24560
23831 11127
1310 18225
10531 3457
10409 4514
6668 7210
22858 23160
1226 8957
7139 21613
18524 25342
16176 608
13239 18405
16901 18311
14351 21470
839 26224
13309 6083
10449 7067
6135 18532
7637 16642
10136 3601
2091 26374
26190 11554
27127 4819
1947 14086
3699 330
22772 24325
4842 26386
12423 11588
7436 18049
21769 4399
1968 20561
3566 25586
1784 7383
7448 9243
15123 23154
8821 10686
21550 568
20723 24733
4621 5220
1734 1146
9827 24430
12692 3081
23729 10742
5984 18484
6886 8493
23827 5652
18989 20315
3103 20577
23429 2573
12602 26987
11685 18425
15513 20801
6081 19319
18832 24303
19418 1015
8507 9974
6125 19362
22163 9843
26674 13710
12215 27221
9158 14105
19760 23346
10557 9350
18954 26629
18465 1097
18094 17140
19439 19504
9616 19120
6569 10893
19100 11407
16113 16780
5694 601
7353 25756
23121 11209
6870 3422
21336 14208
16930 8408
14657 5954
7592 10991
4693 9832
12981 10660
4563 26984
11102 14024
13479 2306
22690 3294
22075 14547
12475 3389
22605 13315
2901 14592
7301 1393
497 13641
25340 17520
12506 17197
13900 1252
22683 9707
23736 1575
1520 2893
18312 12236
8169 27217
1764 11884
19069 18365
23628 25427
16813 13377
5831 7372
15327 1174
13480 7496
18499 9618
8705 16351
6570 10155
4712 5994
3930 10425
7981 27139
3448 12896
2618 18037
15801 18477
20453 23286
15301 26004
18155 359
21348 3722
5625 18271
16677 620
6121 9053
6964 4080
20582 247
4960 17063
463 2514
12287 1180
309 25496
4686 15777
6554 1701
27336 11075
19523 3875
16864 22848
7638 22720
14699 15763
23154 12567
13510 9711
11124 5919
8276 11636
21416 7239
19520 6987
5226 3892
24000 4896
14643 15831
26266 1941
10056 9956
951 2453
1274 12528
11888 11913
10732 5809
5500 2411
9294 773
4030 15099
14613 15659
26150 1766
1579 21206
20940 2062
17715 8058
2384 23360
1466 4067
5343 212
17459 6146
14427 3411
17089 19381
19333 7282
12032 20673
4950 13463
5992 24686
18143 22764
26500 20494
22140 15564
4476 24197
12757 16913
18735 3391
20107 18461
16042 351
16099 25997
8689 14555
7209 25323
14066 6522
16884 1606
4382 17099
16728 20048
4715 10829
4755 1331
23828 27312
13942 18012
9962 16750
9307 1772
16932 10658
9084 24883
8609 9543
8521 11645
117 23703
2065 13757
12825 21635
14935 9536
22755 7327
5349 16484
4256 25712
846 6550
13445 19542
26738 20379
20224 6271
6518 3575
5432 10776
10494 14517
20693 19810
7772 3606
20869 11176
12976 17751
11989 839
5819 5523
13699 12484
12076 22190
12087 11991
9736 12852
22791 24138
8665 23071
3880 25088
12160 4104
6351 8013
17715 14837
4074 23870
4864 21811
4037 1357
14976 9429
20547 20924
16195 22271
5302 24895
16741 8215
21787 19596
9355 328
14538 21806
20596 12680
7292 22567
27161 20832
6057 6748
5634 266
8701 18005
11619 23378
23049 10783
20465 102
15619 10740
6911 12258
15115 9251
17840 3878
12760 20728
204 1727
10345 1417
2249 13591
620 5806
15984 23404
9181 15380
21865 9986
24907 7252
4530 5548
10421 12029
2614 16429
2611 9513
26955 11988
24725 13139
23999 1893
21323 16055
13147 18400
7464 5910
18789 9130
14890 7039
11946 4646
4291 4219
19514 12015
25290 11376
11927 27264
13746 16450
8214 18947
9882 3534
678 11530
1474 21300
24542 17340
25480 11207
1416 4851
21149 6224
2723 9138
13736 16176
5529 6642
21839 25101
1094 20786
27317 25293
14932 27048
23903 11876
27130 24649
8215 1011
22902 25537
8568 25487
14428 22792
25554 11277
11372 25362
13578 22127
5542 26933
18447 7915
3113 13120
12161 16891
13471 3985
1615 24514
25950 108
2450 10332
15996 13564
1791 833
18120 17356
26496 11652
67 26931
14203 1921
18 14237
7991 11038
18566 2655
24266 1203
19351 26788
8539 16505
1227 202
6460 19286
4645 22665
20485 5254
17548 3840
21666 25415
13917 11097
26983 9969
539 12633
4696 11047
12739 25354
582 11017
11500 21696
16667 16334
13768 10745
20857 1864
1254 7394
10579 18118
20954 11596
21277 14730
14543 6540
10602 21485
13949 10002
23750 22870
26715 15523
11787 19430
20583 1517
27286 1726
8295 25570
22372 623
10305 10123
26735 4363
9813 1030
18218 10845
112 10206
11240 7893
13353 1727
8625 26613
11444 7134
21067 7164
9377 15402
20844 23105
25080 24818
17080 6192
26643 3727
8752 15579
21391 17087
7113 4366
25290 8598
25828 20776
7666 10702
25790 9638
12342 11667
25583 17976
12090 9911
120 8232
21109 8743
9277 6540
25078 20692
1679 25572
19094 11539
284 12770
26237 15467
2763 25680
4215 26413
1492 10433
16853 13504
16880 20777
5514 19276
16488 10602
27250 8690
6417 16569
25498 13852
3767 14165
17726 14826
20195 7541
10803 24871
21781 13229
18714 18313
17336 17529
1355 16965
21824 26108
9941 7873
2818 891
3008 23646
1868 9902
25458 20051
21112 15285
1382 1792
4076 16842
27020 10335
21736 4532
3301 26608
21681 2381
13224 8914
13678 17486
2862 24760
23038 10232
16704 17703
18676 14530
13829 11468
14492 3181
21874 13807
15050 13537
1163 21117
21887 18701
16433 14207
12997 8871
16993 25124
364 21666
2279 8840
23700 15949
2614 24402
8942 22482
1089 26766
5773 19513
8029 7505
26256 22138
10270 19015
15525 4906
22718 11166
1604 21210
23304 25519
1646 3945
4058 6706
25496 21632
21437 20077
2162 2549
5339 15730
3794 10568
16754 23768
5702 4936
19640 11173
26304 7778
4222 5124
7405 5022
21255 15347
4185 14102
14364 15316
8488 22958
20332 24232
10845 21848
25322 19466
19597 22322
18139 604
5810 20684
19716 17318
4556 9844
18739 828
26478 1663
7661 20705
11023 13223
10694 20632
26279 16995
6702 26486
2541 3713
5971 17111
13659 13514
3913 1750
8043 25173
5465 1209
3511 22415
17544 19090
23204 6979
10427 5012
18100 12626
6297 2988
19889 16199
3992 26660
22062 17254
3022 17528
4530 11777
25717 1686
22183 8913
26857 7028
3771 22985
6423 13192
1580 184
15929 15589
26483 8544
10839 23386
19528 20128
11673 20808
6582 10970
22692 7972
21724 15394
12696 20906
1980 21739
247 27143
26115 8498
8628 20965
14427 6983
8200 6932
19232 21419
12878 15177
23346 4416
1160 9289
7228 17389
22973 15202
21681 16636
6344 4803
5210 5362
11911 19296
7342 24321
20147 14750
15527 67
19134 26896
17255 24827
23986 20439
1151 19268
5060 9215
23293 4940
16222 363
8778 4586
9875 21895
2802 10304
4505 25208
12886 10692
21464 24865
22467 22096
16523 13308
14594 15848
2614 4362
25366 14129
27157 12150
18103 8076
6890 1421
17132 15752
26937 21909
3759 21833
21411 5498
15657 15493
581 23474
5946 15616
5122 20831
13535 17904
5226 20888
15431 15712
149 14920
25410 22988
14988 19801
6002 8048
21758 24938
12992 15706
6634 16892
10 12775
8077 22272
1385 3233
18112 3587
21306 20384
17368 8502
7485 13500
26946 21850
8315 27055
21932 15413
20958 21623
23288 7053
10970 16971
12838 22786
15411 8270
4115 7737
19868 18731
22940 1122
6790 11928
1914 3173
25878 3966
27316 10988
3572 5997
4962 16240
23671 22511
616 2089
12320 22567
18612 12625
20718 11704
10670 6772
27272 1496
13577 7031
11114 17285
1302 4753
24952 24338
8498 23325
250 11538
6691 17668
15362 25882
11335 3634
279 21809
17894 20868
26367 1282
7935 25090
26315 5256
11421 17149
23640 26702
25458 1663
23543 1923
3689 3670
1405 26987
24854 502
15882 7609
19588 5858
26911 24242
2975 10450
10422 1314
19590 16750
20370 7062
3995 11297
20769 17913
18583 20797
9482 12770
19767 20089
26331 14770
24505 22198
5932 4151
18041 16084
22725 1183
26352 11446
4987 11062
13467 11638
7844 25810
17387 15294
11470 7363
11869 9058
6666 10562
2705 9579
4756 549
6901 22968
20543 27140
10040 11114
25901 20326
24693 9831
19724 3625
23368 8873
13985 16409
17282 5563
11748 26969
13550 4403
8241 25402
1369 18002
18723 12590
276 22275
10379 25416
23765 24495
26578 23399
24332 2914
2091 10524
15350 5361
12748 14517
14506 14539
21010 2790
20418 9819
21240 16609
12553 9848
13224 14217
1136 27041
23674 19129
2334 10696
6329 24095
753 5840
9833 26825
16919 12048
17643 14065
10629 3606
17471 6374
16740 10356
12787 15613
3981 21992
1092 17320
22168 4015
17649 18983
19342 12231
23889 21942
6463 15400
11626 20425
5656 19801
701 8804
25872 26512
22424 17712
13906 143
25206 18057
1953 94
4686 19980
1742 19573
24204 24434
26766 26725
1519 2791
22044 3427
7349 22848
14462 14590
20169 18281
10954 7725
16207 1612
424 2524
3320 27063
26303 3057
11282 6507
26834 9109
17801 6895
11576 309
2615 11998
4174 2277
17412 4639
3425 7114
4728 1402
11231 13860
24202 24509
9612 3794
18540 7234
8223 14192
27290 19942
20321 595
14231 12627
6259 19663
279 9232
24046 23444
3917 21576
20826 767
2279 8787
5097 12990
22180 27006
21038 12435
23161 22263
2278 24363
6301 15644
12321 16348
236 13965
23417 7142
19951 20394
23174 17772
15433 18325
6389 25556
2585 22305
9077 23822
4656 25298
9054 16456
14317 25583
26747 6309
13066 21871
3991 5431
13371 5474
2842 27330
13167 18247
12831 22233
6097 5907
10166 14825
168 5055
4735 20343
13276 18419
6279 7375
14254 2788
21087 25509
20478 20032
6841 6590
471 23523
23429 14965
5178 24067
20776 2464
16909 23774
26142 16937
26376 4043
23569 27319
25786 6981
12689 24220
12831 1938
22641 12411
24152 5911
24327 10867
20922 2932
3850 7010
1751 242
8746 25765
14243 19524
2142 18594
9787 11917
27201 4570
15495 23875
18784 2625
23826 13739
6510 20197
16374 13937
4311 15477
15565 14256
18461 4335
18636 11506
14438 10839
27350 22305
4131 17990
8771 25943
6344 428
4103 24344
1347 13371
3493 5167
24561 19557
15280 7893
7367 4956
12326 7027
24443 20770
23793 6099
6055 18984
14176 20638
16181 7062
2088 1971
12679 18442
14458 21556
16255 595
10375 20839
15284 6551
7393 17925
26906 15885
14230 25304
24511 12502
8114 1443
4738 10976
22637 7579
19129 7359
19113 13538
16800 7979
9169 16540
27196 1314
896 25634
21858 11261
10551 3510
8845 13447
16140 17503
5550 12288
19609 16334
3448 1839
23386 13561
3246 12470
26632 21917
25099 24457
11591 3023
25508 16748
22489 1938
1591 1057
21964 3285
13581 11016
19513 15054
9680 16234
15750 20731
25543 26834
18444 22424
3332 20094
18018 2839
11292 5356
14413 4901
3480 7160
1783 15227
20410 16504
17462 23266
13056 17466
6435 13849
22517 17434
17046 15740
10132 18694
2426 286
8301 21577
10486 18963
22899 237
15108 7385
4617 18391
25073 16978
20967 23188
12936 16354
2326 23733
26640 11016
14611 22794
60 22221
25244 13827
18405 10539
1039 16651
2413 26361
5175 20375
2998 16663
21555 4635
4058 11459
24094 19811
6812 26523
6016 6173
1632 2118
14345 8042
13053 1074
12963 363
17963 4421
16952 26025
4855 20370
5235 24038
24438 23004
22317 5372
8040 5856
14748 19766
23084 16619
26661 14229
25415 18031
15390 6401
20792 1091
1859 4231
3202 18829
24134 24993
25984 11506
10838 3701
26123 1987
12368 18354
11232 21762
20073 9513
23870 7621
1110 14437
133 7810
2839 19945
25621 14837
1948 6151
22904 11440
4699 2716
3294 22969
3239 22279
19528 15311
20392 5065
11166 1931
11904 14463
4160 16731
22544 2008
10590 25449
26284 1568
2913 16861
23518 20644
3668 20406
21499 3319
26968 10602
15044 21871
19889 19905
18099 20574
25539 8998
5346 19681
27266 18109
241 7464
14881 12953
13122 23552
27029 26238
1395 4110
9093 4907
17222 15053
5830 12597
9018 23981
3467 27182
15140 14116
27209 27108
18703 16258
15515 26071
15045 8631
19031 22210
817 16147
10769 17170
26145 25208
11189 723
25566 24040
1857 11459
12337 12372
1526 17775
5966 20944
26308 25845
686 3505
8488 13027
9656 16216
25313 18117
24434 15031
21928 16247
15627 22434
2352 5695
67 6
8468 10574
1591 7031
17115 18165
19209 15958
10753 1253
9766 23443
26905 7755
25637 3396
18573 1747
10475 24657
26476 13765
25738 25170
16172 27337
4593 14209
16293 8150
15252 4211
876 20002
7723 2728
5955 14002
9598 9751
10864 14266
6469 20410
19616 16955
19423 16826
21163 12135
20068 18513
27312 12724
20004 24944
5831 25980
25484 4241
16863 15069
15580 522
7057 21748
12146 25326
18215 5018
15856 5530
10280 27168
15838 17261
26540 12329
19016 9204
22287 7562
10280 22738
6700 8349
12766 22038
8615 1710
7614 3845
1589 21456
12274 23562
14774 9928
7137 26817
22510 2615
5498 6973
18529 24843
9066 14414
21167 8928
12891 7925
17682 15522
8212 22904
9694 4857
19654 9905
6319 14292
13762 18246
26891 24048
17249 20329
24347 1883
9006 10347
13523 702
23280 5687
20480 17531
12879 3377
12619 1989
6091 2764
25955 685
1274 20519
4562 20470
15581 8866
9984 8982
6042 10227
26525 25684
5276 17598
7267 9520
22246 19171
22216 23429
9040 21716
18331 24454
26583 18455
13562 3784
19790 11119
3713 1
17163 27092
13213 20111
25283 17261
10299 10979
14592 4824
4046 3328
21093 11271
1654 7864
22557 11829
15062 12852
10539 2266
18384 21018
14152 5986
24193 11925
23306 25688
19907 1023
23540 23640
25105 4608
26206 4360
22351 21523
4019 13253
26004 24642
1419 1810
17033 7276
12142 27031
26314 1678
15948 20529
26735 1937
5780 8133
2161 18662
23785 14022
21947 26314
5974 6686
12747 22940
18212 1471
3912 9636
7967 20871
7000 21082
25377 16263
14567 10779
2975 14156
1734 26667
23816 10339
4153 24220
4656 10319
24760 24962
5538 10707
11808 5170
22489 12489
27249 19541
15552 22636
1386 1525
7072 3107
23794 5103
21314 7540
5340 9904
22928 1690
18437 1939
9391 26093
12562 25267
8448 25466
24370 20431
17350 22501
18978 10924
2597 12116
22008 22860
9316 10643
4245 18682
11884 13917
22364 19260
22055 7659
17674 13701
16707 8516
12402 4983
5465 406
2576 9549
1286 27308
21200 25575
25882 15509
1231 21185
20767 5048
15507 20799
5132 15509
9048 2197
3044 18699
5223 2041
18123 23592
11332 16329
5025 2285
16589 3047
26493 23247
16993 656
833 4816
24411 20095
18381 3885
19267 2517
18117 20808
11619 1046
72 7118
15975 15656
25154 9522
7554 22112
14702 3783
25795 26588
11466 22681
12557 11394
9325 26799
18709 24332
17023 23395
11891 10550
6139 16013
12877 3936
17510 10947
23513 7281
6200 23836
6662 741
25939 3332
22528 21475
22292 25665
24836 3470
21695 18829
26252 116
21133 2257
9798 7505
7994 25272
2872 9439
26101 18377
16521 10618
19475 17863
23204 5250
24557 26686
10672 26728
24957 4928
12783 17749
5373 8522
13872 24617
25954 14688
19077 12340
13827 18724
3990 26807
18144 3770
11810 15967
9926 15540
15342 18759
5221 22
6062 867
7686 7076
22940 14185
21855 4349
2441 15524
19103 8542
1334 19862
11578 18024
19152 23481
16366 26666
3547 4774
6046 25476
21146 9487
11600 14107
24952 770
13181 20683
397 12341
11581 12845
25643 21592
1697 27269
11283 9741
18521 15249
8998 7987
16154 328
2554 11385
7538 19902
1916 777
20043 20656
17087 14533
20814 3537
12704 18745
1743 2246
16285 9415
11269 15175
12451 15855
24239 3722
23447 11141
7323 25346
6738 24427
14076 27133
2203 5385
20298 14237
19985 18207
5923 1583
17960 5009
12654 26737
10360 317
25241 4929
15156 21578
16477 23356
11803 2987
14781 7179
14983 20640
13190 19806
12923 23663
7106 12930
20482 9335
1467 23666
4059 1256
1256 10422
17020 4801
20924 3035
25208 1490
22860 18901
26576 21514
6766 11778
21760 26167
8440 8460
2513 24916
24448 984
17703 11624
4785 6500
23642 15638
8504 23936
13243 19588
22181 17300
13076 15210
27007 13106
23876 14822
19606 27313
25914 22068
16515 8951
14541 9274
27256 16550
26503 5201
23555 20594
21659 7281
6084 18547
17793 3152
26247 19770
17701 14180
11732 25041
22191 19156
9653 25836
5987 16399
16034 1444
21513 19995
2627 7941
24707 3086
13113 12281
1284 9558
21030 26937
25217 384
15010 12906
8756 2172
14972 10399
17948 20180
9284 305
2608 199
13716 11527
22953 11521
2505 17979
16283 26213
16145 25754
10821 4825
20887 25841
17300 13728
13698 21952
20176 21548
2910 25383
4591 24956
7589 5183
8676 11453
6919 14514
22661 4933
15701 13699
24133 17201
15105 25194
5289 21020
23784 4215
19686 22889
9399 11259
3029 21776
8101 25222
19566 5525
4421 17836
19492 3361
23949 18023
7900 3769
25115 20910
2307 25992
14005 21550
10127 11705
21228 16870
3286 420
3329 3005
24097 19843
13479 21211
18570 20469
15766 13949
3821 22392
5269 1314
26619 14370
22482 25468
13584 7449
10751 25532
23138 9823
7223 4954
26200 25040
24006 25094
11034 7161
17093 13492
13247 27277
24502 9985
5322 20802
19695 25947
2957 25212
12552 6484
11118 19583
25601 508
23109 10061
12110 27013
5541 16416
10729 13880
6278 8832
19822 10712
6398 13364
23961 24570
23552 5383
15666 19316
17845 2658
20488 24802
3896 995
7702 2858
17421 4582
12276 6256
17515 6395
23716 1061
7313 22230
19517 17431
13371 14107
4279 25313
9498 6784
12436 25907
12407 10388
9372 12337
19955 8208
23327 11802
9650 12022
18655 21344
15933 23982
22179 13695
15180 67
15914 15338
8867 11118
24209 14176
26718 12440
14154 8036
13440 8693
22932 7745
26447 8944
15187 23640
26909 19555
21379 26851
11782 13453
17334 16304
3509 26977
13983 12126
11923 13200
23189 10296
20947 18563
627 21823
21499 14838
7858 17492
14750 19852
20931 11119
4508 11442
969 1292
8563 18476
7933 22510
24485 16410
15267 22293
19943 398
14768 22609
27289 9115
3936 2585
5119 14979
1158 9300
12747 22887
6894 8296
10541 19440
16532 15279
27008 23361
20559 18279
3703 6440
7707 2397
24274 11918
2947 18700
26226 19390
19367 3621
22363 23143
9098 9078
15596 25393
20963 3581
252 8151
17734 22667
10488 302
3810 4287
23644 23536
22560 25148
15548 27308
21266 19568
12830 14375
22800 15681
5061 14866
8225 17491
15730 22360
17648 24586
24151 3301
20049 4594
8438 14108
26717 16365
17508 21802
86 11538
1244 1473
11472 18121
8565 334
16861 13589
12649 12270
20821 15138
15783 23125
23507 10591
7875 14116
26806 25455
7586 14013
13233 3101
3701 3189
16331 15760
22861 9396
8906 22440
22133 4264
26893 12511
17872 15555
9402 3130
18708 9640
22347 12558
25884 17680
22001 13907
22450 6829
11628 27120
5842 13751
13697 2454
20396 24421
19288 17045
21728 12028
25453 7816
25517 9292
10845 11664
9266 2488
13334 21061
26627 18929
8060 23853
24505 16644
10799 13948
7819 13847
25172 22291
5365 11318
4057 18406
5585 15522
24191 13744
2202 18451
3911 5291
11252 14647
13501 5144
19902 881
25930 20428
16360 17521
15741 9370
3758 21493
23531 13405
15252 3729
16549 9580
18321 9500
4824 26391
25809 7306
23667 1400
26533 167
16053 1765
11897 14570
386 19067
14577 24730
1455 5052
6184 18941
10350 8544
7532 4341
7300 25683
615 3614
3552 2850
3613 20765
86 14116
9399 25998
20149 24557
5832 19950
5851 18014
11696 15977
12537 16364
5415 27017
26740 17614
4065 5061
11596 5718
2132 20728
20735 17447
26599 4843
6277 860
19355 8188
11175 11323
12999 3297
12639 13113
16259 12571
10542 7209
6808 6646
1699 16645
18199 9897
19248 22062
17836 2675
14774 23675
12876 26760
9386 4717
18159 4082
17998 17491
13829 13553
5059 23827
13275 9769
5563 15224
3050 25849
27002 18415
21059 22095
6992 24375
25982 7476
10732 11103
9956 8667
16148 21263
1592 16145
23700 7188
19902 24922
10900 10687
25379 501
1196 5070
26119 14540
5933 22755
23157 1018
8874 2448
21351 17958
15806 5698
15586 5429
18310 2386
6557 18418
25830 1605
18300 10182
20731 25154
17381 17155
18894 865
26521 3445
15970 23556
21013 13469
24565 2913
5658 23984
7697 17869
6814 10840
16679 25450
16931 9190
14044 2938
22927 9345
6488 21701
26920 15464
13308 25235
1940 25351
18500 21098
12042 26547
12495 10314
20045 4568
7825 17007
6287 8061
9382 12838
24358 9911
3497 22121
20090 20260
269 18508
21117 19834
2387 10471
20325 14650
12293 24853
15234 12948
1777 23788
26092 10515
7076 9160
17520 10645
13543 23947
4201 2962
19381 18524
11398 7678
18645 403
12670 24022
18030 15820
25699 9537
4955 19114
7349 2381
15047 1192
16746 6269
12709 23455
20839 7179
18975 24666
10183 18606
22841 25348
9161 7069
3954 8868
20039 20564
16047 26418
3267 14317
12477 16689
14807 6845
26066 7200
24016 22282
12614 16923
3073 18918
18779 3493
25835 11239
98 21147
15363 16108
20803 9821
22085 7699
25231 22321
13765 26066
2518 11462
24560 23348
20798 5047
14053 906
9459 11085
22798 17434
325 25741
1458 5820
25594 7097
12079 5918
5668 9493
11039 18419
25781 13339
10024 9285
14133 21803
10283 23280
1732 5534
13894 24941
15854 16281
5873 10127
17101 13155
10263 21581
15134 19375
19480 19940
19679 3147
14129 17079
13030 7308
16863 14266
20561 5750
26276 12500
3284 21437
19318 21864
22728 19297
5605 11773
23136 16382
618 25212
25269 14103
21071 6495
9742 19142
22433 16905
5767 24640
7547 1066
5027 11015
9077 15490
13805 14925
7991 21459
11950 13213
10362 13602
5086 15796
10341 8295
24896 24034
217 6559
7212 20940
25411 11419
26969 22936
22901 1145
13220 19375
17815 26848
8683 10840
15416 900
5828 18584
5771 15081
1566 17673
10568 23506
19109 19367
21961 1755
18447 9597
15550 25975
16290 20123
24929 18734
3716 16758
4609 17564
4247 27011
5246 12486
7109 7606
15663 21422
19074 7480
19120 9811
16259 3511
23110 7856
23580 15433
16929 16323
10422 13774
23354 14632
27141 14267
23094 4879
22650 3899
7280 4980
23277 16600
26121 10653
7570 9923
26219 867
15047 2844
25695 11713
4657 27259
5848 15156
20614 18835
13813 1516
13220 16463
10046 8949
23846 17659
19483 8294
19938 26365
3375 3259
6671 5057
11485 6710
12095 24426
11767 3427
11454 5182
21607 1765
3905 18508
16361 418
18998 22774
20460 17321
18528 3348
17276 21628
8788 24610
5680 15078
9736 23891
12722 92
27227 24641
6819 19157
22007 5267
2516 12021
26626 23485
226 4002
4300 21666
4608 6964
17987 19653
25994 18253
6070 17083
23045 17502
12570 14489
4790 4268
5404 10843
8654 21348
14156 15747
13991 13199
12461 17471
13160 4640
3680 983
20376 6188
14618 21928
4901 837
17283 16275
27036 26214
20585 5544
8411 16150
2086 21714
7456 14200
12886 17354
21516 19114
10138 7962
6065 25491
25155 11223
25693 25616
11712 14350
19343 1588
3573 25888
21964 25168
8328 5269
6561 24352
20522 22642
13753 20847
16251 18693
22687 20544
15923 11783
16029 564
12739 10137
23490 23608
18029 26308
17697 13232
15941 451
18951 17464
16042 3243
21675 9200
2077 15599
14469 6421
16612 21826
23468 26478
4 1687
11143 1482
2298 20671
19212 4407
23161 428
8630 1527
654 18950
8968 15815
23489 20121
797 5938
21166 22276
10609 10822
16272 2429
9638 22965
7178 10822
19902 4332
23546 7594
8453 13908
24272 4022
16392 1033
20837 21054
196 5011
1350 14452
18905 4637
13433 15779
24730 23596
9025 13582
15303 16796
24448 13818
21192 18249
19802 9992
24960 17642
13696 1371
21582 27331
23077 24270
23004 2063
3318 6363
26657 17913
9565 11725
16658 23231
2957 25080
26452 16232
2060 2197
17844 2153
670 21001
10070 2034
21651 2440
17832 19297
11088 5730
26505 25140
25297 27211
17538 10448
21189 8273
8684 2527
22431 17598
22180 11829
9618 1910
2563 16000
11197 14267
5410 16474
23072 2813
5080 3767
18247 11847
18360 16154
8243 16821
18329 10425
26496 20826
15795 7701
1830 13870
3676 15762
4039 13599
11694 3180
1900 3763
13335 8804
13185 10028
11541 25798
9544 9693
2813 12620
15264 20759
153 5556
23819 3915
25212 25009
15433 5484
18173 24851
17264 23054
11113 19386
19919 16942
15825 26653
81 10820
18785 16976
25918 25171
4325 16558
23189 19734
7191 19526
20865 3988
22422 4774
2313 16885
18962 3319
2131 8506
26444 348
13535 25989
10767 11249
2372 8309
12573 12251
10342 23794
21232 12268
4462 698
16418 7168
130 24160
14048 13678
456 3648
22555 2307
25044 15905
20655 5548
23496 10472
14529 15937
17376 4168
23891 9281
15550 9573
3947 20934
8612 18357
7266 25190
23061 18357
26587 955
14322 18347
20563 7716
20030 7216
21851 22341
25367 1511
22228 13697
16130 19718
5934 9704
26309 2933
13965 15077
2250 3071
5565 16482
23230 17119
1100 6315
24666 25263
18301 2647
23039 555
17152 24775
15712 25328
7092 13373
6001 10633
8347 17241
1463 23107
16317 16282
4481 10897
19792 22741
1917 14158
9917 1293
10964 12823
6106 19960
21798 14234
25870 25113
3212 16930
19120 22577
25889 16495
9776 7181
5254 20683
27169 14300
13812 15922
20263 5064
20976 21481
14005 1270
23970 17279
8694 24640
4065 1304
4209 9162
14759 23609
8112 27173
15117 12737
26204 12571
8913 3544
17039 7757
15189 12576
19958 9797
19570 26425
1083 14605
20976 12032
2781 8197
22118 26374
3885 22247
16287 13757
26244 19059
1891 10614
1292 11975
13821 18078
12975 2337
14504 16122
4508 1995
26725 14902
17943 20672
9101 18238
23341 10547
3832 1712
12933 2340
4394 432
27127 14424
17500 24303
6213 19160
22863 15618
11215 633
5819 6926
24058 24868
5643 12362
26754 23712
3115 20272
762 6040
15226 15474
20156 5998
17743 20274
5439 22920
18055 2833
20319 9668
16067 16578
2316 18835
11802 5570
9801 1589
5839 3148
12434 2363
7786 3860
23999 10638
15064 19118
26593 13443
21617 16121
20342 18697
18528 17053
3974 6383
9921 3092
17552 9079
2342 8392
19498 521
16383 17265
22959 13232
21596 11982
4162 25278
23164 24483
10083 9007
9672 3811
4350 12268
14608 2192
12652 3646
8878 1964
16090 14653
2437 18199
5868 17970
9166 19400
4363 22006
21853 7070
17239 2324
7789 17986
2985 14806
15067 7092
20345 24192
3522 4128
4970 11838
17018 864
8098 14577
347 7501
928 1619
2545 24562
1644 13086
25415 22344
4153 4934
23944 10715
324 10257
7958 9578
23330 464
3365 22611
25045 4051
6559 3716
20980 19226
22795 17796
15773 21254
4411 8612
25911 4202
8619 4076
16309 21722
14652 17551
15266 25358
9295 20574
1336 8890
20332 22802
14126 21413
6296 11829
20917 17305
4990 17566
1163 16546
10776 9701
21185 9657
21839 5980
20443 25787
26668 21039
10920 10389
15094 10958
1563 17648
20122 6484
2909 6422
21265 26390
18559 20930
13445 14784
7130 25237
9976 8076
24057 13867
6996 5760
4595 21322
821 3721
1622 17999
27148 21383
11993 24079
17143 21288
3812 13514
9953 16494
13941 11689
16986 21304
13099 21731
9073 16152
6270 19131
21960 15547
25750 16914
1717 20488
21330 13165
3699 17774
15077 20066
26858 13178
13249 26859
1205 24477
16063 10712
25923 22992
3537 1911
22861 3116
15864 19399
8046 6900
7899 22193
7022 11303
26940 26988
914 98
15373 25726
21246 4311
1290 15432
20270 12367
7780 18795
544 824
21091 17434
19312 16306
1488 24950
8424 22014
2173 9777
25466 2229
21519 390
502 6425
19900 1429
25914 3018
22688 22005
12664 25832
23672 15988
9269 11903
2848 4439
8340 7010
17692 27185
19965 20254
11636 26558
16932 14665
25726 15136
18891 23079
7470 17707
6630 22160
6045 23456
7786 21619
26559 23216
26759 13707
22881 7538
3395 12421
3185 17795
13960 1364
1189 18130
19561 19383
5406 19039
7517 15015
25604 16836
1579 14609
6995 17828
5607 10169
2274 17120
19693 18519
13172 18021
19549 6985
9420 179
240 21593
1702 25296
9342 754
2797 4100
3110 359
22917 8888
24331 17731
26402 26615
14203 20720
13210 26126
4113 25654
13325 14035
10135 14390
26754 13713
9369 23747
14359 11811
18635 6012
14715 11446
15169 10862
22340 17363
4211 1050
22149 3014
12596 8641
8423 9236
19627 14610
7490 15447
4161 11028
3881 128
10860 9546
3385 20835
2916 4815
17804 10406
2485 18629
19951 9486
26062 16236
11138 6787
3325 5508
22382 2434
19437 25480
989 26420
1445 9667
11567 17517
20486 14196
26988 16401
27348 4141
20489 19863
23099 22905
6062 10991
18563 15275
24730 228
6544 25489
13657 25367
15056 22598
1933 22438
11520 16129
24068 20259
13292 7455
22583 10947
17261 17418
21459 13655
24983 10207
9121 4676
8529 13166
14697 14263
10915 14743
9315 11860
9365 11681
9034 22198
20674 24985
5700 9299
12525 18573
10391 19432
20172 22788
22789 16421
25339 8270
14032 22662
24488 14816
10255 24203
12297 25741
17432 8561
7877 11375
14318 22201
11204 14967
22010 2804
26242 6502
23725 8377
350 24460
17523 18219
4503 538
21235 14068
10854 26225
15911 13821
16668 25841
1623 20303
15088 17689
17445 22500
9427 17820
592 13147
24824 23517
4866 1758
17073 16212
6767 8541
12047 19564
25956 12002
8681 17478
3199 20321
1590 17093
3660 16478
21713 487
18074 24630
25519 25247
4232 20841
7947 5590
25917 21321
26136 22442
19456 27290
26685 3931
18473 2647
25508 10270
13028 18618
25716 8270
18340 7258
1749 26656
5017 25497
8746 2496
8274 11317
17241 26763
27054 7440
23080 22208
10160 21175
24618 18551
7027 19849
10172 22232
19491 14186
26841 24594
8808 10729
17804 24890
6758 8024
2116 5660
8665 22206
15775 5800
6093 8839
6676 13849
12349 3929
11364 22516
3462 1015
21533 4060
964 27261
644 25822
23130 24661
888 22018
27076 1429
19195 17692
16175 27089
16392 17224
2648 14273
14058 302
26098 12593
909 8077
14241 22869
12288 19868
19133 12384
5110 7766
15512 15899
3692 4631
5667 11592
7336 1477
8741 12523
20769 25477
5579 2094
15969 6955
11833 2965
18562 2180
21636 16697
15767 22541
14045 19961
8198 4367
10930 17686
9779 13912
1009 17999
16463 26445
1435 24752
26668 5697
15976 13266
15085 2212
24059 10198
21144 14922
20696 20919
26385 13710
19347 20836
26221 10835
19910 4963
1235 1723
5321 19441
23495 5403
23839 9377
10346 9714
16916 16978
25545 4321
11410 20430
21333 3719
21611 9591
26594 3617
25852 13226
17215 12
9897 11810
192 25940
21251 6804
4320 21209
6242 7339
6562 10727
19101 17518
21720 7777
5658 20645
19880 25621
6790 24177
4315 8262
18354 10121
26529 226
7103 17992
3739 25364
33 16269
7184 10481
10824 25675
10833 21294
15105 6863
20943 7856
24348 11361
24001 700
22279 17045
802 2487
13078 8373
24151 16674
2484 5897
18690 7037
12711 8845
13291 4465
3645 9901
10183 9548
23108 5263
26458 696
7937 20554
25220 21089
21552 6099
9191 20814
16715 18277
10075 24998
7166 9831
1705 22374
8842 5613
24470 2612
22208 25917
13267 846
1776 24240
5314 8124
14779 4370
21440 23830
20704 5480
13001 4073
19255 4227
18486 3487
134 10551
494 240
1845 27265
24817 14441
2449 26211
26790 20538
9602 6240
22545 24226
25143 16826
10601 10182
12593 20759
19216 2020
1888 6438
1053 7559
10215 6211
17556 16799
18824 15496
9138 134
22742 9235
4627 23594
20377 20253
10246 17538
19842 5865
6887 25025
2601 19556
4246 18240
7350 11466
23083 2294
7589 7281
23793 7823
9837 17784
16919 7961
9914 24420
17525 3341
21419 24013
17616 9121
19157 13346
7836 2957
9449 15164
22747 24747
14490 22000
21860 8443
7931 26872
20334 7495
10290 15551
22334 2254
8322 8071
9455 23088
23499 2394
24828 16791
12998 634
9819 26482
5836 24986
7567 16540
26940 18803
19272 10825
21513 24550
11262 16586
10747 26757
6537 18617
23287 16474
22877 18562
20551 21429
16342 18129
24289 22111
18627 14470
21565 26174
8465 1002
22062 22779
16923 19343
6451 4449
4644 19804
26561 11279
6537 2523
15704 5720
847 2219
1996 965
16873 20919
21566 654
25285 9954
13008 26060
24397 11249
16278 4531
17120 27212
25918 5925
11626 25800
17186 10304
10368 24078
993 9332
15692 7817
5695 15719
16062 2166
6153 8949
10156 18008
24437 13536
24762 9620
24044 23404
13722 14971
15157 14074
15105 15870
22430 7791
631 26134
3636 7303
7583 6927
21796 18728
7545 1451
27236 23095
4410 4482
24800 17725
15048 4224
3701 1770
16636 8561
7284 15639
10204 9044
15 1958
6713 6024
24291 23217
54 6087
4978 7383
20231 11409
14631 4875
23856 10228
23613 12685
2622 15777
5554 10468
549 12445
20397 18760
1828 226
12828 11432
9623 15185
10156 7283
7403 6178
4266 9806
23913 18346
12941 8865
394 15954
6162 1427
8835 12631
17783 17181
12873 5203
2965 21485
19161 15521
18756 24103
9167 16753
18077 2123
11694 24190
11089 11544
25311 6169
3877 25916
13002 4270
23843 11807
4033 1354
13824 17964
1799 18076
1351 20838
19579 9803
1593 21354
2586 21344
23957 20725
18852 18334
8028 21583
7198 27249
21104 11280
15562 11103
18212 2698
2467 684
7012 9043
16700 22788
12741 17448
14042 16093
26411 16020
25883 5055
17909 25291
21782 15810
16977 10264
20836 11236
24488 17099
6522 15073
20116 10129
23597 6045
21866 6126
22521 11719
10539 6768
978 5401
23292 979
20989 17867
18438 9541
12851 14317
22576 1563
6996 1077
20466 4994
11843 22835
21697 21071
9807 1894
22287 22105
26176 6970
13082 17633
9847 20955
16657 19829
24467 21362
26332 17309
11294 16914
18898 4278
3754 19443
26723 9354
6533 6685
19391 3393
7983 16979
12381 3936
27216 8203
18991 10104
16527 8873
3419 24068
197 7172
21583 19922
6410 1138
26767 20391
23667 2438
16965 12253
22131 21942
14318 22161
17362 11135
18433 23059
9671 2649
19688 10217
20747 27271
15672 15943
11054 1333
10646 10398
783 23484
22397 13201
6750 15960
27276 8604
8368 15450
16240 5783
22189 26269
4701 25265
15990 7069
12025 21391
1700 17679
15551 10176
10404 23818
10280 25509
7703 14013
23458 19189
7482 25156
12231 17066
973 23995
20782 24195
3097 1214
10046 1893
5794 14990
6128 7925
376 8958
15274 17186
18010 12231
7880 25431
5376 4385
10 2219
17913 23144
3368 5878
26767 8848
11362 26187
3907 16480
4773 1877
2728 25439
4968 20546
2937 2164
22502 26850
14512 15853
19269 9307
25379 2357
21983 25733
6128 23093
16259 17931
11110 3456
5775 25715
23871 12538
7918 16045
9755 8483
17952 1794
7250 4511
24803 13043
3297 18133
17609 12008
3409 14173
2583 15114
9467 13220
12084 13232
18945 20968
20294 7236
4998 6546
14922 16101
12978 6275
17984 27117
12553 3359
11063 6498
14431 21233
24362 19164
24110 927
20981 22203
25915 23921
23945 20044
4575 16242
16514 22543
2093 5572
9535 25368
13320 26391
16737 20077
10253 10601
3157 16554
26591 9682
14521 8065
12017 12360
24176 25080
8171 13313
21714 9895
22177 500
16626 14089
24693 22603
21431 13219
7396 27317
15756 24298
9511 4716
2202 6912
21049 4257
16048 19451
17406 8279
7607 21084
4204 15962
14560 6192
356 26668
6296 8690
13050 11870
7878 4056
9176 21355
18861 26235
7104 23129
14866 4
987 16793
27157 13863
11297 8893
12259 1168
4301 5170
15840 17179
18168 21289
83 17326
22862 8308
3672 16222
2276 25678
7185 22973
5091 18801
4444 25369
19222 18751
12067 180
10266 19413
22356 26866
1955 21836
3038 6487
9283 21639
21284 14754
10131 12809
19479 16835
20384 14726
16997 14244
2425 26151
21716 23244
18565 4077
14221 1141
7239 22391
22835 190
12602 16675
12887 25704
18785 26711
22078 27043
8199 14327
5682 3111
5650 16087
3353 12133
6830 17204
16221 15679
26781 26650
26759 20475
15540 3452
15767 462
13232 15795
24096 345
3657 12773
9055 4863
133 11562
22517 23414
8509 9534
6435 17614
1425 14817
15541 1876
10845 24876
19251 22727
9927 14857
15354 9863
2367 8840
5870 2529
18956 22284
11558 6961
21295 3629
9791 11320
24346 20872
22463 6855
24612 117
23250 18983
9167 18552
15881 14749
8290 5447
19441 6757
8383 18470
6115 4282
12618 17972
424 18800
12855 19376
4238 16094
20967 19261
18595 2801
25717 25588
24331 14592
6342 13077
11399 13734
7571 512
1216 24627
7010 933
16579 18699
21691 6231
14767 11207
13330 21857
9228 23113
14905 8431
6788 24683
7647 14056
8808 20275
17082 20451
17815 17858
728 18164
7563 24945
4265 17853
4134 16387
3162 12807
24657 17916
5281 23425
5039 7862
2064 12306
14011 17236
7313 9457
2963 17064
1716 225
13106 8233
20725 372
13000 26533
23549 14189
3730 15250
7823 12188
8666 22838
19013 21111
8838 7736
10403 23201
15849 22650
24927 1683
7148 14530
17130 17122
2092 12755
13556 12118
3513 17881
16668 22689
13125 23680
10761 19647
27122 9815
13693 3721
10720 2613
5313 23269
8302 12344
23841 4390
594 4406
1451 3569
11983 25287
2100 24889
6514 5209
20179 7904
16094 173
23347 19050
3450 18966
21255 7074
14377 26984
6429 4347
22365 4431
24479 7535
1576 22179
23920 7837
26347 10169
19549 19485
1225 6380
11599 25297
23785 1196
10608 23690
26221 7320
151 5004
21694 6892
1584 11911
7864 2440
22268 16512
17708 24538
12820 19489
939 24453
1607 18496
15547 16929
21887 21287
25449 11944
23236 27032
20502 13108
18428 18448
6518 25451
21666 23008
20331 21628
22429 4079
10194 2624
6019 14921
5974 9257
14749 5285
24871 8934
15845 2707
14265 13574
16840 26421
15051 8067
18125 23550
2724 19360
17316 26121
26829 23310
23187 10258
13557 13487
21785 2701
4943 26718
8933 18576
4721 19435
9899 905
948 9118
4241 14368
20595 2840
13019 14077
23879 14723
18013 26463
16251 18563
9033 3881
24994 18022
3396 17430
23950 10173
19602 7990
4982 18429
18361 24931
23950 1542
16624 122
25598 16739
17325 13230
15722 26557
12042 20632
5315 13650
26600 15731
11788 336
9138 12713
7009 18346
24523 2306
21035 5219
12327 5983
8316 18203
23986 2138
17103 17503
18095 27148
18001 12237
5428 25312
4831 21121
20516 12238
27093 22659
268 12368
13662 21888
7735 15713
17929 24900
24856 17455
25069 22932
23149 22811
5037 18745
6305 6108
22664 10496
20661 14053
11626 4071
7693 9071
7398 13324
10669 11682
11996 3375
21752 25626
24987 13673
8117 2165
448 18607
4650 1488
12480 6871
21900 10248
15234 15785
7430 3184
3782 15264
1828 1007
13250 7018
23546 11786
23821 18141
2278 5673
9124 5702
23644 8911
7433 11103
25775 15631
26187 7991
13523 18696
17537 6710
24528 1495
14090 20995
16595 23755
10418 25282
18324 18875
22855 9165
19931 21239
11592 2918
7326 18295
21134 4006
2398 15308
27202 3475
9958 14680
14776 8
2401 13593
16102 10761
3113 24150
14601 26839
8221 17161
8035 13773
8465 11371
8057 20436
5739 16519
12158 18955
4784 8190
16729 27074
5474 6193
13159 19560
8913 17159
8145 25918
19366 677
16495 22477
23731 2275
11533 12487
23504 26139
1616 7901
10781 13148
13946 27258
433 16097
24850 849
23805 19193
1009 17196
22642 5206
13981 420
20857 17324
8753 4311
10644 3465
13699 19918
11101 20148
11451 3036
22025 11690
19312 18349
8109 16812
8283 898
1051 3543
22319 3240
14055 3752
8364 24686
18311 12533
6258 16747
7696 19568
26261 13780
1585 215
23869 21285
24256 21694
5956 24747
26220 947
9555 15966
5171 18290
10396 20517
14983 18781
18390 9793
21593 24949
6414 22858
21963 19527
18321 16109
3658 4715
16977 6736
5160 5565
6133 22350
2179 22538
5838 22927
7155 4776
4607 2154
14422 19387
19258 24771
4570 6931
972 12187
21938 26300
1327 26644
23425 10812
25608 8125
15346 14524
8288 12101
3089 23109
10825 15796
27300 5083
25962 20142
15000 23686
5425 14019
812 19489
21581 18536
12749 23731
16167 343
649 2987
20273 22655
22828 13158
17210 16406
25350 18302
11155 19579
11203 13914
24715 6945
7479 20980
17855 26909
21340 1333
12786 27181
24049 23565
10626 1744
448 15950
16124 12697
19978 19741
3300 18983
17841 5511
9528 27072
21528 7985
11230 12970
9453 2052
2940 16233
13681 19631
22272 21463
10108 6184
9160 4459
24973 14272
16415 3195
1136 13291
2464 13500
17464 13145
23742 20789
21578 4544
740 7841
10756 27050
18473 19724
18923 3745
25152 25763
18731 26435
16877 4717
18398 20075
11119 980
26370 4408
10101 22396
6916 21109
8954 25386
17406 16294
7403 4194
19872 5062
21463 6664
262 3759
9640 19971
5855 4396
4359 19835
9082 12739
6840 12604
20959 8299
9699 16350
21574 19714
14379 8389
26750 2535
10125 18673
13750 25894
11873 18273
400 18632
18003 12204
9173 16011
11212 5466
13935 14276
14755 45
1736 14989
9792 9344
638 18689
15877 14644
22090 18961
25689 25715
17033 9902
20436 17010
21837 6703
17977 18109
23120 13585
16666 1743
26692 500
18004 17946
15581 16982
3284 18355
4089 17062
16293 15232
17453 9966
13996 10206
19336 23983
15305 8941
6022 17876
1193 5557
9506 20892
19365 20254
25871 13570
7730 27233
22980 10020
1885 27247
16156 27012
22918 511
16782 12427
13640 16694
307 19693
11491 7631
4915 3262
13889 15449
4275 2407
22583 16736
20358 21678
6375 16947
5596 13045
6828 11560
2072 5381
17128 18433
23706 7387
10881 239
17589 11180
14182 11766
25172 1639
19436 23288
902 13608
9147 17018
20272 17144
22127 8239
20828 10717
17983 24545
11485 13185
19587 10625
23826 19466
15680 3755
10528 10445
5826 1614
14203 20456
17255 17427
26816 18299
2477 3602
14135 14808
12845 3520
4621 721
15981 18915
7251 672
23567 10611
21290 16117
8851 4080
21687 21149
8182 26845
4993 3976
7930 997
25262 27317
13896 17680
5687 15913
114 14171
8709 25544
20222 13243
20683 11652
25521 17634
20546 21971
6283 5586
23855 9967
10875 996
13405 23980
16652 16760
9811 12874
25502 21004
22737 25029
12899 10293
4847 1828
13017 21131
15406 1314
13465 4517
8707 15039
20288 24564
13472 1295
6973 11402
19854 25275
11494 13247
7625 25328
12078 13712
20054 19415
10471 5686
3506 14108
14819 3439
21044 640
7051 24009
16250 7267
22954 25148
23517 15691
26404 15335
2399 8125
19158 24232
23458 14064
6536 12754
5344 6956
16420 26145
13435 18759
4825 20849
21940 10762
6033 5946
18068 14924
25147 5392
8966 14108
1709 9075
2712 7538
20586 22807
9709 7736
1060 1267
5232 14070
5830 12942
6878 15608
2412 2587
9419 19008
7733 11921
4820 13042
19384 24171
21059 3550
3273 13469
25280 24580
9840 18018
13647 25970
402 1526
13025 2538
8212 15302
15048 14643
16798 12626
3289 24030
16526 10181
13310 7100
2809 27069
21090 19078
21947 7853
26286 18618
25864 21369
11098 19676
13727 10394
13881 22875
1063 10253
3779 22093
4411 12241
11262 13368
23969 1047
23991 7222
1221 4194
11801 2571
2034 26965
23468 536
3424 18189
20673 10509
6141 17156
4116 12818
19929 17410
9650 22445
21185 3487
13113 12571
20498 12908
8320 10297
4255 24947
6465 220
14835 12670
3677 12367
21814 8384
747 14110
2340 20969
27058 21470
22657 3182
1447 6873
17309 1824
15747 23554
17996 16983
9739 18474
7160 10315
4598 8024
11561 13556
1120 24908
20293 8948
817 27122
26046 11789
14899 2519
2599 440
6281 23444
21372 22682
22336 11354
19547 12807
7616 22380
18353 2210
10999 9359
14082 10110
20265 23115
15485 19060
11597 3572
16278 14266
16617 7316
26682 13841
25968 8607
10070 3382
26287 18681
24661 22979
17891 11160
20465 9590
9106 1649
16247 23732
9957 9103
9289 19032
23757 19311
3455 6669
7209 16744
12902 14350
7986 24249
25955 680
19925 15732
19927 1778
7878 3253
19658 18357
2928 25848
9629 2104
23477 24397
4674 3444
22534 17583
5743 19688
10007 9863
12030 11388
26751 11618
1692 23390
3238 669
7642 12058
2613 2832
7446 334
3233 18984
23185 4977
1679 16254
27109 21125
1807 224
14537 6317
22012 26290
3236 7426
14070 21632
10141 5140
19178 10442
21682 25072
13665 15167
9252 23
11717 9063
9314 5102
1134 2575
15825 16926
18113 17931
7915 26826
20618 21674
17318 1189
1159 26431
10934 15218
18788 23210
6683 7077
26073 17947
9311 1771
1160 18964
1379 4742
14597 24882
15101 24681
17269 24601
15224 4335
13785 14158
22710 294
27133 14665
1940 15103
27255 11622
7671 13755
1434 12262
1581 23801
3273 11751
4715 3431
10019 18746
15888 8701
16441 25129
19362 5661
26539 22005
25707 12349
16496 21389
14615 26104
15706 23219
22520 7983
5549 21269
15695 20320
2608 26758
439 5968
8336 18760
3579 6021
8938 17596
15467 24105
18097 3936
8741 26393
22888 15734
7602 26837
8174 9801
23880 27099
18183 23867
24925 4325
9045 21371
19718 19710
22726 625
22077 12782
3221 22033
7949 25898
23629 10255
22342 3668
14673 9722
17348 21753
17917 26865
23681 24940
19081 1073
21898 22350
2224 2861
2123 27130
18741 5849
25403 5828
7602 6313
25861 21918
2382 24846
12790 11102
435 2671
9300 17581
10445 9297
4605 5491
3511 2251
1688 22479
8813 11306
5900 10478
9263 22883
18457 3582
11945 25010
18850 9404
26436 18133
8422 6991
19087 11562
5933 18010
13595 12963
5795 20749
4883 25622
20403 12471
7235 26154
2593 6986
13573 16816
20063 19721
638 677
20796 1785
24727 15465
4956 8579
5073 9918
12218 18645
8838 409
195 336
15576 22304
6408 2438
3039 1330
27350 26811
7737 24042
11574 12652
14507 21043
22246 26079
14528 17719
21426 7321
696 16833
4643 9058
19469 7584
25571 25094
15775 1724
2528 5958
18451 25994
4691 2124
3570 16952
12631 2949
9296 15489
16490 5907
4884 15765
7613 5667
19235 15230
19777 6653
18710 11881
3892 20386
5370 13938
11784 16030
21433 15029
14480 18321
23064 15801
25418 6543
18069 14036
16989 15124
9399 10891
15146 1903
11400 6470
7694 5740
21386 19861
23821 2157
11176 7250
11846 26478
6065 22572
25205 15066
21108 16666
12491 19800
4472 9297
17204 20647
22204 9695
23800 25668
23594 6581
25769 8234
9653 25710
674 11718
11090 10630
15710 2655
5648 3975
992 5877
17056 25098
27313 11710
1236 2302
18500 11226
27053 1957
14630 13771
15637 3079
1483 15011
23964 22162
20629 19822
12450 7115
8408 13606
23790 7395
4056 24779
23689 7343
20396 22509
26755 22908
3369 23849
14238 22063
24140 17078
2355 9613
19610 10983
15549 14980
1162 3255
16120 5155
5927 15589
16045 24229
16408 17865
17440 24162
5175 3647
5434 17642
17819 23966
21949 7725
8245 1426
11446 10800
21580 11534
21344 10769
15842 8264
25272 16301
23018 7710
18482 17076
2085 20569
23310 1402
20921 24437
3223 23623
14383 16122
7447 19058
3916 21335
10859 17355
12444 4425
25146 23480
26793 9442
15043 15643
6303 5380
1796 15484
11346 24798
19893 12331
16746 7135
20791 9280
9998 1262
14609 6262
15523 27099
17690 9155
25861 8186
25211 25043
10575 1502
8780 8243
2993 12665
6448 10844
17356 15402
15790 26167
230 1753
4843 3416
13335 21979
5601 12628
3579 9793
25647 8082
24193 10686
6657 2323
18069 14291
23974 10090
25968 19279
16587 15076
20978 19844
495 4387
7504 10301
18361 7229
10627 15140
26895 6312
11602 15719
8235 11045
20881 19911
17254 18279
10588 25011
14601 10171
5572 1495
26048 5918
15898 4651
5022 13631
15016 20478
22797 6263
1941 25233
1854 6097
9457 12255
14280 10530
26556 3850
15412 3445
18743 21065
10138 6466
12351 10855
21127 22569
6434 25030
15189 13495
2884 492
3096 25221
287 5791
14473 5677
12727 1986
16293 14750
25289 26925
17833 2764
8125 19171
26690 20553
3713 18481
25904 662
21790 4833
21774 6286
9610 604
14750 2464
5548 13044
5894 7265
12507 21352
21714 13819
9939 1045
24496 17382
19473 22954
1328 20697
23050 26980
1982 12819
21633 9464
15657 19383
18467 6995
20664 3415
18463 15884
10201 4428
9609 6768
20605 21302
25691 8138
27114 5955
853 21370
2700 20683
24434 17901
13008 12185
19542 49
27001 17045
3496 22953
25545 21266
6437 8833
10493 25366
26516 2478
6230 12970
18530 17227
15437 5208
2012 18710
7845 19359
23295 21913
3047 17879
21784 21768
2507 11778
23002 11754
689 21999
26904 20266
11259 7085
6344 25271
323 4414
3447 12336
23457 19733
18028 25095
11835 12156
25986 18649
24296 25672
5415 7509
23961 9881
7343 26961
21791 13527
5447 16617
10872 11025
10129 2350
5920 14097
4469 21631
19801 25950
5896 5109
19818 12533
6119 4592
6712 18692
6893 10402
17535 1026
7190 23457
5157 1508
24939 22745
13979 24901
19525 4552
22191 21984
6195 26575
19327 632
21531 246
1554 27294
25433 10973
11373 1629
19187 19082
5257 12706
18457 21946
18811 21949
8529 14864
8934 3838
10245 4632
6187 16777
4852 12886
25359 18608
26202 17836
2694 2313
22274 3444
24189 5924
22996 19415
821 18748
26956 25623
7696 21464
26932 25000
20564 26996
10997 9865
2531 11182
10757 8163
17119 24846
14420 1087
3057 4287
14340 15387
21776 19153
23495 11636
3285 5871
20538 14005
6552 9183
9187 27265
22006 13199
21731 428
2028 13190
9339 7162
8649 565
12597 15084
8049 25379
10313 21597
7748 8943
25095 2589
10492 10982
20736 17775
13198 18162
8396 14348
5808 21453
1096 3532
1849 8465
17219 4903
966 14268
10364 7306
6577 7671
17378 19714
17289 9614
17920 15604
8285 3900
21791 20077
24002 12985
25481 9162
3215 8148
25066 23472
13025 20607
6191 15448
17390 19724
12512 13377
15903 16230
14676 26424
1221 23310
382 8511
2560 5709
9939 10402
13272 3451
26481 9047
17010 11037
18739 16545
22920 11381
4299 23653
5813 23086
2913 2040
5493 23404
18667 22304
14474 17780
11990 96
9627 25069
20759 15032
15926 16069
6174 13939
25176 2002
14309 2171
914 8493
12782 15079
18561 22322
12862 18226
1205 23194
25942 5184
17520 8291
24493 12333
1022 21501
363 20633
27306 5575
5805 17196
16974 130
18255 22215
24059 7345
7063 12236
17353 21360
487 5652
23496 10157
10108 13220
19894 24797
5338 26849
17847 3438
16393 2070
3712 15383
5794 7652
12428 16429
24463 23421
814 18061
17602 3607
23113 7652
17953 6345
4180 15488
15096 15211
19249 22780
26396 25955
9430 6108
3215 13530
22459 23343
21845 15307
13213 15423
21332 24090
224 20181
4899 9173
3881 1276
20892 14221
26251 12476
13643 14482
15871 10777
5421 26776
5528 20715
25783 2279
4100 7736
3604 16954
23522 1111
586 17793
882 27240
22024 23122
1716 14082
19522 14429
6998 17597
16138 3133
24988 13564
26296 60
13548 9899
1586 20913
21744 14851
3852 19110
7548 6629
666 1988
7787 2710
4168 17706
7650 20906
8116 26563
26600 26071
21283 1166
22915 19802
24967 22028
16626 14443
15882 22842
7467 11107
15654 3730
12110 26942
12577 12593
10622 15898
24693 3709
6329 15637
1995 13389
10023 12866
5345 6607
22995 8656
6883 16977
8244 3336
11557 19559
927 25828
14905 6086
21422 16907
17351 20482
3503 4376
12222 11318
54 13596
17388 27194
15448 10162
3226 22003
24240 1633
19551 18176
20100 8784
25069 2949
15628 9046
3532 14876
25180 18995
6849 16319
5373 3821
20321 12432
8392 16416
240 10753
2376 27202
6060 19771
11656 5164
14302 8129
24442 16262
11591 21250
26853 11510
26190 21783
24859 3075
23229 11344
2191 20740
18249 17552
7661 7980
11966 9298
5605 12465
14447 6268
15926 15277
704 16751
22665 14914
24623 16044
15215 11738
1184 1109
23950 13063
21093 25605
5149 15834
3734 6995
6507 22301
26253 7960
2271 12748
18257 3039
18771 9676
14146 15092
17866 7318
16839 3314
10515 18414
10150 23914
18005 16818
24364 23404
18364 17394
12755 20196
9693 7460
11843 10517
21670 24835
22099 10194
15716 9172
925 24159
24654 7113
24895 6007
2978 5147
15831 1511
21925 14996
1847 26420
14084 4765
7632 1923
18853 8927
2760 17527
1292 20425
11174 5928
9787 11969
16245 27165
17026 20560
2253 21860
11919 18325
21137 3811
13564 14794
1498 1282
15887 14359
9152 10411
26362 26683
5009 5479
578 14373
3019 25042
16959 18291
24865 18034
18863 24554
11036 27053
25897 19938
8870 15128
20868 6777
25842 3235
4985 10491
8810 30
21459 14829
15046 19792
17580 26451
2202 12890
6410 18217
20677 17008
20517 12855
25464 3023
19361 4499
19538 12305
7899 3556
22703 22214
14550 11482
13094 11502
26033 2951
3692 23980
6408 10937
19965 26113
18383 5083
5690 17073
23600 7449
25036 5242
9234 13045
15756 22813
5460 21980
22869 18490
15718 13890
5678 19170
6683 18985
24808 2345
802 10977
10041 19675
14953 25872
9116 1426
14651 4596
1435 1993
1836 122
13504 20418
20223 14744
2730 21798
5448 8066
8060 12936
18092 25700
23990 21311
15218 20370
19792 4843
21952 23864
16958 5062
14210 7748
11421 3014
1144 4446
6113 6976
10666 1684
2234 18598
13962 3970
8227 3664
937 6856
12439 2768
13910 1336
7358 3740
12118 11987
2664 3135
908 26046
10821 6661
19053 15242
25942 8030
3335 15317
26817 20271
17239 13339
1330 20262
19341 20075
23349 1922
9412 1545
11131 178
6738 5163
19429 7127
13912 18859
6197 14150
8786 14329
25278 9447
4419 27210
1497 26791
11208 22504
12737 368
23168 13403
5202 4436
20695 20458
14195 6285
15853 21675
5783 4418
7230 8025
1864 25272
7743 26303
18217 8446
16131 15240
14061 11654
27161 15772
19221 4330
16430 19737
877 23821
15172 20267
6937 19265
8659 26009
10258 8776
21749 14887
13100 11387
2359 1344
8251 22279
13444 2300
2294 18625
8450 25377
23029 7996
18146 2500
23263 5948
19381 1057
24714 12909
26469 6998
16522 15475
5347 4157
49 15977
6948 15078
12180 22677
16428 21475
821 12521
19043 18445
11181 1998
11234 1336
772 17998
25657 10274
23946 24822
10824 5144
7955 21355
12749 6326
15457 16319
21708 6110
1700 23457
13636 19624
16917 14469
24451 25223
3419 16906
11157 10686
3942 12746
19778 17093
20735 24034
17601 21517
12507 4763
4362 17240
5486 3161
15859 10593
17490 8588
22109 24066
24860 18453
6619 5871
26955 21278
19475 2947
2107 9178
9157 21051
21274 7696
8978 21574
24466 26635
726 9786
2359 7184
370 8461
17276 7060
220 3498
5667 11022
13119 6165
16503 15246
7270 11170
26850 24904
7180 27226
26779 22220
20393 4914
27234 2384
13954 12857
8318 7420
4935 1947
342 12011
2286 19622
11882 13133
26565 25674
25996 2105
12062 22405
22557 24579
2750 9405
15193 11304
219 8413
26743 6698
16062 7286
25615 23287
11252 18106
21854 22392
20772 1685
2729 24514
2706 1936
17753 20352
20424 2399
5732 6842
8918 13427
19988 22019
11242 20542
13959 15308
8343 8766
358 8464
3387 21747
483 14057
10977 14380
24523 13411
285 9117
21881 17247
21398 3544
23977 11437
21953 21553
18149 18302
1704 9481
27340 11010
3369 415
25507 13029
2604 19271
13762 17130
25591 11976
14369 14361
21044 1999
6830 3263
1915 23664
26337 17916
1948 9023
20860 26499
11343 558
23176 16757
10346 9265
13964 16298
19965 16235
18011 1749
20241 16170
16223 13633
6712 4210
117 9691
12717 5838
13246 10834
18558 26993
15190 12029
4316 5069
24086 27006
3519 10912
19498 8663
3328 11610
12504 9931
4295 5949
9602 17334
10256 5292
7460 7752
8949 25851
14841 2692
5231 24589
13572 25758
24334 23846
20620 2058
3497 721
22620 12230
23189 18803
21875 7875
10089 10255
1238 17386
14539 21494
16365 5472
22117 2978
5829 17755
12171 12323
12914 20015
19125 16086
15235 16767
27189 24854
21758 5260
8291 5061
10459 5772
21679 537
23144 16293
433 370
26944 20822
10848 23489
11476 16642
12804 21806
17185 13320
17821 16648
23263 17641
24436 27132
7484 1033
8598 19972
20359 7507
383 8362
24426 13878
21798 21813
9654 22462
18336 23924
23049 13925
22643 11288
19576 1914
12896 13932
19494 7214
27176 20835
12317 20146
14306 14439
5569 8086
3079 14265
945 25741
4067 5546
24266 8641
27218 15059
7763 24247
21306 7243
7474 13527
26865 4849
4256 7633
5230 5358
18184 5746
24575 21935
14336 17472
10528 10315
22625 7568
27 5815
2103 26185
22528 18252
6891 19484
24030 16887
21804 6143
26557 19635
10775 9926
7524 23857
24494 14776
11927 13144
2879 1974
26046 8839
12919 21769
588 11746
24820 22116
13857 7005
2057 11665
18099 18103
4753 10280
16585 12254
10805 24034
8149 5075
6753 20718
7737 26072
22703 4899
23339 19635
10573 25899
2896 17540
8166 17029
3928 16475
12429 22780
15074 6861
3397 26867
392 5576
3181 676
9151 18592
12640 5967
3070 7032
17828 19158
13283 1643
21799 17153
19526 18900
3095 380
15316 5576
12458 11588
18875 2580
5483 16784
26989 3292
12039 7211
19265 15597
285 20352
12518 23424
99 11302
18997 22693
13130 11614
18011 24648
25451 16748
8554 707
4286 18226
5129 10284
91 5705
20121 26778
7685 19213
11587 16849
6288 7799
7753 23289
3264 17949
21188 6274
18837 16998
23359 1510
12588 8557
13355 8470
9397 23963
18900 6666
9848 13807
14319 20002
5101 5728
26578 20057
12313 7800
19239 24562
1053 11916
26504 631
13307 27
20141 1510
26156 3331
22471 26604
19499 10408
24296 1312
2701 2681
16019 23991
640 25481
17254 18081
24670 11581
13369 19106
25309 21596
6476 6399
8417 3913
26335 8931
23495 21679
7893 14530
19942 17744
6938 10365
23369 11889
16189 12509
12018 14160
5459 21772
12245 23507
21708 23319
2320 26788
20245 26598
19753 16273
8635 10673
13999 24053
1302 6096
22951 19485
16643 24464
20179 16152
12810 6926
12331 17774
14446 12206
2125 15474
22249 2705
15396 980
8633 21594
10438 13097
15930 15668
116 11080
6014 14339
563 20696
26662 23676
26869 10191
18111 15564
84 24374
25507 26842
17789 27113
4257 8503
17777 9797
25647 3467
14790 2338
26192 7468
15782 15918
271 2737
12380 14633
8520 1193
1983 2414
7153 9135
11164 1079
9437 19295
13896 3818
13646 5333
13024 24763
17493 14175
8446 8828
16178 8721
13612 20503
26374 8118
9700 6873
3018 22228
22411 10701
15644 9016
23607 7115
14558 18432
18210 24029
6781 6230
3217 27312
23878 7578
11391 26089
2644 10683
6145 16111
14732 21702
24184 976
713 12130
21188 342
24654 19813
25229 15843
14906 3573
10475 21623
24124 14400
10850 14367
16231 3070
4169 5478
14027 25333
12199 4799
26240 21071
5376 10352
12902 1509
14288 25108
15826 23666
11183 432
8830 24107
26284 1112
4451 22611
7879 6098
19800 20912
3506 14475
11044 5686
20429 18905
457 3923
8606 19380
6588 15755
20838 8752
1690 862
7122 3382
847 402
12727 7291
18948 22803
15504 3091
14294 12966
7632 21160
19616 2028
17620 377
10508 18134
12839 22744
24080 14185
24662 4253
10752 20746
11807 9765
9344 24449
27108 8355
10339 8270
11352 20741
18573 20647
634 27126
27289 23154
5517 15064
24292 13058
5159 12875
27051 22050
1809 18196
12413 8528
23176 18101
5613 4451
1337 14185
683 9460
13971 12168
5535 15377
2321 2772
20130 23833
15977 3661
3317 8658
18272 11041
16570 14792
26283 11332
3965 16049
24742 21107
13827 14146
2194 14745
2473 7744
21650 16106
7691 7043
17249 2248
14443 1317
20156 20035
26310 27155
11746 3231
9219 22589
14547 1374
7100 8295
2435 26
11359 21023
15413 3215
16841 9549
15447 21818
10941 3477
4291 5309
24225 8924
17262 11528
7258 16502
9461 430
11325 20621
23474 21070
27146 9347
25428 27154
2401 149
26230 17225
23470 8762
25433 24788
15929 5202
13712 21339
16445 4072
24816 18144
5553 8089
15768 1349
5968 23351
21725 22413
22133 14102
16439 27117
7548 3853
1166 16531
1264 20072
16809 17302
6661 16633
26389 11741
13905 5411
22041 12298
22227 21348
25405 2445
6561 4617
4095 15354
6159 16880
23206 25806
17492 19924
11481 5942
10895 27281
5771 18461
219 13395
2846 25237
12483 19981
15439 11094
443 79
18840 25740
22476 5608
10194 15341
6292 2133
15120 4632
925 6912
12127 15889
15052 18003
17049 18307
14105 15914
12660 7721
1873 26838
14795 7501
25911 21393
4660 3095
6915 18741
22590 5952
19374 7301
9895 15129
9289 25936
21914 25560
8754 15978
11367 18766
21053 2371
3225 20924
16414 3688
25154 13722
18514 16242
2857 4993
16529 2443
22 3324
9149 12572
26213 17944
8003 12747
23643 7390
9542 23120
24179 13557
17646 9787
20560 26301
1608 10675
25904 16371
8170 17095
26265 21746
19827 6007
10859 16754
20459 25697
18686 669
3845 26452
22944 6076
9274 1088
21573 23173
25464 10622
6118 5228
11843 27218
21264 2941
11193 13072
19163 5963
7863 23741
11263 15797
8442 7876
4186 25698
2675 19595
6930 25522
22483 1931
23602 26169
2115 3982
4617 24164
18043 15960
26041 2497
17841 26591
13081 11928
21563 21438
15942 12566
18578 4226
26845 7395
12454 9026
10645 18084
24969 19432
471 18934
9862 17180
22801 8629
9082 25885
2716 16859
25586 7471
15567 7441
2887 17909
3116 17503
8733 18497
8107 9175
21493 3299
24934 8713
15912 24593
16417 2134
17917 2386
17904 20352
8214 12950
20430 14355
702 3941
15143 5837
3252 516
9188 2044
2995 17627
24789 17865
19712 13321
15828 18708
6300 751
6151 15446
15387 7860
23325 25608
20065 9689
12524 2948
12393 5646
25130 21312
9281 21870
13276 22474
15078 14460
18803 11002
7211 15840
12535 3780
4971 12102
15809 8788
26763 23325
20843 9956
23038 16691
48 7244
3883 7859
1070 4488
8709 6368
22117 13571
11954 5720
3639 23677
23146 652
17383 24450
6261 23804
13501 23760
5535 13083
1873 14611
15640 1516
20039 8360
12040 3959
12994 25649
16338 2083
7122 8793
22499 4224
21691 20266
14751 5555
13580 23006
15348 3330
16271 23721
60 10866
10525 625
5588 6715
9438 15266
9091 404
37 1285
2175 15363
19426 2885
14585 22232
8705 4798
8558 18105
24840 9441
4866 4478
25257 21366
25390 3694
24901 8899
7451 16323
23623 3852
10594 26510
15937 6290
5833 18267
2973 24913
18189 239
7590 3835
16150 2907
12966 21736
22600 721
5445 17862
26858 10329
6032 14949
21589 17895
343 19943
14725 24908
11429 7309
187 2168
22642 3118
661 26668
781 21337
8904 20849
22798 7795
9331 12551
18820 7397
5523 12039
26846 13658
24609 11881
13653 4357
12380 8285
5273 15311
5141 13960
1865 1443
10434 26642
20159 20038
26019 23005
9171 24613
5887 3870
12924 3955
21246 11261
11791 15474
15354 26018
8982 2460
12404 950
11689 9047
27009 16281
25791 7313
12071 6897
25013 13398
18138 3283
729 357
10818 5290
10305 12878
22154 20683
22559 7671
4195 6996
3373 25089
27338 7825
21346 23627
25064 23428
5649 20378
20171 19230
3237 13416
10689 12760
12027 22813
11868 5787
22688 3062
13567 6397
17018 10284
2240 19642
17775 16413
14115 18051
10352 21742
1925 9953
13432 16789
21740 22736
17570 10531
674 11159
6416 11919
13997 3766
2958 21319
1015 25193
25690 20857
1353 21805
3608 14002
1285 18143
18891 26767
18971 7808
17133 13913
441 23874
22221 1088
7860 23270
4554 1573
25312 16969
15513 23395
17444 17481
9672 3903
2291 12410
644 9415
1429 2057
12436 22873
23583 4816
15390 26442
9831 12298
17625 21205
3479 2224
21157 24751
25324 23890
20391 24989
221 11978
18635 6546
22391 452
24331 8358
27192 13197
12961 5661
1718 21758
21262 25218
7504 20346
8638 20275
17380 24757
3585 8248
27010 14883
633 19735
3945 27250
25347 19528
12023 6317
3608 15
13497 14982
25594 17190
25888 19357
15797 17798
5575 17180
5537 18874
3135 22951
8245 14049
13699 20529
26738 10933
27016 20969
19697 12126
24232 18565
3654 16871
9301 14095
20357 8200
26425 22487
26117 18170
27141 13501
21959 3050
19503 16690
27216 19273
8175 5130
12106 14838
22567 15738
14654 12801
6474 3624
20385 19818
7238 10404
7373 22872
3063 25182
14837 15137
7403 6307
9283 13674
20938 15012
23910 2191
9553 9068
8271 19821
13449 3277
2042 20700
994 20774
4446 188
5569 10316
23332 10064
25833 16546
1798 23457
8890 24710
21008 21379
2834 3078
8589 10718
8524 10094
25547 9278
22408 13062
10110 27308
6573 9354
6715 26965
11387 19180
17603 20991
932 23198
5151 4262
3747 4472
8796 23964
16368 26608
15106 8737
5068 8465
17124 3731
15980 1128
23082 11205
19474 7600
17726 3836
24700 25742
23362 13474
9864 8529
14484 3735
3263 26761
7554 19025
26200 17134
12974 18044
5586 6590
9525 22080
8572 6176
17682 10825
1731 8477
17857 24183
23337 23445
9392 14088
1510 14665
26853 2615
4289 2698
20550 3545
3678 558
5378 1164
1176 4697
8717 5776
7880 21117
3761 24944
23252 13989
25709 7596
5540 19656
11960 2840
2386 15238
17511 20476
24648 16776
26178 6125
1154 8092
15038 23892
11735 12292
5931 22695
22049 21773
8767 2106
7799 27315
16340 19204
3870 3653
8300 14011
17778 17824
14320 8565
9088 9102
18733 15307
26307 14348
15230 384
23688 9271
2291 304
9562 1788
11262 4380
20816 8740
10005 16358
14532 7172
1846 11739
7298 15369
18020 27156
17112 20888
2871 10678
14361 11491
25108 10762
15651 18349
6258 14809
14221 6721
1402 18343
14585 22984
17488 3388
2097 8059
20102 24565
15642 26113
14918 13479
13744 17386
14420 17669
20045 10970
26277 7127
9295 1565
21266 24373
14957 8977
8192 5675
24756 2359
3110 23913
7092 21801
12157 25059
14173 23161
12097 6763
25927 598
591 15805
109 18542
26063 8861
14341 26946
24056 8512
4673 17051
5568 12268
15814 5107
4256 24347
12335 3373
15672 25174
5409 20088
2689 10041
5168 23409
2474 3700
22565 5572
3992 23254
19956 9814
3238 25495
24410 14867
4713 14908
13357 11648
22603 20093
24390 23785
21548 14795
10732 26270
11541 9635
10190 11169
11279 11850
1671 14838
1372 7860
1589 4182
16298 5341
27249 14736
817 24082
1284 14163
8589 22879
214 7308
20729 19307
7211 861
20822 10904
5142 21851
14142 26857
18002 3851
25848 26211
4852 19803
12924 2842
7866 25638
17854 11042
23377 6776
8998 7478
9920 9214
11707 25509
22614 19814
19133 15496
24288 14510
5339 14902
26334 477
1851 23965
22718 20137
23969 20651
6623 23443
23050 11750
20834 3680
24047 23688
21883 3242
6714 17145
16023 2261
9869 13305
25454 9668
10134 6406
10437 1223
8346 9888
2635 5967
11586 494
20712 24564
19928 7486
25117 9494
975 25435
17818 15118
16667 5157
23439 15359
6772 8869
4732 24410
1037 11266
17955 19553
25362 11247
5584 8182
20561 12273
18758 6587
13004 6231
7865 1563
4264 16613
12423 14587
19427 9311
21920 11768
8527 11518
11830 21657
26051 6746
15932 9784
1772 4437
26435 19955
3646 18900
13640 6822
27323 22632
6638 26962
10703 5408
10328 24190
23446 19805
18357 1409
9268 20497
2315 23789
12957 8226
11954 9534
11942 1603
13155 27166
21057 10760
4468 26592
24653 7417
26656 19550
23690 8767
9526 11380
845 25567
10628 24832
3356 7433
15415 14782
13903 11783
21747 297
15422 2929
13226 9555
1631 13415
12866 19600
14060 15379
13079 24848
7675 7343
2737 11067
189 4473
2163 20106
21492 17225
5763 14997
15520 5386
13207 16631
13129 14991
5676 927
23918 21318
16840 9383
144 26809
7436 15813
26798 6959
17261 8918
26004 12282
26441 9839
9010 7154
12920 19957
22101 14421
12562 9632
3187 1036
21876 23873
15796 12272
18476 23186
6269 6517
5112 21688
1374 1758
5881 27346
21195 1783
23313 162
24895 19206
15038 8658
6200 2253
13138 26717
10334 7365
18556 17702
5092 26368
15977 23395
13182 23754
7451 781
19490 10898
27248 13961
10679 16933
9004 26220
3288 24658
1723 7015
23775 22558
21551 1832
24961 7896
8393 18189
3616 26446
5328 25369
17682 11927
24565 2483
12718 18402
405 23480
3114 5819
7867 17325
14271 21173
18010 15435
8213 14286
8287 7819
7709 3678
10880 3044
19854 12491
14336 13462
21232 8616
4547 18324
12603 6263
9578 13101
18567 21890
4319 25290
1842 3152
21609 20388
652 18338
10885 8757
26509 19112
23795 25812
4210 15935
12373 6740
7300 27013
20594 3377
22130 15364
16565 22639
12693 12343
25924 7576
4452 20423
9589 26176
21582 11102
24754 21953
21048 23209
12475 9905
24632 16594
17443 16906
18253 26574
19667 24571
21082 7746
16462 5141
26711 20414
9390 4540
26060 15694
22505 15399
5779 24315
13507 4575
21595 13929
16045 20021
15299 1212
8323 18372
10727 10692
26160 20247
19845 18134
7590 7904
3101 2564
14068 10506
15714 4874
22527 13845
21497 24590
10306 19680
23439 24729
16788 5957
17551 17728
5187 25815
25470 23863
17262 4793
6938 14744
25271 9653
11682 6310
7703 27150
6002 4442
1623 4932
19763 4630
9563 9958
25552 23932
772 22324
12673 24886
9996 11237
24801 23475
9375 2259
24136 1393
15768 16077
3182 7225
6494 14740
17453 7249
27263 19183
17486 23870
336 9864
22120 4459
17770 23400
8266 3585
4292 22783
20423 12260
23962 7858
762 7757
2536 2125
25213 1956
21792 17425
24488 4935
3585 5659
22526 15700
11476 24793
23173 10852
13899 10710
1698 15026
7560 10189
26885 18715
17485 24850
17019 18927
11462 1180
14551 24865
9181 23977
13954 18459
8154 24928
25089 1139
11062 5676
17220 3870
16596 24459
12890 13112
9843 1438
19680 22365
4520 26703
7490 17714
4770 3954
19988 11406
10640 7380
21953 912
2807 27326
10051 14155
24936 13059
13496 3473
18673 4720
10084 517
17071 4457
17761 5658
19894 4803
15440 4210
5548 1252
19403 24487
23008 9593
11826 6718
18615 8162
27269 16732
10819 2363
25468 9658
3963 24018
24868 21448
22002 1447
15988 11074
27264 24201
13225 7332
2771 2944
18845 26825
5651 1609
25728 9474
7754 24068
23635 8644
8986 7536
25225 6638
10046 117
26498 1249
7147 19832
2271 16069
19365 9269
20839 15985
8863 3938
23004 5808
11027 7388
13811 7806
10438 6993
4574 15167
4284 18303
23890 15700
516 18681
12626 183
4393 4246
19994 25463
23503 2459
13372 6160
5843 8087
2437 22373
7063 886
992 14180
26655 5784
13332 21808
26589 3215
3646 20941
24688 27236
4377 13283
6972 6891
17119 20396
6228 4636
25327 22204
21771 14588
2796 23659
20855 18265
1446 3918
17894 16228
7757 3145
12443 21831
3013 11350
1457 25018
22582 20694
5872 11390
1498 16388
8610 9248
20660 19746
5997 22941
5734 13671
696 26088
10385 5009
17944 19203
11948 12440
4366 706
1423 20940
19986 18755
3283 12379
16578 13289
270 18746
6433 14840
15871 25670
13452 23162
26738 27258
18640 12261
1162 11450
9288 6544
13224 20302
12197 12851
2484 16311
16517 14181
17333 2726
9364 21320
4328 23755
264 21331
3470 312
237 31
667 1830
24755 25253
19273 27113
17460 14552
9253 13383
1896 1508
8922 22143
20794 21035
22658 11950
24406 667
407 10241
20885 6372
23054 21978
936 15466
13245 10683
3355 4122
24906 8574
6062 14681
20515 9727
5191 20575
4921 18728
21364 21538
17399 4369
7973 17685
26498 24364
21097 16993
22450 4723
8759 14393
104 25408
16576 3807
8003 2746
20986 10480
8340 7801
4940 5128
3437 26270
8952 17713
13174 14536
20770 21738
16573 26369
21575 18459
6793 26621
10822 943
12127 21436
10885 16275
25204 5908
19226 11028
5248 17029
23687 23705
27015 9994
5057 7110
23672 11302
11315 6474
16653 19424
19872 17555
2654 19364
18883 3226
5642 24015
16986 17089
17576 22324
3607 6157
12386 25982
25530 18846
24151 161
22668 20235
18812 20729
2869 18242
7386 8597
20378 4073
15288 9655
19830 12081
17155 2036
21157 3774
25368 19198
24976 7828
1409 25461
24057 15960
16306 4454
13076 13038
13431 434
20823 22624
1246 25174
21374 4711
12039 11995
25618 8234
1220 11158
20263 20715
26285 18082
22675 15111
11745 5132
16476 16879
1025 17069
21684 21906
3270 17475
21709 26100
4650 15659
16957 14708
796 6400
4897 19966
6580 6339
11208 14992
18519 11179
19460 6778
17534 19186
5240 22520
27193 20859
9762 15959
27233 9146
25861 23160
2946 26130
5082 8873
202 17675
7666 25741
5808 6533
6028 15167
18275 20618
512 1393
2932 17372
11294 13194
10281 3463
17796 8983
12075 11544
18377 19582
5740 3100
2852 19069
19031 11704
20127 532
13865 10094
18832 20391
19123 16662
6130 22210
26623 2397
24814 18396
4286 16257
17954 15692
7563 20257
7689 10008
16786 4101
11015 17687
19363 11167
12572 6873
3912 9371
13987 20556
12313 4663
24516 24071
12230 7109
19560 25681
7492 22713
21976 14857
25698 3517
16568 15663
20560 5379
19858 7847
27077 2496
14935 1757
16810 4350
26535 25073
8752 7182
2222 13546
26563 5887
10816 9462
12368 11136
7621 3057
13331 14859
15092 25769
22192 6497
23668 11788
8191 18634
8995 10323
23279 7546
23876 1349
19247 18926
7844 26928
7355 25946
5174 3870
24644 11545
19170 22843
3778 17490
989 3896
25863 12750
8148 4156
2655 25563
13313 4346
2077 23600
22772 8883
2853 17176
3342 2815
13506 24137
24950 10016
8224 14731
4489 4706
16027 5230
24380 5470
21612 1576
16365 15317
13795 2548
229 26021
27304 25375
7395 21036
25988 8702
19109 12926
9563 21222
15490 25670
17990 24151
843 8393
14297 19684
20331 20323
6833 14358
23579 19155
19117 26521
19520 19061
2595 12572
3564 5789
15086 15414
25894 22249
6574 24980
15461 11090
9886 17152
9943 5120
14034 22199
7147 6826
13256 24083
25295 23906
19342 975
17851 21942
12624 16673
21693 17083
27127 4666
17633 1074
6992 19720
16605 14861
3147 5851
22768 13436
6519 60
13005 17038
21152 6593
11588 16003
21617 17209
24497 24313
346 4446
23711 8586
12 2880
7152 16447
11365 26282
18411 12372
24502 11559
17771 13732
5995 14548
19524 19826
24341 22982
23319 19093
7335 22984
11968 25794
4844 4358
9620 9691
8402 4170
26402 24762
8268 4170
13391 12765
14694 903
24272 3634
6531 1238
17582 5579
2636 25647
6859 9405
25399 25289
15262 10220
23123 10752
5162 12517
612 23934
4277 26612
22551 22375
2720 15209
1657 8101
21854 25150
20175 8654
27051 483
4617 24731
19183 3439
19831 10830
9245 24982
5725 17060
8851 16949
4804 18141
2229 1093
24663 12308
22583 1618
4393 2328
5191 6509
10592 6710
21342 14129
11651 13147
12651 7892
18196 13736
8319 22952
27296 13496
692 18157
1907 1981
7669 6362
24347 16357
15350 24225
7940 6825
19361 9982
9717 7651
8108 14811
2066 26591
1458 1862
17637 20804
14640 14909
12601 21024
19008 24389
23052 4698
5480 10439
17518 8546
10382 21516
5407 4942
14675 19333
8165 1466
16387 6407
180 24519
22232 7588
2341 19067
1632 14177
16138 14482
23518 2138
3474 21777
15866 16763
10955 22051
16115 21934
9792 15005
18665 19970
11967 5287
18749 25562
26187 25237
2244 1872
15217 3522
15206 24072
24129 18278
5743 13643
24363 7828
5483 12292
2246 25367
17320 23729
18297 22957
5102 12600
23459 1679
2423 15874
4955 23921
21994 21652
17510 27273
17352 4470
510 26272
20542 6101
17091 27289
14020 27070
6570 21679
16555 1645
20130 5073
3207 21554
22885 25243
31 15391
2350 17961
20369 23785
1608 15109
5252 22343
8218 25249
26148 25366
306 6470
4459 6199
19463 25440
5648 3849
9816 14436
25608 6699
24680 17455
3620 9305
6555 19048
1314 15830
13432 9759
15335 4049
1529 7353
24208 7553
13284 7417
3513 2268
6887 6460
19846 9636
14766 24308
6298 8546
21303 12470
12120 23787
9706 17718
1901 24931
16899 21763
6694 20560
9468 5243
12204 1042
1979 23050
10145 19751
17066 23337
15398 2792
5310 942
17290 12199
17228 13307
22584 10096
21988 21554
1899 12440
15627 19096
7850 10570
12487 8426
24090 23897
19560 17802
27249 13612
16330 21956
24007 24128
10100 13040
11065 16166
10788 15363
25977 15927
24081 19876
13288 7428
6045 1805
4049 27215
361 8863
24015 19293
21769 26327
14328 17787
21536 2707
4660 10107
2262 9230
9924 12814
15200 4884
26894 16538
15771 6393
7706 22081
19865 21003
203 9216
3717 25466
6361 5195
18144 23492
9468 2102
17296 8873
5248 20601
11687 1287
11785 4599
10870 23925
4200 9075
27168 3191
2455 15408
1103 1781
4385 18691
3953 20983
4289 8366
27265 14909
4669 16235
21740 23303
23817 11027
21645 22248
17961 23263
12118 15739
8443 10912
9344 26360
4088 18175
10296 7559
24178 3836
16980 3096
10035 21784
1186 25578
763 14104
10240 11636
4204 17303
6772 26993
10437 18300
4296 20275
4965 21831
17126 21351
25213 17005
20856 21418
10710 11750
16197 7036
9531 22924
25364 8772
1824 26508
27339 11532
25743 7371
9184 1417
17762 17805
8865 12254
21522 9201
6113 27064
13412 24180
12678 278
25047 15252
5346 9364
18940 17023
11121 26553
5592 2223
14051 22595
3244 21583
6133 14884
25861 16933
23996 7629
14815 4497
16566 13965
2357 23709
14183 11639
17563 25674
1930 26116
20256 17868
2267 20783
14666 8346
19918 611
8881 17567
14377 4042
14357 15175
11641 137
6814 11017
8203 9021
3247 15586
20964 6062
9759 12063
22631 8440
24014 13540
8224 17940
18837 1447
24540 21463
20182 6255
8413 18630
14024 7795
16887 666
26284 17157
22547 2296
26055 12867
9000 21581
6521 12606
13756 10232
14970 21939
7308 22785
306 13612
20573 7079
8771 21492
8372 4979
3100 8598
9803 6592
15348 14651
799 6311
21797 751
7925 15550
2605 16240
3049 8818
3945 18718
18606 17914
7020 13229
11087 10932
24998 16541
18299 23621
11667 890
15803 10801
14997 23469
25876 24357
18087 16797
26632 5681
10857 24241
4713 13113
9955 17199
11340 27098
24802 11418
10913 24779
3396 18395
14403 3519
18649 12070
1463 2571
17912 17173
17685 8122
18287 12657
10639 8971
12614 7301
21799 26582
21178 25215
24088 11782
11431 21214
25832 24472
3260 9351
2023 19123
3899 21352
26213 21131
17046 22135
13862 1330
15114 15544
22731 11249
20115 19275
9567 242
25135 22265
6984 8179
22721 22841
23191 18589
1376 7877
19495 21287
25665 21033
4268 9851
19303 2098
5581 13687
1531 4553
14576 18349
6444 12372
23849 18037
4298 26726
16155 5833
962 12209
3562 6427
18075 9889
5456 7276
5731 14385
14689 735
19695 18837
10 11762
886 8952
24975 16799
23710 26738
16419 20172
18376 21077
21971 3280
4267 21411
102 16720
9551 12662
25127 22562
22407 12478
8246 25417
4640 16260
483 15365
6896 3232
2430 20507
27012 26331
6924 23976
13478 17969
6324 13623
12425 21900
15035 5694
26831 6025
16075 13838
4665 25594
26803 3711
19948 4128
22922 21676
19476 11717
11637 15145
5613 17705
18705 11611
14257 23305
41 19046
22732 14345
1342 9289
24616 15297
17464 2659
14669 14618
3368 22897
27013 259
10391 26494
8390 18349
25048 8804
12497 23358
2798 9949
18226 23361
6783 12043
9534 10106
1862 14465
20401 11428
7250 16390
22606 16865
19769 11188
4242 12026
3216 20261
9640 20560
12260 24290
19151 17905
21746 4343
2196 11951
24637 22122
5524 226
16409 17861
15394 14914
5389 4202
20246 4064
25687 15678
7205 10352
17777 26810
2956 23195
22358 4843
9881 13425
15301 7489
19133 4157
1910 3636
16808 5714
2465 19430
6839 11463
18160 9020
381 15680
19667 11675
11694 12659
7227 17695
13357 22243
18432 848
18287 2416
12753 14666
3161 4123
18873 3937
12369 905
12258 22271
4555 18915
13335 19451
24173 11936
12070 16558
23028 19954
16578 5144
22698 7018
23202 630
27016 14920
8385 20583
14227 4019
3211 25528
13559 18149
27318 11057
2745 4558
18815 11058
24728 8667
1386 18511
2647 18252
19456 22580
23079 2401
25426 25678
10031 3812
12240 12926
21053 7223
12037 7871
19666 11049
26859 23725
1352 18634
5569 10683
3353 5582
693 2719
13051 25411
20808 21456
15878 20574
1841 24689
11647 12826
566 25538
19421 2587
27117 2786
3705 4721
17970 17769
15888 12631
24693 4401
25001 27148
25488 14663
11839 2150
7900 9291
7979 1478
20982 25894
12603 12870
20743 4415
10297 14440
7277 23837
9801 15256
15087 460
11080 556
6351 9793
19421 2479
24448 10841
23138 17331
15258 14342
853 18253
17200 21126
11113 4382
23196 16518
1118 2723
16773 21547
14079 6268
16926 9223
4439 19332
15637 14109
1552 15369
22789 11966
11364 4637
17149 20491
25835 9122
13646 11755
22125 4752
10800 14623
5366 14245
23303 15304
9704 168
23894 25837
16309 4006
8956 22640
9933 27052
5703 8417
10499 21313
4150 23551
5473 26385
634 2273
12078 27254
19337 21036
10199 22741
3837 3843
13415 19177
24853 13347
605 4430
6085 7930
2502 20368
10374 21052
18372 3388
6450 4379
1210 11185
276 16040
26783 12200
267 12773
16108 19184
13463 23540
26011 25684
6699 23550
14175 24005
12339 9740
15090 18154
23041 15196
25888 22086
16261 22846
3304 7894
5738 19607
18716 22796
20501 15367
22436 17008
18119 18376
14771 8989
8682 7182
14379 1783
21052 20351
8256 23060
5763 12201
11169 19687
11329 14721
11744 6332
11034 25878
16009 115
24214 6836
7372 24208
15444 306
14585 11458
19375 3369
11843 24741
14700 7244
632 18913
27091 15591
2757 5402
2548 20083
19251 22029
19356 17127
11178 18874
10091 12604
9139 16587
25621 6816
23122 13441
26325 21656
21278 3516
18853 16506
24947 19411
24508 15806
9940 20544
5519 24020
26073 20159
4996 14809
19583 8623
16389 11717
16432 13107
27064 303
17628 5283
27197 25264
1288 21190
23271 7498
5337 14321
2884 3120
2355 13622
1815 14166
3273 6379
12821 17081
27312 20784
11706 14950
25809 23432
11267 16071
13806 25289
5996 27203
8873 24173
9239 26445
15931 932
7624 2794
19399 18786
14333 24954
15173 12099
2018 7062
14500 11067
14716 20262
1881 16627
22374 22155
16490 12415
22896 4295
10138 355
10263 12135
20462 25867
10857 4014
2896 4298
9776 11788
19752 336
8027 14969
6657 25380
5160 23376
24336 19499
701 717
924 17233
20922 16174
7333 10845
13741 6770
26980 8483
2984 19579
3311 7142
15515 4521
16597 10447
11190 26939
16335 4785
3078 1198
3721 2287
21640 16804
26602 26794
16064 11152
9363 26494
8319 14215
24498 2649
19723 5125
14627 1093
16128 12076
6646 18172
20020 6809
7040 6957
11358 25476
19465 21045
13311 15645
1009 12739
26849 7911
14949 4002
22189 8122
23178 18021
4632 13434
5914 7111
14647 16203
13262 10276
24093 10184
21254 13506
6374 23311
6569 4339
2664 19695
22517 1279
3592 4509
8788 3258
9271 8367
21707 12256
23522 17013
26508 2141
16105 7598
17314 6395
20917 5455
21190 21334
12261 784
3446 9787
19505 24500
14595 12522
19815 12419
23113 17259
20969 21860
26986 10518
1545 23457
18309 10595
2247 23729
6683 17128
14341 14857
9229 13739
21375 8255
11323 16450
21729 17118
20332 11891
9094 24131
14765 24947
11451 23546
18249 22366
11444 22338
20037 3837
10252 5206
21148 16880
4663 16288
15848 22881
7457 14950
21652 10226
20176 3915
17737 19939
17954 17493
10122 10280
6263 1909
2710 226
16510 13137
15798 3812
7291 6781
2967 12125
25235 6604
25999 5539
22583 14936
23214 18186
15937 9074
4680 16871
7210 1194
25251 17394
10639 3107
7533 1884
3604 25285
13262 12504
4077 22728
4675 7896
19714 6715
20750 8324
15407 11474
15037 10480
3100 6009
4039 9375
14283 11738
11067 10909
12344 795
15478 21742
9318 22684
21572 16245
9697 6502
17286 19141
8907 11072
18609 778
14219 17846
12888 6520
9015 3435
12688 18769
16010 11400
25480 15123
11796 18602
22524 15645
877 18581
7653 7254
8334 21467
21475 23896
23908 8552
26743 16371
19933 20200
18526 14514
7424 23417
18419 12173
10078 1619
16700 2923
15335 12695
18676 21103
24308 9196
56 16338
10149 12116
19260 18387
17359 11146
5629 23678
6220 8870
15759 3308
1087 16031
11612 6070
16201 2192
3060 24380
27346 16785
14576 26606
6980 6114
18441 4469
9351 472
7910 8465
5659 20588
9226 21940
24991 25818
23298 17789
5105 14552
15671 8793
7014 23374
20116 20708
6347 1448
8111 25636
21855 20222
1878 9363
19267 21665
18968 9769
21736 22782
23618 25314
6588 17789
14286 6774
15387 3786
24270 7978
10910 5690
26137 2345
6197 871
17461 23063
1413 25478
12487 14039
19143 24524
6664 16552
24579 19350
24491 12821
280 3557
17266 11978
12839 3315
380 3909
10484 25180
21689 6576
20288 17637
19349 9316
13031 7457
17621 15818
17742 1061
5375 22118
13493 7259
13024 26931
8699 11671
16655 12992
17405 5088
19203 15385
22623 23369
3284 6314
491 23338
3954 26296
24785 19805
25469 8423
16087 5301
3304 6215
6182 24806
6609 9567
16757 10236
26721 8115
6755 18023
7888 26624
7455 18663
21994 9548
5187 11157
13334 12046
944 11242
13134 19111
12780 8225
6374 16345
24792 26116
7340 1680
22248 6166
21180 8806
8206 19093
15175 7407
12272 127
26388 23632
25654 6146
20713 26309
22558 18931
18062 12649
26123 2423
15988 19480
19472 17357
12335 16627
434 11850
13832 14393
12896 5331
6939 12074
13548 6003
11287 671
4738 8971
7257 12649
19737 24192
12657 9444
5573 22604
9011 10751
27112 25504
2201 26860
10878 15900
13655 10946
16181 9379
11260 13750
13426 8908
26263 8940
12461 120
2627 26968
13448 15571
17399 5286
14102 3529
22870 6980
21160 3737
25182 10594
12828 17849
25643 13692
13411 19890
5386 22899
17377 11391
20427 24531
17384 5917
16902 12064
15485 24844
18951 6637
79 23528
5904 3348
26421 17635
26345 20794
23159 3821
23905 18163
18351 16700
25380 635
11367 7847
24491 15520
8818 21259
4214 10785
1451 9221
23344 23236
12434 16582
10075 16865
26029 18464
20391 3761
2409 11590
22662 2907
12711 18553
10346 66
12135 1653
15822 6305
7878 12420
23423 11865
444 21266
2351 5169
12564 10168
9284 15962
1626 712
22685 22223
26176 21079
3064 10474
4614 3148
6267 16245
968 3223
10252 5019
4912 19020
22598 18319
19795 12933
3069 16187
18926 6822
1696 929
24677 16935
25036 25950
8413 2793
22125 19304
20799 10537
22633 18542
23338 11124
25504 19602
25432 4716
22598 11085
22255 22760
12638 1607
5480 4430
14013 22802
8613 4544
7906 6897
18093 17357
7530 8044
432 21040
26721 9888
16088 3054
25283 422
19432 19381
3729 1600
8587 17323
18107 12273
15851 19851
5056 20354
20438 11928
15962 434
15824 729
15879 4866
26303 10314
17946 16785
19614 22512
995 1905
17353 14699
9444 621
25792 19143
26401 17009
6365 10606
18553 14430
18296 25879
2567 6877
10000 2007
8479 7819
24637 3815
6006 17614
19000 4798
15307 17593
18946 14132
8004 24973
15945 17126
13787 21829
3648 10363
5411 21871
4952 4553
903 21685
4252 9080
12616 11630
11155 24626
7024 19031
25655 2751
2313 12595
22470 5436
25657 21291
6397 15900
26236 1750
3868 11534
18236 21031
5268 18035
18888 17281
8511 10373
732 22971
5235 13657
21742 18697
13322 3686
24987 20264
15814 18979
23989 6115
27259 18292
21003 21512
9305 13122
9940 801
805 2252
23845 6107
4062 2890
21993 16249
6907 8953
2387 18852
25500 2998
3756 26003
20831 23391
9377 18071
1536 22887
25633 8223
10499 8120
18738 9241
13056 19112
4661 19141
25888 20786
25695 14470
786 21342
18261 1210
3138 11028
25920 5957
23494 5247
26909 9440
11898 21980
23037 20018
3623 24777
6946 14923
20077 15173
1858 3811
27018 7626
16634 10881
10779 6080
9756 24375
5498 14309
24027 8864
25016 12576
26201 21633
20969 22170
17939 14112
183 2511
20970 23563
4919 15127
846 15098
3797 16218
2506 22987
8351 12319
132 5663
11756 2504
15440 1223
1527 9834
8425 5623
24256 3439
26461 19493
757 21930
7206 9491
11344 9878
12728 25002
15475 7633
6090 25151
19062 12347
7401 24484
10719 1949
24077 14993
7463 4165
24 25728
26030 3176
2403 3762
25569 20494
16860 3357
25091 6869
22395 2363
2742 17457
24019 4142
9586 16622
22850 16004
2366 24754
6155 16393
15773 6923
6247 25256
22650 4804
7182 4825
12505 16972
6270 3511
21507 7041
2518 21361
24423 22167
26192 1410
16517 5125
25100 19642
17203 8836
19730 12338
17884 10217
5272 10532
11552 9655
7741 3247
888 290
25973 8132
17046 25104
8495 22139
11607 21605
4927 1903
7089 10905
18499 24261
12119 23739
3632 4729
8250 14909
841 13949
15532 1993
16178 6046
19144 17317
6749 9265
2483 26628
11382 20211
4371 7283
7711 2028
26041 22532
3357 18790
6654 16346
11834 21540
14118 5164
14272 17874
15605 26829
11839 17454
17684 13202
9858 879
24232 11847
6870 24723
25157 10885
20929 24568
21552 13176
4889 1503
13680 21382
21440 12477
23765 2289
14241 15033
15202 26560
8629 797
26618 16807
19504 7164
20370 21837
11878 7438
23593 8827
19834 623
15942 3675
17170 10887
15055 14240
17312 20096
3897 15886
12231 21068
24370 11673
24204 7934
6926 11678
938 14124
845 20083
22519 23437
12320 3060
2018 19186
18884 27054
6297 17105
25670 24588
13658 1513
2826 23597
5423 16312
11833 23129
9454 772
20973 9419
915 24205
25166 1111
19732 7149
11332 16431
13839 4005
26722 14770
25631 25828
4308 21994
12992 7287
7562 8334
3533 25381
13409 20636
10614 1104
6035 9871
6098 20278
15163 25908
23871 24124
24140 6084
6222 5038
2801 18292
2800 8268
3214 5104
26274 17239
12518 19152
20064 24776
12607 18672
13531 14856
2274 1513
20974 18810
16385 24674
19954 10086
10261 25310
21673 1586
16127 11318
13326 4544
12064 20379
22756 21700
7591 11371
15117 2299
12197 1017
17389 13913
2642 11479
9722 14415
15233 14259
13211 7940
10756 1574
26836 10711
17471 5055
25373 23146
9554 17985
15182 15196
19671 12134
24047 7734
8228 5017
9149 26567
11871 21677
24340 25218
10230 3450
11218 9741
1776 22820
20871 11865
1993 3570
12555 13907
13297 1749
15165 12748
17339 21087
6371 7847
20378 21262
10861 19010
5801 5516
4656 26891
9383 1484
17398 27329
15492 20727
16308 12948
19331 9972
16861 23677
1333 15016
6637 26167
20698 16259
7491 9046
24058 15598
19249 10805
11938 12174
12624 7483
8217 16505
19168 25900
15501 23
9538 14311
3983 1134
20624 3663
23418 7280
17803 18639
20959 2421
14222 26242
3259 11131
15495 22314
3543 4474
4248 9659
13410 13266
24705 21717
18805 15645
7725 4150
128 27113
680 25869
10095 24701
19557 8864
5682 15744
19071 24920
14509 5775
8946 8922
12060 5576
245 48
18944 3416
17993 26054
25065 10625
4755 23463
8401 21173
18723 1727
9684 12042
22423 8533
12538 19874
10263 21023
10356 17050
790 9152
22379 16340
5590 8692
18636 267
8396 13595
7593 13500
43 1755
13375 14598
9013 25083
26654 21162
25304 22655
18894 23422
24356 6637
23602 8915
12340 24999
8978 20632
21820 22240
369 4665
13089 11760
13457 8480
13405 10276
19368 22295
11007 243
2577 13820
8038 15055
21281 15546
1878 17983
21728 20961
18645 11054
22363 8640
4021 22542
14379 15585
8594 15687
2870 10100
25225 14081
8809 17561
23274 15879
16653 14248
19669 20422
652 7619
16724 8530
1749 12096
14760 18431
16848 3870
5825 9390
25692 22363
14199 11490
20336 14994
14500 12613
22704 5671
20064 18965
16266 21652
8429 21477
11517 22343
20789 17154
10524 15708
16038 24417
8988 5899
12455 6347
8965 10611
4397 8196
14481 24385
14478 3442
11059 12568
25140 12209
10437 16197
825 26879
9838 13919
12981 21854
13804 199
19385 7952
15111 12888
6919 18938
2083 4923
13550 17581
18573 4361
17862 8699
10406 22482
26529 8163
20011 11383
16874 6380
13377 23022
20215 4208
21176 26877
9760 21849
25173 12736
5648 20660
2094 93
20266 6654
10203 2676
11028 11390
21012 22982
10431 8956
17292 23108
24512 10775
15142 6990
22436 26622
18777 17602
16802 8197
3200 25035
22521 13669
19590 22357
19534 5981
13265 18765
7721 22945
26423 2933
17778 19066
23248 4320
5497 8369
24657 8389
13098 13929
23734 26430
11341 8359
9356 710
18842 21151
17107 5800
15826 12991
9903 26160
5936 10402
10264 18992
10771 100
25504 1845
7628 21441
12132 21397
7472 1680
10365 19569
6375 13418
25408 8967
23563 18331
25837 21653
17336 20266
23840 14704
4671 15322
13387 16368
6230 1171
26361 6606
3262 407
13343 26161
9398 25674
1986 11648
4396 22967
18844 15454
13409 2837
6999 22852
19864 12100
24651 2316
11696 20722
23384 19793
22577 13806
16574 11056
5620 27256
20117 680
252 19796
23039 22239
23058 22481
17614 14999
3743 7769
5325 26850
16452 25588
5331 12106
16445 18230
8834 9767
7095 21742
12030 14596
17200 19331
12529 7827
15769 2671
6717 3625
317 26543
22663 5629
16692 13677
5983 19616
8438 21781
11571 22124
4254 9678
26148 15250
21273 26419
16946 15479
7724 13578
16070 20275
5382 20150
18321 19964
19430 23549
11865 15431
12372 25327
8570 14272
2546 19276
21956 9150
21694 19767
3145 882
11278 8252
23160 9589
3922 12322
1616 16144
26272 9580
21827 24726
9849 9866
8102 9939
26657 11865
21235 12019
13646 5530
26701 17570
1533 3543
26694 20792
9371 14937
11587 18806
24431 21766
3847 3288
15526 5020
9994 16111
11018 1387
9472 25865
6396 12736
16933 1846
27092 18623
3484 17465
12090 16165
22653 6459
25655 21625
15433 16577
10987 13859
22786 17834
7280 26490
17326 24637
1597 11785
18174 23980
20184 12697
5050 11840
12563 23932
20281 26630
3126 8079
19270 12542
4629 11258
16676 22276
7165 5720
27110 1122
26368 6901
25925 21607
16662 5116
23656 8012
15146 4856
14414 21674
24189 10461
11818 14137
26756 3748
10336 10721
19521 4432
21809 3451
2060 9681
25112 10621
19444 20693
4992 6358
25515 3198
13309 13586
21755 6369
10168 16506
2236 25893
27093 19319
19605 21284
11999 8964
21126 13257
9194 14085
12824 17449
24566 2756
18524 16751
19517 12540
15905 24277
16408 3435
9977 18143
3758 3983
26435 1599
5137 5406
23553 22944
27017 12800
20466 24703
6829 21612
23515 13792
23694 16009
11526 13332
5000 16691
18417 13363
25778 511
21632 22406
14074 8814
17255 10891
22951 25764
1945 12481
2055 14864
25462 3392
17242 20980
3558 18043
12393 20501
15724 24057
14829 16008
8953 20910
2778 25021
2097 8859
2885 4179
12788 23245
3674 23358
15372 23117
6248 23000
10494 14289
1599 6367
15690 10860
18928 11219
5569 23385
16252 16979
7425 20532
27098 21891
42 16363
22433 26188
914 20493
23734 27048
25783 21392
22377 1935
23859 18826
11639 27101
2097 11424
3979 4867
3304 22219
17426 21861
4083 17985
25098 15287
9482 17359
15979 15019
18088 22963
25377 6071
1695 6950
6376 18876
11466 4663
3053 26515
23233 2041
11082 3734
20104 16901
24065 11468
25735 26195
26795 23960
24651 18210
3069 1384
2377 12905
23213 4543
23095 27182
8856 9205
19066 8537
2583 6594
6225 9029
7082 3991
1940 24164
23217 8863
2243 21987
1097 24936
12447 334
22145 3921
25789 2982
1078 3460
3473 4362
15623 14310
25115 19778
19585 25088
4613 8243
8344 20815
17023 18330
21646 16251
10102 24809
21896 4119
7713 26839
11914 6637
1181 3817
7485 13914
30 1992
26858 24137
27040 16944
20726 8145
16675 20478
26259 8502
6928 14491
20809 26344
3105 8517
23008 21184
2354 20892
9081 21458
3419 13817
16667 19836
22381 18282
18541 8958
26273 17970
21084 6806
25208 13445
23102 12188
8786 25253
10904 24386
4699 9599
13014 10072
22294 25978
17655 25309
14610 17680
23688 11494
16460 2244
10985 4043
970 4721
15735 22256
5862 18079
8329 22762
3852 18479
5664 13139
856 22083
24066 42
5841 8342
10725 25286
20050 318
21080 4068
507 4667
9917 1206
8899 17667
24994 3286
3130 12078
4004 15086
11688 18725
19140 14097
2732 21602
23025 18505
24338 8085
15704 2382
22100 18915
23891 21100
5885 26320
17310 5016
12654 9887
20503 18730
26000 17444
16339 16893
9199 2094
24658 6454
10008 26584
22668 22819
22724 7667
7356 1210
12538 5245
7816 15424
9007 9508
15727 23950
4127 22511
23253 14841
15311 2801
19801 16179
16556 16598
7838 10524
21286 12430
14198 24394
23811 21750
23660 19137
16704 4159
13496 18460
3887 7748
20492 4958
16956 9069
19090 1565
11924 26670
1692 16962
7780 3874
22116 24642
20249 21415
19301 7612
25108 15442
12533 24913
14829 7645
14652 1825
8359 16238
21725 2799
16011 2138
18572 19251
7091 5463
12445 12005
12125 18968
2612 15093
18668 21699
7059 18720
7333 2781
12973 1278
5496 26787
2459 23937
1779 26393
3763 20342
6012 19204
20420 12787
20950 15756
9229 22924
27013 19311
20396 5785
19009 4178
22957 4040
11892 15175
5262 26556
3561 11496
4060 12900
15049 16400
14593 15366
23051 18103
3583 5364
23837 16797
9924 23156
27049 26323
9718 8041
18721 21158
20036 10582
3876 13988
23675 18455
12796 46
6953 7865
19543 19051
17297 23870
13185 22223
24664 22847
3338 18513
17149 12106
23006 6962
17359 9472
2846 3758
20352 20617
11567 2704
22752 13461
6781 23973
14242 12520
1785 1863
19313 20696
5034 7979
17848 27312
9175 12838
2522 3819
15790 23551
17912 3124
22514 12771
10262 1580
23501 17642
17737 19567
15187 16347
528 6149
25164 14394
23661 369
10468 24545
4156 11389
12979 10612
8909 24881
25547 20053
3648 5735
8219 16069
20759 602
23307 780
20695 5276
24514 18486
22205 18553
10768 16849
16453 4014
16463 15578
13345 13298
8965 2303
6192 24638
9515 19214
17715 15011
45 7614
8176 12171
17470 25760
11134 10032
19342 26887
20719 7555
5263 8862
2406 22195
20780 16876
522 12383
3887 19199
9954 17800
13344 2981
3047 21437
859 20370
257 6450
25665 3951
7922 1674
20275 24288
13145 15869
15138 253
11186 1039
23493 6275
1497 2870
25918 24547
10264 21409
5929 3475
16481 12599
7897 5293
18198 3989
14440 8024
21189 25153
22672 21035
6927 23222
1145 3879
18986 21711
25302 23497
6389 27259
5483 2607
26228 5232
19598 7457
24646 11263
13235 12500
15941 19680
2688 1734
8954 5160
18001 3825
5194 14747
19404 20423
5964 23296
4739 25723
14588 12473
6618 13203
8142 26415
22115 17855
7939 17425
20059 11723
11517 26520
7051 18454
9637 12737
19730 10730
19842 4784
1761 22928
10260 1116
20385 10661
15449 5864
27336 7774
1848 481
5679 6804
16195 9855
21739 9876
3414 14562
582 15379
25513 17385
2701 18827
2531 10539
22418 1533
17540 619
5038 7710
9177 22551
2553 18434
19485 16039
4939 20011
18045 5975
17057 9510
14930 9362
23307 13157
21079 19107
26170 22795
15244 21566
1099 22435
10770 23445
19074 15421
25478 17320
21548 11449
18064 11586
16159 15715
20364 18078
21035 7666
23172 8273
11586 5308
22707 19019
8776 5130
15374 10012
13157 26149
24893 26200
22438 15633
9947 2174
13599 16402
9538 23883
4552 11321
11895 24493
16242 1605
3296 9968
13881 2273
17179 9328
9774 5400
20926 9830
19969 26301
25871 3372
11691 22219
569 19358
14647 13066
13334 13660
12904 3459
20851 9427
10825 16591
4758 24931
9251 111
3650 3003
3232 7216
1934 16224
27352 16362
13240 12978
25055 15537
9215 16669
4457 22953
14543 23976
567 9082
3981 7977
14386 24258
21893 25982
3927 21741
22931 17609
1281 3995
24006 8970
3111 11770
6281 1674
6741 24024
5749 1813
14623 17031
626 16078
776 15379
11355 20176
24624 19865
25189 11043
9354 13980
6292 2964
1173 1429
8063 22469
10794 366
5473 25263
23030 13535
23149 9285
10466 21734
15973 25337
22167 16809
3766 4238
5751 13873
7968 1937
25646 16062
18751 23762
23966 18589
4155 23941
9393 20997
23915 5297
22438 19029
19392 23004
2437 1360
21952 24468
25184 6848
10794 26151
18822 23642
4115 15911
15917 3484
15001 9376
479 16674
2747 16569
2765 6824
12101 1162
16434 18003
19245 19049
15152 13709
4775 15957
2873 27002
19062 26512
18450 17125
11105 13211
14142 11860
12170 10566
2825 12961
14640 15520
23479 4622
11759 24029
2241 4279
4254 7331
26476 18367
14073 4792
6881 9788
26215 3050
12613 15687
18157 3896
2806 7471
2506 11151
26392 21113
25871 9104
10547 14731
14243 5617
24707 27231
23430 23281
4960 23708
7914 13957
15524 16636
21968 7042
18791 25123
27106 23085
13701 26504
22839 22584
17547 9750
21368 17371
20039 22828
22130 10258
2608 11512
26902 24783
14566 10215
17129 19790
23014 1876
12152 13006
17575 17167
1972 24133
23390 5839
5716 13784
4106 4026
10955 11937
6920 15206
16316 22427
13429 14152
19028 12877
11744 24929
19814 2711
20810 8597
19559 3882
18770 26353
2919 14070
18416 8334
26879 17565
10747 14388
15694 8794
4574 344
3596 9559
14727 1128
18594 16742
16253 1847
4740 7732
23141 26453
15764 3605
3791 26767
19473 8016
6592 19955
26357 3641
12773 21287
4072 16843
16527 26932
488 15581
18585 16629
1294 23787
17344 22724
10000 26360
21737 2167
13749 25474
11683 8074
13049 173
6833 23400
26238 13196
20279 24745
15976 23796
20962 21769
12819 13711
16895 11234
21931 19416
2056 25012
6609 6430
10411 14038
24079 13244
12587 20006
10586 18240
18774 16915
26582 20324
26570 19038
23905 9415
6114 5670
2431 25340
24591 10157
8155 27214
6937 20232
27032 7994
24884 21750
15511 5616
27019 19315
17966 4583
25448 19348
13127 18378
12205 10226
11382 18295
17246 18523
2800 15788
18634 17551
13377 6246
2320 3780
2203 16027
13678 9621
11869 9782
19174 14526
14676 24184
12190 15058
22420 17486
23126 3648
21261 2480
309 9176
6117 25044
13490 12953
7777 23740
15786 25190
16926 3242
20755 23519
7314 15644
17217 20158
24526 17733
18071 4757
13850 6062
20992 7661
23145 399
13137 14757
11398 8561
1829 15449
13001 7019
15402 24934
1805 4209
11772 1834
19812 15163
15437 2526
19534 27233
14287 26186
11247 18901
20152 27282
27202 6661
11976 17061
3157 2304
20673 26230
25830 13010
12027 20032
8918 13105
24658 7127
25991 16082
11032 18949
25976 232
24081 11990
15113 12386
15794 17214
3410 3881
20603 22495
6390 5931
9559 6722
5022 1405
8598 21273
15272 14365
17431 12516
22613 16322
25821 331
19998 12707
13532 12145
6686 7952
17099 3146
20115 7630
21004 26222
23677 24823
14595 3011
10458 24460
4258 2177
21821 15598
15949 4929
8613 25193
7306 2641
1146 16186
13100 15871
11027 14525
13614 26709
13305 7938
2559 14224
2343 636
22416 20359
1965 24856
9766 15952
18192 7625
12805 2138
16338 19384
4394 18172
4258 13144
11677 18727
21790 20836
7026 14786
4177 13973
15070 17011
14082 14396
13075 11798
8103 1120
11597 9844
4338 1244
26024 7870
7411 6262
721 10422
11714 11412
16961 17562
4317 7079
24893 25208
1486 21071
18325 14018
11294 1404
18815 1602
6194 14929
16259 15829
16079 20557
12838 6866
14114 16041
1028 2436
950 7212
22088 24815
27262 17426
17255 12532
14712 10254
22174 17456
20685 21463
20028 14814
15234 21441
2667 17032
23429 12656
21554 2664
10863 19503
24742 1253
22737 13368
15512 14215
22050 16868
2861 804
15834 5635
24150 19808
13388 486
8283 5265
13269 5224
3131 12184
10519 11516
6021 17724
17540 21453
20111 12718
22303 429
11537 5834
871 14395
17978 18417
16191 661
2164 24934
11115 8356
18413 22509
14330 17628
2391 8358
15928 14022
10519 2589
11574 27071
21217 21566
20937 16853
18213 23094
15598 4173
21497 23835
22023 267
8836 11722
14650 7403
18966 25058
25884 2066
367 10553
24363 22373
14604 23502
15714 857
16678 23235
20472 25798
2312 3756
14763 21014
15162 14344
16265 16946
6681 23260
22237 7551
24716 10073
24117 13457
12766 22144
11249 9645
10331 19628
20366 5373
465 19840
23137 12911
17170 3402
23095 22070
18993 17176
25375 3478
1648 9310
18455 1285
17671 24100
16652 24121
11123 5978
8618 1003
3959 23316
6191 15115
22313 3052
21888 11719
10759 14332
10927 24762
25153 21566
11153 16703
15579 2739
14733 16045
9215 21409
20725 18902
16202 14503
12549 6466
3567 25680
18202 18488
2171 24519
20530 3616
10442 14332
14594 3808
9229 4496
23943 15118
25006 12629
24497 14237
22776 10811
6909 11086
6163 19604
7418 10963
18710 9280
5766 7136
17849 15862
20390 23463
27052 6201
14181 13438
9059 5741
2864 8123
8201 13035
8400 26979
26102 18638
11988 14656
8241 11939
15188 12545
23654 3580
4914 24828
5869 18339
764 14753
19125 3079
12608 20228
24675 7281
25609 23135
15294 8999
4313 6114
14659 6273
22819 24134
7518 18899
972 24730
2685 3169
21174 4970
19727 380
23974 24617
7836 4427
8191 25529
244 17346
19871 9958
26218 10303
3852 22937
25769 6801
7209 19312
10602 6225
4218 8213
15923 13115
19861 12394
22199 21393
4047 14747
9659 24028
1728 5761
3914 22997
6007 9305
6153 7373
16182 5876
21977 8219
5346 9559
3560 7718
1789 21232
1921 19402
5368 7103
10402 12997
782 18863
5545 6507
6794 2222
17759 7314
1000 26670
16338 8109
5493 1850
17364 22771
18406 2466
7523 8518
7271 24778
22514 10787
23546 21322
23505 10704
17193 22889
19418 14978
1292 6547
14564 17124
20464 8378
7884 22726
15336 22070
22509 14092
17144 21684
16560 1513
16969 3896
17577 27201
19873 2955
26714 9581
22713 8674
13719 26602
687 22130
13621 4833
14474 10936
8576 7677
25181 6348
6099 26398
18281 11452
3011 3581
21922 7357
26679 18110
6638 5738
897 27309
3518 10996
19149 21061
19634 24782
14103 3301
10687 14684
20967 21134
25983 8958
19611 23078
2270 7518
4132 2524
548 11354
13495 1166
381 2317
17658 15381
15581 12839
478 14264
27076 18685
6608 18812
3582 5275
2926 14504
24066 22354
14176 26410
23697 3532
770 6973
13164 25912
3252 19629
10482 11956
12442 7497
6372 785
14699 11404
6365 12409
27047 14426
24848 17142
7058 4496
8336 20160
16246 2346
15125 11512
14830 3256
13610 24952
101 13230
7608 6360
25754 13686
10549 23731
23277 1899
9274 21840
20701 6089
1459 24164
10178 21078
13314 19211
26630 30
10164 6133
19357 2637
4402 26598
22765 4905
13294 26143
23623 12106
26708 3067
12533 24244
15665 7440
9238 10519
22093 5266
25642 11674
4386 11048
19721 17328
25119 1053
27118 6385
18912 19670
26673 22479
18908 22409
403 24010
13664 9094
20440 1739
18159 24765
14302 6641
14721 16424
19416 26262
14812 16771
26882 22323
17487 26358
13903 14708
2313 18949
16886 22462
893 26799
3135 19286
3614 6223
18557 9535
13283 14771
626 22254
19362 10686
26576 19284
7600 7007
5378 22800
10601 1532
25229 7950
609 14437
27004 11588
22591 645
874 7043
13389 7061
23108 23795
8957 19288
10921 17200
18425 4397
26800 17945
26160 12889
9174 24655
25116 839
20868 846
5277 14760
2657 2399
13745 24106
856 19683
27253 17927
25349 818
11998 26394
26250 17020
681 1666
13774 11975
24758 10930
14722 7055
17920 10762
11126 5968
18994 1255
4749 19744
23699 14558
15246 7735
15533 17362
9657 18063
13159 4505
6068 16723
2143 19561
1747 25748
18153 12461
20672 7966
4223 19405
22852 6728
2077 21193
6817 6867
9898 13924
20154 19825
11171 10033
1334 26518
3848 15263
19621 8479
23346 7236
17294 24744
21635 21030
21307 519
12184 9443
13386 20618
22823 25625
21994 11514
1734 18989
5211 24097
6914 26398
23741 17305
25684 15417
2103 20549
11195 5896
14662 5361
166 9679
20554 24081
27005 4592
7304 3171
3422 13061
3432 15735
17002 16584
925 17315
10365 27023
16744 11630
6246 26649
25392 2184
25825 4961
8752 1755
19348 19553
17414 22981
25145 13338
15929 22034
20446 2038
7632 26570
263 22565
15896 11240
13661 14033
4327 3526
14801 19375
17554 13835
4403 24947
25933 9863
13589 17806
5313 23182
11489 10170
5117 19106
22072 7798
20066 5954
5608 4148
2734 10630
26051 9818
9284 14532
22821 13255
3833 3139
19196 3590
26272 10497
23904 15619
19055 17880
17161 7609
24416 21163
25753 15530
2677 2633
17649 15240
5710 14897
12687 857
17716 6370
13288 7907
9685 14997
6474 18676
5662 10396
4944 16532
8422 2351
26763 1285
19026 26160
18201 6304
12551 2918
27165 7223
9131 21241
20475 12137
21713 22215
4277 16971
25001 13801
19045 6696
14452 23930
11008 8419
8751 2526
19339 498
17991 12883
12080 14529
14093 17581
23730 19495
24231 10392
17167 25682
23119 8761
20108 9347
3390 24503
13075 23196
1162 17621
24763 9435
13737 335
3915 1693
23271 7546
6433 15992
12612 4483
8871 4927
24333 19421
4617 15211
5063 7155
8458 853
14562 245
24902 7271
3911 7357
21034 4493
7895 22324
26199 5915
12654 17662
23062 18699
2033 14329
24218 16172
5198 26978
15735 19535
13636 19183
3603 6423
18962 22216
21940 25654
14965 18570
24474 23682
3157 2172
22862 20745
14063 17715
16424 1034
2726 17935
2361 17248
11169 11238
25489 11353
5890 13915
799 5272
6549 6381
16442 12422
21598 19474
15493 20123
18088 13960
17892 7898
18221 489
9305 846
24160 3520
15736 10984
15016 16522
11525 17703
8474 23549
22421 16020
7093 8467
4395 15929
2495 12000
4343 11309
23693 2593
3431 9995
2531 6032
25674 17707
24301 15281
20640 3182
10465 25536
24402 22237
26873 11615
24741 15287
14497 8494
24645 7
21451 10980
1179 20432
7734 13344
25231 2090
23207 15387
21731 3909
16147 18553
20682 18576
23363 13685
15250 16810
26087 3243
11007 9725
21771 14598
10444 18953
6320 12048
17502 4343
750 15007
25793 21455
10998 5475
10168 19543
6574 13621
11648 7277
2713 2666
8037 26298
3441 27019
13898 3597
5718 17083
22530 1037
19820 797
26018 27171
19805 16438
5346 6594
626 11221
23224 8507
2486 9564
19323 5360
9483 5561
25381 6585
21489 5207
22507 17268
24484 3859
14793 24828
21591 23648
25196 123
16128 10969
7573 12958
10119 22926
16972 18235
7085 20747
17516 13932
20473 21448
18108 975
3493 14269
21073 27334
216 22024
17893 25933
18349 16121
11775 1208
11041 13523
15745 12335
15981 1766
25227 6239
15146 11518
12768 16181
1698 5145
4704 14
8885 1037
5888 24647
22694 2168
25281 23508
22122 25391
17075 25422
710 11686
13009 22171
26701 24703
9071 5859
7162 19897
20722 11693
7563 15811
1089 607
17909 3367
7970 20070
2170 12953
4123 13739
7621 4906
20311 23907
1998 8002
8035 11605
20717 18933
12601 17128
15065 5527
8117 18319
16691 3969
23409 17547
26527 17612
19335 12257
12038 7337
5398 9628
7061 21427
5189 20071
22911 14826
12463 25236
25442 13374
27317 7794
20457 10082
725 24129
2434 5307
4527 26553
15787 16021
15577 13030
2309 20588
5229 12007
7424 20432
19145 17465
12077 8204
27314 20099
19337 24051
5314 5958
25951 23279
6700 18940
15652 3001
5497 12495
13048 24879
13690 19916
7176 14210
2800 23040
3418 15276
25677 11147
4281 17866
17758 16272
14673 14694
20059 3512
7868 12488
21354 4298
21861 9993
20873 22684
917 1560
21785 15367
10107 27335
12580 10895
6205 14918
3361 13695
14814 21234
12037 23973
25449 11670
14221 1472
10877 22823
25752 825
25761 16106
9367 20099
5241 7937
1997 25991
19817 22301
15913 19112
26325 643
6039 5473
15825 14798
11818 7283
10052 21141
3649 2205
7893 7418
355 16961
8868 17153
23168 5541
13107 26748
4434 11520
9757 24899
23420 26730
7679 8657
21684 13635
16962 23814
9426 21352
18624 15497
25930 5153
2955 9866
21733 11770
25628 20838
3848 2499
4324 15031
21225 12532
12937 8257
22505 26597
24057 20871
2410 15176
8418 19024
24622 23538
22000 14780
2649 17407
435 4502
15538 3077
11678 12268
15717 23724
2822 6489
12928 22208
24048 20004
7164 17717
5714 8426
18714 27175
6309 21404
19741 18347
7098 17363
8314 25504
15395 14244
2069 5168
12751 21986
6301 5190
9967 17367
7103 2431
25470 4572
1414 15790
662 15697
16692 23293
6370 23225
10560 15437
5927 2239
3161 17905
3707 8050
13913 18752
13860 6848
16850 11572
14401 26383
26089 19038
23610 5899
21158 10384
15707 20942
25034 12986
7082 13110
18078 6935
23838 11913
8162 7555
732 22522
7906 1213
12014 9571
19995 25969
10249 6355
23582 26482
13204 10829
15714 1101
4950 917
7677 572
14149 15703
6900 17913
22330 21572
18072 1118
11766 316
16576 7926
4004 24084
1214 14052
6849 3840
9465 16459
1679 23951
14498 7899
11282 11234
18971 9259
19607 21255
11461 848
10232 14645
6784 8289
24296 10670
19098 10266
17305 7025
21383 945
17797 1300
4335 5646
7643 15863
19351 13866
23668 5853
13645 12763
3141 8820
20718 3157
17106 21044
5590 19047
26242 18512
15883 5316
13076 20190
20222 7679
7912 23083
23590 20428
8779 24654
20605 247
11367 9184
14925 4566
3457 18855
10461 24425
19 15136
11301 12802
17046 5165
20878 1833
12338 13027
3155 19685
10304 12841
10653 9548
12905 9876
24004 15988
2278 22795
13926 25177
6055 4221
14026 19931
3678 23109
25837 23014
946 15711
20337 5801
22205 18786
19545 24325
11114 21691
23367 14384
21651 10801
3039 18692
27198 13308
14899 18284
16377 11607
6943 12267
18956 13084
1341 1459
19498 801
6506 1649
22732 5885
6718 13317
2637 11249
8278 24200
22401 12955
2449 16382
25639 13351
17182 24543
3296 4240
26802 12261
5923 9141
18882 7887
21646 25854
8925 6520
17871 25290
26650 14378
11975 20680
24642 2810
4134 6248
17787 5176
12156 24404
17547 11351
11516 23549
15441 3641
23166 17898
25568 9620
4759 22286
5991 11941
12840 18391
21107 23775
24851 22811
20424 13919
22203 12832
1100 25051
20529 7031
7949 23099
22673 703
2602 6919
16167 9639
26741 22494
21576 7486
4274 2242
7250 14238
695 1553
25190 10613
19297 9684
9930 7365
9370 25458
15536 4588
23725 21918
23882 2654
27107 25971
18465 14257
2169 27187
9592 13493
7420 24448
20399 3430
12431 557
24827 9743
17405 1445
13818 25778
5806 12016
15109 10644
12244 10759
21449 16951
11747 12693
13582 24747
11807 14922
13805 5837
4230 26200
3239 25825
4220 19096
3492 21804
9113 24260
15906 6723
22294 16225
20378 2031
11548 1866
5321 9988
2466 8576
2464 24782
4959 6603
25476 20890
17222 26062
27247 4932
5920 11485
26300 9259
26083 10722
19500 15762
6064 8726
22611 12145
20324 14748
4133 20790
1902 14132
17826 3545
23266 14062
16623 1530
23692 23030
16696 10905
795 5934
16366 413
16453 17334
5108 11277
9416 9372
3408 91
24508 22835
17034 17087
15773 8715
5685 15230
23775 17551
4281 2874
10060 13086
17711 21207
605 19285
581 12512
16552 8187
21741 6785
5176 27138
19144 17002
1979 26551
16627 5328
14381 18549
7103 5277
10253 12168
13728 22828
25177 15238
545 17958
5987 16965
4815 20716
18970 22255
108 695
2287 17743
10207 6050
20538 22153
18258 19511
25345 16219
20400 16032
3282 19994
7202 1957
6866 3994
4662 5575
20060 26958
26259 14869
2339 2748
3162 2815
24555 8142
22976 25024
7178 22955
14004 8251
12372 27293
21354 8796
18279 11353
11184 17172
24809 559
1225 1973
25134 9246
1959 15066
9353 405
3383 22153
23274 2006
18875 18288
1034 19640
7394 6220
19627 5091
26684 13934
5838 6827
10094 18052
2052 18640
15373 10154
23705 25089
23148 7236
8384 1940
15280 5762
2191 9121
21764 11296
22491 18980
15731 9835
6911 22732
10273 10066
6342 3327
13803 21150
6343 4195
13646 20678
5902 6667
223 26672
10402 16074
17031 20269
22578 19807
13192 13799
6662 24327
23519 7529
15023 10687
12019 26185
19643 20617
5213 14443
17696 7073
25224 3783
24478 16502
12030 2925
23418 16522
2363 20087
18213 20131
7267 15052
17187 21196
27139 20004
20379 10859
21786 18531
5025 8730
25985 12512
26344 8658
1345 19286
15806 26759
14544 8888
10868 25528
6656 24963
9575 2682
6031 27089
2680 5390
3383 14932
21253 18970
6529 2227
22064 2445
23395 13505
5307 2185
19741 1153
26540 26505
18732 8803
26559 5321
11824 2941
5800 11917
9355 5796
11553 20908
20955 2280
11393 14503
7317 213
2803 25876
3591 17032
22786 9196
15341 10565
90 9123
19708 4130
8382 24888
8255 7851
11341 2420
26938 6256
18537 22749
3604 12248
24101 18218
10149 17038
18424 177
5687 22189
9635 12387
22460 6703
25919 21031
2626 20968
17320 12922
15675 5607
8090 23440
7386 16154
8117 21328
24716 5955
10947 24602
11088 21609
16568 22857
11626 24402
14366 10292
22048 13525
4693 4483
25145 11959
23264 19451
10276 4957
2847 20792
12673 25611
14391 3640
25749 27157
9109 384
24759 3558
6506 25382
13348 1577
6415 14647
4874 2316
26398 14505
7457 25604
22587 5882
959 16230
11320 13220
10570 10773
5705 27319
23460 18050
15559 14184
8497 25117
19280 19881
25927 9901
24115 15241
23762 13662
19431 26466
5675 15356
16035 22515
18470 1353
8595 13345
1041 25802
14089 3194
26508 5453
15856 821
11226 11077
14549 20148
24274 15530
5810 25534
23040 22796
15153 10234
21534 22995
16163 5667
5008 13246
19304 21177
10983 14739
15252 9193
4734 8284
16559 17681
15492 21714
26141 677
3450 948
19497 20525
23221 627
23103 19065
19939 3608
10028 20144
24412 11155
2972 9954
8923 14500
1839 25674
14687 11343
25859 4899
11646 23835
11896 4762
1856 19198
24027 22604
25743 9154
24824 8884
8999 18696
20106 5707
428 1789
1604 11255
23736 6856
24720 10224
19188 16922
8078 26947
16376 27251
772 26445
21005 1309
16046 14773
14024 11100
228 19111
4960 13592
15134 4865
15887 13962
24307 23826
3521 11566
21390 26491
19845 25530
5818 8927
25439 8110
10835 5018
4307 9011
384 2362
16438 24867
12073 15133
25884 25493
12912 23287
18367 10478
24867 9870
5860 3905
17119 13416
7399 18149
19450 21473
11280 27282
21885 2526
18275 309
2435 2673
9498 3188
10774 14578
2588 1683
10407 23681
807 10308
1033 24355
13953 21712
8160 9387
18945 548
20892 9891
21026 12106
7007 4749
8053 8995
3905 26845
12345 11512
10341 9771
23310 20576
12340 10939
6712 17892
7572 20965
8085 11199
20589 21638
4680 26612
5298 19077
24326 10347
16687 65
9482 17594
20826 12691
10317 6381
17077 4680
17827 3717
6877 1606
1075 15613
11527 23338
13641 26671
14834 15166
18967 6844
1747 19389
22940 4683
1034 3009
9720 15961
2468 8340
26055 18972
5107 16513
9944 8270
5988 3430
1918 26855
1597 2597
13193 12925
26565 24672
6046 3371
5863 10080
2001 960
19833 542
20321 8210
15540 2267
16929 17210
16850 14702
6860 23775
17100 11201
20742 5234
19933 15941
8938 25724
1308 3662
11295 15983
23759 8105
11137 3797
11398 12203
1200 10481
24971 17524
12212 2099
1108 25939
12814 2433
14782 6237
15416 26525
351 10950
11703 22638
19892 1536
27183 17487
27090 12341
15153 4423
23861 690
1675 7778
26359 24136
16442 25874
6466 18078
22128 18108
8969 18779
19048 18823
1617 18124
10786 3166
4220 14037
17295 1883
18320 3074
4764 26444
7270 5980
21529 517
7220 14790
25403 10923
9683 27167
10368 20854
26464 13757
6970 10414
1993 624
12959 8799
15644 26281
4709 615
16254 5528
322 22155
13705 12332
15775 3315
15675 2145
1841 17465
16235 19286
26596 19245
20318 9120
21043 22851
22038 8621
6310 8045
13663 24874
10228 1747
7412 15081
1987 18458
7694 18177
19839 23351
5058 9255
25469 12566
26597 27239
24122 4908
4376 15610
22740 3416
7911 26284
8961 16457
14011 11742
15969 269
12130 10795
13300 14848
21698 8674
20660 23988
2407 5165
11605 8695
13016 2028
7489 18189
17393 9342
9992 17133
27282 20633
14073 18972
7724 14794
12320 10397
26034 21356
6065 16700
20072 17587
16589 23776
7417 13102
13251 22018
10017 2853
15333 9857
11112 17349
16721 15301
24729 14863
7655 18343
6881 16505
2005 1600
1936 5930
5854 2638
6750 7354
11832 23825
21437 10740
22395 7969
8178 5057
19053 10899
5491 16061
25360 19281
15985 8736
15703 11790
23782 20129
1308 13945
2540 10016
9630 19827
18653 6764
16904 20791
8175 24650
16476 4543
588 4207
25608 13906
12344 8108
11740 13097
7908 5812
7022 9920
23258 26215
10122 8854
5193 44
10882 13975
5698 18461
120 14426
20421 13139
25718 451
9186 8415
13584 26634
20243 10063
20132 25279
2626 3761
19235 26754
17097 5277
18590 17153
12643 25558
21660 25778
16628 14103
26920 22593
11624 21903
7266 14868
5848 13157
9170 21360
21465 23324
24287 15403
5228 19636
6735 17861
14311 3177
7814 3302
64 25232
26203 14321
19243 20872
3181 23352
14130 2607
898 14060
12581 15002
14439 7563
6852 27013
23917 11110
10539 18833
21439 12196
12955 12439
23045 335
3377 3292
3665 14016
1141 12734
14756 8667
11498 25066
25762 15783
4658 1928
11902 25681
26484 19151
232 10708
18203 4447
4961 18181
7174 4783
21514 16167
24262 8297
25225 19190
26730 25219
18763 3094
25008 16223
10251 3275
17706 379
21836 24031
20818 4800
12673 5263
3686 15014
24806 14813
16649 6820
25426 12306
5439 16678
23503 9413
15960 9456
13943 24486
1278 2509
26655 3878
22100 6815
164 24429
7558 7819
26736 25643
8433 15630
23806 16769
12046 18118
17786 3233
23753 4865
16912 4426
23949 7958
14912 12684
3480 3016
1078 21588
5847 904
27123 425
2364 1909
19934 14057
7316 21468
16255 3338
13636 10864
18993 17906
7977 1471
12768 18224
25294 5303
3515 2421
10390 5662
19056 16942
12750 8233
262 15259
10183 11748
1172 15709
11962 4016
20784 23245
25986 871
15230 15366
17375 22967
26039 4898
19899 15389
5819 19127
25749 406
7632 23286
23625 19474
12335 2019
4311 16476
21496 22663
10907 24732
24710 3683
1612 26490
15257 6050
25537 6121
22231 23526
15315 1036
1719 952
13377 10172
19867 13077
20770 14800
14556 755
17891 25893
5173 2104
5871 17718
15360 10349
50 11710
5676 18674
22533 1876
22652 4042
15179 5578
26182 10208
21627 17117
21799 14191
11826 16492
23040 1414
21929 14944
12960 10005
10668 9524
12875 20026
16414 13143
19034 16873
12461 26802
18625 5105
12253 13038
20219 17033
21773 7722
16105 23944
20809 16835
8961 11130
8735 26359
150 11015
22641 16577
3510 10842
25277 1821
21959 15725
18081 12296
17964 8742
4315 5348
6200 15799
23866 23720
13230 11973
19226 11337
26318 13344
16917 824
3499 26410
20941 12480
10714 3116
6566 2041
18754 5865
15902 23477
22052 6275
13326 19036
10184 23303
8497 1762
21420 12185
23096 3278
10004 11587
25812 9685
18603 15495
14219 2809
1304 12700
25640 5966
12804 13972
20925 17841
26973 9259
8990 24262
6765 25003
1737 20846
18239 23556
13861 2017
10363 2256
25915 4858
26415 26378
7479 4869
2103 9828
13303 26572
12156 2501
18257 8563
14904 818
14726 12789
6593 8388
24253 12882
16536 9591
24986 7283
1804 23761
2248 16073
2404 27203
6081 20025
19225 2309
6557 24192
18700 3656
15262 8864
19456 16471
7286 24072
2443 7129
16400 17543
8501 12326
3473 19015
11655 1697
9739 18994
10300 23491
24868 22725
14567 21548
23114 23805
90 6897
26062 1471
13236 24717
6979 12251
19394 14546
21708 20936
20265 13607
26756 15394
24304 24080
26913 9450
13568 10180
26345 9932
978 21588
9883 21338
24902 17061
11243 1379
14996 15925
21324 23161
19325 15614
5248 668
23118 26849
14106 12909
22182 18762
12753 17780
288 7528
19857 27260
17209 21482
6254 19027
5807 18338
16982 18056
2759 19500
14711 1419
23778 1231
958 5027
26745 23987
16701 11132
13344 7109
26664 18666
14436 13494
22402 11302
12908 7747
22858 7906
7033 21919
4944 17825
14471 13680
768 16917
11050 15600
7816 3834
4106 10798
8946 8488
13352 16274
9355 4980
1806 15566
22312 11530
3361 26142
20657 5971
6169 21255
21756 4896
9189 5213
24230 4896
22992 25518
7543 17675
20896 11622
10022 8863
11020 5750
12633 19943
21590 25545
20739 5222
1645 19297
5282 9310
10448 14340
3419 21020
24125 26134
11765 5988
18040 3572
5089 8622
13679 23327
1993 20653
24881 25888
18706 21826
14283 9441
17340 20113
6631 17687
13833 20761
14701 1323
7156 2754
1327 9340
16728 22969
14644 23420
23710 10993
1267 2698
6315 13923
27323 4850
17865 952
22875 7684
5375 2196
10094 8981
3038 13572
17585 11929
5961 4471
5587 18819
1507 26250
20912 17995
12769 7951
18230 6971
16486 22574
5609 3531
13892 9448
19564 19534
15776 1998
8098 8498
14727 21095
15696 8125
310 25706
1549 14354
15317 11512
11449 14921
26796 20272
26555 24118
15926 4157
15848 13134
16620 20524
1417 15595
26243 20059
22787 1047
14624 1611
2815 15082
2285 27190
13390 17
14367 8630
15411 9834
12928 5850
14371 17380
25735 26190
12285 26389
3005 12469
24421 8883
2192 21226
6172 16826
10954 282
20521 23600
22433 9042
26684 24124
10609 19495
10452 17562
1211 9232
20448 26239
25622 17618
14565 23783
15526 6559
21336 1532
2583 18603
5025 5028
5190 4607
18610 13096
18462 12969
18940 12513
25465 22515
357 19644
14696 13622
23093 1625
17965 9130
19550 2579
2443 20700
18016 11576
3037 6126
6094 14812
9693 14662
5431 20884
26190 14059
12769 23361
3263 16497
20582 18712
15592 25693
24060 1562
14830 14524
3243 24661
9290 6580
1245 24923
12857 24642
8850 22752
3086 13868
20700 1442
25988 11831
11342 15158
6371 26353
16669 17396
20987 27284
19806 4383
26042 20698
3682 12172
22448 14776
18620 1783
25414 18914
11445 6948
3803 24476
10052 18099
22811 3982
11402 6312
19698 6772
23216 22232
24363 24581
23725 26539
16325 11584
9524 2438
15377 10613
9244 27230
10370 1146
11575 20240
20973 13241
2662 24278
3856 11655
780 4713
13241 20444
6548 8845
15011 20062
3065 12065
12000 7291
26621 10552
15969 8660
13598 20452
17902 26241
22600 5088
2687 20255
26448 26610
24023 2676
9916 6052
8306 22638
15538 9376
9108 6522
24187 15616
6255 14864
21575 17897
949 13237
12671 15339
1942 25736
15236 14932
20096 25103
21770 17584
17625 24391
25511 12673
20693 14476
20796 17378
6400 10263
24249 17662
22843 21475
8320 17288
26641 294
12136 9259
11652 22944
2188 1067
7876 2530
11289 14490
24441 11416
1948 2546
8418 10397
19415 15707
26939 17371
25110 18112
23233 14426
19497 24407
23935 5313
15443 24657
14403 3452
5733 536
11727 16823
11090 15714
24202 26073
14125 14024
5508 16404
11986 24402
605 1167
9891 6530
16945 846
4313 18939
20152 24752
11591 8533
9168 13719
1959 6734
14556 26261
15176 6004
3405 24685
11829 12791
26378 10514
11913 16168
19834 27331
26051 12105
12169 18080
10122 5352
25883 22586
21436 7629
18497 9515
13987 17887
3710 13132
19637 24013
23136 1553
25303 17581
2241 24998
8322 12917
4889 19930
18198 8172
22299 24478
298 20729
25616 20966
20302 725
971 2513
15862 20187
20724 24806
900 14647
13227 24965
221 21943
22109 17422
17150 13615
19162 27288
7554 4828
20556 13558
27217 3513
24327 16632
6793 10099
12966 9325
11618 25911
11569 8262
17618 7489
20484 12672
24792 17900
677 2453
8482 24516
3371 8081
16356 400
10689 23906
21848 27063
16356 23031
17120 10595
8870 4626
4948 17598
21071 25385
13938 15500
215 4987
16684 8752
17886 13023
6950 15536
17116 20689
11674 16020
18606 13083
7828 14987
7109 6898
11477 21333
17223 15504
2630 6218
16427 16680
16881 14635
250 10579
24858 66
18651 19915
5181 7633
17424 15557
25836 13748
14619 22664
22315 22863
26006 20575
19772 25769
10478 7750
19550 20472
21914 11673
1790 14579
11903 21855
23708 11914
17040 21983
20991 3296
19700 9799
8707 14030
2526 11651
26397 12216
1844 17444
23828 13147
846 21082
25468 2856
24911 15245
15171 4050
995 5340
6830 21311
421 15133
24749 2122
5574 11068
23917 17770
14638 19536
3974 7956
15767 4340
17816 9264
24194 11928
24794 9183
1327 5032
12946 4498
7622 18507
19985 2212
18830 12023
10638 15821
15414 21191
24951 16980
11113 8503
7869 22585
13143 15134
19177 3207
680 13034
8719 1558
13189 4633
26045 4715
12252 24991
6285 17697
20723 340
10136 9423
26367 18995
9805 14544
5786 4952
10389 21883
24362 16063
3509 5237
24420 21666
21903 14422
27287 13747
20053 19241
1541 22869
23474 4526
2705 14110
17184 26821
15800 8021
4632 843
18284 23490
17360 5584
15489 24115
10142 10113
18585 9832
17357 3623
8153 11390
26963 2023
6778 4919
4519 2400
978 6167
21726 10524
12831 4817
17649 25608
18271 516
12187 2271
15292 14152
21992 6213
7275 21186
23972 11303
16152 4393
20823 16385
25070 729
10074 22666
6310 3538
14680 21172
10879 17438
13575 21715
12119 26690
19553 5978
20201 17799
10316 22199
26180 1210
24430 7199
4864 2290
26539 8727
1824 20080
16990 2230
25198 21825
17323 16928
22989 4080
26265 2745
2729 7125
8938 12949
2403 20955
18834 22708
15127 4077
26480 21100
24096 385
7167 5000
24943 23935
8536 10202
13106 6045
6536 23893
15614 22137
5581 19728
11278 15349
3624 26636
22497 27188
13800 13552
15667 8902
15457 11307
25761 16165
19598 15412
26604 23795
15967 27099
11504 16335
145 5425
9828 9441
21466 6934
3183 2986
23955 9915
17122 16507
15735 18347
27119 1960
1615 4522
7361 25403
23182 13375
18948 4420
16634 4409
24264 4254
17921 21061
15671 5530
25709 3587
3095 2321
20294 3451
27349 20852
19039 22480
23194 12419
3377 987
14040 21764
20592 2564
10738 21612
14274 6130
11487 1994
23271 7189
23949 1920
8370 22304
25136 5388
26287 531
15087 18018
25108 16889
18172 20062
945 24554
3281 24324
13849 19163
6459 22454
16569 17876
16836 11575
5873 1648
22816 25978
25803 18619
20007 2347
19249 24360
9170 19886
21899 11754
24727 25047
24404 8098
11091 23578
16358 12216
24140 20820
12678 858
15745 20583
20926 3785
25612 24457
1216 25956
26896 19715
8357 11115
9448 1814
9403 6767
19951 16415
19067 8555
13965 17281
24543 18995
9634 20929
23686 13416
17219 1369
13237 16313
16678 16772
636 1474
23956 21413
17609 8236
8391 26685
15706 397
23983 11424
26651 22513
10936 7610
13370 25473
13363 22316
10369 18116
1888 20091
4179 1917
25505 10186
24610 8324
16798 22960
22436 23599
23473 25322
15064 4276
7899 3713
1278 6283
13170 16673
8270 14502
9149 11438
13321 10655
22172 3258
4308 22154
15274 9226
16142 24726
26031 4230
13221 9256
1483 10364
24076 7306
14002 961
17990 4033
12324 4315
2803 27156
10390 95
13418 2896
10497 27282
26106 25988
192 22465
24286 8055
26574 11275
10018 27055
15209 12894
9319 22062
758 14245
17747 6197
12502 22522
19126 24424
11052 20630
25157 1609
20349 14488
5962 2763
16006 8973
27159 6717
21890 20699
15310 23270
19032 8924
11904 1598
4629 4839
16764 15741
2437 6282
18092 9534
24287 9044
17498 5385
15677 8919
19423 5584
18441 24442
23997 22302
13156 6134
3773 25041
20446 1481
13310 23045
4100 21235
10299 19201
9399 15238
20411 7610
1283 20603
24939 16325
6119 27219
4232 10508
18198 7193
25644 5231
12117 4752
20083 611
2701 14326
9269 4053
25215 2610
6421 16940
13652 8903
2243 11004
15198 8154
3050 10538
5580 26352
12733 2217
11537 3130
9021 18705
16194 10498
18540 26491
18002 16299
26241 13973
482 21907
204 3240
21820 23097
12715 18563
7399 8112
10117 12377
4154 129
14728 10998
11170 11186
3851 6507
22896 2376
21466 5337
13063 19246
11654 17126
12031 10468
21921 12562
1431 364
13772 13815
18531 8362
15881 16575
23443 18760
14317 13349
14059 10610
14645 14383
7829 24554
13182 21597
4039 12570
22733 5243
18569 9822
25145 5789
13465 26086
6397 14839
15099 1492
26698 15538
8608 17381
17355 18006
10850 7690
27144 541
9508 2362
17492 24656
12587 15237
20378 4413
15567 6441
20436 10016
18467 21825
13169 26438
6650 24589
26142 23133
26588 12862
23910 25406
14521 25314
9168 26056
5982 11069
16866 12301
445 13222
3483 18926
8963 18188
25499 17779
18650 2698
22519 23865
7614 8242
10538 25444
6118 19746
26304 14271
24738 15880
11155 6195
6696 8611
3721 8891
9361 7388
4500 19209
25161 10092
6873 6029
14825 12112
27289 262
10714 13777
8679 10737
9189 27283
27196 26866
21842 20095
24185 5989
8248 25948
16385 13546
13501 17391
26672 16545
5667 17487
21711 9180
26955 18065
25751 4794
10587 10410
13866 19209
10073 26670
13043 23831
13433 25743
22731 23990
20126 21063
12103 18254
740 22915
17798 10308
4222 24691
1398 26564
27130 4712
13698 24213
16250 17414
859 24071
909 15261
21683 22788
5364 4738
7412 26736
22061 23643
11724 24795
8908 451
8991 27281
628 21169
9454 26288
1241 6874
19757 13245
22159 16072
8071 15297
5688 14927
22629 16287
15110 16916
25014 6379
1149 7551
14207 641
9846 12519
11284 19541
369 14758
14024 1193
1322 13858
9892 14621
7082 19627
22127 9889
22110 4058
7036 2249
12312 26362
24003 27165
3885 10143
11495 11093
6598 14855
1550 15442
17172 17322
7503 4344
2091 20492
20520 18078
26209 24610
18174 24716
10975 16921
22686 2124
5764 1531
5161 11855
19018 20382
6004 11083
3499 11541
12313 18077
19551 20616
1852 6331
13892 13438
6156 14106
6068 18423
20462 26889
3557 636
26724 10682
20149 9396
17596 8645
15682 26769
25632 18563
5818 19214
12897 3495
5501 15077
3490 57
18620 14041
6286 2286
13717 790
21211 12603
12884 2738
21951 10952
10454 17599
25841 5087
15223 8175
27101 21636
10541 4655
7469 18063
25585 21376
2124 2710
20752 15997
22649 18578
23384 6195
19263 7209
8663 1306
3886 13764
16528 21434
11451 9279
1387 16188
16208 13121
20808 24156
5779 10978
2446 17929
19225 20688
9698 18151
4963 13573
13839 12622
21613 3615
15041 25029
18178 12770
6616 5436
8112 23245
3016 14258
17221 18395
20225 14652
9167 9332
5103 4693
7500 2258
12971 10368
21016 21826
23105 4686
20782 9056
8547 5911
13507 13051
17406 6777
6619 19707
50 11325
16431 21622
26228 19324
10283 23621
3301 22765
3372 6201
7162 9554
22296 9428
15322 14812
25451 14448
7652 9381
15312 1292
5528 22597
26329 22530
24705 16321
7300 6226
7143 21060
14631 13911
7375 14213
18032 16220
21826 14582
10061 7185
22249 17425
6745 17752
5818 23705
13623 27118
20993 766
11791 9360
1763 15926
5662 5451
11892 20554
9021 6625
7862 16960
26450 4282
6495 3991
23277 834
21073 13032
18481 23401
17751 21310
19056 3859
8663 21146
19313 26412
6963 22526
22522 17705
12503 17675
15493 26600
449 12619
8754 14094
4938 3141
6175 14603
15187 7834
23612 8408
22890 344
23166 14737
8223 9247
25827 24655
20905 2989
5381 25295
22074 13758
20492 26205
11808 27097
20537 14607
3821 23982
19606 11065
23139 27328
24750 9395
20402 20569
20072 7337
22938 12520
23647 13505
20150 23243
11205 14460
16127 21345
27189 8354
22339 9976
281 14095
11901 27261
20155 10489
11236 2964
23384 16249
4031 14077
3876 8053
17539 16300
11994 3811
11276 16326
19989 17367
17675 4295
6955 20433
22845 11016
15680 21070
6043 10754
12547 7141
10244 24029
21717 14544
26240 17482
9685 7032
7546 7813
16035 18265
25656 23847
4216 16230
6585 14191
17913 25293
10337 25388
15950 17403
5328 23496
13424 4906
9067 15735
11826 24764
2903 17992
3182 8022
47 17432
19147 10793
19694 11191
14543 282
4023 8372
15533 4404
22136 13831
24216 13904
22559 13934
19808 9455
15644 16286
13922 1103
2003 18903
10411 24263
25496 17334
1232 14825
57 6227
17930 14212
22078 21474
20328 24016
12978 8882
6459 4818
26831 27089
1553 15176
18492 8997
14521 873
21826 16005
4145 23008
5425 11886
20170 21858
19952 7406
16168 13667
5123 17442
3034 19764
4097 23462
22310 6669
15791 7035
14977 4307
7229 3689
12175 15095
11540 18785
4090 13623
19484 12670
22595 3391
3143 15735
5809 26751
7921 6131
17697 15559
13795 8767
14861 16146
25880 9460
26792 157
4196 26329
13646 2228
21727 15595
14205 3912
2063 7411
21765 5041
6229 15444
178 4544
9575 17588
296 15153
12906 15960
3739 8562
4033 12981
2284 22282
21129 5059
707 5302
25863 20487
19611 1986
634 15377
17721 16037
25586 6660
26537 16267
17140 1762
17599 5723
15993 13383
6332 19248
17312 25143
7978 24987
8152 10322
16719 5381
21294 3591
515 20529
6866 8309
16608 3335
17091 12608
20308 14113
19159 549
18401 24548
19115 14735
7432 24935
22469 259
2284 15758
14235 19898
17881 9206
15811 11807
17995 448
7349 20965
23694 572
23009 24561
6209 22682
21711 25692
17849 8207
24545 17596
21169 15546
832 16156
19943 1533
20610 21998
12174 12604
19862 4577
13242 27263
6527 2548
12832 22898
23213 7065
396 12593
5260 15595
16055 274
340 21817
6290 12663
3014 6599
22188 13458
13660 13372
15366 1220
12635 7751
10009 19519
2740 4081
2254 22123
22752 439
5909 405
829 25428
13641 8434
18112 17598
14651 6607
1319 21091
3515 10264
17839 3210
10152 22722
20928 24909
5732 19202
19413 442
8006 26725
13287 22431
12193 6588
11948 12419
8149 17648
15788 24483
19849 3224
7049 13102
13818 2819
27051 2851
25621 12228
10648 26043
9977 10303
16407 4755
19067 9604
324 18961
14621 6849
24990 12856
19914 24752
1265 14331
2767 14427
3907 26939
793 21691
8785 20720
25618 5514
18450 3485
6197 17208
104 20126
14678 6602
11150 15529
19240 21280
2182 14676
1435 18125
22442 4986
3810 11730
1862 2428
24189 22111
25931 2712
5796 11616
23122 21189
3928 351
10621 4073
13581 21723
19590 3350
25195 22269
615 17339
14629 6831
3659 6313
11588 23753
16138 3439
9104 178
18434 15639
22223 9493
22861 13685
27097 12429
16357 14854
12744 4718
18831 12077
10045 24787
17558 3173
16894 1961
8893 7542
4679 3144
1618 2152
7219 26587
12794 24726
1024 7829
22809 25280
24701 3196
14250 6690
15862 11842
12302 11203
25080 18239
15627 16671
15167 25254
13898 10934
19796 9955
2967 13791
23502 8470
6102 6330
14286 23353
26252 7614
26534 6546
10886 17711
10319 26460
289 2886
21482 22448
25988 10399
10890 18355
83 12617
2970 14210
19345 1573
10716 3421
2304 7970
10063 25487
8768 5453
10612 13126
3713 24319
2432 12585
25718 11477
5845 15951
17656 25450
11516 5396
6405 27134
17710 5270
21059 26142
21218 5490
23338 266
15438 17270
2997 6621
8416 24892
4214 18599
863 9466
14150 23024
11742 3938
14408 21370
7975 10368
11282 10598
9322 13559
11782 23487
19782 25346
9242 19723
24399 4268
5072 1102
1740 20292
26122 27223
10678 4189
25810 10369
6563 26151
7634 397
12741 18847
4283 13895
14023 9077
23381 15777
8784 4471
17242 7208
10604 2927
27184 23233
10816 24246
693 6897
2096 25710
20439 23256
18967 11025
15809 24918
17812 5523
9149 2125
6968 22120
24307 6557
18878 12902
19322 10435
25167 12370
1495 15398
4015 26094
939 8764
1392 20898
3864 12864
25526 8516
22172 20777
2673 6739
9197 8437
23338 18709
26260 6525
12748 5092
19401 20298
20039 26476
2493 11238
7174 21178
6863 17115
7776 21283
15047 22730
10302 1700
26251 14555
23532 23126
24527 17527
8962 27266
23051 1619
16833 1159
5043 18844
27287 7267
19657 16962
16765 16745
8083 17498
5531 24260
7594 12086
10606 25496
451 19684
11590 23909
12642 2077
20568 18539
15227 22553
19892 10857
21869 1649
6877 10230
9246 13146
13073 10931
6221 25646
10996 9143
12286 10817
17830 7391
25343 25670
1157 13430
22068 4747
6241 16664
7453 7653
15659 15013
18027 7676
9249 26397
19377 6183
13948 18715
24521 20314
12142 6113
19504 5729
19892 21824
25782 4254
25293 16400
13570 22704
10830 5094
59 4005
2360 24197
8995 13685
365 3028
19939 14702
18117 15153
5487 21049
3602 6168
5308 18603
5864 10153
19688 20718
25653 21752
1271 22957
24530 11395
16368 5502
21482 16758
6238 14043
17207 5025
7291 1710
12050 9614
11025 4259
8978 14391
4790 15644
20955 6395
72 18846
17316 7412
9394 13286
3476 6702
374 754
5158 5948
1779 18445
26853 757
17392 24669
1327 20499
21197 3713
12009 5826
13334 3108
21487 24191
19451 25622
11927 18296
10242 24643
908 24487
25263 12562
5190 26545
22162 18853
5075 22128
15655 18290
25962 3969
26636 8343
10017 4819
18591 26161
20758 6231
25663 15421
22280 26981
5176 6904
15415 13353
3985 12591
22333 19674
24582 17304
7457 4752
21094 17965
6545 7639
3601 9447
25552 15590
19252 26846
11470 20945
5458 17850
14390 9395
530 24248
22545 19264
14058 6670
7628 8542
15422 5112
12743 12587
25713 13966
19943 17803
2052 25225
13364 10719
2073 9069
22294 20850
13506 6867
24347 9449
5285 1599
26895 7412
22524 19326
5071 9483
24314 4842
19296 23361
9978 518
9403 2273
371 13759
17965 22329
558 22216
7953 21026
9748 7869
25011 12583
9376 25030
19383 8956
2745 7368
17502 20124
12289 3907
18923 12647
6817 11373
21161 20247
7553 12690
640 68
10737 9817
20819 26899
19957 21013
6438 22573
22914 25560
20020 20544
7586 11820
17256 3331
6006 20435
13775 2948
7615 8091
6030 6240
16930 3804
5431 15774
8879 17929
18514 23446
791 14237
12081 4079
1950 11227
17189 9168
11238 4622
10038 17134
25076 8669
8178 12863
11354 18797
25750 17510
23976 27306
16984 1825
18318 25197
2544 25700
6627 15800
17848 19835
4489 25814
18975 18822
13788 8256
18171 14826
17121 7428
22721 11222
21011 11914
22048 16606
14347 8893
1873 7452
5053 26566
8908 1755
12598 18490
16070 12866
15164 4456
18138 24219
17926 17395
2536 2548
6117 16573
2333 18404
11984 13837
14508 10689
9702 24395
1233 26195
21923 15564
12995 11895
18196 20144
8368 6850
21042 2983
19863 9956
3863 6935
4229 21056
13496 21976
21213 14650
16908 16072
17999 2045
15747 468
21777 12477
26820 17171
24927 12989
5375 3060
3905 16502
1224 19178
7472 3036
15284 19891
21413 17155
24600 3734
18522 24222
14916 10864
15422 4320
22304 4531
14196 9720
7480 25262
16289 13704
5686 27209
5845 12744
23540 22120
20514 16719
17770 9247
8735 3237
11592 23418
3659 10932
8595 17486
7901 24245
23638 11580
17793 9416
34 23410
2011 14165
18461 24333
20213 12526
26744 15469
19000 12304
1342 26609
1554 11482
16513 6888
25010 15215
23960 27028
6648 10974
24719 18449
15290 25869
26194 5876
4609 12659
18119 9293
9758 22933
9044 23361
25605 14112
5913 3880
10837 7162
14312 20754
17163 11585
5602 18476
14835 8966
127 17831
15531 9164
25271 20130
26625 11926
866 22829
1393 129
13465 27190
805 24576
16657 16853
13367 20239
14547 22499
1964 25501
190 22731
2050 9969
24345 16639
21328 441
2544 4842
17169 1163
23837 19387
13003 25221
23717 7685
9408 20497
5494 11187
25646 16745
8666 24024
20378 17302
27178 4383
3613 5056
12353 4510
21596 13209
3127 16719
13215 5737
23515 22719
20850 10881
23298 13336
26385 12065
17673 22546
19674 23521
985 23352
25816 26174
11666 25945
6036 21454
16979 14221
13030 17705
17613 25124
1356 5737
7087 2403
20082 20579
7292 26715
68 14460
5116 6932
17232 14815
16910 12320
26860 6329
23728 19457
23584 9384
13879 21824
23027 14391
11403 16567
6071 9784
7098 13788
26995 9671
25515 9334
25006 5781
12048 12104
16356 19089
8526 9505
18656 23595
1110 9589
25671 7366
8984 22626
19319 21172
1288 11581
25020 3878
2055 12248
2933 5310
14623 26487
4141 21669
16023 26204
20970 22559
5948 5368
21650 5285
8546 7124
11963 5765
9879 12632
13220 16122
24079 1082
6340 15277
24224 9484
24707 2371
22149 24631
5961 5832
20455 7066
10501 5970
10869 1936
12068 8447
15008 13579
21101 798
1212 23492
15436 10313
13389 26898
15884 24998
16480 9302
25145 732
26488 13115
25213 13964
3054 4674
5230 17812
11989 2304
9244 10027
1665 25
9468 350
150 19652
11640 16227
13822 2055
15786 19215
20960 12055
1063 20107
24640 15499
3478 26586
21176 17537
26944 41
17155 9333
14671 51
74 20007
7667 15126
11816 1113
14427 2808
9438 26229
5331 18739
19056 16493
14490 3093
14898 4379
21589 3073
24317 21383
24059 18607
14142 8008
20008 26776
10835 3348
26998 5875
19434 9242
8083 24574
1301 4070
4715 5446
15714 2198
15712 23551
10832 10927
14347 14304
6240 10858
21863 1326
24978 26232
5004 19283
23166 22941
3776 2457
12291 1527
24117 23429
21824 7262
26165 1821
6597 1747
12152 15449
4342 17363
23074 10520
349 2576
5641 13195
1893 23314
6277 20990
21145 5432
5525 11034
6463 700
21536 22552
12412 16985
8096 26620
10868 18878
1592 16677
26457 26731
15735 6579
23102 17156
14836 23220
23714 26314
22443 10838
9910 8265
12176 9511
25916 11037
21620 679
24852 22952
22903 23362
15819 17769
24434 15794
11244 16361
24859 10833
25204 26292
24065 19832
18046 20255
16354 26680
18438 23748
8340 16292
25198 7495
2213 2593
23921 13179
10396 4896
16705 14105
19510 25465
11420 19448
13524 17892
7335 18133
3241 21236
5956 24523
5175 17542
24440 21816
19402 19452
26525 24219
2181 15328
300 16633
26690 22071
7662 19467
11656 3594
20065 22425
22473 3604
26468 7
15451 5076
13628 25304
26906 5602
24253 3681
25107 23484
6971 16580
21647 15576
9478 8355
13874 3079
4171 11428
17069 4825
5668 13395
21304 25790
12426 15297
24983 8630
17400 9769
6426 16228
15955 3791
27035 12842
462 16816
21013 3626
7615 9448
5170 2538
21050 22941
20649 20611
10503 7974
15491 10746
27133 1070
11741 24993
2917 3705
12111 17393
2694 21898
13197 11912
23819 15359
1670 11483
21997 11380
4626 8746
4665 19291
8675 18180
27287 1887
23019 20904
19598 16371
19051 19945
17775 907
2619 21431
1384 14243
25239 26878
170 321
8538 14913
13522 20461
19187 4493
23672 10357
24269 4160
17689 15133
25296 1519
11328 8208
18690 15472
9440 23123
15862 2408
8165 19017
9561 1950
4674 9581
10169 11898
11183 2377
22290 20879
19042 9215
14826 21969
18488 1193
896 17579
3165 20557
4712 17686
9154 23934
18974 9754
19608 26070
16794 1341
25348 15157
23461 3879
7069 8470
15689 9283
20643 393
8638 7573
8140 20357
18582 16289
23238 18359
8651 11942
24666 14305
16858 17312
82 16544
23646 397
17880 3710
6692 19743
9299 14903
9647 1586
25682 9260
25637 14213
26429 16428
11184 12751
19411 6722
2672 23549
16148 10736
5870 8560
20850 10936
17637 24368
10279 5734
5466 10133
8041 22980
17981 20502
23850 8242
14324 15958
16943 9398
19498 4368
573 22150
2260 5030
17879 13809
18107 24290
23285 5989
12774 3282
10665 20938
596 25517
20557 10310
19913 20825
14979 4060
16019 18849
18738 3862
2722 25477
3289 4650
23268 1097
26645 9199
7397 4340
10043 5090
13869 16502
6237 15793
27086 20956
3541 2656
11990 14204
26950 14679
17864 4008
18522 16251
2767 4430
1480 2007
19005 21360
778 3721
11615 26829
2095 14883
15780 24875
2000 13828
10801 11040
18333 23182
12223 22484
21569 22943
1276 3705
24611 19980
10308 10878
25722 13775
8102 1806
20261 6353
25187 6032
24087 14089
8832 17601
1571 24941
1261 20026
320 24198
2812 1813
12011 24964
12658 16181
15008 22265
3388 9099
5019 7885
5259 24045
26306 1637
4994 20364
21634 16134
3083 11203
16723 25852
25799 14409
22794 251
25205 27256
26568 11473
14391 18361
17612 23506
10348 12384
2514 7754
2860 1746
9366 26287
5800 13819
22582 24689
640 7520
19755 21420
25978 11607
10634 16124
2008 26083
13351 539
26666 12947
2270 10282
18877 8090
26894 24182
10654 10589
5002 189
18470 18060
21003 11019
18424 7327
12126 10779
26396 20936
13814 714
18875 19277
21971 2025
17378 12843
13035 21392
11482 3803
26906 20220
20590 332
13121 6614
25015 13667
24091 11067
15362 20110
7076 9492
3717 23661
8057 4749
495 6765
12630 8511
8836 8688
6026 6524
6503 8169
228 8636
14339 23166
27208 2505
1992 12381
23333 21394
13419 2780
7359 2906
13705 23294
3972 13041
21424 10150
1730 5699
2939 15638
2683 1123
7586 13916
23484 12725
1660 12810
4966 24415
12363 15687
19149 9020
4009 21675
26336 6898
5436 5153
8355 20025
19117 18113
17035 25578
14971 9500
21603 19399
26257 23049
25963 12251
2831 18670
18143 13477
21579 10145
11350 8585
17158 21484
21607 20272
795 18374
19761 12967
11950 5611
12661 25594
24341 14453
18024 15448
3171 6202
19035 27321
17539 3096
12674 26058
16145 5980
11348 19277
7998 20397
19545 2725
20663 8345
20387 12840
24980 332
17861 12946
24280 21798
6223 13201
9139 24163
24153 11140
8989 21186
16039 6752
11215 25514
9411 3159
12746 26311
23782 23507
19405 18408
3704 26529
25204 2440
14745 12203
3751 4912
22598 4243
3339 12552
5626 5519
25667 10014
15111 16461
25959 13569
26829 19316
11199 25691
264 6212
9694 21159
5835 7844
21308 5198
27017 4091
410 4051
11745 1772
5798 20794
9171 23041
10340 8964
15082 4096
10247 5767
3049 17859
3221 19097
10680 7046
19706 6857
16340 13631
17075 4695
12582 10496
20457 17113
9760 22389
6940 15336
3766 8051
177 2244
19619 7383
1277 25486
20169 24294
18744 24381
10502 26638
23849 12957
24692 16386
24771 18894
21906 25950
23102 18392
16495 20106
3237 1816
15428 13485
14114 1611
10858 8257
25533 6119
25990 14437
16669 23376
3375 2423
13649 26586
1179 13021
8128 16669
23764 19679
20297 15030
6684 9115
14648 12512
2561 9494
17655 25807
20007 22367
2970 20804
14584 10541
4453 12256
16838 150
27323 1636
24920 26951
10117 4731
26495 4931
16594 11538
7076 6606
14238 17717
2117 7275
5142 4372
19908 6065
11418 19820
14296 19873
9623 15944
18236 15586
27162 26793
21847 21411
4181 4105
24321 20886
617 12850
22668 1144
15533 3227
23264 23126
16489 10963
26900 13732
3512 12614
25043 17380
21588 16232
12779 6364
7725 15804
25185 15743
9187 13549
23093 12169
14006 20750
12575 12455
23292 24127
411 852
3734 16110
13566 4199
17286 4073
9995 19909
1211 22112
24028 10168
776 10106
5797 5885
19776 16095
14239 21217
3667 27131
10755 12952
6455 22595
13230 24666
15252 17887
17979 20511
4242 8114
2483 24900
20172 22676
23720 9234
23458 26001
21192 22540
11323 19825
8524 9448
25234 10387
4170 26964
12733 25028
18698 8598
2808 1507
6906 2990
18149 26557
10379 23403
13888 8801
22158 15688
26117 16598
13567 21992
3240 19860
17280 4645
8436 8554
8739 8326
548 25824
3275 24018
2395 62
17982 22364
10623 22753
10721 21073
8446 25191
25329 3161
19749 4715
19346 9923
1214 23406
22883 19246
6612 17711
22291 19371
25120 9174
22511 25790
2236 22111
9804 27265
21415 7134
23830 27162
22454 14410
9727 8551
24770 8832
26410 2217
3789 8145
770 26812
19734 25725
26128 11364
24485 16018
6107 25308
18258 9817
13982 15387
10678 22810
27275 18173
12695 8534
2333 24380
23506 25237
9343 17192
15675 1724
19985 1400
13272 18674
210 6180
4700 18804
13325 20486
19186 5396
5273 12021
18131 15145
17398 11359
13918 16799
22461 9286
7320 1300
25427 11438
18806 26574
21353 10312
26174 2327
18957 18341
11143 888
18513 12214
26181 17498
749 21626
7262 1066
3669 13045
17091 13767
564 19631
12810 8147
3927 508
17617 12830
20848 10261
14980 26166
3044 26993
17380 25426
21060 20734
3292 11782
3734 5748
12612 5624
3954 9952
21696 19403
4484 4519
1871 24857
25720 18722
23814 4950
17825 4084
17275 27066
6216 3091
13826 4041
25673 20367
22324 1710
20079 20000
20560 5549
23171 23045
1361 23294
16812 10043
16781 12679
7208 6320
6079 11195
5387 7410
2147 3972
19913 19967
15477 15722
16935 5683
17797 989
19137 9654
11434 1343
4422 19038
18245 22319
22204 12612
4752 20670
6901 23317
16020 14917
23009 6135
17126 8634
3760 19067
25441 6138
7789 20975
3771 16718
7615 16658
7890 18812
13671 15070
17376 3332
11171 11442
13354 23536
23323 19773
1112 22859
16304 4998
4802 2182
2960 15752
15028 16505
8400 17342
18214 27291
949 4667
27280 15389
12713 22685
8441 24055
21303 2452
20691 3911
2923 13884
22443 11995
4256 17177
5614 2999
19375 5402
20213 6501
12320 18031
285 1883
20180 2123
15179 15856
2167 2237
27176 26528
2141 787
7968 7778
4073 4897
23948 13530
11999 7773
11438 5262
5241 22352
20395 3216
8991 1460
1693 22733
1462 22312
21822 15970
17006 14207
5374 16465
13848 11333
18815 17200
13718 24055
300 5547
2094 9427
1781 4766
23998 23860
25509 13159
8319 6665
3117 22357
9155 13087
26634 13305
10449 4869
148 13555
24944 6971
14915 8468
3413 5911
24730 16841
1514 24838
20905 14699
25146 22906
21779 19427
18904 1858
8554 14789
15828 26895
7430 18022
5007 23474
16510 4069
3035 22180
5275 26406
4401 23435
2140 26697
27046 3800
24316 22570
15983 14927
771 27130
1018 7116
1933 16312
5150 15794
16181 6230
20909 5665
4254 2447
19844 1140
6028 1016
25534 2198
25857 9304
9875 4903
4686 14384
20655 10215
13217 7571
116 9644
16344 16730
24832 879
10721 8980
2082 12355
9900 10265
13243 18554
26913 15177
18520 12835
20178 17874
24177 15702
872 2982
15627 15628
15178 15536
13115 10906
9594 24976
23768 22593
9392 25027
14873 2068
4584 2214
17613 15248
9360 5332
2023 5709
19049 19945
8399 13696
13246 6178
9242 358
26280 19327
16579 27042
13601 12233
5754 3005
11087 21702
1836 6822
2381 12772
17343 5975
5287 4293
11039 6000
5848 388
24605 11840
10837 14682
25705 107
20340 5750
8614 10588
24356 24
676 15471
13555 2439
16256 5074
6562 10762
20958 8014
25724 1554
13445 24673
24354 7010
4521 4201
6314 5264
11777 14193
20901 20726
16892 25179
14590 17823
4053 24283
12844 12671
8848 21493
2336 15631
10460 19246
22193 8934
20154 497
1466 20178
11168 26651
13409 2506
17760 4169
24704 828
4160 8544
20545 1321
22346 7163
4815 2096
23025 8912
9940 7317
25654 3602
19871 3033
27220 21884
71 24530
9332 2250
12822 22307
16656 5021
17555 24826
7452 21190
2056 21296
11021 452
22390 15756
7625 25548
26748 14197
23231 10185
18370 22006
21377 23930
4870 23350
20061 14161
3418 14215
20477 17486
15106 2898
20068 4486
10476 3806
12418 8604
21176 5217
12073 21667
8823 19756
3152 19694
16147 24513
17195 20992
16612 12535
14341 2314
11376 7446
4526 16572
25787 21514
247 7844
23592 10837
3582 7907
16357 2631
2605 18478
19097 11381
4923 8580
16553 27123
17667 12356
21008 10184
21393 11981
20047 20763
9583 11523
15238 17239
25320 21984
3913 18745
3691 7261
13523 2769
1681 19032
25134 19084
25300 1360
23095 20769
16545 4264
26957 15071
2438 995
17400 4549
9803 12923
1255 20092
2 24901
931 23415
21396 12171
13770 21830
8712 9163
20084 24213
12374 19915
22817 759
21654 4064
2343 16384
10647 12561
5200 3051
8234 22636
18888 17515
21718 18049
12630 10715
8931 7517
15852 23935
9540 4592
2618 3262
27194 21844
12246 7342
17056 20136
24345 3998
3611 20450
26321 16028
20621 8095
3735 13575
1476 17472
19948 19895
23960 21863
17825 8340
25480 6781
8626 18666
13611 11341
13863 22179
11502 19841
4448 9497
1430 9893
2923 8449
9344 15913
17338 759
13931 9747
14094 10448
8335 14703
10621 25461
239 23164
13799 17175
4424 6630
12197 13694
19490 23339
25102 26204
13322 9639
19125 22423
17771 18024
14511 3088
19899 19077
10954 14532
10543 2358
3517 21875
25746 2362
23498 4368
15195 18952
10899 9577
8987 18951
5798 246
16124 9818
10997 5682
16367 8556
24714 15892
1015 12172
17290 15886
8475 16524
14575 521
8273 17329
20037 180
1810 20219
14898 26020
4114 9191
24921 12694
1378 16132
8397 24454
14991 2799
15550 8684
21544 21036
15023 22753
6376 4545
11642 8988
25833 21592
23388 22064
14878 26307
10702 14028
26848 10724
11479 21304
20172 2704
16168 8733
8520 3061
18170 9152
4011 18488
1169 8266
10734 5874
27343 22680
26531 16386
16357 25867
4463 15616
19270 20050
26860 2332
18349 25598
25727 12390
8764 11042
5520 23929
21737 14116
4474 21632
27122 14346
23639 23982
6668 1805
1845 14147
20589 4160
349 16983
4195 11371
9393 11738
9419 4557
67 7471
5913 18676
8510 9176
22637 11111
17615 2864
6333 11385
20261 7778
27311 18419
12969 1741
23577 17627
984 9802
19033 7921
23888 17748
9643 14515
6177 24320
21733 17501
13782 9613
24451 2326
25531 11818
14578 6551
7884 14204
10814 20863
20824 16872
19546 2669
18824 27116
24522 22622
9307 25038
10696 11193
24686 16866
23338 22835
819 22395
3311 8412
1719 17956
16473 1330
4518 4130
1254 10686
27270 22336
16742 7382
26143 23837
5219 18995
25327 22497
13210 6539
25737 14030
3943 12560
229 13898
24211 479
22546 21559
5716 23184
2621 23133
2991 17711
7707 20061
10798 516
17974 945
16103 13289
5726 12797
18300 7760
15604 9404
19274 8225
12696 23
18858 3328
19924 12922
1252 24734
443 26551
10359 15048
9779 14244
25100 26776
27042 83
17012 5822
11242 16075
20322 8501
12519 14363
21934 13424
2625 23373
22257 12128
21688 3340
19707 13109
5448 25476
7999 2274
12811 9287
13279 4437
5942 26802
8915 15078
3974 7951
27081 11796
24131 26096
17932 15069
2910 7034
21190 20739
6117 1664
61 19925
26704 14438
24211 16707
26529 3591
22883 5127
3486 20147
4202 13147
23529 16084
18187 8650
5807 12698
5709 9194
702 8358
21930 18270
12392 6041
21908 18548
10230 19670
13568 4661
12578 12324
7871 3149
21076 7549
443 3933
24168 2192
11585 11839
7063 16710
2204 7407
14427 5590
23630 13399
6588 2602
19173 20843
11133 9500
10159 17925
23836 11289
20634 8372
799 12347
16617 24719
18022 2251
20104 2959
24307 10120
12906 25631
22257 18786
17596 18129
19988 7177
9322 9551
17667 5995
13346 15286
25808 8796
15854 20495
25863 4036
22395 21645
14596 17561
2894 25762
10246 26151
22562 16160
1229 10884
7301 2888
21813 17991
14100 13947
3915 27211
14106 24315
6488 9955
7153 23406
3989 20744
10170 16478
15873 13311
12622 3362
22445 18204
24041 22136
25546 23524
7496 19315
14518 11427
10953 3503
2703 5899
22059 11752
3639 7570
9346 16565
3721 1718
3791 11347
15484 10008
12965 7084
17989 5349
2707 10744
17412 16857
65 20996
16693 13723
26718 25353
3763 7084
26786 20118
17215 24156
19753 21697
6819 24176
6956 1550
16289 24930
11176 13081
9073 11304
25017 20846
19943 18788
1501 6216
3859 14376
17921 24318
10421 25751
22295 14890
3932 625
2373 1944
17813 4076
22653 12612
20304 9153
3207 5819
5792 23555
23788 4549
17792 755
7505 26840
6358 15335
20242 1593
23104 16685
761 11021
5287 17906
26601 27104
20261 24732
26387 9913
11588 7289
6543 20979
5432 12137
5683 17906
19336 2016
17183 11264
21912 20198
25536 9518
6843 22668
3908 21852
26533 23213
20590 24907
17387 12491
14749 7401
14761 6472
2517 16339
5507 21063
22140 16120
26409 12826
8941 21334
2324 18159
6276 15912
8719 18023
13827 26081
8657 15159
24300 26281
6765 1322
12444 12350
26376 4018
10927 10697
9195 15737
17930 21226
5449 25030
23871 20654
8079 24981
5729 14467
7750 21544
19767 6790
6816 14055
19591 12455
16656 3237
21091 18894
25814 13784
3638 878
575 7461
22873 25460
20750 14400
15478 13589
465 25494
21081 21101
19056 22913
4344 1040
24665 16435
3094 15983
14050 25456
22351 5349
5671 12432
8544 12370
26292 15516
15284 5358
23928 2327
13100 15256
21481 4941
12616 16604
22679 10813
10059 21561
27107 6280
16716 19210
25322 22074
24376 19752
21017 22513
18562 16901
14471 1771
16384 15731
22558 1892
4817 6858
18242 4845
5324 10109
14198 11741
21910 26931
24110 4963
21104 10094
19440 7721
75 4263
21791 21089
9672 5058
14868 5793
15743 23026
6299 3454
15101 8741
18354 20520
9149 12601
13070 10021
16149 16251
1134 7172
25290 18227
24944 26221
24089 17039
21023 21890
25032 22392
14719 4623
17864 24039
17242 1361
23093 307
23665 23164
12538 25143
10455 7803
25407 318
6845 9787
14756 16061
10466 26651
15229 10094
19201 19574
3794 6773
22082 219
20579 12959
7192 180
5364 9484
6776 17500
7762 16548
6804 10917
25570 9357
776 20417
5733 10519
5229 9296
3632 13770
18787 6644
11980 16406
15610 22739
17076 16762
18796 22908
6007 21604
6367 9344
10620 18874
18566 11371
22005 20122
7924 15792
1674 2319
2497 7725
10627 2783
19329 16726
24525 16266
5038 8910
5286 4582
5382 12921
6896 18504
12149 5975
18822 2666
272 360
12973 9162
9465 2755
8133 855
19634 22960
21936 23146
22681 8741
15279 6545
23117 15953
1675 18126
10144 10664
10297 10906
5529 14553
5056 12872
23905 15016
5075 4254
23859 17529
16837 21970
2407 10841
16579 15259
9967 16629
16410 17436
20754 22358
21811 12241
6704 21838
20 9305
22409 23487
8620 21251
5184 27286
8992 18642
9240 12099
11896 26103
2947 26512
25458 8109
25793 25886
21082 25866
24114 7138
12488 8945
495 20380
27169 23628
23722 3645
24903 11499
26131 23895
14208 8971
9911 19851
6152 9432
26145 8029
24032 7779
7390 16100
21552 10216
14084 22676
9609 17042
6350 23942
24406 11632
9192 18151
22603 5946
5515 22323
3475 2172
8566 10778
8129 5822
23555 20622
12513 18050
21186 14030
20035 8270
5700 22076
8772 2252
7676 400
8683 14517
24837 11037
16784 18414
21278 24815
20722 22648
12642 26916
17479 19464
519 22026
4009 4967
16777 17206
6238 23593
25576 2974
13282 13249
8304 17315
13342 11314
18747 6561
24926 18141
22115 12665
20917 15424
56 1098
7781 4213
23362 15918
9693 21183
22909 21571
8601 5938
9895 3870
18585 12097
9148 4121
3175 13520
26074 12003
23594 23071
8137 8692
8540 2023
26817 12047
10754 6260
13481 2468
20650 7617
1412 14588
5012 5500
26258 26578
16623 21685
26637 14331
2737 5188
20328 5876
12843 9536
17361 16331
10921 2209
5567 24189
4380 22936
19871 9572
12355 9718
13886 19900
19696 25261
6306 26743
17576 19639
1458 7995
24378 6564
25542 23634
26687 2259
5420 7402
4041 24409
26975 11064
17848 24942
6402 1312
8380 20356
17100 10261
17293 3257
22261 19377
20711 4715
15093 7926
1335 18397
24147 3369
8840 14864
17188 15743
5763 19526
20082 12357
5291 27115
16630 21077
10615 19256
1262 18821
14810 15976
19314 5086
23871 25836
12768 22022
6194 19483
7614 4988
22597 19188
22573 22766
21712 1792
15220 2261
11496 11542
26074 13413
1018 381
247 2490
3947 15712
7841 9057
308 14743
19357 18224
907 21747
26975 16783
23906 4596
18990 3649
1342 212
26152 9805
1830 14030
14324 26003
22009 4644
184 18356
673 14346
18496 12159
13123 9539
12968 13866
17672 6528
22473 25918
10837 20658
5079 6856
19671 1014
26243 17278
20875 1682
25155 21895
9213 4357
10449 18792
16673 3754
25160 1301
7993 19371
11067 26718
19588 17231
17709 14933
18466 7971
8330 2926
22944 17811
19547 25272
26507 21939
20673 7590
12472 20990
10319 24051
26560 19587
20772 5354
3311 20991
1291 14782
26133 1992
9668 16133
22846 12028
16023 25458
1939 15491
22290 11581
7370 26454
12771 16038
14784 19090
5672 13614
21867 22967
68 12788
6293 7811
11128 1185
25218 2595
26638 19362
17055 16516
5391 769
4034 26166
2393 24743
16454 12620
3190 19654
3304 3689
492 24901
6662 11320
23922 24969
27030 2853
8920 24497
3976 7502
22266 3761
26715 1529
16124 18343
22089 20572
4063 974
7715 23833
12522 22100
12526 5775
11280 5376
17102 16187
10697 854
6244 9760
24973 24348
22257 3123
14304 22021
6801 6645
25437 4066
12848 17840
16537 6094
12980 19716
17968 11908
20125 16631
8974 17270
16228 14384
20612 9579
24406 5955
8956 22060
19663 24413
4274 20297
5288 3128
8453 23425
27003 10455
17011 18930
13179 22262
14256 21428
9089 18159
20773 24170
6854 14765
14662 4854
17526 19790
15294 26493
816 10220
21900 12311
18157 19364
22681 4474
21328 24917
1655 10726
13043 24323
9654 2332
16312 20097
8539 2416
22587 21091
16459 24725
10406 15442
509 17095
13300 7626
26448 24058
1380 13941
8521 26161
1900 21790
9438 12772
1572 3265
11707 15484
4291 25956
7609 1435
1375 5609
20321 20720
11503 21612
24474 25845
15551 21288
3502 14361
24415 18031
16423 20988
22080 12484
22137 2438
22849 9548
5961 26804
2440 456
25233 22864
23484 3414
8875 1439
15193 23980
21988 14881
20357 14900
21058 2933
23395 20338
11102 4420
10723 12237
8338 19930
5560 2028
11222 9440
15485 13242
11371 11226
26561 2135
6582 24384
1035 23863
6345 14083
19089 12941
7394 24033
6986 19778
20711 22487
9204 11679
17144 23084
19863 18714
19201 24193
4747 6062
24325 10796
6023 21616
19390 11297
26548 11177
13843 13516
10365 21281
2970 24191
22073 19247
6778 1291
22142 12473
26744 17919
3862 25792
4411 13431
12244 24747
7955 11884
14391 22366
21793 11501
13245 8053
22754 19352
14469 25174
8680 3657
5784 4230
10352 6416
18428 10283
19694 16784
460 3458
7564 12672
5210 9327
7372 23991
464 19149
552 14566
18885 1073
23566 9818
10832 10436
156 8150
24132 10229
15087 5746
3700 3634
25652 21225
8491 22336
15611 17006
12647 900
26899 25232
8732 8435
8136 24094
24514 15929
4777 23445
12017 23364
11252 10729
6647 17292
1993 17806
5990 8620
24188 14187
6960 9121
9565 5632
24716 12091
13830 16448
14776 12125
3953 21197
7844 8646
19920 15676
21 23130
27156 26736
787 19694
7707 18440
9844 16832
15971 11512
12824 12503
8462 17555
5461 25016
6564 16476
10395 17874
439 24057
369 18888
19421 13484
25209 1299
10556 14301
6551 4644
4914 12954
25306 21877
21000 4415
5984 10424
18018 8146
15604 2077
23826 5998
10551 23756
18655 14890
9293 25481
22310 3523
19085 14474
16509 20842
7267 5457
11985 22900
7003 5384
26395 23497
17629 12013
16130 11397
4609 15243
8656 1219
15894 1772
25976 8237
2335 4953
15105 7210
6914 23247
10810 6839
15883 26688
449 1218
12948 10825
7060 14441
18156 6696
24871 10931
10605 21373
11796 9270
26625 24080
20244 9104
1803 1830
3003 25010
10574 7013
24063 13158
17996 19246
21788 18996
18284 21864
12820 2130
22061 3061
9624 16963
5703 6711
13819 1117
19815 1464
20833 12064
20729 24021
26722 15503
23353 14395
7660 13803
2104 9756
5877 15643
25481 19383
9352 26303
10579 20044
26848 1090
21265 19571
23931 5475
5945 22459
9122 17210
20760 1642
4832 4388
14699 19596
3047 22168
12084 11780
523 25316
22211 9357
27186 23716
23758 20981
18089 20763
3576 17035
4016 23723
14094 3163
20405 4568
5622 3231
21438 20401
19391 7673
16667 13722
803 22108
16156 10766
1407 8259
15709 21566
1783 15191
761 17681
25024 21214
18684 1831
2010 11935
19763 4054
12927 8914
15376 14977
20732 22117
14999 21406
18420 3722
24620 24773
18612 14509
21114 985
25603 2878
23108 3987
1549 5575
17040 27149
8448 7416
5504 11210
14809 5444
4038 10542
4422 7270
25442 5633
18112 15620
19628 11450
16365 18874
12748 24080
20451 18805
23464 15407
10907 9242
17616 140
13662 2314
5115 17521
19206 21785
19616 9080
19925 24653
9637 24435
8196 4347
4307 13295
472 6301
13217 25992
14167 21145
4655 1964
16735 4299
20396 826
14646 6887
9346 6472
2514 24283
20415 25685
13475 623
11063 20456
3805 25364
24790 8228
1749 15031
6875 13832
12496 16288
19674 12589
7871 13568
25541 1717
18896 7865
13417 18819
25334 12758
17578 5338
16745 5108
26918 17619
26596 23755
20183 22531
25140 23775
4315 9106
8148 11109
9720 25493
18509 21419
10561 17478
4067 23499
21230 18556
14138 12873
13875 1617
16540 2609
15748 10782
18947 633
25386 21966
17098 17654
4350 17142
4417 22336
14541 13492
12643 17331
12635 4150
27317 1005
3169 21073
19501 11772
4427 9963
19792 1856
25863 11422
25925 4460
26170 22950
19732 13856
16343 230
15218 24967
6532 7319
4450 2218
19640 18468
5082 24123
8861 8133
7782 10843
12489 17803
3683 18032
20178 14845
20740 26626
23762 5032
26065 24590
11621 13563
25598 803
15683 17338
7237 5307
21607 7754
17813 9126
8319 616
24024 10630
14994 19745
10313 3389
10564 2971
15858 20079
18415 7245
16155 24503
21597 18326
341 21901
5288 14284
4156 4336
3323 9768
6048 14975
12404 13679
1392 15645
5571 13855
9895 15415
15428 26618
14795 553
20600 3584
11259 3240
6257 10884
24861 19088
8646 20343
26948 12492
26029 17884
19934 24139
6639 23229
7054 12625
27102 13898
4567 14120
10152 16919
20085 7046
4008 1590
20305 13465
12981 2292
15903 16681
7294 12085
1090 27250
27124 19255
7375 23270
9568 8496
14862 2421
1628 21412
22261 23567
17886 7961
5140 10262
20325 21967
26222 5339
3365 23068
25185 25722
868 25336
411 8616
10526 9108
11620 11890
20747 11982
7368 14599
8677 8150
22072 4568
24791 27259
23455 5238
10042 26967
23630 10194
5746 10422
21408 21032
8222 4079
25290 525
7853 21703
7668 11104
19713 12893
1243 8890
18332 2012
24340 7092
4035 11872
7179 8469
18321 5529
9706 3074
5877 18489
12193 18060
12802 13149
21014 18634
14497 11196
24514 8413
19794 21405
582 21158
6207 10487
14076 23446
9525 26862
4811 19189
6638 15140
5977 21056
8345 13719
18818 13919
12980 10940
9115 16081
17807 20971
560 22079
12360 11003
21288 12457
7363 19782
8962 4764
25763 7016
26125 18709
11304 23267
22206 12273
12923 21962
20279 7046
6694 23299
18642 13141
20206 14115
13643 22517
22297 1774
21486 6965
6439 20565
9619 12352
11590 26253
13385 15082
1896 19604
19186 25282
13562 10514
22312 27194
11457 20476
8615 7285
27238 16485
19991 15395
24149 26048
8178 831
10479 23009
21913 3999
4065 14272
25976 23460
12500 3550
23234 3266
8657 10665
27131 5284
10527 10928
11291 7877
1439 6792
22542 4207
4234 21894
18278 5401
13665 1486
474 21867
19214 19086
4667 11344
25811 5084
25907 11962
11014 8013
11221 27002
25382 17510
26992 23555
23338 6248
20566 3144
11690 2634
5754 25427
8126 2519
26196 19420
2583 15932
12953 3882
26187 15399
17536 19437
2670 13605
11028 21359
6968 11766
2949 10576
887 21403
7332 21842
25622 18101
19027 14685
22291 1713
18247 17957
19615 4504
2734 14300
15933 6871
7568 18820
1423 445
14774 17731
4992 21320
7630 4688
22136 12163
26224 10743
16042 627
10341 14686
10612 25995
18959 13211
16241 1776
10513 3358
14539 10923
10545 16408
14238 7548
861 26719
10123 23360
21390 3190
19352 23234
25266 14157
24677 23147
685 7282
20189 22418
19168 26796
16243 24416
16279 26059
23325 16579
23593 23978
12115 26474
26276 7348
22629 24460
13822 10989
19293 14669
15328 26251
24361 25018
1949 24704
13890 12850
23941 20231
2689 5266
5326 17759
14402 17162
7802 19818
20361 4859
20111 13315
19177 4106
26147 7611
7803 22672
4169 26477
21526 18367
12338 14064
20643 20494
18494 15632
21872 1742
26238 15579
7692 17408
5806 17349
24978 21166
9978 15105
13319 22567
5874 15534
373 17344
12487 25420
27247 9097
12914 18317
526 11961
2054 2890
9383 7762
4710 4587
25348 4117
22318 10840
3932 3273
8355 6502
15669 6407
9356 17458
25570 21428
12062 21191
17273 623
14507 15535
22743 17405
15438 6474
25720 2942
2349 16020
9141 18967
358 6082
11559 2820
17373 9606
21152 18957
16640 26465
713 14123
20131 22840
11499 12568
12129 8305
14900 23050
1876 6122
19344 22955
14050 18413
23093 26270
22447 6416
728 8015
24441 3039
803 16002
24340 20892
16181 19471
3878 2111
4908 13997
24001 16996
18654 816
9758 10914
6879 19267
23816 10800
6016 26971
4303 11379
27028 12190
5550 14669
21632 18254
839 14649
17282 23838
16811 16376
5939 11475
17024 15437
27277 10450
21989 22921
11910 13492
25612 25114
13868 12407
186 10297
25241 14584
10896 16102
24423 16352
2930 1490
10483 12257
21409 2640
3925 16802
13813 22270
26449 13910
25751 8684
3970 5204
12469 20545
1301 11152
21557 8631
8765 6386
27158 7725
22391 23611
17732 10461
19940 3889
15704 190
5378 14269
21699 15167
20854 13843
7614 25206
2275 14512
11695 16657
8039 4939
21932 22279
7891 13177
24212 10103
25071 1462
24404 20890
5382 7743
23353 12853
16415 25542
24496 3217
23662 17809
12656 76
4637 23804
1881 7647
14768 11243
3720 13552
4232 15124
17022 19282
8430 9146
25484 18260
26826 21373
17509 16431
19401 23852
15537 18106
6977 17573
7739 19091
25512 17541
11741 12235
17384 21620
9715 25459
11035 11026
20633 14675
20921 849
24684 27188
27008 2546
3124 10121
2451 11304
17747 9779
25350 9750
22108 18317
15122 24401
14144 2088
4570 16472
24497 24100
22796 1392
6114 22429
19144 24576
8628 7436
4611 2
21553 10861
577 25070
17855 16142
22328 25904
19008 1532
18717 5032
1100 9539
17404 7575
10673 3332
21056 17639
27107 24109
4204 17519
11746 807
18512 24521
5632 17666
25246 26029
19577 13245
10551 11973
1691 25966
10315 11208
12373 5106
15926 10990
18992 3695
26307 24433
11647 276
21434 21611
6972 2424
1916 15467
3332 7912
13430 4034
18373 13745
13065 11520
18472 26519
26464 19169
15955 8658
12266 7868
16964 23639
22759 13416
18501 5528
20377 27005
3473 3835
16828 9751
10566 21528
8961 19762
5721 18310
6830 2196
10343 9176
23283 13830
11413 984
24814 11446
22886 130
4713 255
16751 15129
10163 7259
10777 13080
22361 26323
1783 22643
22902 7988
3508 1614
13889 21702
17910 12644
19629 6322
19351 19146
5994 21293
13369 1435
6808 4248
5581 6077
7241 13966
20242 4041
23296 2630
24673 26638
1176 5117
8975 11150
25231 10687
1960 15779
9704 13511
19461 15756
17827 16258
17021 23513
27330 4128
15218 9425
13700 27320
23154 3220
21310 19868
14699 18659
5766 6244
18915 3424
6700 12006
4439 15076
15138 47
1127 12516
16461 5096
25243 4281
12262 19251
16204 11590
25085 23586
12899 5808
25397 14547
22092 12175
12248 10722
24813 10295
3331 24144
6228 1350
12346 2626
6910 20632
14215 23686
19773 4623
8525 20376
12130 9683
12525 21287
1268 4009
15890 25925
2353 26448
18193 8808
12284 17963
15665 21111
13650 4400
18263 1404
26982 2196
11068 21378
10839 17354
16749 21899
22630 2523
2556 8993
26219 12790
7168 25478
7721 4982
6280 24787
7371 19687
26306 16879
9219 7588
11903 6607
20222 10986
16904 18740
8154 1602
11010 1142
7989 24166
25858 1413
27138 5597
23629 15769
17087 14431
26261 14369
4501 3364
9571 17317
8217 15133
14813 23389
20848 6200
21075 995
11528 26853
952 10956
195 4561
21446 3382
16229 4951
2126 24284
14429 7147
13083 9550
19330 14912
9297 17162
6635 24089
16894 7327
24612 5299
8414 18572
25878 15772
17428 21261
3956 14531
6740 7109
13654 26749
25076 9900
485 9211
12019 22108
18757 22863
23340 26081
9143 3405
14750 3977
13828 4190
21826 20232
8459 8371
5658 2351
22733 5926
16201 20057
11485 15492
24354 26359
14891 17916
27086 24897
5478 13266
20765 24466
12215 20707
14427 2011
22838 13267
5631 9078
5085 16718
491 15297
25914 15550
15040 8590
14923 16178
3925 4722
5561 12217
21093 2338
5724 20088
3812 25490
4059 1275
963 20476
6051 22698
7414 233
17208 22776
4667 19359
21613 16862
4371 7697
11249 25465
541 7197
24706 8209
755 22927
3390 4563
7972 2483
3808 2861
6302 21004
16674 13982
19342 25071
4019 22292
18697 24101
7836 636
3797 2177
16972 25690
21480 18669
20771 18209
21816 6052
16101 22162
12839 16979
20814 6013
8342 215
24977 20457
20755 19204
15065 16123
10358 4962
21941 8972
7784 3600
16852 1156
10190 17429
3129 17475
3700 22926
12792 20839
26517 2351
13968 23431
15045 22826
9415 26966
26380 20547
10863 3148
11287 15490
15787 2229
22095 26822
11855 1718
2448 16030
24739 24722
14383 25824
1458 23730
20839 1761
16795 19991
22755 15726
23613 26337
243 18177
20580 12383
11363 8840
23267 25700
9912 16108
9516 22066
19373 19294
18237 21470
6819 26195
16100 22058
18442 11322
7817 22099
13106 19844
19603 9139
2279 164
1208 15301
19055 24088
20766 5339
26464 12445
15430 16867
22205 24563
1042 26380
19773 690
3771 13838
11223 13642
11792 14322
18672 21546
12552 15242
3760 8953
8357 16041
19644 8618
3080 6979
27030 18454
8526 803
27167 18688
4561 8709
12226 1193
20490 2667
1299 25669
11723 8449
19952 24720
23761 24114
18001 11700
2829 8565
22947 10540
18101 24884
5156 638
9279 25334
6191 17069
14298 21040
14135 8739
7531 25505
4869 17843
10353 5018
5447 15339
27140 6140
4466 18392
21030 12861
20589 23964
1714 22585
19235 6999
8600 17088
13596 23922
1864 8300
11959 25816
15831 11037
7593 12504
23222 21217
2570 23509
9941 15775
12494 20498
16482 24324
17900 23029
22458 12190
26916 13979
951 13443
4853 5188
8715 20458
21498 548
10503 12546
7542 14939
9109 26993
9706 20338
25780 2340
18465 13618
4876 10275
19946 17038
12261 261
18227 18176
24592 5854
11920 6347
7271 826
2609 13005
1158 18058
1167 5046
6980 26920
11455 19759
10139 14420
26718 24473
24167 9768
942 16713
8548 24603
23072 5300
10854 23839
17980 24836
14162 19435
22724 5785
2789 12828
356 17555
9787 4354
20937 25707
16522 24517
4580 9351
25424 19832
14528 19529
3188 2445
10692 4460
13764 9977
15464 1952
2100 7587
5177 710
291 18594
27244 9886
17153 10505
1609 13914
14491 4829
9501 13796
4374 10414
25065 13483
24225 22891
6386 5657
2873 13172
16309 17993
11841 4145
17690 13864
19526 11096
2325 25906
1305 14442
17392 13941
11798 21939
15608 6282
6045 4546
20298 11841
4320 23131
5249 23860
18531 3368
14768 4090
25810 8648
24705 7434
23023 26884
16204 1617
13275 7197
8266 18100
1269 906
1345 24808
1820 18685
8296 26839
20168 25502
8 21581
7635 17708
686 6412
7363 20026
4878 23809
9901 8374
18992 25576
4842 21671
25539 12965
7591 24054
19905 4339
24607 4768
2177 11230
15850 13520
20260 10165
16672 16072
24472 20795
1773 14789
16905 14065
5334 18282
20887 5833
7970 14143
11273 23528
3376 12722
13785 15647
19309 1955
2579 16350
14048 20716
4544 7317
13118 7519
3102 5774
2668 6485
1087 5601
10851 2601
21570 10441
12096 18613
6664 23263
2273 22430
17660 20535
21794 25876
7524 24121
6702 13167
5063 24585
1763 24314
1267 22915
5780 22462
12109 1290
8034 14020
11343 12862
4796 15610
9658 26416
10985 10939
4190 13585
7613 1195
7567 15308
3380 17917
9273 12430
710 3786
22935 27134
16387 20383
18628 2617
26368 13705
829 25843
17307 23241
24643 20919
15275 15517
3020 4055
25375 6050
13793 20503
8963 26287
8410 428
7207 2843
14574 14652
9966 15807
8885 17165
11678 12744
25385 21263
12975 7978
8172 23416
11865 6154
8434 12570
21873 15151
1503 14389
17234 14253
23736 8056
910 27350
10264 3312
19170 6993
4849 13564
2108 20390
24775 10902
4764 16357
24143 22703
6793 16745
5055 15618
718 3502
21178 21190
24767 21106
11291 23302
6354 833
1465 16268
3086 5964
18820 16679
1027 23441
22880 22071
26470 1715
6159 26672
15223 22766
24292 21227
3701 4510
26718 13077
26352 5106
15661 24160
27297 27242
4345 13886
8400 25121
742 14826
18658 6414
15594 9877
7477 23914
22591 10075
19189 19407
16428 920
22682 1037
7186 16797
24573 5146
9053 7192
312 16935
22580 9428
14631 13213
13794 15722
18644 23219
4582 14472
16920 22027
25573 14157
16091 9865
22109 15404
19474 22922
15171 15823
11477 6516
27326 23634
735 5374
24054 5197
24411 26143
4111 10164
10468 13937
1242 8588
4439 6997
17482 19929
1158 3521
21109 10981
13511 9102
12463 15363
19739 17191
12112 23013
16523 20526
22048 10671
18365 9696
2932 9547
14256 14211
5316 25700
12040 24571
16099 22450
748 19838
10396 8584
4712 26488
10063 23916
3633 20833
20297 16435
1962 54
7001 12671
19901 20407
4920 4008
7800 15276
9215 437
15263 25561
8856 19981
2908 19116
3939 13211
15485 15811
3975 302
15852 2278
5439 6293
20160 861
4800 11261
22083 8864
24856 20235
16200 17742
2486 2619
1402 4268
7955 20519
7631 23576
1635 10626
6530 9006
2435 13456
2481 19988
6977 14421
20249 20043
8933 16939
24317 4910
7427 19316
25910 4370
2763 2375
19195 25735
10859 16279
14333 8284
4790 18837
20828 8086
13138 19716
22058 5774
1483 1345
4665 26241
3943 5574
26133 5058
26155 13973
7924 7475
11119 1048
8946 2733
25587 6053
1574 22108
16605 25267
8496 12067
5256 21232
12137 3017
14728 14448
19096 11325
14421 22104
7773 9228
18881 11925
435 2321
21759 9763
10654 14948
22998 2841
1641 24269
13155 21467
16492 9525
18075 2147
4411 17878
9125 24585
15423 4063
25957 18014
23872 15382
9966 27150
14237 5664
12057 1452
19896 4211
18352 8548
8711 26931
5796 21038
27123 11516
47 411
24903 21491
15110 4017
20502 13820
5025 23406
21797 5975
16941 13710
17989 5234
10328 21766
2264 10783
8066 13314
24697 5558
20839 13856
17886 20274
15330 5454
23694 450
21739 11632
24889 18331
14444 9562
22592 7118
13300 23403
7541 22999
15727 23291
13917 27014
14224 4311
18136 19927
4452 24160
13262 14251
21866 23458
23435 11486
16908 26715
16021 5981
13152 19748
2710 6295
26741 16675
4576 27084
21676 5806
14282 16037
27228 2012
11284 20992
24782 22490
6789 2840
21840 12330
17754 3731
6233 14222
3440 11015
24458 21383
6902 4703
9926 13441
13131 24240
18603 8143
1755 15901
17514 5247
13215 24648
17002 20082
2810 16446
2034 18965
6596 2152
25570 7940
6540 8673
5155 4924
18883 13566
18862 17644
17883 18555
11864 23674
20780 16901
10049 16665
20953 6535
4739 20029
23162 831
21589 8668
14224 19600
16239 12633
5269 1764
14997 1056
11848 5650
7276 13107
13596 783
16693 2186
1398 23598
22935 5255
1752 26570
10335 2655
725 16150
18920 17770
18050 10037
14837 21520
10976 17469
21626 23489
8270 3873
11172 17115
10960 16707
8346 18915
15066 26941
23114 6654
21027 5639
18366 26000
17699 4037
2272 6082
6433 26832
12708 19461
23958 2091
18860 3611
21340 17884
25473 11511
21383 16268
15636 19594
19209 24410
2448 5978
8600 25103
3061 26658
22979 9583
1279 15396
8072 5736
9515 13065
8927 2049
13765 14447
5453 659
3540 1746
3342 5437
6591 24910
18285 118
22266 4988
17816 11388
19782 24982
4610 19632
26208 22173
6783 20421
8018 18453
13605 7261
7187 7679
7703 12928
23424 10909
1922 12240
18526 27241
2931 12669
26138 16223
11251 26281
17779 25506
853 362
644 21422
2760 15002
17845 15014
15279 12015
16093 7573
22701 23760
24690 21988
4362 12592
18174 17670
24784 23838
19516 14330
27234 24676
16066 6652
11078 1665
23596 17930
16139 13812
8345 8086
16956 20221
7895 25822
520 3801
5409 16659
17160 23929
14354 16774
20610 22481
22890 12291
6436 13264
3150 3294
10830 15563
15105 20651
9722 4777
11779 20142
44 610
1471 24210
11130 21682
20777 22069
21928 17249
600 14303
22047 14231
18316 18369
15864 20639
2893 7021
24885 17366
25346 18249
8916 4798
13967 18701
25292 8335
953 2003
23086 5642
4182 3333
26027 23013
12753 9623
4959 13053
16645 13512
4269 11852
6177 2810
91 10117
11686 11175
24783 9626
7330 4967
4818 27343
65 2480
26469 12512
4513 5833
20978 13320
5446 20267
6736 21998
24531 23634
3080 17585
13430 224
13608 15506
3022 3351
24150 17563
1655 15228
24727 26700
889 15466
9617 26429
18160 18916
15485 469
26139 744
18616 17735
2034 23892
10286 17893
16090 2040
22253 578
19678 21208
16790 7864
15210 18694
17463 27326
14790 6737
6195 25165
25587 1436
247 15181
21059 16813
278 16480
21579 8706
14330 17895
1842 9843
20653 11695
20327 27215
11965 26963
15016 16879
19226 18603
12297 23235
1411 19190
7404 12887
1728 4079
27004 17114
13713 7049
20459 16296
24437 6077
11955 24932
8729 19177
27031 13312
14474 9362
7817 11484
2660 24475
8637 26758
5800 22542
8140 17321
11275 14098
20559 14662
25724 16838
10259 26956
23009 11299
8958 26850
9730 4735
3290 1193
12725 14004
23988 20739
24462 17626
18475 2052
